<?xml version="1.0" encoding="UTF-8" standalone="yes"?><Document><name>overview-summary</name><Stat><name>overview-summary</name><mt>NONE</mt><Group name="global_package"><Item count="0" name="ADDED"/><Item count="0" name="REMOVED"/><Item count="0" name="CHANGED"/><Item count="0" name="MODIFIED"/><Item count="2" name="TOTAL"/></Group><Group name="global_document"><Item count="1" name="ADDED"/><Item count="1" name="REMOVED"/><Item count="19" name="CHANGED"/><Item count="21" name="MODIFIED"/><Item count="70" name="TOTAL"/></Group><Group name="global_context"><Item count="22" name="ADDED"/><Item count="1" name="REMOVED"/><Item count="40" name="CHANGED"/><Item count="63" name="MODIFIED"/><Item count="1374" name="TOTAL"/></Group><Group name="global_assertion"><Item count="0" name="ADDED"/><Item count="0" name="REMOVED"/><Item count="0" name="CHANGED"/><Item count="0" name="MODIFIED"/><Item count="0" name="TOTAL"/></Group><Stats><Stat><name>java/sql/package-summary.spec</name><mt>CHANGED</mt><Group name="context"><Item count="0" name="ADDED"/><Item count="0" name="REMOVED"/><Item count="1" name="CHANGED"/><Item count="1" name="MODIFIED"/><Item count="1" name="TOTAL"/></Group><Group name="assertion"><Item count="0" name="ADDED"/><Item count="0" name="REMOVED"/><Item count="0" name="CHANGED"/><Item count="0" name="MODIFIED"/><Item count="0" name="TOTAL"/></Group><Group name="package_document"><Item count="1" name="ADDED"/><Item count="1" name="REMOVED"/><Item count="18" name="CHANGED"/><Item count="20" name="MODIFIED"/><Item count="51" name="TOTAL"/></Group><Group name="package_context"><Item count="21" name="ADDED"/><Item count="1" name="REMOVED"/><Item count="40" name="CHANGED"/><Item count="62" name="MODIFIED"/><Item count="1183" name="TOTAL"/></Group><Group name="package_assertion"><Item count="0" name="ADDED"/><Item count="0" name="REMOVED"/><Item count="0" name="CHANGED"/><Item count="0" name="MODIFIED"/><Item count="0" name="TOTAL"/></Group></Stat><Stat><name>javax/sql/package-summary.spec</name><mt>NONE</mt><Group name="context"><Item count="0" name="ADDED"/><Item count="0" name="REMOVED"/><Item count="0" name="CHANGED"/><Item count="0" name="MODIFIED"/><Item count="1" name="TOTAL"/></Group><Group name="assertion"><Item count="0" name="ADDED"/><Item count="0" name="REMOVED"/><Item count="0" name="CHANGED"/><Item count="0" name="MODIFIED"/><Item count="0" name="TOTAL"/></Group><Group name="package_document"><Item count="0" name="ADDED"/><Item count="0" name="REMOVED"/><Item count="1" name="CHANGED"/><Item count="1" name="MODIFIED"/><Item count="19" name="TOTAL"/></Group><Group name="package_context"><Item count="1" name="ADDED"/><Item count="0" name="REMOVED"/><Item count="0" name="CHANGED"/><Item count="1" name="MODIFIED"/><Item count="191" name="TOTAL"/></Group><Group name="package_assertion"><Item count="0" name="ADDED"/><Item count="0" name="REMOVED"/><Item count="0" name="CHANGED"/><Item count="0" name="MODIFIED"/><Item count="0" name="TOTAL"/></Group></Stat></Stats></Stat></Document>