<?xml version="1.0" encoding="UTF-8" standalone="yes"?><Document><name>javax/sql/rowset/spi/SyncResolver.spec</name><Context><name>class:SyncResolver</name><mt>CHANGED</mt></Context><Context><name>field:DELETE_ROW_CONFLICT</name><mt>NONE</mt></Context><Context><name>field:INSERT_ROW_CONFLICT</name><mt>NONE</mt></Context><Context><name>field:NO_ROW_CONFLICT</name><mt>NONE</mt></Context><Context><name>field:UPDATE_ROW_CONFLICT</name><mt>NONE</mt></Context><Context><name>method:getConflictValue(int)</name><mt>NONE</mt></Context><Context><name>method:getConflictValue(java.lang.String)</name><mt>NONE</mt></Context><Context><name>method:getStatus()</name><mt>NONE</mt></Context><Context><name>method:nextConflict()</name><mt>NONE</mt></Context><Context><name>method:previousConflict()</name><mt>NONE</mt></Context><Context><name>method:setResolvedValue(int, java.lang.Object)</name><mt>NONE</mt></Context><Context><name>method:setResolvedValue(java.lang.String, java.lang.Object)</name><mt>NONE</mt></Context><Stat><name>javax/sql/rowset/spi/SyncResolver.spec</name><mt>CHANGED</mt><Group name="context"><Item name="ADDED" count="0"/><Item name="REMOVED" count="0"/><Item name="CHANGED" count="1"/><Item name="MODIFIED" count="1"/><Item name="TOTAL" count="12"/></Group><Group name="assertion"><Item name="ADDED" count="0"/><Item name="REMOVED" count="0"/><Item name="CHANGED" count="0"/><Item name="MODIFIED" count="0"/><Item name="TOTAL" count="0"/></Group></Stat></Document>