<?xml version="1.0" encoding="UTF-8" standalone="yes"?><Document><name>javax/sql/rowset/spi/SyncProvider.spec</name><Context><name>class:SyncProvider</name><mt>NONE</mt></Context><Context><name>constructor:SyncProvider()</name><mt>NONE</mt></Context><Context><name>field:DATASOURCE_DB_LOCK</name><mt>NONE</mt></Context><Context><name>field:DATASOURCE_NO_LOCK</name><mt>NONE</mt></Context><Context><name>field:DATASOURCE_ROW_LOCK</name><mt>NONE</mt></Context><Context><name>field:DATASOURCE_TABLE_LOCK</name><mt>NONE</mt></Context><Context><name>field:GRADE_CHECK_ALL_AT_COMMIT</name><mt>NONE</mt></Context><Context><name>field:GRADE_CHECK_MODIFIED_AT_COMMIT</name><mt>NONE</mt></Context><Context><name>field:GRADE_LOCK_WHEN_LOADED</name><mt>NONE</mt></Context><Context><name>field:GRADE_LOCK_WHEN_MODIFIED</name><mt>NONE</mt></Context><Context><name>field:GRADE_NONE</name><mt>NONE</mt></Context><Context><name>field:NONUPDATABLE_VIEW_SYNC</name><mt>NONE</mt></Context><Context><name>field:UPDATABLE_VIEW_SYNC</name><mt>NONE</mt></Context><Context><name>method:getDataSourceLock()</name><mt>CHANGED</mt></Context><Context><name>method:getProviderGrade()</name><mt>NONE</mt></Context><Context><name>method:getProviderID()</name><mt>NONE</mt></Context><Context><name>method:getRowSetReader()</name><mt>NONE</mt></Context><Context><name>method:getRowSetWriter()</name><mt>NONE</mt></Context><Context><name>method:getVendor()</name><mt>NONE</mt></Context><Context><name>method:getVersion()</name><mt>NONE</mt></Context><Context><name>method:setDataSourceLock(int)</name><mt>NONE</mt></Context><Context><name>method:supportsUpdatableView()</name><mt>NONE</mt></Context><Stat><name>javax/sql/rowset/spi/SyncProvider.spec</name><mt>CHANGED</mt><Group name="context"><Item name="ADDED" count="0"/><Item name="REMOVED" count="0"/><Item name="CHANGED" count="1"/><Item name="MODIFIED" count="1"/><Item name="TOTAL" count="22"/></Group><Group name="assertion"><Item name="ADDED" count="0"/><Item name="REMOVED" count="0"/><Item name="CHANGED" count="0"/><Item name="MODIFIED" count="0"/><Item name="TOTAL" count="0"/></Group></Stat></Document>