<?xml version="1.0" encoding="UTF-8"?><diffreport><diff><table border="0" cellpadding="1" cellspacing="0" width="100%"><tr><td><h3 class="ctxid">class:SyncFactoryException [NONE]</h3></td></tr><tr><td><table border="0" cellpadding="5" cellspacing="1" bgcolor="black" width="100%"><tr valign="top"><td bgcolor="#FFFFFF" colspan="1"><div class="description"> <a start_ctx_id="class:SyncFactoryException"/><ul class="blockList"><li class="blockList"><dl> <dt>All Implemented Interfaces:  </dt><dd>java.io.Serializable, java.lang.Iterable&lt;java.lang.Throwable&gt; </dd> </dl> <hr/> <br/><pre>public class <span class="strong">SyncFactoryException</span>
extends java.sql.SQLException</pre><div class="block">Indicates an error with <code>SyncFactory</code> mechanism. A disconnected RowSet implementation cannot be used without a <code>SyncProvider</code> being successfully instantiated                  </div><dl> <dt> <span class="strong">See Also: </span>   </dt><dd> <a href="../../../../javax/sql/rowset/spi/SyncFactory.html" title="class in javax.sql.rowset.spi"><code>SyncFactory</code></a>, <a href="../../../../javax/sql/rowset/spi/SyncFactoryException.html" title="class in javax.sql.rowset.spi"><code>SyncFactoryException</code></a>, <a href="../../../../serialized-form.html#javax.sql.rowset.spi.SyncFactoryException">Serialized Form </a>   </dd> </dl>  </li></ul> </div> <a end_ctx_id="class:SyncFactoryException"/> </td></tr></table></td></tr></table><table border="0" cellpadding="1" cellspacing="0" width="100%"><tr><td><h3 class="ctxid">constructor:SyncFactoryException() [NONE]</h3></td></tr><tr><td><table border="0" cellpadding="5" cellspacing="1" bgcolor="black" width="100%"><tr valign="top"><td bgcolor="#FFFFFF" colspan="1"> <a start_ctx_id="constructor:SyncFactoryException()"/><a name="SyncFactoryException()"/><ul class="blockList"><li class="blockList"><h4>SyncFactoryException</h4><pre>public SyncFactoryException()</pre><div class="block">Creates new <code>SyncFactoryException</code> without detail message.     </div></li></ul> <a end_ctx_id="constructor:SyncFactoryException()"/>  </td></tr></table></td></tr></table><table border="0" cellpadding="1" cellspacing="0" width="100%"><tr><td><h3 class="ctxid">constructor:SyncFactoryException(java.lang.String) [NONE]</h3></td></tr><tr><td><table border="0" cellpadding="5" cellspacing="1" bgcolor="black" width="100%"><tr valign="top"><td bgcolor="#FFFFFF" colspan="1"> <a start_ctx_id="constructor:SyncFactoryException(java.lang.String)"/><a name="SyncFactoryException(java.lang.String)"/><ul class="blockListLast"><li class="blockList"><h4>SyncFactoryException</h4><pre>public SyncFactoryException(java.lang.String msg)</pre><div class="block">Constructs an <code>SyncFactoryException</code> with the specified detail message.       </div><dl> <dt> <span class="strong">Parameters:</span>   </dt><dd> <code>msg</code> - the detail message.     </dd> </dl></li></ul> <a end_ctx_id="constructor:SyncFactoryException(java.lang.String)"/>  </td></tr></table></td></tr></table></diff></diffreport>