<?xml version="1.0" encoding="UTF-8"?><diffreport><diff><table border="0" cellpadding="1" cellspacing="0" width="100%"><tr><td><h3 class="ctxid">class:SyncProviderException [NONE]</h3></td></tr><tr><td><table border="0" cellpadding="5" cellspacing="1" bgcolor="black" width="100%"><tr valign="top"><td bgcolor="#FFFFFF" colspan="1"><div class="description"> <a start_ctx_id="class:SyncProviderException"/><ul class="blockList"><li class="blockList"><dl> <dt>All Implemented Interfaces:  </dt><dd>java.io.Serializable, java.lang.Iterable&lt;java.lang.Throwable&gt; </dd> </dl> <hr/> <br/><pre>public class <span class="strong">SyncProviderException</span>
extends java.sql.SQLException</pre><div class="block">Indicates an error with the <code>SyncProvider</code> mechanism. This exception is created by a <code>SyncProvider</code> abstract class extension if it encounters violations in reading from or writing to the originating data source.<p> If it is implemented to do so, the <code>SyncProvider</code> object may also create a <code>SyncResolver</code> object and either initialize the <code>SyncProviderException</code> object with it at construction time or set it with the <code>SyncProvider</code> object at a later time.                                      </p><p> The method <code>acceptChanges</code> will throw this exception after the writer has finished checking for conflicts and has found one or more conflicts. An application may catch a <code>SyncProviderException</code> object and call its <code>getSyncResolver</code> method to get its <code>SyncResolver</code> object. See the code fragment in the interface comment for <a href="SyncResolver.html"><code>SyncResolver</code></a> for an example. This <code>SyncResolver</code> object will mirror the <code>RowSet</code> object that generated the exception, except that it will contain only the values from the data source that are in conflict. All other values in the <code>SyncResolver</code> object will be <code>null</code>.                                                                                          </p><p> The <code>SyncResolver</code> object may be used to examine and resolve each conflict in a row and then go to the next row with a conflict to repeat the procedure.                             </p><p> A <code>SyncProviderException</code> object may or may not contain a description of the condition causing the exception. The inherited method <code>getMessage</code> may be called to retrieve the description if there is one.                               </p>                              </div><dl> <dt> <span class="strong">See Also: </span>   </dt><dd> <a href="../../../../javax/sql/rowset/spi/SyncFactory.html" title="class in javax.sql.rowset.spi"><code>SyncFactory</code></a>, <a href="../../../../javax/sql/rowset/spi/SyncResolver.html" title="interface in javax.sql.rowset.spi"><code>SyncResolver</code></a>, <a href="../../../../javax/sql/rowset/spi/SyncFactoryException.html" title="class in javax.sql.rowset.spi"><code>SyncFactoryException</code></a>, <a href="../../../../serialized-form.html#javax.sql.rowset.spi.SyncProviderException">Serialized Form </a>    </dd> </dl>  </li></ul> </div> <a end_ctx_id="class:SyncProviderException"/> </td></tr></table></td></tr></table><table border="0" cellpadding="1" cellspacing="0" width="100%"><tr><td><h3 class="ctxid">constructor:SyncProviderException() [NONE]</h3></td></tr><tr><td><table border="0" cellpadding="5" cellspacing="1" bgcolor="black" width="100%"><tr valign="top"><td bgcolor="#FFFFFF" colspan="1"> <a start_ctx_id="constructor:SyncProviderException()"/><a name="SyncProviderException()"/><ul class="blockList"><li class="blockList"><h4>SyncProviderException</h4><pre>public SyncProviderException()</pre><div class="block">Creates a new <code>SyncProviderException</code> object without a detail message.        </div></li></ul> <a end_ctx_id="constructor:SyncProviderException()"/>  </td></tr></table></td></tr></table><table border="0" cellpadding="1" cellspacing="0" width="100%"><tr><td><h3 class="ctxid">constructor:SyncProviderException(java.lang.String) [NONE]</h3></td></tr><tr><td><table border="0" cellpadding="5" cellspacing="1" bgcolor="black" width="100%"><tr valign="top"><td bgcolor="#FFFFFF" colspan="1"> <a start_ctx_id="constructor:SyncProviderException(java.lang.String)"/><a name="SyncProviderException(java.lang.String)"/><ul class="blockList"><li class="blockList"><h4>SyncProviderException</h4><pre>public SyncProviderException(java.lang.String msg)</pre><div class="block">Constructs a <code>SyncProviderException</code> object with the specified detail message.        </div><dl> <dt> <span class="strong">Parameters:</span>   </dt><dd> <code>msg</code> - the detail message     </dd> </dl></li></ul> <a end_ctx_id="constructor:SyncProviderException(java.lang.String)"/>  </td></tr></table></td></tr></table><table border="0" cellpadding="1" cellspacing="0" width="100%"><tr><td><h3 class="ctxid">constructor:SyncProviderException(javax.sql.rowset.spi.SyncResolver) [NONE]</h3></td></tr><tr><td><table border="0" cellpadding="5" cellspacing="1" bgcolor="black" width="100%"><tr valign="top"><td bgcolor="#FFFFFF" colspan="1"> <a start_ctx_id="constructor:SyncProviderException(javax.sql.rowset.spi.SyncResolver)"/><a name="SyncProviderException(javax.sql.rowset.spi.SyncResolver)"/><ul class="blockListLast"><li class="blockList"><h4>SyncProviderException</h4><pre>public SyncProviderException(<a href="../../../../javax/sql/rowset/spi/SyncResolver.html" title="interface in javax.sql.rowset.spi">SyncResolver</a> syncResolver)</pre><div class="block">Constructs a <code>SyncProviderException</code> object with the specified <code>SyncResolver</code> instance.        </div><dl> <dt> <span class="strong">Parameters:</span>   </dt><dd> <code>syncResolver</code> - the <code>SyncResolver</code> instance used to to process the synchronization conflicts            </dd> <dt> <span class="strong">Throws:</span>   </dt><dd> <code>java.lang.IllegalArgumentException</code> - if the <code>SyncResolver</code> object is <code>null</code>.        </dd>  </dl></li></ul> <a end_ctx_id="constructor:SyncProviderException(javax.sql.rowset.spi.SyncResolver)"/>  </td></tr></table></td></tr></table><table border="0" cellpadding="1" cellspacing="0" width="100%"><tr><td><h3 class="ctxid">method:getSyncResolver() [NONE]</h3></td></tr><tr><td><table border="0" cellpadding="5" cellspacing="1" bgcolor="black" width="100%"><tr valign="top"><td bgcolor="#FFFFFF" colspan="1"> <a start_ctx_id="method:getSyncResolver()"/><a name="getSyncResolver()"/><ul class="blockList"><li class="blockList"><h4>getSyncResolver</h4><pre>public <a href="../../../../javax/sql/rowset/spi/SyncResolver.html" title="interface in javax.sql.rowset.spi">SyncResolver</a> getSyncResolver()</pre><div class="block">Retrieves the <code>SyncResolver</code> object that has been set for this <code>SyncProviderException</code> object, or if none has been set, an instance of the default <code>SyncResolver</code> implementation included in the reference implementation.<p> If a <code>SyncProviderException</code> object is thrown, an application may use this method to generate a <code>SyncResolver</code> object with which to resolve the conflict or conflicts that caused the exception to be thrown.                                </p>                             </div><dl> <dt> <span class="strong">Returns:</span>   </dt><dd>the <code>SyncResolver</code> object set for this <code>SyncProviderException</code> object or, if none has been set, an instance of the default <code>SyncResolver</code> implementation. In addition, the default <code>SyncResolver</code> implementation is also returned if the <code>SyncResolver()</code> or <code>SyncResolver(String)</code> constructors are used to instantiate the <code>SyncResolver</code> instance.                                          </dd> </dl></li></ul> <a end_ctx_id="method:getSyncResolver()"/>  </td></tr></table></td></tr></table><table border="0" cellpadding="1" cellspacing="0" width="100%"><tr><td><h3 class="ctxid">method:setSyncResolver(javax.sql.rowset.spi.SyncResolver) [NONE]</h3></td></tr><tr><td><table border="0" cellpadding="5" cellspacing="1" bgcolor="black" width="100%"><tr valign="top"><td bgcolor="#FFFFFF" colspan="1"> <a start_ctx_id="method:setSyncResolver(javax.sql.rowset.spi.SyncResolver)"/><a name="setSyncResolver(javax.sql.rowset.spi.SyncResolver)"/><ul class="blockListLast"><li class="blockList"><h4>setSyncResolver</h4><pre>public void setSyncResolver(<a href="../../../../javax/sql/rowset/spi/SyncResolver.html" title="interface in javax.sql.rowset.spi">SyncResolver</a> syncResolver)</pre><div class="block">Sets the <code>SyncResolver</code> object for this <code>SyncProviderException</code> object to the one supplied. If the argument supplied is <code>null</code>, a call to the method <code>getSyncResolver</code> will return the default reference implementation of the <code>SyncResolver</code> interface.                                 </div><dl> <dt> <span class="strong">Parameters:</span>   </dt><dd> <code>syncResolver</code> - the <code>SyncResolver</code> object to be set; cannot be <code>null</code>           </dd> <dt> <span class="strong">Throws:</span>   </dt><dd> <code>java.lang.IllegalArgumentException</code> - if the <code>SyncResolver</code> object is <code>null</code>.        </dd> <dt> <span class="strong">See Also: </span>   </dt><dd> <a href="../../../../javax/sql/rowset/spi/SyncProviderException.html#getSyncResolver()"><code>getSyncResolver()</code></a> </dd>   </dl></li></ul> <a end_ctx_id="method:setSyncResolver(javax.sql.rowset.spi.SyncResolver)"/>  </td></tr></table></td></tr></table></diff></diffreport>