<?xml version="1.0" encoding="UTF-8"?><diffreport><diff><table border="0" cellpadding="1" cellspacing="0" width="100%"><tr><td><h3 class="ctxid">class:SyncFactory [NONE]</h3></td></tr><tr><td><table border="0" cellpadding="5" cellspacing="1" bgcolor="black" width="100%"><tr valign="top"><td bgcolor="#FFFFFF" colspan="1"><div class="description"> <a start_ctx_id="class:SyncFactory"/><ul class="blockList"><li class="blockList"> <hr/> <br/><pre>public class <span class="strong">SyncFactory</span>
extends java.lang.Object</pre><div class="block">The Service Provider Interface (SPI) mechanism that generates <code>SyncProvider</code> instances to be used by disconnected <code>RowSet</code> objects. The <code>SyncProvider</code> instances in turn provide the <code>javax.sql.RowSetReader</code> object the <code>RowSet</code> object needs to populate itself with data and the <code>javax.sql.RowSetWriter</code> object it needs to propagate changes to its data back to the underlying data source.<p> Because the methods in the <code>SyncFactory</code> class are all static, there is only one <code>SyncFactory</code> object per Java VM at any one time. This ensures that there is a single source from which a <code>RowSet</code> implementation can obtain its <code>SyncProvider</code> implementation.                                         </p><p/><h3>1.0 Overview </h3> The <code>SyncFactory</code> class provides an internal registry of available synchronization provider implementations (<code>SyncProvider</code> objects). This registry may be queried to determine which synchronization providers are available. The following line of code gets an enumeration of the providers currently registered.<pre>
     java.util.Enumeration e = SyncFactory.getRegisteredProviders();
 </pre> All standard <code>RowSet</code> implementations must provide at least two providers:<ul><li>an optimistic provider for use with a <code>CachedRowSet</code> implementation or an implementation derived from it              </li><li>an XML provider, which is used for reading and writing XML, such as with <code>WebRowSet</code> objects               </li></ul> Note that the JDBC RowSet Implementations include the <code>SyncProvider</code> implemtations <code>RIOptimisticProvider</code> and <code>RIXmlProvider</code>, which satisfy this requirement.<p> The <code>SyncFactory</code> class provides accessor methods to assist applications in determining which synchronization providers are currently registered with the <code>SyncFactory</code>.                    </p><p> Other methods let <code>RowSet</code> persistence providers be registered or de-registered with the factory mechanism. This allows additional synchronization provider implementations to be made available to <code>RowSet</code> objects at run time.                              </p><p> Applications can apply a degree of filtering to determine the level of synchronization that a <code>SyncProvider</code> implementation offers. The following criteria determine whether a provider is made available to a <code>RowSet</code> object:<ol><li>If a particular provider is specified by a <code>RowSet</code> object, and the <code>SyncFactory</code> does not contain a reference to this provider, a <code>SyncFactoryException</code> is thrown stating that the synchronization provider could not be found.<p/>                                 </li><li>If a <code>RowSet</code> implementation is instantiated with a specified provider and the specified provider has been properly registered, the requested provider is supplied. Otherwise a <code>SyncFactoryException</code> is thrown.<p/>                           </li><li>If a <code>RowSet</code> object does not specify a <code>SyncProvider</code> implementation and no additional <code>SyncProvider</code> implementations are available, the reference implementation providers are supplied.                      </li></ol>                                </p><h3>2.0 Registering <code>SyncProvider</code> Implementations   </h3><p> Both vendors and developers can register <code>SyncProvider</code> implementations using one of the following mechanisms.<ul><li> <b>Using the command line   </b> <br/> The name of the provider is supplied on the command line, which will add the provider to the system properties. For example:<pre>
    -Drowset.provider.classname=com.fred.providers.HighAvailabilityProvider
 </pre>                        </li><li> <b>Using the Standard Properties File    </b> <br/> The reference implementation is targeted to ship with J2SE 1.5, which will include an additional resource file that may be edited by hand. Here is an example of the properties file included in the reference implementation:<pre>
   #Default JDBC RowSet sync providers listing
   #

   # Optimistic synchronization provider
   rowset.provider.classname.0=com.sun.rowset.providers.RIOptimisticProvider
   rowset.provider.vendor.0=Oracle Corporation
   rowset.provider.version.0=1.0

   # XML Provider using standard XML schema
   rowset.provider.classname.1=com.sun.rowset.providers.RIXMLProvider
   rowset.provider.vendor.1=Oracle Corporation
   rowset.provider.version.1=1.0
 </pre> The <code>SyncFactory</code> checks this file and registers the <code>SyncProvider</code> implementations that it contains. A developer or vendor can add other implementations to this file. For example, here is a possible addition:<pre>
     rowset.provider.classname.2=com.fred.providers.HighAvailabilityProvider
     rowset.provider.vendor.2=Fred, Inc.
     rowset.provider.version.2=1.0
 </pre><p/>                                                                     </li><li> <b>Using a JNDI Context   </b> <br/> Available providers can be registered on a JNDI context, and the <code>SyncFactory</code> will attempt to load <code>SyncProvider</code> implementations from that JNDI context. For example, the following code fragment registers a provider implementation on a JNDI context. This is something a deployer would normally do. In this example, <code>MyProvider</code> is being registered on a CosNaming namespace, which is the namespace used by J2EE resources.<pre>
    import javax.naming.*;

    Hashtable svrEnv = new  Hashtable();
    srvEnv.put(Context.INITIAL_CONTEXT_FACTORY, "CosNaming");

    Context ctx = new InitialContext(svrEnv);
    com.fred.providers.MyProvider = new MyProvider();
    ctx.rebind("providers/MyProvider", syncProvider);
 </pre>                                                                 </li></ul> Next, an application will register the JNDI context with the <code>SyncFactory</code> instance. This allows the <code>SyncFactory</code> to browse within the JNDI context looking for <code>SyncProvider</code> implementations.<pre>
    Hashtable appEnv = new Hashtable();
    appEnv.put(Context.INITIAL_CONTEXT_FACTORY, "CosNaming");
    appEnv.put(Context.PROVIDER_URL, "iiop://hostname/providers");
    Context ctx = new InitialContext(appEnv);

    SyncFactory.registerJNDIContext(ctx);
 </pre> If a <code>RowSet</code> object attempts to obtain a <code>MyProvider</code> object, the <code>SyncFactory</code> will try to locate it. First it searches for it in the system properties, then it looks in the resource files, and finally it checks the JNDI context that has been set. The <code>SyncFactory</code> instance verifies that the requested provider is a valid extension of the <code>SyncProvider</code> abstract class and then gives it to the <code>RowSet</code> object. In the following code fragment, a new <code>CachedRowSet</code> object is created and initialized with <i>env</i>, which contains the binding to <code>MyProvider</code>.<pre>
    Hashtable env = new Hashtable();
    env.put(SyncFactory.ROWSET_SYNC_PROVIDER, "com.fred.providers.MyProvider");
    CachedRowSet crs = new com.sun.rowset.CachedRowSetImpl(env);
 </pre> Further details on these mechanisms are available in the <code>javax.sql.rowset.spi</code> package specification.                                                                                                                                              </p>                                                                                                                      </div><dl> <dt> <span class="strong">See Also: </span>   </dt><dd> <a href="../../../../javax/sql/rowset/spi/SyncProvider.html" title="class in javax.sql.rowset.spi"><code>SyncProvider</code></a>, <a href="../../../../javax/sql/rowset/spi/SyncFactoryException.html" title="class in javax.sql.rowset.spi"><code>SyncFactoryException</code></a>  </dd> </dl>  </li></ul> </div> <a end_ctx_id="class:SyncFactory"/> </td></tr></table></td></tr></table><table border="0" cellpadding="1" cellspacing="0" width="100%"><tr><td><h3 class="ctxid">field:ROWSET_SYNC_PROVIDER [NONE]</h3></td></tr><tr><td><table border="0" cellpadding="5" cellspacing="1" bgcolor="black" width="100%"><tr valign="top"><td bgcolor="#FFFFFF" colspan="1"> <a start_ctx_id="field:ROWSET_SYNC_PROVIDER"/><a name="ROWSET_SYNC_PROVIDER"/><ul class="blockList"><li class="blockList"><h4>ROWSET_SYNC_PROVIDER</h4><pre>public static final java.lang.String ROWSET_SYNC_PROVIDER</pre><div class="block">The standard property-id for a synchronization provider implementation name.        </div><dl> <dt> <span class="strong">See Also: </span>   </dt><dd> <a href="../../../../constant-values.html#javax.sql.rowset.spi.SyncFactory.ROWSET_SYNC_PROVIDER">Constant Field Values  </a> </dd> </dl></li></ul> <a end_ctx_id="field:ROWSET_SYNC_PROVIDER"/>  </td></tr></table></td></tr></table><table border="0" cellpadding="1" cellspacing="0" width="100%"><tr><td><h3 class="ctxid">field:ROWSET_SYNC_VENDOR [NONE]</h3></td></tr><tr><td><table border="0" cellpadding="5" cellspacing="1" bgcolor="black" width="100%"><tr valign="top"><td bgcolor="#FFFFFF" colspan="1"> <a start_ctx_id="field:ROWSET_SYNC_VENDOR"/><a name="ROWSET_SYNC_VENDOR"/><ul class="blockList"><li class="blockList"><h4>ROWSET_SYNC_VENDOR</h4><pre>public static final java.lang.String ROWSET_SYNC_VENDOR</pre><div class="block">The standard property-id for a synchronization provider implementation vendor name.         </div><dl> <dt> <span class="strong">See Also: </span>   </dt><dd> <a href="../../../../constant-values.html#javax.sql.rowset.spi.SyncFactory.ROWSET_SYNC_VENDOR">Constant Field Values  </a> </dd> </dl></li></ul> <a end_ctx_id="field:ROWSET_SYNC_VENDOR"/>  </td></tr></table></td></tr></table><table border="0" cellpadding="1" cellspacing="0" width="100%"><tr><td><h3 class="ctxid">field:ROWSET_SYNC_PROVIDER_VERSION [NONE]</h3></td></tr><tr><td><table border="0" cellpadding="5" cellspacing="1" bgcolor="black" width="100%"><tr valign="top"><td bgcolor="#FFFFFF" colspan="1"> <a start_ctx_id="field:ROWSET_SYNC_PROVIDER_VERSION"/><a name="ROWSET_SYNC_PROVIDER_VERSION"/><ul class="blockListLast"><li class="blockList"><h4>ROWSET_SYNC_PROVIDER_VERSION</h4><pre>public static final java.lang.String ROWSET_SYNC_PROVIDER_VERSION</pre><div class="block">The standard property-id for a synchronization provider implementation version tag.         </div><dl> <dt> <span class="strong">See Also: </span>   </dt><dd> <a href="../../../../constant-values.html#javax.sql.rowset.spi.SyncFactory.ROWSET_SYNC_PROVIDER_VERSION">Constant Field Values  </a> </dd> </dl></li></ul> <a end_ctx_id="field:ROWSET_SYNC_PROVIDER_VERSION"/>  </td></tr></table></td></tr></table><table border="0" cellpadding="1" cellspacing="0" width="100%"><tr><td><h3 class="ctxid">method:registerProvider(java.lang.String) [NONE]</h3></td></tr><tr><td><table border="0" cellpadding="5" cellspacing="1" bgcolor="black" width="100%"><tr valign="top"><td bgcolor="#FFFFFF" colspan="1"> <a start_ctx_id="method:registerProvider(java.lang.String)"/><a name="registerProvider(java.lang.String)"/><ul class="blockList"><li class="blockList"><h4>registerProvider</h4><pre>public static void registerProvider(java.lang.String providerID)
                             throws <a href="../../../../javax/sql/rowset/spi/SyncFactoryException.html" title="class in javax.sql.rowset.spi">SyncFactoryException</a></pre><div class="block">Adds the the given synchronization provider to the factory register. Guidelines are provided in the <code>SyncProvider</code> specification for the required naming conventions for <code>SyncProvider</code> implementations.<p> Synchronization providers bound to a JNDI context can be registered by binding a SyncProvider instance to a JNDI namespace.<pre>
 
<code>
 SyncProvider p = new MySyncProvider();
 InitialContext ic = new InitialContext();
 ic.bind ("jdbc/rowset/MySyncProvider", p);
 </code> 
</pre> Furthermore, an initial JNDI context should be set with the <code>SyncFactory</code> using the <code>setJNDIContext</code> method. The <code>SyncFactory</code> leverages this context to search for available <code>SyncProvider</code> objects bound to the JNDI context and its child nodes.                                                      </p>                        </div><dl> <dt> <span class="strong">Parameters:</span>   </dt><dd> <code>providerID</code> - A <code>String</code> object with the unique ID of the synchronization provider being registered               </dd> <dt> <span class="strong">Throws:</span>   </dt><dd> <code><a href="../../../../javax/sql/rowset/spi/SyncFactoryException.html" title="class in javax.sql.rowset.spi">SyncFactoryException</a></code> - if an attempt is made to supply an empty or null provider name               </dd> <dt> <span class="strong">See Also: </span>   </dt><dd> <a href="../../../../javax/sql/rowset/spi/SyncFactory.html#setJNDIContext(javax.naming.Context)"><code>setJNDIContext(javax.naming.Context)</code></a> </dd>   </dl></li></ul> <a end_ctx_id="method:registerProvider(java.lang.String)"/>  </td></tr></table></td></tr></table><table border="0" cellpadding="1" cellspacing="0" width="100%"><tr><td><h3 class="ctxid">method:getSyncFactory() [NONE]</h3></td></tr><tr><td><table border="0" cellpadding="5" cellspacing="1" bgcolor="black" width="100%"><tr valign="top"><td bgcolor="#FFFFFF" colspan="1"> <a start_ctx_id="method:getSyncFactory()"/><a name="getSyncFactory()"/><ul class="blockList"><li class="blockList"><h4>getSyncFactory</h4><pre>public static <a href="../../../../javax/sql/rowset/spi/SyncFactory.html" title="class in javax.sql.rowset.spi">SyncFactory</a> getSyncFactory()</pre><div class="block">Returns the <code>SyncFactory</code> singleton.   </div><dl> <dt> <span class="strong">Returns:</span>   </dt><dd>the <code>SyncFactory</code> instance  </dd> </dl></li></ul> <a end_ctx_id="method:getSyncFactory()"/>  </td></tr></table></td></tr></table><table border="0" cellpadding="1" cellspacing="0" width="100%"><tr><td><h3 class="ctxid">method:unregisterProvider(java.lang.String) [NONE]</h3></td></tr><tr><td><table border="0" cellpadding="5" cellspacing="1" bgcolor="black" width="100%"><tr valign="top"><td bgcolor="#FFFFFF" colspan="1"> <a start_ctx_id="method:unregisterProvider(java.lang.String)"/><a name="unregisterProvider(java.lang.String)"/><ul class="blockList"><li class="blockList"><h4>unregisterProvider</h4><pre>public static void unregisterProvider(java.lang.String providerID)
                               throws <a href="../../../../javax/sql/rowset/spi/SyncFactoryException.html" title="class in javax.sql.rowset.spi">SyncFactoryException</a></pre><div class="block">Removes the designated currently registered synchronization provider from the Factory SPI register.           </div><dl> <dt> <span class="strong">Parameters:</span>   </dt><dd> <code>providerID</code> - The unique-id of the synchronization provider        </dd> <dt> <span class="strong">Throws:</span>   </dt><dd> <code><a href="../../../../javax/sql/rowset/spi/SyncFactoryException.html" title="class in javax.sql.rowset.spi">SyncFactoryException</a></code> - If an attempt is made to unregister a SyncProvider implementation that was not registered.                </dd>  </dl></li></ul> <a end_ctx_id="method:unregisterProvider(java.lang.String)"/>  </td></tr></table></td></tr></table><table border="0" cellpadding="1" cellspacing="0" width="100%"><tr><td><h3 class="ctxid">method:getInstance(java.lang.String) [NONE]</h3></td></tr><tr><td><table border="0" cellpadding="5" cellspacing="1" bgcolor="black" width="100%"><tr valign="top"><td bgcolor="#FFFFFF" colspan="1"> <a start_ctx_id="method:getInstance(java.lang.String)"/><a name="getInstance(java.lang.String)"/><ul class="blockList"><li class="blockList"><h4>getInstance</h4><pre>public static <a href="../../../../javax/sql/rowset/spi/SyncProvider.html" title="class in javax.sql.rowset.spi">SyncProvider</a> getInstance(java.lang.String providerID)
                                throws <a href="../../../../javax/sql/rowset/spi/SyncFactoryException.html" title="class in javax.sql.rowset.spi">SyncFactoryException</a></pre><div class="block">Returns the <code>SyncProvider</code> instance identified by <i>providerID</i>.      </div><dl> <dt> <span class="strong">Parameters:</span>   </dt><dd> <code>providerID</code> - the unique identifier of the provider        </dd> <dt> <span class="strong">Returns:</span>   </dt><dd>a <code>SyncProvider</code> implementation  </dd> <dt> <span class="strong">Throws:</span>   </dt><dd> <code><a href="../../../../javax/sql/rowset/spi/SyncFactoryException.html" title="class in javax.sql.rowset.spi">SyncFactoryException</a></code> - If the SyncProvider cannot be found, the providerID is <code>null</code>, or some error was encountered when trying to invoke this provider.                       </dd>   </dl></li></ul> <a end_ctx_id="method:getInstance(java.lang.String)"/>  </td></tr></table></td></tr></table><table border="0" cellpadding="1" cellspacing="0" width="100%"><tr><td><h3 class="ctxid">method:getRegisteredProviders() [CHANGED]</h3></td></tr><tr><td><table border="0" cellpadding="5" cellspacing="1" bgcolor="black" width="100%"><tr valign="top"><td bgcolor="#EEEEEE" colspan="2"> <a start_ctx_id="method:getRegisteredProviders()"/><a name="getRegisteredProviders()"/><ul class="blockList"><li class="blockList"><h4>getRegisteredProviders</h4><pre>public static java.util.Enumeration&lt;<a href="../../../../javax/sql/rowset/spi/SyncProvider.html" title="class in javax.sql.rowset.spi">SyncProvider</a>&gt; getRegisteredProviders()
                                                                  throws <a href="../../../../javax/sql/rowset/spi/SyncFactoryException.html" title="class in javax.sql.rowset.spi">SyncFactoryException</a></pre><div class="block">Returns an Enumeration of currently registered synchronization providers. A <code>RowSet</code> implementation may use any provider in the enumeration as its <code>SyncProvider</code> object.<p> At a minimum, the reference synchronization provider allowing RowSet content data to be stored using a JDBC driver should be possible.                     </p>                     </div><dl> <dt> <span class="strong">Returns:</span>   </dt><dd>Enumeration A enumeration of available synchronization providers that are registered with this Factory            </dd> <dt> <span class="strong">Throws:</span>   </dt><dd> <code><a href="../../../../javax/sql/rowset/spi/SyncFactoryException.html" title="class in javax.sql.rowset.spi">SyncFactoryException</a></code> <span class="diff-html-added">-</span> <span class="diff-html-added">If</span> <span class="diff-html-added">an</span> <span class="diff-html-added">error</span> <span class="diff-html-added">occurs</span> <span class="diff-html-added">obtaining</span> <span class="diff-html-added">the</span> <span class="diff-html-added">registered</span> <span class="diff-html-added">providers</span>          </dd>  </dl></li></ul> <a end_ctx_id="method:getRegisteredProviders()"/>  </td></tr><tr valign="top"><td bgcolor="#CCCCCC" colspan="1"> <a start_ctx_id="method:getRegisteredProviders()"/><a name="getRegisteredProviders()"/><ul class="blockList"><li class="blockList"><h4>getRegisteredProviders</h4><pre>public static java.util.Enumeration&lt;<a href="../../../../javax/sql/rowset/spi/SyncProvider.html" title="class in javax.sql.rowset.spi">SyncProvider</a>&gt; getRegisteredProviders()
                                                                  throws <a href="../../../../javax/sql/rowset/spi/SyncFactoryException.html" title="class in javax.sql.rowset.spi">SyncFactoryException</a></pre><div class="block">Returns an Enumeration of currently registered synchronization providers. A <code>RowSet</code> implementation may use any provider in the enumeration as its <code>SyncProvider</code> object.<p> At a minimum, the reference synchronization provider allowing RowSet content data to be stored using a JDBC driver should be possible.                     </p>                     </div><dl> <dt> <span class="strong">Returns:</span>   </dt><dd>Enumeration A enumeration of available synchronization providers that are registered with this Factory            </dd> <dt> <span class="strong">Throws:</span>   </dt><dd> <code><a href="../../../../javax/sql/rowset/spi/SyncFactoryException.html" title="class in javax.sql.rowset.spi">SyncFactoryException</a></code> </dd>  </dl></li></ul> <a end_ctx_id="method:getRegisteredProviders()"/>  </td><td bgcolor="#FFFFFF" colspan="1"> <a start_ctx_id="method:getRegisteredProviders()"/><a name="getRegisteredProviders()"/><ul class="blockList"><li class="blockList"><h4>getRegisteredProviders</h4><pre>public static java.util.Enumeration&lt;<a href="../../../../javax/sql/rowset/spi/SyncProvider.html" title="class in javax.sql.rowset.spi">SyncProvider</a>&gt; getRegisteredProviders()
                                                                  throws <a href="../../../../javax/sql/rowset/spi/SyncFactoryException.html" title="class in javax.sql.rowset.spi">SyncFactoryException</a></pre><div class="block">Returns an Enumeration of currently registered synchronization providers. A <code>RowSet</code> implementation may use any provider in the enumeration as its <code>SyncProvider</code> object.<p> At a minimum, the reference synchronization provider allowing RowSet content data to be stored using a JDBC driver should be possible.                     </p>                     </div><dl> <dt> <span class="strong">Returns:</span>   </dt><dd>Enumeration A enumeration of available synchronization providers that are registered with this Factory            </dd> <dt> <span class="strong">Throws:</span>   </dt><dd> <code><a href="../../../../javax/sql/rowset/spi/SyncFactoryException.html" title="class in javax.sql.rowset.spi">SyncFactoryException</a></code> - If an error occurs obtaining the registered providers          </dd>  </dl></li></ul> <a end_ctx_id="method:getRegisteredProviders()"/>  </td></tr></table></td></tr></table><table border="0" cellpadding="1" cellspacing="0" width="100%"><tr><td><h3 class="ctxid">method:setLogger(java.util.logging.Logger) [NONE]</h3></td></tr><tr><td><table border="0" cellpadding="5" cellspacing="1" bgcolor="black" width="100%"><tr valign="top"><td bgcolor="#FFFFFF" colspan="1"> <a start_ctx_id="method:setLogger(java.util.logging.Logger)"/><a name="setLogger(java.util.logging.Logger)"/><ul class="blockList"><li class="blockList"><h4>setLogger</h4><pre>public static void setLogger(java.util.logging.Logger logger)</pre><div class="block">Sets the logging object to be used by the <code>SyncProvider</code> implementation provided by the <code>SyncFactory</code>. All <code>SyncProvider</code> implementations can log their events to this object and the application can retrieve a handle to this object using the <code>getLogger</code> method.<p> This method checks to see that there is an <code>SQLPermission</code> object which grants the permission <code>setSyncFactory</code> before allowing the method to succeed. If a <code>SecurityManager</code> exists and its <code>checkPermission</code> method denies calling <code>setLogger</code>, this method throws a <code>java.lang.SecurityException</code>.                                      </p>                                      </div><dl> <dt> <span class="strong">Parameters:</span>   </dt><dd> <code>logger</code> - A Logger object instance      </dd> <dt> <span class="strong">Throws:</span>   </dt><dd> <code>java.lang.SecurityException</code> - if a security manager exists and its <code>checkPermission</code> method denies calling <code>setLogger</code>              </dd><dd> <code>java.lang.NullPointerException</code> - if the logger is null       </dd> <dt> <span class="strong">See Also: </span>   </dt><dd> <code>SecurityManager.checkPermission(java.security.Permission)</code> </dd>   </dl></li></ul> <a end_ctx_id="method:setLogger(java.util.logging.Logger)"/>  </td></tr></table></td></tr></table><table border="0" cellpadding="1" cellspacing="0" width="100%"><tr><td><h3 class="ctxid">method:setLogger(java.util.logging.Logger, java.util.logging.Level) [CHANGED]</h3></td></tr><tr><td><table border="0" cellpadding="5" cellspacing="1" bgcolor="black" width="100%"><tr valign="top"><td bgcolor="#EEEEEE" colspan="2"> <a start_ctx_id="method:setLogger(java.util.logging.Logger, java.util.logging.Level)"/><a name="setLogger(java.util.logging.Logger, java.util.logging.Level)"/><ul class="blockList"><li class="blockList"><h4>setLogger</h4><pre>public static void setLogger(java.util.logging.Logger logger,
                             java.util.logging.Level level)</pre><div class="block">Sets the logging object that is used by <code>SyncProvider</code> implementations provided by the <code>SyncFactory</code> SPI. All <code>SyncProvider</code> implementations can log their events to this object and the application can retrieve a handle to this object using the <code>getLogger</code> method.<p> This method checks to see that there is an <code>SQLPermission</code> object which grants the permission <code>setSyncFactory</code> before allowing the method to succeed. If a <code>SecurityManager</code> exists and its <code>checkPermission</code> method denies calling <code>setLogger</code>, this method throws a <code>java.lang.SecurityException</code>.                                      </p>                                      </div><dl> <dt> <span class="strong">Parameters:</span>   </dt><dd> <code>logger</code> - a Logger object instance      </dd><dd> <code>level</code> - a Level object instance indicating the degree of logging required            </dd> <dt> <span class="strong">Throws:</span>   </dt><dd> <code>java.lang.SecurityException</code> - if a security manager exists and its <code>checkPermission</code> method denies calling <code>setLogger</code>              </dd><dd> <code>java.<span class="diff-html-removed">util.logging.LoggingPermission</span> <span class="diff-html-removed">-</span> <span class="diff-html-removed">if</span> <span class="diff-html-removed">a</span> <span class="diff-html-removed">security</span> <span class="diff-html-removed">manager</span> <span class="diff-html-removed">exists</span> <span class="diff-html-removed">and</span> <span class="diff-html-removed">its</span> <code changeType="diff-removed-tag"><span class="diff-html-removed">checkPermission</span></code> <span class="diff-html-removed">method</span> <span class="diff-html-removed">denies</span> <span class="diff-html-removed">calling</span> <code changeType="diff-removed-tag"><span class="diff-html-removed">setLevel</span></code><span class="diff-html-removed">java.</span>lang.NullPointerException             </code> - if the logger is null       </dd> <dt> <span class="strong">See Also: </span>   </dt><dd> <code>SecurityManager.checkPermission(java.security.Permission)</code>, &lt;code&gt;LoggingPermission&lt;/code&gt;  </dd>   </dl></li></ul> <a end_ctx_id="method:setLogger(java.util.logging.Logger, java.util.logging.Level)"/>  </td></tr><tr valign="top"><td bgcolor="#CCCCCC" colspan="1"> <a start_ctx_id="method:setLogger(java.util.logging.Logger, java.util.logging.Level)"/><a name="setLogger(java.util.logging.Logger, java.util.logging.Level)"/><ul class="blockList"><li class="blockList"><h4>setLogger</h4><pre>public static void setLogger(java.util.logging.Logger logger,
                             java.util.logging.Level level)</pre><div class="block">Sets the logging object that is used by <code>SyncProvider</code> implementations provided by the <code>SyncFactory</code> SPI. All <code>SyncProvider</code> implementations can log their events to this object and the application can retrieve a handle to this object using the <code>getLogger</code> method.<p> This method checks to see that there is an <code>SQLPermission</code> object which grants the permission <code>setSyncFactory</code> before allowing the method to succeed. If a <code>SecurityManager</code> exists and its <code>checkPermission</code> method denies calling <code>setLogger</code>, this method throws a <code>java.lang.SecurityException</code>.                                      </p>                                      </div><dl> <dt> <span class="strong">Parameters:</span>   </dt><dd> <code>logger</code> - a Logger object instance      </dd><dd> <code>level</code> - a Level object instance indicating the degree of logging required            </dd> <dt> <span class="strong">Throws:</span>   </dt><dd> <code>java.lang.SecurityException</code> - if a security manager exists and its <code>checkPermission</code> method denies calling <code>setLogger</code>              </dd><dd> <code>java.util.logging.LoggingPermission</code> - if a security manager exists and its <code changeType="diff-removed-tag">checkPermission</code> method denies calling <code changeType="diff-removed-tag">setLevel</code>              </dd><dd> <code>java.lang.NullPointerException</code> - if the logger is null       </dd> <dt> <span class="strong">See Also: </span>   </dt><dd> <code>SecurityManager.checkPermission(java.security.Permission)</code>, &lt;code&gt;LoggingPermission&lt;/code&gt;  </dd>   </dl></li></ul> <a end_ctx_id="method:setLogger(java.util.logging.Logger, java.util.logging.Level)"/>  </td><td bgcolor="#FFFFFF" colspan="1"> <a start_ctx_id="method:setLogger(java.util.logging.Logger, java.util.logging.Level)"/><a name="setLogger(java.util.logging.Logger, java.util.logging.Level)"/><ul class="blockList"><li class="blockList"><h4>setLogger</h4><pre>public static void setLogger(java.util.logging.Logger logger,
                             java.util.logging.Level level)</pre><div class="block">Sets the logging object that is used by <code>SyncProvider</code> implementations provided by the <code>SyncFactory</code> SPI. All <code>SyncProvider</code> implementations can log their events to this object and the application can retrieve a handle to this object using the <code>getLogger</code> method.<p> This method checks to see that there is an <code>SQLPermission</code> object which grants the permission <code>setSyncFactory</code> before allowing the method to succeed. If a <code>SecurityManager</code> exists and its <code>checkPermission</code> method denies calling <code>setLogger</code>, this method throws a <code>java.lang.SecurityException</code>.                                      </p>                                      </div><dl> <dt> <span class="strong">Parameters:</span>   </dt><dd> <code>logger</code> - a Logger object instance      </dd><dd> <code>level</code> - a Level object instance indicating the degree of logging required            </dd> <dt> <span class="strong">Throws:</span>   </dt><dd> <code>java.lang.SecurityException</code> - if a security manager exists and its <code>checkPermission</code> method denies calling <code>setLogger</code>              </dd><dd> <code>java.lang.NullPointerException</code> - if the logger is null       </dd> <dt> <span class="strong">See Also: </span>   </dt><dd> <code>SecurityManager.checkPermission(java.security.Permission)</code>, &lt;code&gt;LoggingPermission&lt;/code&gt;  </dd>   </dl></li></ul> <a end_ctx_id="method:setLogger(java.util.logging.Logger, java.util.logging.Level)"/>  </td></tr></table></td></tr></table><table border="0" cellpadding="1" cellspacing="0" width="100%"><tr><td><h3 class="ctxid">method:getLogger() [CHANGED]</h3></td></tr><tr><td><table border="0" cellpadding="5" cellspacing="1" bgcolor="black" width="100%"><tr valign="top"><td bgcolor="#EEEEEE" colspan="2"> <a start_ctx_id="method:getLogger()"/><a name="getLogger()"/><ul class="blockList"><li class="blockList"><h4>getLogger</h4><pre>public static java.util.logging.Logger getLogger()
                                          throws <a href="../../../../javax/sql/rowset/spi/SyncFactoryException.html" title="class in javax.sql.rowset.spi">SyncFactoryException</a></pre><div class="block">Returns the logging object for applications to retrieve synchronization events posted by SyncProvider implementations.             </div><dl> <dt> <span class="strong"><span class="diff-html-added">Returns:</span></span>   </dt><dd><span class="diff-html-added">The</span> <code><span class="diff-html-added">Logger</span></code> <span class="diff-html-added">that</span> <span class="diff-html-added">has</span> <span class="diff-html-added">been</span> <span class="diff-html-added">specified</span> <span class="diff-html-added">for</span> <span class="diff-html-added">use</span> <span class="diff-html-added">by</span> <code><span class="diff-html-added">SyncProvider</span></code> <span class="diff-html-added">implementations</span>          </dd> <dt> <span class="strong">Throws:</span>   </dt><dd> <code><a href="../../../../javax/sql/rowset/spi/SyncFactoryException.html" title="class in javax.sql.rowset.spi">SyncFactoryException</a></code> - if no logging object has been set.         </dd>  </dl></li></ul> <a end_ctx_id="method:getLogger()"/>  </td></tr><tr valign="top"><td bgcolor="#CCCCCC" colspan="1"> <a start_ctx_id="method:getLogger()"/><a name="getLogger()"/><ul class="blockList"><li class="blockList"><h4>getLogger</h4><pre>public static java.util.logging.Logger getLogger()
                                          throws <a href="../../../../javax/sql/rowset/spi/SyncFactoryException.html" title="class in javax.sql.rowset.spi">SyncFactoryException</a></pre><div class="block">Returns the logging object for applications to retrieve synchronization events posted by SyncProvider implementations.             </div><dl> <dt> <span class="strong">Throws:</span>   </dt><dd> <code><a href="../../../../javax/sql/rowset/spi/SyncFactoryException.html" title="class in javax.sql.rowset.spi">SyncFactoryException</a></code> - if no logging object has been set.         </dd> </dl></li></ul> <a end_ctx_id="method:getLogger()"/>  </td><td bgcolor="#FFFFFF" colspan="1"> <a start_ctx_id="method:getLogger()"/><a name="getLogger()"/><ul class="blockList"><li class="blockList"><h4>getLogger</h4><pre>public static java.util.logging.Logger getLogger()
                                          throws <a href="../../../../javax/sql/rowset/spi/SyncFactoryException.html" title="class in javax.sql.rowset.spi">SyncFactoryException</a></pre><div class="block">Returns the logging object for applications to retrieve synchronization events posted by SyncProvider implementations.             </div><dl> <dt> <span class="strong">Returns:</span>   </dt><dd>The <code>Logger</code> that has been specified for use by <code>SyncProvider</code> implementations          </dd> <dt> <span class="strong">Throws:</span>   </dt><dd> <code><a href="../../../../javax/sql/rowset/spi/SyncFactoryException.html" title="class in javax.sql.rowset.spi">SyncFactoryException</a></code> - if no logging object has been set.         </dd>  </dl></li></ul> <a end_ctx_id="method:getLogger()"/>  </td></tr></table></td></tr></table><table border="0" cellpadding="1" cellspacing="0" width="100%"><tr><td><h3 class="ctxid">method:setJNDIContext(javax.naming.Context) [NONE]</h3></td></tr><tr><td><table border="0" cellpadding="5" cellspacing="1" bgcolor="black" width="100%"><tr valign="top"><td bgcolor="#FFFFFF" colspan="1"> <a start_ctx_id="method:setJNDIContext(javax.naming.Context)"/><a name="setJNDIContext(javax.naming.Context)"/><ul class="blockListLast"><li class="blockList"><h4>setJNDIContext</h4><pre>public static void setJNDIContext(javax.naming.Context ctx)
                           throws <a href="../../../../javax/sql/rowset/spi/SyncFactoryException.html" title="class in javax.sql.rowset.spi">SyncFactoryException</a></pre><div class="block">Sets the initial JNDI context from which SyncProvider implementations can be retrieved from a JNDI namespace<p> This method checks to see that there is an <code>SQLPermission</code> object which grants the permission <code>setSyncFactory</code> before allowing the method to succeed. If a <code>SecurityManager</code> exists and its <code>checkPermission</code> method denies calling <code>setJNDIContext</code>, this method throws a <code>java.lang.SecurityException</code>.                                      </p>               </div><dl> <dt> <span class="strong">Parameters:</span>   </dt><dd> <code>ctx</code> - a valid JNDI context      </dd> <dt> <span class="strong">Throws:</span>   </dt><dd> <code><a href="../../../../javax/sql/rowset/spi/SyncFactoryException.html" title="class in javax.sql.rowset.spi">SyncFactoryException</a></code> - if the supplied JNDI context is null         </dd><dd> <code>java.lang.SecurityException</code> - if a security manager exists and its <code>checkPermission</code> method denies calling <code>setJNDIContext</code>              </dd> <dt> <span class="strong">See Also: </span>   </dt><dd> <code>SecurityManager.checkPermission(java.security.Permission)</code> </dd>   </dl></li></ul> <a end_ctx_id="method:setJNDIContext(javax.naming.Context)"/>  </td></tr></table></td></tr></table></diff></diffreport>