<?xml version="1.0" encoding="UTF-8"?><diffreport><diff><table border="0" cellpadding="1" cellspacing="0" width="100%"><tr><td><h3 class="ctxid">class:SyncProvider [NONE]</h3></td></tr><tr><td><table border="0" cellpadding="5" cellspacing="1" bgcolor="black" width="100%"><tr valign="top"><td bgcolor="#FFFFFF" colspan="1"><div class="description"> <a start_ctx_id="class:SyncProvider"/><ul class="blockList"><li class="blockList"> <hr/> <br/><pre>public abstract class <span class="strong">SyncProvider</span>
extends java.lang.Object</pre><div class="block">The synchronization mechanism that provides reader/writer capabilities for disconnected <code>RowSet</code> objects. A <code>SyncProvider</code> implementation is a class that extends the <code>SyncProvider</code> abstract class.<p> A <code>SyncProvider</code> implementation is identified by a unique ID, which is its fully qualified class name. This name must be registered with the <code>SyncFactory</code> SPI, thus making the implementation available to all <code>RowSet</code> implementations. The factory mechanism in the reference implementation uses this name to instantiate the implementation, which can then provide a <code>RowSet</code> object with its reader (a <code>javax.sql.RowSetReader</code> object) and its writer (a <code>javax.sql.RowSetWriter</code> object).                                                                   </p><p> The Jdbc <code>RowSet</code> Implementations specification provides two reference implementations of the <code>SyncProvider</code> abstract class: <code>RIOptimisticProvider</code> and <code>RIXMLProvider</code>. The <code>RIOptimisticProvider</code> can set any <code>RowSet</code> implementation with a <code>RowSetReader</code> object and a <code>RowSetWriter</code> object. However, only the <code>RIXMLProvider</code> implementation can set an <code>XmlReader</code> object and an <code>XmlWriter</code> object. A <code>WebRowSet</code> object uses the <code>XmlReader</code> object to read data in XML format to populate itself with that data. It uses the <code>XmlWriter</code> object to write itself to a stream or <code>java.io.Writer</code> object in XML format.                                                                                  </p><p/><h3>1.0 Naming Convention for Implementations    </h3> As a guide to naming <code>SyncProvider</code> implementations, the following should be noted:<ul><li>The name for a <code>SyncProvider</code> implementation is its fully qualified class name.           </li><li>It is recommended that vendors supply a <code>SyncProvider</code> implementation in a package named <code>providers</code>.             </li></ul><p> For instance, if a vendor named Fred, Inc. offered a <code>SyncProvider</code> implementation, you could have the following:<pre>
     Vendor name:  Fred, Inc.
     Domain name of vendor:  com.fred
     Package name:  com.fred.providers
     SyncProvider implementation class name:  HighAvailabilityProvider

     Fully qualified class name of SyncProvider implementation:
                        com.fred.providers.HighAvailabilityProvider
 </pre>                 </p><p> The following line of code uses the fully qualified name to register this implementation with the <code>SyncFactory</code> static instance.<pre>
     SyncFactory.registerProvider(
                          "com.fred.providers.HighAvailabilityProvider");
 </pre>                   </p><p> The default <code>SyncProvider</code> object provided with the reference implementation uses the following name:<pre>
     com.sun.rowset.providers.RIOptimisticProvider
 </pre>             </p><p> A vendor can register a <code>SyncProvider</code> implementation class name with Oracle Corporation by sending email to jdbc@sun.com. Oracle will maintain a database listing the available <code>SyncProvider</code> implementations for use with compliant <code>RowSet</code> implementations. This database will be similar to the one already maintained to list available JDBC drivers.                                                </p><p> Vendors should refer to the reference implementation synchronization providers for additional guidance on how to implement a new <code>SyncProvider</code> implementation.                    </p><h3>2.0 How a <code>RowSet</code> Object Gets Its Provider       </h3> A disconnected <code>Rowset</code> object may get access to a <code>SyncProvider</code> object in one of the following two ways:<ul><li>Using a constructor<br/><pre>
       CachedRowSet crs = new CachedRowSet(
                  "com.fred.providers.HighAvailabilitySyncProvider");
      </pre>  </li><li>Using the <code>setSyncProvider</code> method<pre>
       CachedRowSet crs = new CachedRowSet();
       crs.setSyncProvider("com.fred.providers.HighAvailabilitySyncProvider");
      </pre>   </li></ul><p> By default, the reference implementations of the <code>RowSet</code> synchronization providers are always available to the Java platform. If no other pluggable synchronization providers have been correctly registered, the <code>SyncFactory</code> will automatically generate an instance of the default <code>SyncProvider</code> reference implementation. Thus, in the preceding code fragment, if no implementation named <code>com.fred.providers.HighAvailabilitySyncProvider</code> has been registered with the <code>SyncFactory</code> instance, <i>crs</i> will be assigned the default provider in the reference implementation, which is <code>com.sun.rowset.providers.RIOptimisticProvider</code>.                                                                        </p><p/><h3>3.0 Violations and Synchronization Issues    </h3> If an update between a disconnected <code>RowSet</code> object and a data source violates the original query or the underlying data source constraints, this will result in undefined behavior for all disconnected <code>RowSet</code> implementations and their designated <code>SyncProvider</code> implementations. Not defining the behavior when such violations occur offers greater flexibility for a <code>SyncProvider</code> implementation to determine its own best course of action.<p> A <code>SyncProvider</code> implementation may choose to implement a specific handler to handle a subset of query violations. However if an original query violation or a more general data source constraint violation is not handled by the <code>SyncProvider</code> implementation, all <code>SyncProvider</code> objects must throw a <code>SyncProviderException</code>.                                             </p><p/><h3>4.0 Updatable SQL VIEWs   </h3> It is possible for any disconnected or connected <code>RowSet</code> object to be populated from an SQL query that is formulated originally from an SQL <code>VIEW</code>. While in many cases it is possible for an update to be performed to an underlying view, such an update requires additional metadata, which may vary. The <code>SyncProvider</code> class provides two constants to indicate whether an implementation supports updating an SQL <code>VIEW</code>.<ul><li> <code><b>NONUPDATABLE_VIEW_SYNC</b></code> - Indicates that a <code>SyncProvider</code> implementation does not support synchronization with an SQL <code>VIEW</code> as the underlying source of data for the <code>RowSet</code> object.                         </li><li> <code><b>UPDATABLE_VIEW_SYNC</b></code> - Indicates that a <code>SyncProvider</code> implementation supports synchronization with an SQL <code>VIEW</code> as the underlying source of data.                   </li></ul><p> The default is for a <code>RowSet</code> object not to be updatable if it was populated with data from an SQL <code>VIEW</code>.                     </p><p/><h3>5.0 <code>SyncProvider</code> Constants  </h3> The <code>SyncProvider</code> class provides three sets of constants that are used as return values or parameters for <code>SyncProvider</code> methods. <code>SyncProvider</code> objects may be implemented to perform synchronization between a <code>RowSet</code> object and its underlying data source with varying degrees of of care. The first group of constants indicate how synchronization is handled. For example, <code>GRADE_NONE</code> indicates that a <code>SyncProvider</code> object will not take any care to see what data is valid and will simply write the <code>RowSet</code> data to the data source. <code>GRADE_MODIFIED_AT_COMMIT</code> indicates that the provider will check only modified data for validity. Other grades check all data for validity or set locks when data is modified or loaded.<ol><li>Constants to indicate the synchronization grade of a <code>SyncProvider</code> object<ul><li>SyncProvider.GRADE_NONE</li><li>SyncProvider.GRADE_MODIFIED_AT_COMMIT</li><li>SyncProvider.GRADE_CHECK_ALL_AT_COMMIT</li><li>SyncProvider.GRADE_LOCK_WHEN_MODIFIED</li><li>SyncProvider.GRADE_LOCK_WHEN_LOADED</li></ul>         </li><li>Constants to indicate what locks are set on the data source<ul><li>SyncProvider.DATASOURCE_NO_LOCK</li><li>SyncProvider.DATASOURCE_ROW_LOCK</li><li>SyncProvider.DATASOURCE_TABLE_LOCK</li><li>SyncProvider.DATASOURCE_DB_LOCK</li></ul>          </li><li>Constants to indicate whether a <code>SyncProvider</code> object can perform updates to an SQL <code>VIEW</code> <br/> These constants are explained in the preceding section (4.0).<ul><li>SyncProvider.UPDATABLE_VIEW_SYNC</li><li>SyncProvider.NONUPDATABLE_VIEW_SYNC</li></ul>                       </li></ol>                                                                                                                                                                                                                                                                                                  </div><dl> <dt> <span class="strong">See Also: </span>   </dt><dd> <a href="../../../../javax/sql/rowset/spi/SyncFactory.html" title="class in javax.sql.rowset.spi"><code>SyncFactory</code></a>, <a href="../../../../javax/sql/rowset/spi/SyncFactoryException.html" title="class in javax.sql.rowset.spi"><code>SyncFactoryException</code></a>  </dd> </dl>  </li></ul> </div> <a end_ctx_id="class:SyncProvider"/> </td></tr></table></td></tr></table><table border="0" cellpadding="1" cellspacing="0" width="100%"><tr><td><h3 class="ctxid">field:GRADE_NONE [NONE]</h3></td></tr><tr><td><table border="0" cellpadding="5" cellspacing="1" bgcolor="black" width="100%"><tr valign="top"><td bgcolor="#FFFFFF" colspan="1"> <a start_ctx_id="field:GRADE_NONE"/><a name="GRADE_NONE"/><ul class="blockList"><li class="blockList"><h4>GRADE_NONE</h4><pre>public static final int GRADE_NONE</pre><div class="block">Indicates that no synchronization with the originating data source is provided. A <code>SyncProvider</code> implementation returning this grade will simply attempt to write updates in the <code>RowSet</code> object to the underlying data source without checking the validity of any data.                                      </div><dl> <dt> <span class="strong">See Also: </span>   </dt><dd> <a href="../../../../constant-values.html#javax.sql.rowset.spi.SyncProvider.GRADE_NONE">Constant Field Values  </a> </dd> </dl></li></ul> <a end_ctx_id="field:GRADE_NONE"/>  </td></tr></table></td></tr></table><table border="0" cellpadding="1" cellspacing="0" width="100%"><tr><td><h3 class="ctxid">field:GRADE_CHECK_MODIFIED_AT_COMMIT [NONE]</h3></td></tr><tr><td><table border="0" cellpadding="5" cellspacing="1" bgcolor="black" width="100%"><tr valign="top"><td bgcolor="#FFFFFF" colspan="1"> <a start_ctx_id="field:GRADE_CHECK_MODIFIED_AT_COMMIT"/><a name="GRADE_CHECK_MODIFIED_AT_COMMIT"/><ul class="blockList"><li class="blockList"><h4>GRADE_CHECK_MODIFIED_AT_COMMIT</h4><pre>public static final int GRADE_CHECK_MODIFIED_AT_COMMIT</pre><div class="block">Indicates a low level optimistic synchronization grade with respect to the originating data source. A <code>SyncProvider</code> implementation returning this grade will check only rows that have changed.                          </div><dl> <dt> <span class="strong">See Also: </span>   </dt><dd> <a href="../../../../constant-values.html#javax.sql.rowset.spi.SyncProvider.GRADE_CHECK_MODIFIED_AT_COMMIT">Constant Field Values  </a> </dd> </dl></li></ul> <a end_ctx_id="field:GRADE_CHECK_MODIFIED_AT_COMMIT"/>  </td></tr></table></td></tr></table><table border="0" cellpadding="1" cellspacing="0" width="100%"><tr><td><h3 class="ctxid">field:GRADE_CHECK_ALL_AT_COMMIT [NONE]</h3></td></tr><tr><td><table border="0" cellpadding="5" cellspacing="1" bgcolor="black" width="100%"><tr valign="top"><td bgcolor="#FFFFFF" colspan="1"> <a start_ctx_id="field:GRADE_CHECK_ALL_AT_COMMIT"/><a name="GRADE_CHECK_ALL_AT_COMMIT"/><ul class="blockList"><li class="blockList"><h4>GRADE_CHECK_ALL_AT_COMMIT</h4><pre>public static final int GRADE_CHECK_ALL_AT_COMMIT</pre><div class="block">Indicates a high level optimistic synchronization grade with respect to the originating data source. A <code>SyncProvider</code> implementation returning this grade will check all rows, including rows that have not changed.                             </div><dl> <dt> <span class="strong">See Also: </span>   </dt><dd> <a href="../../../../constant-values.html#javax.sql.rowset.spi.SyncProvider.GRADE_CHECK_ALL_AT_COMMIT">Constant Field Values  </a> </dd> </dl></li></ul> <a end_ctx_id="field:GRADE_CHECK_ALL_AT_COMMIT"/>  </td></tr></table></td></tr></table><table border="0" cellpadding="1" cellspacing="0" width="100%"><tr><td><h3 class="ctxid">field:GRADE_LOCK_WHEN_MODIFIED [NONE]</h3></td></tr><tr><td><table border="0" cellpadding="5" cellspacing="1" bgcolor="black" width="100%"><tr valign="top"><td bgcolor="#FFFFFF" colspan="1"> <a start_ctx_id="field:GRADE_LOCK_WHEN_MODIFIED"/><a name="GRADE_LOCK_WHEN_MODIFIED"/><ul class="blockList"><li class="blockList"><h4>GRADE_LOCK_WHEN_MODIFIED</h4><pre>public static final int GRADE_LOCK_WHEN_MODIFIED</pre><div class="block">Indicates a pessimistic synchronization grade with respect to the originating data source. A <code>SyncProvider</code> implementation returning this grade will lock the row in the originating data source.                          </div><dl> <dt> <span class="strong">See Also: </span>   </dt><dd> <a href="../../../../constant-values.html#javax.sql.rowset.spi.SyncProvider.GRADE_LOCK_WHEN_MODIFIED">Constant Field Values  </a> </dd> </dl></li></ul> <a end_ctx_id="field:GRADE_LOCK_WHEN_MODIFIED"/>  </td></tr></table></td></tr></table><table border="0" cellpadding="1" cellspacing="0" width="100%"><tr><td><h3 class="ctxid">field:GRADE_LOCK_WHEN_LOADED [NONE]</h3></td></tr><tr><td><table border="0" cellpadding="5" cellspacing="1" bgcolor="black" width="100%"><tr valign="top"><td bgcolor="#FFFFFF" colspan="1"> <a start_ctx_id="field:GRADE_LOCK_WHEN_LOADED"/><a name="GRADE_LOCK_WHEN_LOADED"/><ul class="blockList"><li class="blockList"><h4>GRADE_LOCK_WHEN_LOADED</h4><pre>public static final int GRADE_LOCK_WHEN_LOADED</pre><div class="block">Indicates the most pessimistic synchronization grade with respect to the originating data source. A <code>SyncProvider</code> implementation returning this grade will lock the entire view and/or table affected by the original statement used to populate a <code>RowSet</code> object.                                    </div><dl> <dt> <span class="strong">See Also: </span>   </dt><dd> <a href="../../../../constant-values.html#javax.sql.rowset.spi.SyncProvider.GRADE_LOCK_WHEN_LOADED">Constant Field Values  </a> </dd> </dl></li></ul> <a end_ctx_id="field:GRADE_LOCK_WHEN_LOADED"/>  </td></tr></table></td></tr></table><table border="0" cellpadding="1" cellspacing="0" width="100%"><tr><td><h3 class="ctxid">field:DATASOURCE_NO_LOCK [NONE]</h3></td></tr><tr><td><table border="0" cellpadding="5" cellspacing="1" bgcolor="black" width="100%"><tr valign="top"><td bgcolor="#FFFFFF" colspan="1"> <a start_ctx_id="field:DATASOURCE_NO_LOCK"/><a name="DATASOURCE_NO_LOCK"/><ul class="blockList"><li class="blockList"><h4>DATASOURCE_NO_LOCK</h4><pre>public static final int DATASOURCE_NO_LOCK</pre><div class="block">Indicates that no locks remain on the originating data source. This is the default lock setting for all <code>SyncProvider</code> implementations unless otherwise directed by a <code>RowSet</code> object.                          </div><dl> <dt> <span class="strong">See Also: </span>   </dt><dd> <a href="../../../../constant-values.html#javax.sql.rowset.spi.SyncProvider.DATASOURCE_NO_LOCK">Constant Field Values  </a> </dd> </dl></li></ul> <a end_ctx_id="field:DATASOURCE_NO_LOCK"/>  </td></tr></table></td></tr></table><table border="0" cellpadding="1" cellspacing="0" width="100%"><tr><td><h3 class="ctxid">field:DATASOURCE_ROW_LOCK [NONE]</h3></td></tr><tr><td><table border="0" cellpadding="5" cellspacing="1" bgcolor="black" width="100%"><tr valign="top"><td bgcolor="#FFFFFF" colspan="1"> <a start_ctx_id="field:DATASOURCE_ROW_LOCK"/><a name="DATASOURCE_ROW_LOCK"/><ul class="blockList"><li class="blockList"><h4>DATASOURCE_ROW_LOCK</h4><pre>public static final int DATASOURCE_ROW_LOCK</pre><div class="block">Indicates that a lock is placed on the rows that are touched by the original SQL statement used to populate the <code>RowSet</code> object that is using this <code>SyncProvider</code> object.                            </div><dl> <dt> <span class="strong">See Also: </span>   </dt><dd> <a href="../../../../constant-values.html#javax.sql.rowset.spi.SyncProvider.DATASOURCE_ROW_LOCK">Constant Field Values  </a> </dd> </dl></li></ul> <a end_ctx_id="field:DATASOURCE_ROW_LOCK"/>  </td></tr></table></td></tr></table><table border="0" cellpadding="1" cellspacing="0" width="100%"><tr><td><h3 class="ctxid">field:DATASOURCE_TABLE_LOCK [NONE]</h3></td></tr><tr><td><table border="0" cellpadding="5" cellspacing="1" bgcolor="black" width="100%"><tr valign="top"><td bgcolor="#FFFFFF" colspan="1"> <a start_ctx_id="field:DATASOURCE_TABLE_LOCK"/><a name="DATASOURCE_TABLE_LOCK"/><ul class="blockList"><li class="blockList"><h4>DATASOURCE_TABLE_LOCK</h4><pre>public static final int DATASOURCE_TABLE_LOCK</pre><div class="block">Indicates that a lock is placed on all tables that are touched by the original SQL statement used to populate the <code>RowSet</code> object that is using this <code>SyncProvider</code> object.                            </div><dl> <dt> <span class="strong">See Also: </span>   </dt><dd> <a href="../../../../constant-values.html#javax.sql.rowset.spi.SyncProvider.DATASOURCE_TABLE_LOCK">Constant Field Values  </a> </dd> </dl></li></ul> <a end_ctx_id="field:DATASOURCE_TABLE_LOCK"/>  </td></tr></table></td></tr></table><table border="0" cellpadding="1" cellspacing="0" width="100%"><tr><td><h3 class="ctxid">field:DATASOURCE_DB_LOCK [NONE]</h3></td></tr><tr><td><table border="0" cellpadding="5" cellspacing="1" bgcolor="black" width="100%"><tr valign="top"><td bgcolor="#FFFFFF" colspan="1"> <a start_ctx_id="field:DATASOURCE_DB_LOCK"/><a name="DATASOURCE_DB_LOCK"/><ul class="blockList"><li class="blockList"><h4>DATASOURCE_DB_LOCK</h4><pre>public static final int DATASOURCE_DB_LOCK</pre><div class="block">Indicates that a lock is placed on the entire data source that is the source of data for the <code>RowSet</code> object that is using this <code>SyncProvider</code> object.                          </div><dl> <dt> <span class="strong">See Also: </span>   </dt><dd> <a href="../../../../constant-values.html#javax.sql.rowset.spi.SyncProvider.DATASOURCE_DB_LOCK">Constant Field Values  </a> </dd> </dl></li></ul> <a end_ctx_id="field:DATASOURCE_DB_LOCK"/>  </td></tr></table></td></tr></table><table border="0" cellpadding="1" cellspacing="0" width="100%"><tr><td><h3 class="ctxid">field:UPDATABLE_VIEW_SYNC [NONE]</h3></td></tr><tr><td><table border="0" cellpadding="5" cellspacing="1" bgcolor="black" width="100%"><tr valign="top"><td bgcolor="#FFFFFF" colspan="1"> <a start_ctx_id="field:UPDATABLE_VIEW_SYNC"/><a name="UPDATABLE_VIEW_SYNC"/><ul class="blockList"><li class="blockList"><h4>UPDATABLE_VIEW_SYNC</h4><pre>public static final int UPDATABLE_VIEW_SYNC</pre><div class="block">Indicates that a <code>SyncProvider</code> implementation supports synchronization between a <code>RowSet</code> object and the SQL <code>VIEW</code> used to populate it.                  </div><dl> <dt> <span class="strong">See Also: </span>   </dt><dd> <a href="../../../../constant-values.html#javax.sql.rowset.spi.SyncProvider.UPDATABLE_VIEW_SYNC">Constant Field Values  </a> </dd> </dl></li></ul> <a end_ctx_id="field:UPDATABLE_VIEW_SYNC"/>  </td></tr></table></td></tr></table><table border="0" cellpadding="1" cellspacing="0" width="100%"><tr><td><h3 class="ctxid">field:NONUPDATABLE_VIEW_SYNC [NONE]</h3></td></tr><tr><td><table border="0" cellpadding="5" cellspacing="1" bgcolor="black" width="100%"><tr valign="top"><td bgcolor="#FFFFFF" colspan="1"> <a start_ctx_id="field:NONUPDATABLE_VIEW_SYNC"/><a name="NONUPDATABLE_VIEW_SYNC"/><ul class="blockListLast"><li class="blockList"><h4>NONUPDATABLE_VIEW_SYNC</h4><pre>public static final int NONUPDATABLE_VIEW_SYNC</pre><div class="block">Indicates that a <code>SyncProvider</code> implementation does <b>not</b> support synchronization between a <code>RowSet</code> object and the SQL <code>VIEW</code> used to populate it.                    </div><dl> <dt> <span class="strong">See Also: </span>   </dt><dd> <a href="../../../../constant-values.html#javax.sql.rowset.spi.SyncProvider.NONUPDATABLE_VIEW_SYNC">Constant Field Values  </a> </dd> </dl></li></ul> <a end_ctx_id="field:NONUPDATABLE_VIEW_SYNC"/>  </td></tr></table></td></tr></table><table border="0" cellpadding="1" cellspacing="0" width="100%"><tr><td><h3 class="ctxid">constructor:SyncProvider() [NONE]</h3></td></tr><tr><td><table border="0" cellpadding="5" cellspacing="1" bgcolor="black" width="100%"><tr valign="top"><td bgcolor="#FFFFFF" colspan="1"> <a start_ctx_id="constructor:SyncProvider()"/><a name="SyncProvider()"/><ul class="blockListLast"><li class="blockList"><h4>SyncProvider</h4><pre>public SyncProvider()</pre><div class="block">Creates a default <code>SyncProvider</code> object.    </div></li></ul> <a end_ctx_id="constructor:SyncProvider()"/>  </td></tr></table></td></tr></table><table border="0" cellpadding="1" cellspacing="0" width="100%"><tr><td><h3 class="ctxid">method:getProviderID() [NONE]</h3></td></tr><tr><td><table border="0" cellpadding="5" cellspacing="1" bgcolor="black" width="100%"><tr valign="top"><td bgcolor="#FFFFFF" colspan="1"> <a start_ctx_id="method:getProviderID()"/><a name="getProviderID()"/><ul class="blockList"><li class="blockList"><h4>getProviderID</h4><pre>public abstract java.lang.String getProviderID()</pre><div class="block">Returns the unique identifier for this <code>SyncProvider</code> object.       </div><dl> <dt> <span class="strong">Returns:</span>   </dt><dd>a <code>String</code> object with the fully qualified class name of this <code>SyncProvider</code> object            </dd> </dl></li></ul> <a end_ctx_id="method:getProviderID()"/>  </td></tr></table></td></tr></table><table border="0" cellpadding="1" cellspacing="0" width="100%"><tr><td><h3 class="ctxid">method:getRowSetReader() [NONE]</h3></td></tr><tr><td><table border="0" cellpadding="5" cellspacing="1" bgcolor="black" width="100%"><tr valign="top"><td bgcolor="#FFFFFF" colspan="1"> <a start_ctx_id="method:getRowSetReader()"/><a name="getRowSetReader()"/><ul class="blockList"><li class="blockList"><h4>getRowSetReader</h4><pre>public abstract javax.sql.RowSetReader getRowSetReader()</pre><div class="block">Returns a <code>javax.sql.RowSetReader</code> object, which can be used to populate a <code>RowSet</code> object with data.              </div><dl> <dt> <span class="strong">Returns:</span>   </dt><dd>a <code>javax.sql.RowSetReader</code> object  </dd> </dl></li></ul> <a end_ctx_id="method:getRowSetReader()"/>  </td></tr></table></td></tr></table><table border="0" cellpadding="1" cellspacing="0" width="100%"><tr><td><h3 class="ctxid">method:getRowSetWriter() [NONE]</h3></td></tr><tr><td><table border="0" cellpadding="5" cellspacing="1" bgcolor="black" width="100%"><tr valign="top"><td bgcolor="#FFFFFF" colspan="1"> <a start_ctx_id="method:getRowSetWriter()"/><a name="getRowSetWriter()"/><ul class="blockList"><li class="blockList"><h4>getRowSetWriter</h4><pre>public abstract javax.sql.RowSetWriter getRowSetWriter()</pre><div class="block">Returns a <code>javax.sql.RowSetWriter</code> object, which can be used to write a <code>RowSet</code> object's data back to the underlying data source.                   </div><dl> <dt> <span class="strong">Returns:</span>   </dt><dd>a <code>javax.sql.RowSetWriter</code> object  </dd> </dl></li></ul> <a end_ctx_id="method:getRowSetWriter()"/>  </td></tr></table></td></tr></table><table border="0" cellpadding="1" cellspacing="0" width="100%"><tr><td><h3 class="ctxid">method:getProviderGrade() [NONE]</h3></td></tr><tr><td><table border="0" cellpadding="5" cellspacing="1" bgcolor="black" width="100%"><tr valign="top"><td bgcolor="#FFFFFF" colspan="1"> <a start_ctx_id="method:getProviderGrade()"/><a name="getProviderGrade()"/><ul class="blockList"><li class="blockList"><h4>getProviderGrade</h4><pre>public abstract int getProviderGrade()</pre><div class="block">Returns a constant indicating the grade of synchronization a <code>RowSet</code> object can expect from this <code>SyncProvider</code> object.                </div><dl> <dt> <span class="strong">Returns:</span>   </dt><dd>an int that is one of the following constants: SyncProvider.GRADE_NONE, SyncProvider.GRADE_CHECK_MODIFIED_AT_COMMIT, SyncProvider.GRADE_CHECK_ALL_AT_COMMIT, SyncProvider.GRADE_LOCK_WHEN_MODIFIED, SyncProvider.GRADE_LOCK_WHEN_LOADED             </dd> </dl></li></ul> <a end_ctx_id="method:getProviderGrade()"/>  </td></tr></table></td></tr></table><table border="0" cellpadding="1" cellspacing="0" width="100%"><tr><td><h3 class="ctxid">method:setDataSourceLock(int) [NONE]</h3></td></tr><tr><td><table border="0" cellpadding="5" cellspacing="1" bgcolor="black" width="100%"><tr valign="top"><td bgcolor="#FFFFFF" colspan="1"> <a start_ctx_id="method:setDataSourceLock(int)"/><a name="setDataSourceLock(int)"/><ul class="blockList"><li class="blockList"><h4>setDataSourceLock</h4><pre>public abstract void setDataSourceLock(int datasource_lock)
                                throws <a href="../../../../javax/sql/rowset/spi/SyncProviderException.html" title="class in javax.sql.rowset.spi">SyncProviderException</a></pre><div class="block">Sets a lock on the underlying data source at the level indicated by <i>datasource_lock</i>. This should cause the <code>SyncProvider</code> to adjust its behavior by increasing or decreasing the level of optimism it provides for a successful synchronization.                                    </div><dl> <dt> <span class="strong">Parameters:</span>   </dt><dd> <code>datasource_lock</code> - one of the following constants indicating the severity level of data source lock required:<pre>
           SyncProvider.DATASOURCE_NO_LOCK,
           SyncProvider.DATASOURCE_ROW_LOCK,
           SyncProvider.DATASOURCE_TABLE_LOCK,
           SyncProvider.DATASOURCE_DB_LOCK,
 </pre>                </dd> <dt> <span class="strong">Throws:</span>   </dt><dd> <code><a href="../../../../javax/sql/rowset/spi/SyncProviderException.html" title="class in javax.sql.rowset.spi">SyncProviderException</a></code> - if an unsupported data source locking level is set.           </dd> <dt> <span class="strong">See Also: </span>   </dt><dd> <a href="../../../../javax/sql/rowset/spi/SyncProvider.html#getDataSourceLock()"><code>getDataSourceLock()</code></a> </dd>   </dl></li></ul> <a end_ctx_id="method:setDataSourceLock(int)"/>  </td></tr></table></td></tr></table><table border="0" cellpadding="1" cellspacing="0" width="100%"><tr><td><h3 class="ctxid">method:getDataSourceLock() [CHANGED]</h3></td></tr><tr><td><table border="0" cellpadding="5" cellspacing="1" bgcolor="black" width="100%"><tr valign="top"><td bgcolor="#EEEEEE" colspan="2"> <a start_ctx_id="method:getDataSourceLock()"/><a name="getDataSourceLock()"/><ul class="blockList"><li class="blockList"><h4>getDataSourceLock</h4><pre>public abstract int getDataSourceLock()
                               throws <a href="../../../../javax/sql/rowset/spi/SyncProviderException.html" title="class in javax.sql.rowset.spi">SyncProviderException</a></pre><div class="block">Returns the current data source lock severity level active in this <code>SyncProvider</code> implementation.            </div><dl> <dt> <span class="strong">Returns:</span>   </dt><dd>a constant indicating the current level of data source lock active in this <code>SyncProvider</code> object; one of the following:<pre>
           SyncProvider.DATASOURCE_NO_LOCK,
           SyncProvider.DATASOURCE_ROW_LOCK,
           SyncProvider.DATASOURCE_TABLE_LOCK,
           SyncProvider.DATASOURCE_DB_LOCK
 </pre>                  </dd> <dt> <span class="strong">Throws:</span>   </dt><dd> <code><a href="../../../../javax/sql/rowset/spi/SyncProviderException.html" title="class in javax.sql.rowset.spi"> <code changeType="diff-removed-tag"><span class="diff-html-removed">SyncProviderExceptiom</span></code><span class="diff-html-added">SyncProviderException</span> </a></code> - if an error occurs determining the data source locking level.            </dd> <dt> <span class="strong"><dd changeType="diff-removed-tag"> <code><a href="../../../../javax/sql/rowset/spi/SyncProviderException.html" title="class in javax.sql.rowset.spi"><span class="diff-html-removed">SyncProviderException</span></a><span class="diff-html-removed"/></code> </dd>See Also: </span>   </dt><dd> <a href="../../../../javax/sql/rowset/spi/SyncProvider.html#setDataSourceLock(int)"><code>setDataSourceLock(int)</code></a> </dd>   </dl></li></ul> <a end_ctx_id="method:getDataSourceLock()"/>  </td></tr><tr valign="top"><td bgcolor="#CCCCCC" colspan="1"> <a start_ctx_id="method:getDataSourceLock()"/><a name="getDataSourceLock()"/><ul class="blockList"><li class="blockList"><h4>getDataSourceLock</h4><pre>public abstract int getDataSourceLock()
                               throws <a href="../../../../javax/sql/rowset/spi/SyncProviderException.html" title="class in javax.sql.rowset.spi">SyncProviderException</a></pre><div class="block">Returns the current data source lock severity level active in this <code>SyncProvider</code> implementation.            </div><dl> <dt> <span class="strong">Returns:</span>   </dt><dd>a constant indicating the current level of data source lock active in this <code>SyncProvider</code> object; one of the following:<pre>
           SyncProvider.DATASOURCE_NO_LOCK,
           SyncProvider.DATASOURCE_ROW_LOCK,
           SyncProvider.DATASOURCE_TABLE_LOCK,
           SyncProvider.DATASOURCE_DB_LOCK
 </pre>                  </dd> <dt> <span class="strong">Throws:</span>   </dt><dd> <code changeType="diff-removed-tag">SyncProviderExceptiom</code> - if an error occurs determining the data source locking level.            </dd><dd changeType="diff-removed-tag"> <code><a href="../../../../javax/sql/rowset/spi/SyncProviderException.html" title="class in javax.sql.rowset.spi">SyncProviderException</a></code> </dd> <dt> <span class="strong">See Also: </span>   </dt><dd> <a href="../../../../javax/sql/rowset/spi/SyncProvider.html#setDataSourceLock(int)"><code>setDataSourceLock(int)</code></a> </dd>   </dl></li></ul> <a end_ctx_id="method:getDataSourceLock()"/>  </td><td bgcolor="#FFFFFF" colspan="1"> <a start_ctx_id="method:getDataSourceLock()"/><a name="getDataSourceLock()"/><ul class="blockList"><li class="blockList"><h4>getDataSourceLock</h4><pre>public abstract int getDataSourceLock()
                               throws <a href="../../../../javax/sql/rowset/spi/SyncProviderException.html" title="class in javax.sql.rowset.spi">SyncProviderException</a></pre><div class="block">Returns the current data source lock severity level active in this <code>SyncProvider</code> implementation.            </div><dl> <dt> <span class="strong">Returns:</span>   </dt><dd>a constant indicating the current level of data source lock active in this <code>SyncProvider</code> object; one of the following:<pre>
           SyncProvider.DATASOURCE_NO_LOCK,
           SyncProvider.DATASOURCE_ROW_LOCK,
           SyncProvider.DATASOURCE_TABLE_LOCK,
           SyncProvider.DATASOURCE_DB_LOCK
 </pre>                  </dd> <dt> <span class="strong">Throws:</span>   </dt><dd> <code><a href="../../../../javax/sql/rowset/spi/SyncProviderException.html" title="class in javax.sql.rowset.spi">SyncProviderException</a></code> - if an error occurs determining the data source locking level.            </dd> <dt> <span class="strong">See Also: </span>   </dt><dd> <a href="../../../../javax/sql/rowset/spi/SyncProvider.html#setDataSourceLock(int)"><code>setDataSourceLock(int)</code></a> </dd>   </dl></li></ul> <a end_ctx_id="method:getDataSourceLock()"/>  </td></tr></table></td></tr></table><table border="0" cellpadding="1" cellspacing="0" width="100%"><tr><td><h3 class="ctxid">method:supportsUpdatableView() [NONE]</h3></td></tr><tr><td><table border="0" cellpadding="5" cellspacing="1" bgcolor="black" width="100%"><tr valign="top"><td bgcolor="#FFFFFF" colspan="1"> <a start_ctx_id="method:supportsUpdatableView()"/><a name="supportsUpdatableView()"/><ul class="blockList"><li class="blockList"><h4>supportsUpdatableView</h4><pre>public abstract int supportsUpdatableView()</pre><div class="block">Returns whether this <code>SyncProvider</code> implementation can perform synchronization between a <code>RowSet</code> object and the SQL <code>VIEW</code> in the data source from which the <code>RowSet</code> object got its data.                           </div><dl> <dt> <span class="strong">Returns:</span>   </dt><dd>an <code>int</code> saying whether this <code>SyncProvider</code> object supports updating an SQL <code>VIEW</code>; one of the following: SyncProvider.UPDATABLE_VIEW_SYNC, SyncProvider.NONUPDATABLE_VIEW_SYNC                 </dd> </dl></li></ul> <a end_ctx_id="method:supportsUpdatableView()"/>  </td></tr></table></td></tr></table><table border="0" cellpadding="1" cellspacing="0" width="100%"><tr><td><h3 class="ctxid">method:getVersion() [NONE]</h3></td></tr><tr><td><table border="0" cellpadding="5" cellspacing="1" bgcolor="black" width="100%"><tr valign="top"><td bgcolor="#FFFFFF" colspan="1"> <a start_ctx_id="method:getVersion()"/><a name="getVersion()"/><ul class="blockList"><li class="blockList"><h4>getVersion</h4><pre>public abstract java.lang.String getVersion()</pre><div class="block">Returns the release version of this <code>SyncProvider</code> instance.       </div><dl> <dt> <span class="strong">Returns:</span>   </dt><dd>a <code>String</code> detailing the release version of the <code>SyncProvider</code> implementation         </dd> </dl></li></ul> <a end_ctx_id="method:getVersion()"/>  </td></tr></table></td></tr></table><table border="0" cellpadding="1" cellspacing="0" width="100%"><tr><td><h3 class="ctxid">method:getVendor() [NONE]</h3></td></tr><tr><td><table border="0" cellpadding="5" cellspacing="1" bgcolor="black" width="100%"><tr valign="top"><td bgcolor="#FFFFFF" colspan="1"> <a start_ctx_id="method:getVendor()"/><a name="getVendor()"/><ul class="blockListLast"><li class="blockList"><h4>getVendor</h4><pre>public abstract java.lang.String getVendor()</pre><div class="block">Returns the vendor name of this <code>SyncProvider</code> instance       </div><dl> <dt> <span class="strong">Returns:</span>   </dt><dd>a <code>String</code> detailing the vendor name of this <code>SyncProvider</code> implementation         </dd> </dl></li></ul> <a end_ctx_id="method:getVendor()"/>  </td></tr></table></td></tr></table></diff></diffreport>