<?xml version="1.0" encoding="UTF-8" standalone="yes"?><Document><name>javax/sql/rowset/spi/SyncProviderException.spec</name><Context><name>class:SyncProviderException</name><mt>NONE</mt></Context><Context><name>constructor:SyncProviderException()</name><mt>NONE</mt></Context><Context><name>constructor:SyncProviderException(java.lang.String)</name><mt>NONE</mt></Context><Context><name>constructor:SyncProviderException(javax.sql.rowset.spi.SyncResolver)</name><mt>NONE</mt></Context><Context><name>method:getSyncResolver()</name><mt>NONE</mt></Context><Context><name>method:setSyncResolver(javax.sql.rowset.spi.SyncResolver)</name><mt>NONE</mt></Context><Stat><name>javax/sql/rowset/spi/SyncProviderException.spec</name><mt>NONE</mt><Group name="context"><Item name="ADDED" count="0"/><Item name="REMOVED" count="0"/><Item name="CHANGED" count="0"/><Item name="MODIFIED" count="0"/><Item name="TOTAL" count="6"/></Group><Group name="assertion"><Item name="ADDED" count="0"/><Item name="REMOVED" count="0"/><Item name="CHANGED" count="0"/><Item name="MODIFIED" count="0"/><Item name="TOTAL" count="0"/></Group></Stat></Document>