<?xml version="1.0" encoding="UTF-8" standalone="yes"?><Document><name>javax/sql/rowset/spi/SyncFactory.spec</name><Context><name>class:SyncFactory</name><mt>NONE</mt></Context><Context><name>field:ROWSET_SYNC_PROVIDER</name><mt>NONE</mt></Context><Context><name>field:ROWSET_SYNC_PROVIDER_VERSION</name><mt>NONE</mt></Context><Context><name>field:ROWSET_SYNC_VENDOR</name><mt>NONE</mt></Context><Context><name>method:getInstance(java.lang.String)</name><mt>NONE</mt></Context><Context><name>method:getLogger()</name><mt>CHANGED</mt></Context><Context><name>method:getRegisteredProviders()</name><mt>CHANGED</mt></Context><Context><name>method:getSyncFactory()</name><mt>NONE</mt></Context><Context><name>method:registerProvider(java.lang.String)</name><mt>NONE</mt></Context><Context><name>method:setJNDIContext(javax.naming.Context)</name><mt>NONE</mt></Context><Context><name>method:setLogger(java.util.logging.Logger)</name><mt>NONE</mt></Context><Context><name>method:setLogger(java.util.logging.Logger, java.util.logging.Level)</name><mt>CHANGED</mt></Context><Context><name>method:unregisterProvider(java.lang.String)</name><mt>NONE</mt></Context><Stat><name>javax/sql/rowset/spi/SyncFactory.spec</name><mt>CHANGED</mt><Group name="context"><Item name="ADDED" count="0"/><Item name="REMOVED" count="0"/><Item name="CHANGED" count="3"/><Item name="MODIFIED" count="3"/><Item name="TOTAL" count="13"/></Group><Group name="assertion"><Item name="ADDED" count="0"/><Item name="REMOVED" count="0"/><Item name="CHANGED" count="0"/><Item name="MODIFIED" count="0"/><Item name="TOTAL" count="0"/></Group></Stat></Document>