<?xml version="1.0" encoding="UTF-8"?><diffreport><diff><table border="0" cellpadding="1" cellspacing="0" width="100%"><tr><td><h3 class="ctxid">class:TransactionalWriter [NONE]</h3></td></tr><tr><td><table border="0" cellpadding="5" cellspacing="1" bgcolor="black" width="100%"><tr valign="top"><td bgcolor="#FFFFFF" colspan="1"><div class="description"> <a start_ctx_id="class:TransactionalWriter"/><ul class="blockList"><li class="blockList"><dl> <dt>All Superinterfaces: </dt><dd>javax.sql.RowSetWriter</dd> </dl> <hr/> <br/><pre>public interface <span class="strong">TransactionalWriter</span>
extends javax.sql.RowSetWriter</pre><div class="block">A specialized interface that facilitates an extension of the standard <code>SyncProvider</code> abstract class so that it has finer grained transaction control.<p> If one or more disconnected <code>RowSet</code> objects are particating in a global transaction, they may wish to coordinate their synchronization commits to preserve data integrity and reduce the number of sychronization exceptions. If this is the case, an application should set the <code>CachedRowSet</code> constant <code>COMMIT_ON_ACCEPT_CHANGES</code> to <code>false</code> and use the <code>commit</code> and <code>rollback</code> methods defined in this interface to manage transaction boundaries.                                                              </p>                    </div>  </li></ul> </div> <a end_ctx_id="class:TransactionalWriter"/> </td></tr></table></td></tr></table><table border="0" cellpadding="1" cellspacing="0" width="100%"><tr><td><h3 class="ctxid">method:commit() [NONE]</h3></td></tr><tr><td><table border="0" cellpadding="5" cellspacing="1" bgcolor="black" width="100%"><tr valign="top"><td bgcolor="#FFFFFF" colspan="1"> <a start_ctx_id="method:commit()"/><a name="commit()"/><ul class="blockList"><li class="blockList"><h4>commit</h4><pre>void commit()
     throws java.sql.SQLException</pre><div class="block">Makes permanent all changes that have been performed by the <code>acceptChanges</code> method since the last call to either the <code>commit</code> or <code>rollback</code> methods. This method should be used only when auto-commit mode has been disabled.                                  </div><dl> <dt> <span class="strong">Throws:</span>   </dt><dd> <code>java.sql.SQLException</code> - if a database access error occurs or the <code>Connection</code> object within this <code>CachedRowSet</code> object is in auto-commit mode                    </dd> </dl></li></ul> <a end_ctx_id="method:commit()"/>  </td></tr></table></td></tr></table><table border="0" cellpadding="1" cellspacing="0" width="100%"><tr><td><h3 class="ctxid">method:rollback() [NONE]</h3></td></tr><tr><td><table border="0" cellpadding="5" cellspacing="1" bgcolor="black" width="100%"><tr valign="top"><td bgcolor="#FFFFFF" colspan="1"> <a start_ctx_id="method:rollback()"/><a name="rollback()"/><ul class="blockList"><li class="blockList"><h4>rollback</h4><pre>void rollback()
       throws java.sql.SQLException</pre><div class="block">Undoes all changes made in the current transaction. This method should be used only when auto-commit mode has been disabled.                   </div><dl> <dt> <span class="strong">Throws:</span>   </dt><dd> <code>java.sql.SQLException</code> - if a database access error occurs or the <code>Connection</code> object within this <code>CachedRowSet</code> object is in auto-commit mode                    </dd> </dl></li></ul> <a end_ctx_id="method:rollback()"/>  </td></tr></table></td></tr></table><table border="0" cellpadding="1" cellspacing="0" width="100%"><tr><td><h3 class="ctxid">method:rollback(java.sql.Savepoint) [NONE]</h3></td></tr><tr><td><table border="0" cellpadding="5" cellspacing="1" bgcolor="black" width="100%"><tr valign="top"><td bgcolor="#FFFFFF" colspan="1"> <a start_ctx_id="method:rollback(java.sql.Savepoint)"/><a name="rollback(java.sql.Savepoint)"/><ul class="blockListLast"><li class="blockList"><h4>rollback</h4><pre>void rollback(java.sql.Savepoint s)
       throws java.sql.SQLException</pre><div class="block">Undoes all changes made in the current transaction made prior to the given <code>Savepoint</code> object. This method should be used only when auto-commit mode has been disabled.                          </div><dl> <dt> <span class="strong">Parameters:</span>   </dt><dd> <code>s</code> - a <code>Savepoint</code> object marking a savepoint in the current transaction. All changes made before <i>s</i> was set will be undone. All changes made after <i>s</i> was set will be made permanent.                                 </dd> <dt> <span class="strong">Throws:</span>   </dt><dd> <code>java.sql.SQLException</code> - if a database access error occurs or the <code>Connection</code> object within this <code>CachedRowSet</code> object is in auto-commit mode                    </dd>  </dl></li></ul> <a end_ctx_id="method:rollback(java.sql.Savepoint)"/>  </td></tr></table></td></tr></table></diff></diffreport>