<?xml version="1.0" encoding="UTF-8"?><diffreport><diff><table border="0" cellpadding="1" cellspacing="0" width="100%"><tr><td><h3 class="ctxid">class:XmlWriter [NONE]</h3></td></tr><tr><td><table border="0" cellpadding="5" cellspacing="1" bgcolor="black" width="100%"><tr valign="top"><td bgcolor="#FFFFFF" colspan="1"><div class="description"> <a start_ctx_id="class:XmlWriter"/><ul class="blockList"><li class="blockList"><dl> <dt>All Superinterfaces: </dt><dd>javax.sql.RowSetWriter</dd> </dl> <hr/> <br/><pre>public interface <span class="strong">XmlWriter</span>
extends javax.sql.RowSetWriter</pre><div class="block">A specialized interface that facilitates an extension of the <code>SyncProvider</code> abstract class for XML orientated synchronization providers.<p> <code>SyncProvider</code> implementations that supply XML data writer capabilities such as output XML stream capabilities can implement this interface to provider standard <code>XmlWriter</code> objects to <code>WebRowSet</code> implementations.                          </p><p> Writing a <code>WebRowSet</code> object includes printing the rowset's data, metadata, and properties, all with the appropriate XML tags.                  </p>                </div>  </li></ul> </div> <a end_ctx_id="class:XmlWriter"/> </td></tr></table></td></tr></table><table border="0" cellpadding="1" cellspacing="0" width="100%"><tr><td><h3 class="ctxid">method:writeXML(javax.sql.rowset.WebRowSet, java.io.Writer) [NONE]</h3></td></tr><tr><td><table border="0" cellpadding="5" cellspacing="1" bgcolor="black" width="100%"><tr valign="top"><td bgcolor="#FFFFFF" colspan="1"> <a start_ctx_id="method:writeXML(javax.sql.rowset.WebRowSet, java.io.Writer)"/><a name="writeXML(javax.sql.rowset.WebRowSet, java.io.Writer)"/><ul class="blockListLast"><li class="blockList"><h4>writeXML</h4><pre>void writeXML(<a href="../../../../javax/sql/rowset/WebRowSet.html" title="interface in javax.sql.rowset">WebRowSet</a> caller,
              java.io.Writer writer)
       throws java.sql.SQLException</pre><div class="block">Writes the given <code>WebRowSet</code> object to the specified <code>java.io.Writer</code> output stream as an XML document. This document includes the rowset's data, metadata, and properties plus the appropriate XML tags.<p> The <code>caller</code> parameter must be a <code>WebRowSet</code> object whose <code>XmlWriter</code> field contains a reference to this <code>XmlWriter</code> object.                  </p>                            </div><dl> <dt> <span class="strong">Parameters:</span>   </dt><dd> <code>caller</code> - the <code>WebRowSet</code> instance to be written, for which this <code>XmlWriter</code> object is the writer                </dd><dd> <code>writer</code> - the <code>java.io.Writer</code> object that serves as the output stream for writing <code>caller</code> as an XML document                  </dd> <dt> <span class="strong">Throws:</span>   </dt><dd> <code>java.sql.SQLException</code> - if a database access error occurs or this <code>XmlWriter</code> object is not the writer for the given <code>WebRowSet</code> object                     </dd>  </dl></li></ul> <a end_ctx_id="method:writeXML(javax.sql.rowset.WebRowSet, java.io.Writer)"/>  </td></tr></table></td></tr></table></diff></diffreport>