<?xml version="1.0" encoding="UTF-8" standalone="yes"?><Document><name>overview-summary</name><Stat><name>overview-summary</name><mt>NONE</mt><Group name="global_package"><Item name="ADDED" count="0"/><Item name="REMOVED" count="0"/><Item name="CHANGED" count="0"/><Item name="MODIFIED" count="0"/><Item name="TOTAL" count="1"/></Group><Group name="global_document"><Item name="ADDED" count="3"/><Item name="REMOVED" count="0"/><Item name="CHANGED" count="8"/><Item name="MODIFIED" count="11"/><Item name="TOTAL" count="24"/></Group><Group name="global_context"><Item name="ADDED" count="16"/><Item name="REMOVED" count="0"/><Item name="CHANGED" count="8"/><Item name="MODIFIED" count="24"/><Item name="TOTAL" count="165"/></Group><Group name="global_assertion"><Item name="ADDED" count="0"/><Item name="REMOVED" count="0"/><Item name="CHANGED" count="0"/><Item name="MODIFIED" count="0"/><Item name="TOTAL" count="0"/></Group><Stats><Stat><name>javax/tools/package-summary.spec</name><mt>CHANGED</mt><Group name="context"><Item name="ADDED" count="0"/><Item name="REMOVED" count="0"/><Item name="CHANGED" count="1"/><Item name="MODIFIED" count="1"/><Item name="TOTAL" count="1"/></Group><Group name="assertion"><Item name="ADDED" count="0"/><Item name="REMOVED" count="0"/><Item name="CHANGED" count="0"/><Item name="MODIFIED" count="0"/><Item name="TOTAL" count="0"/></Group><Group name="package_document"><Item name="ADDED" count="3"/><Item name="REMOVED" count="0"/><Item name="CHANGED" count="8"/><Item name="MODIFIED" count="11"/><Item name="TOTAL" count="24"/></Group><Group name="package_context"><Item name="ADDED" count="16"/><Item name="REMOVED" count="0"/><Item name="CHANGED" count="8"/><Item name="MODIFIED" count="24"/><Item name="TOTAL" count="165"/></Group><Group name="package_assertion"><Item name="ADDED" count="0"/><Item name="REMOVED" count="0"/><Item name="CHANGED" count="0"/><Item name="MODIFIED" count="0"/><Item name="TOTAL" count="0"/></Group></Stat></Stats></Stat></Document>