<?xml version="1.0" encoding="UTF-8" standalone="yes"?><Document><name>javax/sql/CommonDataSource.spec</name><Context><name>class:CommonDataSource</name><mt>NONE</mt></Context><Context><name>method:getLogWriter()</name><mt>NONE</mt></Context><Context><name>method:getLoginTimeout()</name><mt>NONE</mt></Context><Context><name>method:getParentLogger()</name><mt>CHANGED</mt></Context><Context><name>method:setLogWriter(java.io.PrintWriter)</name><mt>NONE</mt></Context><Context><name>method:setLoginTimeout(int)</name><mt>NONE</mt></Context><Stat><name>javax/sql/CommonDataSource.spec</name><mt>CHANGED</mt><Group name="context"><Item name="ADDED" count="0"/><Item name="REMOVED" count="0"/><Item name="CHANGED" count="1"/><Item name="MODIFIED" count="1"/><Item name="TOTAL" count="6"/></Group><Group name="assertion"><Item name="ADDED" count="0"/><Item name="REMOVED" count="0"/><Item name="CHANGED" count="0"/><Item name="MODIFIED" count="0"/><Item name="TOTAL" count="0"/></Group></Stat></Document>