<?xml version="1.0" encoding="UTF-8" standalone="yes"?><Document><name>javax/sql/ConnectionPoolDataSource.spec</name><Context><name>class:ConnectionPoolDataSource</name><mt>CHANGED</mt></Context><Context><name>method:getPooledConnection()</name><mt>NONE</mt></Context><Context><name>method:getPooledConnection(java.lang.String, java.lang.String)</name><mt>NONE</mt></Context><Stat><name>javax/sql/ConnectionPoolDataSource.spec</name><mt>CHANGED</mt><Group name="context"><Item name="ADDED" count="0"/><Item name="REMOVED" count="0"/><Item name="CHANGED" count="1"/><Item name="MODIFIED" count="1"/><Item name="TOTAL" count="3"/></Group><Group name="assertion"><Item name="ADDED" count="0"/><Item name="REMOVED" count="0"/><Item name="CHANGED" count="0"/><Item name="MODIFIED" count="0"/><Item name="TOTAL" count="0"/></Group></Stat></Document>