<?xml version="1.0" encoding="UTF-8" standalone="yes"?><Document><name>javax/sql/ConnectionEvent.spec</name><Context><name>class:ConnectionEvent</name><mt>NONE</mt></Context><Context><name>constructor:ConnectionEvent(javax.sql.PooledConnection)</name><mt>NONE</mt></Context><Context><name>constructor:ConnectionEvent(javax.sql.PooledConnection, java.sql.SQLException)</name><mt>NONE</mt></Context><Context><name>method:getSQLException()</name><mt>NONE</mt></Context><Stat><name>javax/sql/ConnectionEvent.spec</name><mt>NONE</mt><Group name="context"><Item name="ADDED" count="0"/><Item name="REMOVED" count="0"/><Item name="CHANGED" count="0"/><Item name="MODIFIED" count="0"/><Item name="TOTAL" count="4"/></Group><Group name="assertion"><Item name="ADDED" count="0"/><Item name="REMOVED" count="0"/><Item name="CHANGED" count="0"/><Item name="MODIFIED" count="0"/><Item name="TOTAL" count="0"/></Group></Stat></Document>