<?xml version="1.0" encoding="UTF-8"?><diffreport><diff><table border="0" cellpadding="1" cellspacing="0" width="100%"><tr><td><h3 class="ctxid">class:ConnectionPoolDataSource [CHANGED]</h3></td></tr><tr><td><table border="0" cellpadding="5" cellspacing="1" bgcolor="black" width="100%"><tr valign="top"><td bgcolor="#EEEEEE" colspan="2"><div class="description"> <a start_ctx_id="class:ConnectionPoolDataSource"/><ul class="blockList"><li class="blockList"><dl> <dt>All Superinterfaces: </dt><dd> <a href="../../javax/sql/CommonDataSource.html" title="interface in javax.sql">CommonDataSource</a> </dd> </dl> <hr/> <br/><pre>public interface <span class="strong">ConnectionPoolDataSource</span>
extends <a href="../../javax/sql/CommonDataSource.html" title="interface in javax.sql">CommonDataSource</a></pre><div class="block">A factory for <code>PooledConnection</code> objects. An object that implements this interface will typically be registered with a naming service that is based on the <span class="diff-html-removed">Java</span><sup changeType="diff-removed-tag"><font size="-2"><span class="diff-html-removed">TM</span></font><span class="diff-html-removed"/></sup><span class="diff-html-added">Java™</span> Naming and Directory Interface (JNDI).                             </div><dl> <dt> <span class="strong">Since:</span>   </dt><dd>1.4</dd> </dl>  </li></ul> </div> <a end_ctx_id="class:ConnectionPoolDataSource"/> </td></tr><tr valign="top"><td bgcolor="#CCCCCC" colspan="1"><div class="description"> <a start_ctx_id="class:ConnectionPoolDataSource"/><ul class="blockList"><li class="blockList"><dl> <dt>All Superinterfaces: </dt><dd> <a href="../../javax/sql/CommonDataSource.html" title="interface in javax.sql">CommonDataSource</a> </dd> </dl> <hr/> <br/><pre>public interface <span class="strong">ConnectionPoolDataSource</span>
extends <a href="../../javax/sql/CommonDataSource.html" title="interface in javax.sql">CommonDataSource</a></pre><div class="block">A factory for <code>PooledConnection</code> objects. An object that implements this interface will typically be registered with a naming service that is based on the Java<sup changeType="diff-removed-tag"><font size="-2">TM</font></sup> Naming and Directory Interface (JNDI).                             </div><dl> <dt> <span class="strong">Since:</span>   </dt><dd>1.4</dd> </dl>  </li></ul> </div> <a end_ctx_id="class:ConnectionPoolDataSource"/> </td><td bgcolor="#FFFFFF" colspan="1"><div class="description"> <a start_ctx_id="class:ConnectionPoolDataSource"/><ul class="blockList"><li class="blockList"><dl> <dt>All Superinterfaces: </dt><dd> <a href="../../javax/sql/CommonDataSource.html" title="interface in javax.sql">CommonDataSource</a> </dd> </dl> <hr/> <br/><pre>public interface <span class="strong">ConnectionPoolDataSource</span>
extends <a href="../../javax/sql/CommonDataSource.html" title="interface in javax.sql">CommonDataSource</a></pre><div class="block">A factory for <code>PooledConnection</code> objects. An object that implements this interface will typically be registered with a naming service that is based on the Java™ Naming and Directory Interface (JNDI).                             </div><dl> <dt> <span class="strong">Since:</span>   </dt><dd>1.4</dd> </dl>  </li></ul> </div> <a end_ctx_id="class:ConnectionPoolDataSource"/> </td></tr></table></td></tr></table><table border="0" cellpadding="1" cellspacing="0" width="100%"><tr><td><h3 class="ctxid">method:getPooledConnection() [NONE]</h3></td></tr><tr><td><table border="0" cellpadding="5" cellspacing="1" bgcolor="black" width="100%"><tr valign="top"><td bgcolor="#FFFFFF" colspan="1"> <a start_ctx_id="method:getPooledConnection()"/><a name="getPooledConnection()"/><ul class="blockList"><li class="blockList"><h4>getPooledConnection</h4><pre><a href="../../javax/sql/PooledConnection.html" title="interface in javax.sql">PooledConnection</a> getPooledConnection()
                              throws <a href="../../java/sql/SQLException.html" title="class in java.sql">SQLException</a></pre><div class="block">Attempts to establish a physical database connection that can be used as a pooled connection.              </div><dl> <dt> <span class="strong">Returns:</span>   </dt><dd>a <code>PooledConnection</code> object that is a physical connection to the database that this <code>ConnectionPoolDataSource</code> object represents               </dd> <dt> <span class="strong">Throws:</span>   </dt><dd> <code><a href="../../java/sql/SQLException.html" title="class in java.sql">SQLException</a></code> - if a database access error occurs        </dd><dd> <code><a href="../../java/sql/SQLFeatureNotSupportedException.html" title="class in java.sql">SQLFeatureNotSupportedException</a></code> - if the JDBC driver does not support this method           </dd> <dt> <span class="strong">Since:</span>   </dt><dd>1.4</dd>   </dl></li></ul> <a end_ctx_id="method:getPooledConnection()"/>  </td></tr></table></td></tr></table><table border="0" cellpadding="1" cellspacing="0" width="100%"><tr><td><h3 class="ctxid">method:getPooledConnection(java.lang.String, java.lang.String) [NONE]</h3></td></tr><tr><td><table border="0" cellpadding="5" cellspacing="1" bgcolor="black" width="100%"><tr valign="top"><td bgcolor="#FFFFFF" colspan="1"> <a start_ctx_id="method:getPooledConnection(java.lang.String, java.lang.String)"/><a name="getPooledConnection(java.lang.String, java.lang.String)"/><ul class="blockListLast"><li class="blockList"><h4>getPooledConnection</h4><pre><a href="../../javax/sql/PooledConnection.html" title="interface in javax.sql">PooledConnection</a> getPooledConnection(java.lang.String user,
                                     java.lang.String password)
                              throws <a href="../../java/sql/SQLException.html" title="class in java.sql">SQLException</a></pre><div class="block">Attempts to establish a physical database connection that can be used as a pooled connection.              </div><dl> <dt> <span class="strong">Parameters:</span>   </dt><dd> <code>user</code> - the database user on whose behalf the connection is being made             </dd><dd> <code>password</code> - the user's password     </dd> <dt> <span class="strong">Returns:</span>   </dt><dd>a <code>PooledConnection</code> object that is a physical connection to the database that this <code>ConnectionPoolDataSource</code> object represents               </dd> <dt> <span class="strong">Throws:</span>   </dt><dd> <code><a href="../../java/sql/SQLException.html" title="class in java.sql">SQLException</a></code> - if a database access error occurs        </dd><dd> <code><a href="../../java/sql/SQLFeatureNotSupportedException.html" title="class in java.sql">SQLFeatureNotSupportedException</a></code> - if the JDBC driver does not support this method           </dd> <dt> <span class="strong">Since:</span>   </dt><dd>1.4</dd>    </dl></li></ul> <a end_ctx_id="method:getPooledConnection(java.lang.String, java.lang.String)"/>  </td></tr></table></td></tr></table></diff></diffreport>