<?xml version="1.0" encoding="UTF-8"?><diffreport><diff><table border="0" cellpadding="1" cellspacing="0" width="100%"><tr><td><h3 class="ctxid">class:ConnectionEventListener [NONE]</h3></td></tr><tr><td><table border="0" cellpadding="5" cellspacing="1" bgcolor="black" width="100%"><tr valign="top"><td bgcolor="#FFFFFF" colspan="1"><div class="description"> <a start_ctx_id="class:ConnectionEventListener"/><ul class="blockList"><li class="blockList"><dl> <dt>All Superinterfaces: </dt><dd>java.util.EventListener</dd> </dl> <hr/> <br/><pre>public interface <span class="strong">ConnectionEventListener</span>
extends java.util.EventListener</pre><div class="block"><p> An object that registers to be notified of events generated by a <code>PooledConnection</code> object.              </p><p> The <code>ConnectionEventListener</code> interface is implemented by a connection pooling component. A connection pooling component will usually be provided by a JDBC driver vendor or another system software vendor. A JDBC driver notifies a <code>ConnectionEventListener</code> object when an application is finished using a pooled connection with which the listener has registered. The notification occurs after the application calls the method <code>close</code> on its representation of a <code>PooledConnection</code> object. A <code>ConnectionEventListener</code> is also notified when a connection error occurs due to the fact that the <code>PooledConnection</code> is unfit for future use---the server has crashed, for example. The listener is notified by the JDBC driver just before the driver throws an <code>SQLException</code> to the application using the <code>PooledConnection</code> object.                                                                                                                    </p></div><dl> <dt> <span class="strong">Since:</span>   </dt><dd>1.4</dd> </dl>  </li></ul> </div> <a end_ctx_id="class:ConnectionEventListener"/> </td></tr></table></td></tr></table><table border="0" cellpadding="1" cellspacing="0" width="100%"><tr><td><h3 class="ctxid">method:connectionClosed(javax.sql.ConnectionEvent) [NONE]</h3></td></tr><tr><td><table border="0" cellpadding="5" cellspacing="1" bgcolor="black" width="100%"><tr valign="top"><td bgcolor="#FFFFFF" colspan="1"> <a start_ctx_id="method:connectionClosed(javax.sql.ConnectionEvent)"/><a name="connectionClosed(javax.sql.ConnectionEvent)"/><ul class="blockList"><li class="blockList"><h4>connectionClosed</h4><pre>void connectionClosed(<a href="../../javax/sql/ConnectionEvent.html" title="class in javax.sql">ConnectionEvent</a> event)</pre><div class="block">Notifies this <code>ConnectionEventListener</code> that the application has called the method <code>close</code> on its representation of a pooled connection.                 </div><dl> <dt> <span class="strong">Parameters:</span>   </dt><dd> <code>event</code> - an event object describing the source of the event           </dd> </dl></li></ul> <a end_ctx_id="method:connectionClosed(javax.sql.ConnectionEvent)"/>  </td></tr></table></td></tr></table><table border="0" cellpadding="1" cellspacing="0" width="100%"><tr><td><h3 class="ctxid">method:connectionErrorOccurred(javax.sql.ConnectionEvent) [NONE]</h3></td></tr><tr><td><table border="0" cellpadding="5" cellspacing="1" bgcolor="black" width="100%"><tr valign="top"><td bgcolor="#FFFFFF" colspan="1"> <a start_ctx_id="method:connectionErrorOccurred(javax.sql.ConnectionEvent)"/><a name="connectionErrorOccurred(javax.sql.ConnectionEvent)"/><ul class="blockListLast"><li class="blockList"><h4>connectionErrorOccurred</h4><pre>void connectionErrorOccurred(<a href="../../javax/sql/ConnectionEvent.html" title="class in javax.sql">ConnectionEvent</a> event)</pre><div class="block">Notifies this <code>ConnectionEventListener</code> that a fatal error has occurred and the pooled connection can no longer be used. The driver makes this notification just before it throws the application the <code>SQLException</code> contained in the given <code>ConnectionEvent</code> object.                                    </div><dl> <dt> <span class="strong">Parameters:</span>   </dt><dd> <code>event</code> - an event object describing the source of the event and containing the <code>SQLException</code> that the driver is about to throw                      </dd> </dl></li></ul> <a end_ctx_id="method:connectionErrorOccurred(javax.sql.ConnectionEvent)"/>  </td></tr></table></td></tr></table></diff></diffreport>