<?xml version="1.0" encoding="UTF-8" standalone="yes"?><Document><name>javax/sql/DataSource.spec</name><Context><name>class:DataSource</name><mt>CHANGED</mt></Context><Context><name>method:getConnection()</name><mt>CHANGED</mt></Context><Context><name>method:getConnection(java.lang.String, java.lang.String)</name><mt>CHANGED</mt></Context><Stat><name>javax/sql/DataSource.spec</name><mt>CHANGED</mt><Group name="context"><Item name="ADDED" count="0"/><Item name="REMOVED" count="0"/><Item name="CHANGED" count="3"/><Item name="MODIFIED" count="3"/><Item name="TOTAL" count="3"/></Group><Group name="assertion"><Item name="ADDED" count="0"/><Item name="REMOVED" count="0"/><Item name="CHANGED" count="0"/><Item name="MODIFIED" count="0"/><Item name="TOTAL" count="0"/></Group></Stat></Document>