<?xml version="1.0" encoding="UTF-8" standalone="yes"?><Document><name>javax/sql/RowSetListener.spec</name><Context><name>class:RowSetListener</name><mt>NONE</mt></Context><Context><name>method:cursorMoved(javax.sql.RowSetEvent)</name><mt>NONE</mt></Context><Context><name>method:rowChanged(javax.sql.RowSetEvent)</name><mt>NONE</mt></Context><Context><name>method:rowSetChanged(javax.sql.RowSetEvent)</name><mt>NONE</mt></Context><Stat><name>javax/sql/RowSetListener.spec</name><mt>NONE</mt><Group name="context"><Item name="ADDED" count="0"/><Item name="REMOVED" count="0"/><Item name="CHANGED" count="0"/><Item name="MODIFIED" count="0"/><Item name="TOTAL" count="4"/></Group><Group name="assertion"><Item name="ADDED" count="0"/><Item name="REMOVED" count="0"/><Item name="CHANGED" count="0"/><Item name="MODIFIED" count="0"/><Item name="TOTAL" count="0"/></Group></Stat></Document>