<?xml version="1.0" encoding="UTF-8"?><diffreport><diff><table border="0" cellpadding="1" cellspacing="0" width="100%"><tr><td><h3 class="ctxid">class:RowSetListener [NONE]</h3></td></tr><tr><td><table border="0" cellpadding="5" cellspacing="1" bgcolor="black" width="100%"><tr valign="top"><td bgcolor="#FFFFFF" colspan="1"><div class="description"> <a start_ctx_id="class:RowSetListener"/><ul class="blockList"><li class="blockList"><dl> <dt>All Superinterfaces: </dt><dd>java.util.EventListener</dd> </dl> <hr/> <br/><pre>public interface <span class="strong">RowSetListener</span>
extends java.util.EventListener</pre><div class="block">An interface that must be implemented by a component that wants to be notified when a significant event happens in the life of a <code>RowSet</code> object. A component becomes a listener by being registered with a <code>RowSet</code> object via the method <code>RowSet.addRowSetListener</code>. How a registered component implements this interface determines what it does when it is notified of an event.                                                           </div><dl> <dt> <span class="strong">Since:</span>   </dt><dd>1.4</dd> </dl>  </li></ul> </div> <a end_ctx_id="class:RowSetListener"/> </td></tr></table></td></tr></table><table border="0" cellpadding="1" cellspacing="0" width="100%"><tr><td><h3 class="ctxid">method:rowSetChanged(javax.sql.RowSetEvent) [NONE]</h3></td></tr><tr><td><table border="0" cellpadding="5" cellspacing="1" bgcolor="black" width="100%"><tr valign="top"><td bgcolor="#FFFFFF" colspan="1"> <a start_ctx_id="method:rowSetChanged(javax.sql.RowSetEvent)"/><a name="rowSetChanged(javax.sql.RowSetEvent)"/><ul class="blockList"><li class="blockList"><h4>rowSetChanged</h4><pre>void rowSetChanged(<a href="../../javax/sql/RowSetEvent.html" title="class in javax.sql">RowSetEvent</a> event)</pre><div class="block">Notifies registered listeners that a <code>RowSet</code> object in the given <code>RowSetEvent</code> object has changed its entire contents.<p> The source of the event can be retrieved with the method <code>event.getSource</code>.            </p>                </div><dl> <dt> <span class="strong">Parameters:</span>   </dt><dd> <code>event</code> - a <code>RowSetEvent</code> object that contains the <code>RowSet</code> object that is the source of the event                 </dd> </dl></li></ul> <a end_ctx_id="method:rowSetChanged(javax.sql.RowSetEvent)"/>  </td></tr></table></td></tr></table><table border="0" cellpadding="1" cellspacing="0" width="100%"><tr><td><h3 class="ctxid">method:rowChanged(javax.sql.RowSetEvent) [NONE]</h3></td></tr><tr><td><table border="0" cellpadding="5" cellspacing="1" bgcolor="black" width="100%"><tr valign="top"><td bgcolor="#FFFFFF" colspan="1"> <a start_ctx_id="method:rowChanged(javax.sql.RowSetEvent)"/><a name="rowChanged(javax.sql.RowSetEvent)"/><ul class="blockList"><li class="blockList"><h4>rowChanged</h4><pre>void rowChanged(<a href="../../javax/sql/RowSetEvent.html" title="class in javax.sql">RowSetEvent</a> event)</pre><div class="block">Notifies registered listeners that a <code>RowSet</code> object has had a change in one of its rows.<p> The source of the event can be retrieved with the method <code>event.getSource</code>.            </p>               </div><dl> <dt> <span class="strong">Parameters:</span>   </dt><dd> <code>event</code> - a <code>RowSetEvent</code> object that contains the <code>RowSet</code> object that is the source of the event                 </dd> </dl></li></ul> <a end_ctx_id="method:rowChanged(javax.sql.RowSetEvent)"/>  </td></tr></table></td></tr></table><table border="0" cellpadding="1" cellspacing="0" width="100%"><tr><td><h3 class="ctxid">method:cursorMoved(javax.sql.RowSetEvent) [NONE]</h3></td></tr><tr><td><table border="0" cellpadding="5" cellspacing="1" bgcolor="black" width="100%"><tr valign="top"><td bgcolor="#FFFFFF" colspan="1"> <a start_ctx_id="method:cursorMoved(javax.sql.RowSetEvent)"/><a name="cursorMoved(javax.sql.RowSetEvent)"/><ul class="blockListLast"><li class="blockList"><h4>cursorMoved</h4><pre>void cursorMoved(<a href="../../javax/sql/RowSetEvent.html" title="class in javax.sql">RowSetEvent</a> event)</pre><div class="block">Notifies registered listeners that a <code>RowSet</code> object's cursor has moved.<p> The source of the event can be retrieved with the method <code>event.getSource</code>.            </p>         </div><dl> <dt> <span class="strong">Parameters:</span>   </dt><dd> <code>event</code> - a <code>RowSetEvent</code> object that contains the <code>RowSet</code> object that is the source of the event                 </dd> </dl></li></ul> <a end_ctx_id="method:cursorMoved(javax.sql.RowSetEvent)"/>  </td></tr></table></td></tr></table></diff></diffreport>