<?xml version="1.0" encoding="UTF-8" standalone="yes"?><Document><name>javax/sql/StatementEvent.spec</name><Context><name>class:StatementEvent</name><mt>NONE</mt></Context><Context><name>constructor:StatementEvent(javax.sql.PooledConnection, java.sql.PreparedStatement)</name><mt>NONE</mt></Context><Context><name>constructor:StatementEvent(javax.sql.PooledConnection, java.sql.PreparedStatement, java.sql.SQLException)</name><mt>NONE</mt></Context><Context><name>method:getSQLException()</name><mt>NONE</mt></Context><Context><name>method:getStatement()</name><mt>NONE</mt></Context><Stat><name>javax/sql/StatementEvent.spec</name><mt>NONE</mt><Group name="context"><Item name="ADDED" count="0"/><Item name="REMOVED" count="0"/><Item name="CHANGED" count="0"/><Item name="MODIFIED" count="0"/><Item name="TOTAL" count="5"/></Group><Group name="assertion"><Item name="ADDED" count="0"/><Item name="REMOVED" count="0"/><Item name="CHANGED" count="0"/><Item name="MODIFIED" count="0"/><Item name="TOTAL" count="0"/></Group></Stat></Document>