<?xml version="1.0" encoding="UTF-8"?><diffreport><diff><table border="0" cellpadding="1" cellspacing="0" width="100%"><tr><td><h3 class="ctxid">class:StatementEventListener [NONE]</h3></td></tr><tr><td><table border="0" cellpadding="5" cellspacing="1" bgcolor="black" width="100%"><tr valign="top"><td bgcolor="#FFFFFF" colspan="1"><div class="description"> <a start_ctx_id="class:StatementEventListener"/><ul class="blockList"><li class="blockList"><dl> <dt>All Superinterfaces: </dt><dd>java.util.EventListener</dd> </dl> <hr/> <br/><pre>public interface <span class="strong">StatementEventListener</span>
extends java.util.EventListener</pre><div class="block">An object that registers to be notified of events that occur on PreparedStatements that are in the Statement pool.<p> The JDBC 3.0 specification added the maxStatements <code>ConnectionPooledDataSource</code> property to provide a standard mechanism for enabling the pooling of <code>PreparedStatements</code> and to specify the size of the statement pool. However, there was no way for a driver to notify an external statement pool when a <code>PreparedStatement</code> becomes invalid. For some databases, a statement becomes invalid if a DDL operation is performed that affects the table. For example an application may create a temporary table to do some work on the table and then destroy it. It may later recreate the same table when it is needed again. Some databases will invalidate any prepared statements that reference the temporary table when the table is dropped.                                                                                                                  </p><p> Similar to the methods defined in the <code>ConnectionEventListener</code> interface, the driver will call the <code>StatementEventListener.statementErrorOccurred</code> method prior to throwing any exceptions when it detects a statement is invalid. The driver will also call the <code>StatementEventListener.statementClosed</code> method when a <code>PreparedStatement</code> is closed.                                         </p><p> Methods which allow a component to register a StatementEventListener with a <code>PooledConnection</code> have been added to the <code>PooledConnection</code> interface.                   </p><p/>                  </div><dl> <dt> <span class="strong">Since:</span>   </dt><dd>1.6</dd> </dl>  </li></ul> </div> <a end_ctx_id="class:StatementEventListener"/> </td></tr></table></td></tr></table><table border="0" cellpadding="1" cellspacing="0" width="100%"><tr><td><h3 class="ctxid">method:statementClosed(javax.sql.StatementEvent) [NONE]</h3></td></tr><tr><td><table border="0" cellpadding="5" cellspacing="1" bgcolor="black" width="100%"><tr valign="top"><td bgcolor="#FFFFFF" colspan="1"> <a start_ctx_id="method:statementClosed(javax.sql.StatementEvent)"/><a name="statementClosed(javax.sql.StatementEvent)"/><ul class="blockList"><li class="blockList"><h4>statementClosed</h4><pre>void statementClosed(<a href="../../javax/sql/StatementEvent.html" title="class in javax.sql">StatementEvent</a> event)</pre><div class="block">The driver calls this method on all <code>StatementEventListener</code>s registered on the connection when it detects that a <code>PreparedStatement</code> is closed.                   </div><dl> <dt> <span class="strong">Parameters:</span>   </dt><dd> <code>event</code> - an event object describing the source of the event and that the <code>PreparedStatement</code> was closed.                 </dd> <dt> <span class="strong">Since:</span>   </dt><dd>1.6</dd>  </dl></li></ul> <a end_ctx_id="method:statementClosed(javax.sql.StatementEvent)"/>  </td></tr></table></td></tr></table><table border="0" cellpadding="1" cellspacing="0" width="100%"><tr><td><h3 class="ctxid">method:statementErrorOccurred(javax.sql.StatementEvent) [NONE]</h3></td></tr><tr><td><table border="0" cellpadding="5" cellspacing="1" bgcolor="black" width="100%"><tr valign="top"><td bgcolor="#FFFFFF" colspan="1"> <a start_ctx_id="method:statementErrorOccurred(javax.sql.StatementEvent)"/><a name="statementErrorOccurred(javax.sql.StatementEvent)"/><ul class="blockListLast"><li class="blockList"><h4>statementErrorOccurred</h4><pre>void statementErrorOccurred(<a href="../../javax/sql/StatementEvent.html" title="class in javax.sql">StatementEvent</a> event)</pre><div class="block">The driver calls this method on all <code>StatementEventListener</code>s registered on the connection when it detects that a <code>PreparedStatement</code> is invalid. The driver calls this method just before it throws the <code>SQLException</code>, contained in the given event, to the application.<p/>                                      </div><dl> <dt> <span class="strong">Parameters:</span>   </dt><dd> <code>event</code> - an event object describing the source of the event, the statement that is invalid and the exception the driver is about to throw. The source of the event is the <code>PooledConnection</code> which the invalid <code>PreparedStatement</code> is associated with.<p/>                                        </dd> <dt> <span class="strong">Since:</span>   </dt><dd>1.6</dd>  </dl></li></ul> <a end_ctx_id="method:statementErrorOccurred(javax.sql.StatementEvent)"/>  </td></tr></table></td></tr></table></diff></diffreport>