<?xml version="1.0" encoding="UTF-8"?><diffreport><diff><table border="0" cellpadding="1" cellspacing="0" width="100%"><tr><td><h3 class="ctxid">class:XADataSource [CHANGED]</h3></td></tr><tr><td><table border="0" cellpadding="5" cellspacing="1" bgcolor="black" width="100%"><tr valign="top"><td bgcolor="#EEEEEE" colspan="2"><div class="description"> <a start_ctx_id="class:XADataSource"/><ul class="blockList"><li class="blockList"><dl> <dt>All Superinterfaces: </dt><dd> <a href="../../javax/sql/CommonDataSource.html" title="interface in javax.sql">CommonDataSource</a> </dd> </dl> <hr/> <br/><pre>public interface <span class="strong">XADataSource</span>
extends <a href="../../javax/sql/CommonDataSource.html" title="interface in javax.sql">CommonDataSource</a></pre><div class="block">A factory for <code>XAConnection</code> objects that is used internally. An object that implements the <code>XADataSource</code> interface is typically registered with a naming service that uses the Java Naming and Directory <span class="diff-html-removed">Interface</span><sup changeType="diff-removed-tag"><font size="-3"><span class="diff-html-removed">TM</span></font><span class="diff-html-removed"/></sup><span class="diff-html-added">Interface™</span> (JNDI)<span class="diff-html-added">.</span><p> <span class="diff-html-added">An</span> <span class="diff-html-added">implementation</span> <span class="diff-html-added">of</span> <code><span class="diff-html-added">XADataSource</span></code> <span class="diff-html-added">must</span> <span class="diff-html-added">include</span> <span class="diff-html-added">a</span> <span class="diff-html-added">public</span> <span class="diff-html-added">no-arg</span> <span class="diff-html-added">constructor</span>.          </p>                               </div><dl> <dt> <span class="strong">Since:</span>   </dt><dd>1.4</dd> </dl>  </li></ul> </div> <a end_ctx_id="class:XADataSource"/> </td></tr><tr valign="top"><td bgcolor="#CCCCCC" colspan="1"><div class="description"> <a start_ctx_id="class:XADataSource"/><ul class="blockList"><li class="blockList"><dl> <dt>All Superinterfaces: </dt><dd> <a href="../../javax/sql/CommonDataSource.html" title="interface in javax.sql">CommonDataSource</a> </dd> </dl> <hr/> <br/><pre>public interface <span class="strong">XADataSource</span>
extends <a href="../../javax/sql/CommonDataSource.html" title="interface in javax.sql">CommonDataSource</a></pre><div class="block">A factory for <code>XAConnection</code> objects that is used internally. An object that implements the <code>XADataSource</code> interface is typically registered with a naming service that uses the Java Naming and Directory Interface<sup changeType="diff-removed-tag"><font size="-3">TM</font></sup> (JNDI).                               </div><dl> <dt> <span class="strong">Since:</span>   </dt><dd>1.4</dd> </dl>  </li></ul> </div> <a end_ctx_id="class:XADataSource"/> </td><td bgcolor="#FFFFFF" colspan="1"><div class="description"> <a start_ctx_id="class:XADataSource"/><ul class="blockList"><li class="blockList"><dl> <dt>All Superinterfaces: </dt><dd> <a href="../../javax/sql/CommonDataSource.html" title="interface in javax.sql">CommonDataSource</a> </dd> </dl> <hr/> <br/><pre>public interface <span class="strong">XADataSource</span>
extends <a href="../../javax/sql/CommonDataSource.html" title="interface in javax.sql">CommonDataSource</a></pre><div class="block">A factory for <code>XAConnection</code> objects that is used internally. An object that implements the <code>XADataSource</code> interface is typically registered with a naming service that uses the Java Naming and Directory Interface™ (JNDI).<p> An implementation of <code>XADataSource</code> must include a public no-arg constructor.          </p>                               </div><dl> <dt> <span class="strong">Since:</span>   </dt><dd>1.4</dd> </dl>  </li></ul> </div> <a end_ctx_id="class:XADataSource"/> </td></tr></table></td></tr></table><table border="0" cellpadding="1" cellspacing="0" width="100%"><tr><td><h3 class="ctxid">method:getXAConnection() [CHANGED]</h3></td></tr><tr><td><table border="0" cellpadding="5" cellspacing="1" bgcolor="black" width="100%"><tr valign="top"><td bgcolor="#EEEEEE" colspan="2"> <a start_ctx_id="method:getXAConnection()"/><a name="getXAConnection()"/><ul class="blockList"><li class="blockList"><h4>getXAConnection</h4><pre><a href="../../javax/sql/XAConnection.html" title="interface in javax.sql">XAConnection</a> getXAConnection()
                      throws <a href="../../java/sql/SQLException.html" title="class in java.sql">SQLException</a></pre><div class="block">Attempts to establish a physical database connection that can be used in a distributed transaction.              </div><dl> <dt> <span class="strong">Returns:</span>   </dt><dd>an <code>XAConnection</code> object, which represents a physical connection to a data source, that can be used in a distributed transaction                   </dd> <dt> <span class="strong">Throws:</span>   </dt><dd> <code><a href="../../java/sql/SQLException.html" title="class in java.sql">SQLException</a></code> - if a database access error occurs        </dd><dd> <code><a href="../../java/sql/SQLFeatureNotSupportedException.html" title="class in java.sql">SQLFeatureNotSupportedException</a></code> - if the JDBC driver does not support this method           </dd><dd> <code><a href="../../java/sql/SQLTimeoutException.html" title="class in java.sql"><span class="diff-html-added">SQLTimeoutException</span></a></code> <span class="diff-html-added">-</span> <span class="diff-html-added">when</span> <span class="diff-html-added">the</span> <span class="diff-html-added">driver</span> <span class="diff-html-added">has</span> <span class="diff-html-added">determined</span> <span class="diff-html-added">that</span> <span class="diff-html-added">the</span> <span class="diff-html-added">timeout</span> <span class="diff-html-added">value</span> <span class="diff-html-added">specified</span> <span class="diff-html-added">by</span> <span class="diff-html-added">the</span> <code><span class="diff-html-added">setLoginTimeout</span></code> <span class="diff-html-added">method</span> <span class="diff-html-added">has</span> <span class="diff-html-added">been</span> <span class="diff-html-added">exceeded</span> <span class="diff-html-added">and</span> <span class="diff-html-added">has</span> <span class="diff-html-added">at</span> <span class="diff-html-added">least</span> <span class="diff-html-added">tried</span> <span class="diff-html-added">to</span> <span class="diff-html-added">cancel</span> <span class="diff-html-added">the</span> <span class="diff-html-added">current</span> <span class="diff-html-added">database</span> <span class="diff-html-added">connection</span> <span class="diff-html-added">attempt</span>                               </dd> <dt> <span class="strong">Since:</span>   </dt><dd>1.4</dd>   </dl></li></ul> <a end_ctx_id="method:getXAConnection()"/>  </td></tr><tr valign="top"><td bgcolor="#CCCCCC" colspan="1"> <a start_ctx_id="method:getXAConnection()"/><a name="getXAConnection()"/><ul class="blockList"><li class="blockList"><h4>getXAConnection</h4><pre><a href="../../javax/sql/XAConnection.html" title="interface in javax.sql">XAConnection</a> getXAConnection()
                      throws <a href="../../java/sql/SQLException.html" title="class in java.sql">SQLException</a></pre><div class="block">Attempts to establish a physical database connection that can be used in a distributed transaction.              </div><dl> <dt> <span class="strong">Returns:</span>   </dt><dd>an <code>XAConnection</code> object, which represents a physical connection to a data source, that can be used in a distributed transaction                   </dd> <dt> <span class="strong">Throws:</span>   </dt><dd> <code><a href="../../java/sql/SQLException.html" title="class in java.sql">SQLException</a></code> - if a database access error occurs        </dd><dd> <code><a href="../../java/sql/SQLFeatureNotSupportedException.html" title="class in java.sql">SQLFeatureNotSupportedException</a></code> - if the JDBC driver does not support this method           </dd> <dt> <span class="strong">Since:</span>   </dt><dd>1.4</dd>   </dl></li></ul> <a end_ctx_id="method:getXAConnection()"/>  </td><td bgcolor="#FFFFFF" colspan="1"> <a start_ctx_id="method:getXAConnection()"/><a name="getXAConnection()"/><ul class="blockList"><li class="blockList"><h4>getXAConnection</h4><pre><a href="../../javax/sql/XAConnection.html" title="interface in javax.sql">XAConnection</a> getXAConnection()
                      throws <a href="../../java/sql/SQLException.html" title="class in java.sql">SQLException</a></pre><div class="block">Attempts to establish a physical database connection that can be used in a distributed transaction.              </div><dl> <dt> <span class="strong">Returns:</span>   </dt><dd>an <code>XAConnection</code> object, which represents a physical connection to a data source, that can be used in a distributed transaction                   </dd> <dt> <span class="strong">Throws:</span>   </dt><dd> <code><a href="../../java/sql/SQLException.html" title="class in java.sql">SQLException</a></code> - if a database access error occurs        </dd><dd> <code><a href="../../java/sql/SQLFeatureNotSupportedException.html" title="class in java.sql">SQLFeatureNotSupportedException</a></code> - if the JDBC driver does not support this method           </dd><dd> <code><a href="../../java/sql/SQLTimeoutException.html" title="class in java.sql">SQLTimeoutException</a></code> - when the driver has determined that the timeout value specified by the <code>setLoginTimeout</code> method has been exceeded and has at least tried to cancel the current database connection attempt                               </dd> <dt> <span class="strong">Since:</span>   </dt><dd>1.4</dd>   </dl></li></ul> <a end_ctx_id="method:getXAConnection()"/>  </td></tr></table></td></tr></table><table border="0" cellpadding="1" cellspacing="0" width="100%"><tr><td><h3 class="ctxid">method:getXAConnection(java.lang.String, java.lang.String) [CHANGED]</h3></td></tr><tr><td><table border="0" cellpadding="5" cellspacing="1" bgcolor="black" width="100%"><tr valign="top"><td bgcolor="#EEEEEE" colspan="2"> <a start_ctx_id="method:getXAConnection(java.lang.String, java.lang.String)"/><a name="getXAConnection(java.lang.String, java.lang.String)"/><ul class="blockListLast"><li class="blockList"><h4>getXAConnection</h4><pre><a href="../../javax/sql/XAConnection.html" title="interface in javax.sql">XAConnection</a> getXAConnection(java.lang.String user,
                             java.lang.String password)
                      throws <a href="../../java/sql/SQLException.html" title="class in java.sql">SQLException</a></pre><div class="block">Attempts to establish a physical database connection, using the given user name and password. The connection that is returned is one that can be used in a distributed transaction.                            </div><dl> <dt> <span class="strong">Parameters:</span>   </dt><dd> <code>user</code> - the database user on whose behalf the connection is being made             </dd><dd> <code>password</code> - the user's password     </dd> <dt> <span class="strong">Returns:</span>   </dt><dd>an <code>XAConnection</code> object, which represents a physical connection to a data source, that can be used in a distributed transaction                   </dd> <dt> <span class="strong">Throws:</span>   </dt><dd> <code><a href="../../java/sql/SQLException.html" title="class in java.sql">SQLException</a></code> - if a database access error occurs        </dd><dd> <code><a href="../../java/sql/SQLFeatureNotSupportedException.html" title="class in java.sql">SQLFeatureNotSupportedException</a></code> - if the JDBC driver does not support this method           </dd><dd> <code><a href="../../java/sql/SQLTimeoutException.html" title="class in java.sql"><span class="diff-html-added">SQLTimeoutException</span></a></code> <span class="diff-html-added">-</span> <span class="diff-html-added">when</span> <span class="diff-html-added">the</span> <span class="diff-html-added">driver</span> <span class="diff-html-added">has</span> <span class="diff-html-added">determined</span> <span class="diff-html-added">that</span> <span class="diff-html-added">the</span> <span class="diff-html-added">timeout</span> <span class="diff-html-added">value</span> <span class="diff-html-added">specified</span> <span class="diff-html-added">by</span> <span class="diff-html-added">the</span> <code><span class="diff-html-added">setLoginTimeout</span></code> <span class="diff-html-added">method</span> <span class="diff-html-added">has</span> <span class="diff-html-added">been</span> <span class="diff-html-added">exceeded</span> <span class="diff-html-added">and</span> <span class="diff-html-added">has</span> <span class="diff-html-added">at</span> <span class="diff-html-added">least</span> <span class="diff-html-added">tried</span> <span class="diff-html-added">to</span> <span class="diff-html-added">cancel</span> <span class="diff-html-added">the</span> <span class="diff-html-added">current</span> <span class="diff-html-added">database</span> <span class="diff-html-added">connection</span> <span class="diff-html-added">attempt</span>                               </dd> <dt> <span class="strong">Since:</span>   </dt><dd>1.4</dd>    </dl></li></ul> <a end_ctx_id="method:getXAConnection(java.lang.String, java.lang.String)"/>  </td></tr><tr valign="top"><td bgcolor="#CCCCCC" colspan="1"> <a start_ctx_id="method:getXAConnection(java.lang.String, java.lang.String)"/><a name="getXAConnection(java.lang.String, java.lang.String)"/><ul class="blockListLast"><li class="blockList"><h4>getXAConnection</h4><pre><a href="../../javax/sql/XAConnection.html" title="interface in javax.sql">XAConnection</a> getXAConnection(java.lang.String user,
                             java.lang.String password)
                      throws <a href="../../java/sql/SQLException.html" title="class in java.sql">SQLException</a></pre><div class="block">Attempts to establish a physical database connection, using the given user name and password. The connection that is returned is one that can be used in a distributed transaction.                            </div><dl> <dt> <span class="strong">Parameters:</span>   </dt><dd> <code>user</code> - the database user on whose behalf the connection is being made             </dd><dd> <code>password</code> - the user's password     </dd> <dt> <span class="strong">Returns:</span>   </dt><dd>an <code>XAConnection</code> object, which represents a physical connection to a data source, that can be used in a distributed transaction                   </dd> <dt> <span class="strong">Throws:</span>   </dt><dd> <code><a href="../../java/sql/SQLException.html" title="class in java.sql">SQLException</a></code> - if a database access error occurs        </dd><dd> <code><a href="../../java/sql/SQLFeatureNotSupportedException.html" title="class in java.sql">SQLFeatureNotSupportedException</a></code> - if the JDBC driver does not support this method           </dd> <dt> <span class="strong">Since:</span>   </dt><dd>1.4</dd>    </dl></li></ul> <a end_ctx_id="method:getXAConnection(java.lang.String, java.lang.String)"/>  </td><td bgcolor="#FFFFFF" colspan="1"> <a start_ctx_id="method:getXAConnection(java.lang.String, java.lang.String)"/><a name="getXAConnection(java.lang.String, java.lang.String)"/><ul class="blockListLast"><li class="blockList"><h4>getXAConnection</h4><pre><a href="../../javax/sql/XAConnection.html" title="interface in javax.sql">XAConnection</a> getXAConnection(java.lang.String user,
                             java.lang.String password)
                      throws <a href="../../java/sql/SQLException.html" title="class in java.sql">SQLException</a></pre><div class="block">Attempts to establish a physical database connection, using the given user name and password. The connection that is returned is one that can be used in a distributed transaction.                            </div><dl> <dt> <span class="strong">Parameters:</span>   </dt><dd> <code>user</code> - the database user on whose behalf the connection is being made             </dd><dd> <code>password</code> - the user's password     </dd> <dt> <span class="strong">Returns:</span>   </dt><dd>an <code>XAConnection</code> object, which represents a physical connection to a data source, that can be used in a distributed transaction                   </dd> <dt> <span class="strong">Throws:</span>   </dt><dd> <code><a href="../../java/sql/SQLException.html" title="class in java.sql">SQLException</a></code> - if a database access error occurs        </dd><dd> <code><a href="../../java/sql/SQLFeatureNotSupportedException.html" title="class in java.sql">SQLFeatureNotSupportedException</a></code> - if the JDBC driver does not support this method           </dd><dd> <code><a href="../../java/sql/SQLTimeoutException.html" title="class in java.sql">SQLTimeoutException</a></code> - when the driver has determined that the timeout value specified by the <code>setLoginTimeout</code> method has been exceeded and has at least tried to cancel the current database connection attempt                               </dd> <dt> <span class="strong">Since:</span>   </dt><dd>1.4</dd>    </dl></li></ul> <a end_ctx_id="method:getXAConnection(java.lang.String, java.lang.String)"/>  </td></tr></table></td></tr></table></diff></diffreport>