<?xml version="1.0" encoding="UTF-8" standalone="yes"?><Document><name>overview-summary</name><Stat><name>overview-summary</name><mt>NONE</mt><Group name="global_package"><Item name="ADDED" count="0"/><Item name="REMOVED" count="0"/><Item name="CHANGED" count="0"/><Item name="MODIFIED" count="0"/><Item name="TOTAL" count="3"/></Group><Group name="global_document"><Item name="ADDED" count="0"/><Item name="REMOVED" count="0"/><Item name="CHANGED" count="24"/><Item name="MODIFIED" count="24"/><Item name="TOTAL" count="33"/></Group><Group name="global_context"><Item name="ADDED" count="21"/><Item name="REMOVED" count="0"/><Item name="CHANGED" count="93"/><Item name="MODIFIED" count="114"/><Item name="TOTAL" count="509"/></Group><Group name="global_assertion"><Item name="ADDED" count="0"/><Item name="REMOVED" count="0"/><Item name="CHANGED" count="0"/><Item name="MODIFIED" count="0"/><Item name="TOTAL" count="0"/></Group><Stats><Stat><name>javax/sql/rowset/package-summary.spec</name><mt>CHANGED</mt><Group name="context"><Item name="ADDED" count="0"/><Item name="REMOVED" count="0"/><Item name="CHANGED" count="1"/><Item name="MODIFIED" count="1"/><Item name="TOTAL" count="1"/></Group><Group name="assertion"><Item name="ADDED" count="0"/><Item name="REMOVED" count="0"/><Item name="CHANGED" count="0"/><Item name="MODIFIED" count="0"/><Item name="TOTAL" count="0"/></Group><Group name="package_document"><Item name="ADDED" count="0"/><Item name="REMOVED" count="0"/><Item name="CHANGED" count="11"/><Item name="MODIFIED" count="11"/><Item name="TOTAL" count="13"/></Group><Group name="package_context"><Item name="ADDED" count="0"/><Item name="REMOVED" count="0"/><Item name="CHANGED" count="36"/><Item name="MODIFIED" count="36"/><Item name="TOTAL" count="298"/></Group><Group name="package_assertion"><Item name="ADDED" count="0"/><Item name="REMOVED" count="0"/><Item name="CHANGED" count="0"/><Item name="MODIFIED" count="0"/><Item name="TOTAL" count="0"/></Group></Stat><Stat><name>javax/sql/rowset/serial/package-summary.spec</name><mt>CHANGED</mt><Group name="context"><Item name="ADDED" count="0"/><Item name="REMOVED" count="0"/><Item name="CHANGED" count="1"/><Item name="MODIFIED" count="1"/><Item name="TOTAL" count="1"/></Group><Group name="assertion"><Item name="ADDED" count="0"/><Item name="REMOVED" count="0"/><Item name="CHANGED" count="0"/><Item name="MODIFIED" count="0"/><Item name="TOTAL" count="0"/></Group><Group name="package_document"><Item name="ADDED" count="0"/><Item name="REMOVED" count="0"/><Item name="CHANGED" count="9"/><Item name="MODIFIED" count="9"/><Item name="TOTAL" count="11"/></Group><Group name="package_context"><Item name="ADDED" count="21"/><Item name="REMOVED" count="0"/><Item name="CHANGED" count="51"/><Item name="MODIFIED" count="72"/><Item name="TOTAL" count="146"/></Group><Group name="package_assertion"><Item name="ADDED" count="0"/><Item name="REMOVED" count="0"/><Item name="CHANGED" count="0"/><Item name="MODIFIED" count="0"/><Item name="TOTAL" count="0"/></Group></Stat><Stat><name>javax/sql/rowset/spi/package-summary.spec</name><mt>CHANGED</mt><Group name="context"><Item name="ADDED" count="0"/><Item name="REMOVED" count="0"/><Item name="CHANGED" count="1"/><Item name="MODIFIED" count="1"/><Item name="TOTAL" count="1"/></Group><Group name="assertion"><Item name="ADDED" count="0"/><Item name="REMOVED" count="0"/><Item name="CHANGED" count="0"/><Item name="MODIFIED" count="0"/><Item name="TOTAL" count="0"/></Group><Group name="package_document"><Item name="ADDED" count="0"/><Item name="REMOVED" count="0"/><Item name="CHANGED" count="4"/><Item name="MODIFIED" count="4"/><Item name="TOTAL" count="9"/></Group><Group name="package_context"><Item name="ADDED" count="0"/><Item name="REMOVED" count="0"/><Item name="CHANGED" count="6"/><Item name="MODIFIED" count="6"/><Item name="TOTAL" count="65"/></Group><Group name="package_assertion"><Item name="ADDED" count="0"/><Item name="REMOVED" count="0"/><Item name="CHANGED" count="0"/><Item name="MODIFIED" count="0"/><Item name="TOTAL" count="0"/></Group></Stat></Stats></Stat></Document>