<?xml version="1.0" encoding="UTF-8"?><diffreport><diff><table border="0" cellpadding="1" cellspacing="0" width="100%"><tr><td><h3 class="ctxid">class:SyncProvider [CHANGED]</h3></td></tr><tr><td><table border="0" cellpadding="5" cellspacing="1" bgcolor="black" width="100%"><tr valign="top"><td bgcolor="#EEEEEE" colspan="2"> <a start_ctx_id="class:SyncProvider"/><dl> <dt><pre>public abstract class <b>SyncProvider</b></pre>  </dt> <dt>extends java.lang.Object </dt>  </dl><p> The synchronization mechanism that provides reader/writer capabilities for disconnected <code>RowSet</code> objects. A <code>SyncProvider</code> implementation is a class that extends the <code>SyncProvider</code> abstract class.                       </p><p> A <code>SyncProvider</code> implementation is identified by a unique ID, which is its fully qualified class name. This name must be registered with the <code>SyncFactory</code> SPI, thus making the implementation available to all <code>RowSet</code> implementations. The factory mechanism in the reference implementation uses this name to instantiate the implementation, which can then provide a <code>RowSet</code> object with its reader (a <code>javax.sql.RowSetReader</code> object) and its writer (a <code>javax.sql.RowSetWriter</code> object).                                                                   </p><p> The Jdbc <code>RowSet</code> Implementations specification provides two reference implementations of the <code>SyncProvider</code> abstract class: <code>RIOptimisticProvider</code> and <code>RIXMLProvider</code>. The <code>RIOptimisticProvider</code> can set any <code>RowSet</code> implementation with a <code>RowSetReader</code> object and a <code>RowSetWriter</code> object. However, only the <code>RIXMLProvider</code> implementation can set an <code>XmlReader</code> object and an <code>XmlWriter</code> object. A <code>WebRowSet</code> object uses the <code>XmlReader</code> object to read data in XML format to populate itself with that data. It uses the <code>XmlWriter</code> object to write itself to a stream or <code>java.io.Writer</code> object in XML format.                                                                                  </p><p/><h3>1.0 Naming Convention for Implementations    </h3> As a guide to naming <code>SyncProvider</code> implementations, the following should be noted:<ul><li>The name for a <code>SyncProvider</code> implementation is its fully qualified class name.           </li><li>It is recommended that vendors supply a <code>SyncProvider</code> implementation in a package named <code>providers</code>.             </li></ul><p> For instance, if a vendor named Fred, Inc. offered a <code>SyncProvider</code> implementation, you could have the following:<pre>
     Vendor name:  Fred, Inc.
     Domain name of vendor:  com.fred
     Package name:  com.fred.providers
     SyncProvider implementation class name:  HighAvailabilityProvider

     Fully qualified class name of SyncProvider implementation:
                        com.fred.providers.HighAvailabilityProvider
 </pre>                 </p><p> The following line of code uses the fully qualified name to register this implementation with the <code>SyncFactory</code> static instance.<pre>
     SyncFactory.registerProvider(
                          "com.fred.providers.HighAvailabilityProvider");
 </pre>                   </p><p> The default <code>SyncProvider</code> object provided with the reference implementation uses the following name:<pre>
     com.sun.rowset.providers.RIOptimisticProvider
 </pre>             </p><p> A vendor can register a <code>SyncProvider</code> implementation class name with <span class="diff-html-removed">Sun</span> <span class="diff-html-removed">Microsystems,</span> <span class="diff-html-removed">Inc.</span><span class="diff-html-added">Oracle</span> <span class="diff-html-added">Corporation</span> by sending email to jdbc@sun.com. <span class="diff-html-removed">Sun</span><span class="diff-html-added">Oracle</span> will maintain a database listing the available <code>SyncProvider</code> implementations for use with compliant <code>RowSet</code> implementations. This database will be similar to the one already maintained to list available JDBC drivers.                                                  </p><p> Vendors should refer to the reference implementation synchronization providers for additional guidance on how to implement a new <code>SyncProvider</code> implementation.                    </p><h3>2.0 How a <code>RowSet</code> Object Gets Its Provider       </h3> A disconnected <code>Rowset</code> object may get access to a <code>SyncProvider</code> object in one of the following two ways:<ul><li>Using a constructor<br/><pre>
       CachedRowSet crs = new CachedRowSet(
                  "com.fred.providers.HighAvailabilitySyncProvider");
      </pre>  </li><li>Using the <code>setSyncProvider</code> method<pre>
       CachedRowSet crs = new CachedRowSet();
       crs.setSyncProvider("com.fred.providers.HighAvailabilitySyncProvider");
      </pre>   </li></ul><p> By default, the reference implementations of the <code>RowSet</code> synchronization providers are always available to the Java platform. If no other pluggable synchronization providers have been correctly registered, the <code>SyncFactory</code> will automatically generate an instance of the default <code>SyncProvider</code> reference implementation. Thus, in the preceding code fragment, if no implementation named <code>com.fred.providers.HighAvailabilitySyncProvider</code> has been registered with the <code>SyncFactory</code> instance, <i>crs</i> will be assigned the default provider in the reference implementation, which is <code>com.sun.rowset.providers.RIOptimisticProvider</code>.                                                                        </p><p/><h3>3.0 Violations and Synchronization Issues    </h3> If an update between a disconnected <code>RowSet</code> object and a data source violates the original query or the underlying data source constraints, this will result in undefined behavior for all disconnected <code>RowSet</code> implementations and their designated <code>SyncProvider</code> implementations. Not defining the behavior when such violations occur offers greater flexibility for a <code>SyncProvider</code> implementation to determine its own best course of action.<p> A <code>SyncProvider</code> implementation may choose to implement a specific handler to handle a subset of query violations. However if an original query violation or a more general data source constraint violation is not handled by the <code>SyncProvider</code> implementation, all <code>SyncProvider</code> objects must throw a <code>SyncProviderException</code>.                                             </p><p/><h3>4.0 Updatable SQL VIEWs   </h3> It is possible for any disconnected or connected <code>RowSet</code> object to be populated from an SQL query that is formulated originally from an SQL <code>VIEW</code>. While in many cases it is possible for an update to be performed to an underlying view, such an update requires additional metadata, which may vary. The <code>SyncProvider</code> class provides two constants to indicate whether an implementation supports updating an SQL <code>VIEW</code>.<ul><li> <code><b>NONUPDATABLE_VIEW_SYNC</b></code> - Indicates that a <code>SyncProvider</code> implementation does not support synchronization with an SQL <code>VIEW</code> as the underlying source of data for the <code>RowSet</code> object.                         </li><li> <code><b>UPDATABLE_VIEW_SYNC</b></code> - Indicates that a <code>SyncProvider</code> implementation supports synchronization with an SQL <code>VIEW</code> as the underlying source of data.                   </li></ul><p> The default is for a <code>RowSet</code> object not to be updatable if it was populated with data from an SQL <code>VIEW</code>.                     </p><p/><h3>5.0 <code>SyncProvider</code> Constants  </h3> The <code>SyncProvider</code> class provides three sets of constants that are used as return values or parameters for <code>SyncProvider</code> methods. <code>SyncProvider</code> objects may be implemented to perform synchronization between a <code>RowSet</code> object and its underlying data source with varying degrees of of care. The first group of constants indicate how synchronization is handled. For example, <code>GRADE_NONE</code> indicates that a <code>SyncProvider</code> object will not take any care to see what data is valid and will simply write the <code>RowSet</code> data to the data source. <code>GRADE_MODIFIED_AT_COMMIT</code> indicates that the provider will check only modified data for validity. Other grades check all data for validity or set locks when data is modified or loaded.<ol><li>Constants to indicate the synchronization grade of a <code>SyncProvider</code> object<ul><li>SyncProvider.GRADE_NONE</li><li>SyncProvider.GRADE_MODIFIED_AT_COMMIT</li><li>SyncProvider.GRADE_CHECK_ALL_AT_COMMIT</li><li>SyncProvider.GRADE_LOCK_WHEN_MODIFIED</li><li>SyncProvider.GRADE_LOCK_WHEN_LOADED</li></ul>         </li><li>Constants to indicate what locks are set on the data source<ul><li>SyncProvider.DATASOURCE_NO_LOCK</li><li>SyncProvider.DATASOURCE_ROW_LOCK</li><li>SyncProvider.DATASOURCE_TABLE_LOCK</li><li>SyncProvider.DATASOURCE_DB_LOCK</li></ul>          </li><li>Constants to indicate whether a <code>SyncProvider</code> object can perform updates to an SQL <code>VIEW</code> <br/> These constants are explained in the preceding section (4.0).<ul><li>SyncProvider.UPDATABLE_VIEW_SYNC</li><li>SyncProvider.NONUPDATABLE_VIEW_SYNC</li></ul>                       </li></ol><p/><p><dl> <dt> <b>See Also: </b>   </dt><dd> <a href="../../../../javax/sql/rowset/spi/SyncFactory.html" title="class in javax.sql.rowset.spi"><code>SyncFactory</code></a>, <a href="../../../../javax/sql/rowset/spi/SyncFactoryException.html" title="class in javax.sql.rowset.spi"><code>SyncFactoryException</code></a>  </dd> </dl> <a end_ctx_id="class:SyncProvider"/> </p>                                                                                                                                                                                                                                                                             </td></tr><tr valign="top"><td bgcolor="#CCCCCC" colspan="1"> <a start_ctx_id="class:SyncProvider"/><dl> <dt><pre>public abstract class <b>SyncProvider</b></pre>  </dt> <dt>extends java.lang.Object </dt>  </dl><p> The synchronization mechanism that provides reader/writer capabilities for disconnected <code>RowSet</code> objects. A <code>SyncProvider</code> implementation is a class that extends the <code>SyncProvider</code> abstract class.                       </p><p> A <code>SyncProvider</code> implementation is identified by a unique ID, which is its fully qualified class name. This name must be registered with the <code>SyncFactory</code> SPI, thus making the implementation available to all <code>RowSet</code> implementations. The factory mechanism in the reference implementation uses this name to instantiate the implementation, which can then provide a <code>RowSet</code> object with its reader (a <code>javax.sql.RowSetReader</code> object) and its writer (a <code>javax.sql.RowSetWriter</code> object).                                                                   </p><p> The Jdbc <code>RowSet</code> Implementations specification provides two reference implementations of the <code>SyncProvider</code> abstract class: <code>RIOptimisticProvider</code> and <code>RIXMLProvider</code>. The <code>RIOptimisticProvider</code> can set any <code>RowSet</code> implementation with a <code>RowSetReader</code> object and a <code>RowSetWriter</code> object. However, only the <code>RIXMLProvider</code> implementation can set an <code>XmlReader</code> object and an <code>XmlWriter</code> object. A <code>WebRowSet</code> object uses the <code>XmlReader</code> object to read data in XML format to populate itself with that data. It uses the <code>XmlWriter</code> object to write itself to a stream or <code>java.io.Writer</code> object in XML format.                                                                                  </p><p/><h3>1.0 Naming Convention for Implementations    </h3> As a guide to naming <code>SyncProvider</code> implementations, the following should be noted:<ul><li>The name for a <code>SyncProvider</code> implementation is its fully qualified class name.           </li><li>It is recommended that vendors supply a <code>SyncProvider</code> implementation in a package named <code>providers</code>.             </li></ul><p> For instance, if a vendor named Fred, Inc. offered a <code>SyncProvider</code> implementation, you could have the following:<pre>
     Vendor name:  Fred, Inc.     
     Domain name of vendor:  com.fred
     Package name:  com.fred.providers
     SyncProvider implementation class name:  HighAvailabilityProvider

     Fully qualified class name of SyncProvider implementation:
                        com.fred.providers.HighAvailabilityProvider 
 </pre>                 </p><p> The following line of code uses the fully qualified name to register this implementation with the <code>SyncFactory</code> static instance.<pre>
     SyncFactory.registerProvider(
                          "com.fred.providers.HighAvailabilityProvider");
 </pre>                   </p><p> The default <code>SyncProvider</code> object provided with the reference implementation uses the following name:<pre>
     com.sun.rowset.providers.RIOptimisticProvider 
 </pre>             </p><p> A vendor can register a <code>SyncProvider</code> implementation class name with Sun Microsystems, Inc. by sending email to jdbc@sun.com. Sun will maintain a database listing the available <code>SyncProvider</code> implementations for use with compliant <code>RowSet</code> implementations. This database will be similar to the one already maintained to list available JDBC drivers.                                                 </p><p> Vendors should refer to the reference implementation synchronization providers for additional guidance on how to implement a new <code>SyncProvider</code> implementation.                    </p><h3>2.0 How a <code>RowSet</code> Object Gets Its Provider       </h3> A disconnected <code>Rowset</code> object may get access to a <code>SyncProvider</code> object in one of the following two ways:<ul><li>Using a constructor<br/><pre>
       CachedRowSet crs = new CachedRowSet(
                  "com.fred.providers.HighAvailabilitySyncProvider"); 
      </pre>  </li><li>Using the <code>setSyncProvider</code> method<pre>
       CachedRowSet crs = new CachedRowSet(); 
       crs.setSyncProvider("com.fred.providers.HighAvailabilitySyncProvider"); 
      </pre>   </li></ul><p> By default, the reference implementations of the <code>RowSet</code> synchronization providers are always available to the Java platform. If no other pluggable synchronization providers have been correctly registered, the <code>SyncFactory</code> will automatically generate an instance of the default <code>SyncProvider</code> reference implementation. Thus, in the preceding code fragment, if no implementation named <code>com.fred.providers.HighAvailabilitySyncProvider</code> has been registered with the <code>SyncFactory</code> instance, <i>crs</i> will be assigned the default provider in the reference implementation, which is <code>com.sun.rowset.providers.RIOptimisticProvider</code>.                                                                        </p><p/><h3>3.0 Violations and Synchronization Issues    </h3> If an update between a disconnected <code>RowSet</code> object and a data source violates the original query or the underlying data source constraints, this will result in undefined behavior for all disconnected <code>RowSet</code> implementations and their designated <code>SyncProvider</code> implementations. Not defining the behavior when such violations occur offers greater flexibility for a <code>SyncProvider</code> implementation to determine its own best course of action.<p> A <code>SyncProvider</code> implementation may choose to implement a specific handler to handle a subset of query violations. However if an original query violation or a more general data source constraint violation is not handled by the <code>SyncProvider</code> implementation, all <code>SyncProvider</code> objects must throw a <code>SyncProviderException</code>.                                             </p><p/><h3>4.0 Updatable SQL VIEWs   </h3> It is possible for any disconnected or connected <code>RowSet</code> object to be populated from an SQL query that is formulated originally from an SQL <code>VIEW</code>. While in many cases it is possible for an update to be performed to an underlying view, such an update requires additional metadata, which may vary. The <code>SyncProvider</code> class provides two constants to indicate whether an implementation supports updating an SQL <code>VIEW</code>.<ul><li> <code><b>NONUPDATABLE_VIEW_SYNC</b></code> - Indicates that a <code>SyncProvider</code> implementation does not support synchronization with an SQL <code>VIEW</code> as the underlying source of data for the <code>RowSet</code> object.                         </li><li> <code><b>UPDATABLE_VIEW_SYNC</b></code> - Indicates that a <code>SyncProvider</code> implementation supports synchronization with an SQL <code>VIEW</code> as the underlying source of data.                   </li></ul><p> The default is for a <code>RowSet</code> object not to be updatable if it was populated with data from an SQL <code>VIEW</code>.                     </p><p/><h3>5.0 <code>SyncProvider</code> Constants  </h3> The <code>SyncProvider</code> class provides three sets of constants that are used as return values or parameters for <code>SyncProvider</code> methods. <code>SyncProvider</code> objects may be implemented to perform synchronization between a <code>RowSet</code> object and its underlying data source with varying degrees of of care. The first group of constants indicate how synchronization is handled. For example, <code>GRADE_NONE</code> indicates that a <code>SyncProvider</code> object will not take any care to see what data is valid and will simply write the <code>RowSet</code> data to the data source. <code>GRADE_MODIFIED_AT_COMMIT</code> indicates that the provider will check only modified data for validity. Other grades check all data for validity or set locks when data is modified or loaded.<ol><li>Constants to indicate the synchronization grade of a <code>SyncProvider</code> object<ul><li>SyncProvider.GRADE_NONE</li><li>SyncProvider.GRADE_MODIFIED_AT_COMMIT</li><li>SyncProvider.GRADE_CHECK_ALL_AT_COMMIT</li><li>SyncProvider.GRADE_LOCK_WHEN_MODIFIED</li><li>SyncProvider.GRADE_LOCK_WHEN_LOADED</li></ul>         </li><li>Constants to indicate what locks are set on the data source<ul><li>SyncProvider.DATASOURCE_NO_LOCK</li><li>SyncProvider.DATASOURCE_ROW_LOCK</li><li>SyncProvider.DATASOURCE_TABLE_LOCK</li><li>SyncProvider.DATASOURCE_DB_LOCK</li></ul>          </li><li>Constants to indicate whether a <code>SyncProvider</code> object can perform updates to an SQL <code>VIEW</code> <br/> These constants are explained in the preceding section (4.0).<ul><li>SyncProvider.UPDATABLE_VIEW_SYNC</li><li>SyncProvider.NONUPDATABLE_VIEW_SYNC</li></ul>                       </li></ol><p/><p><dl> <dt> <b>See Also: </b>   </dt><dd> <a href="../../../../javax/sql/rowset/spi/SyncFactory.html" title="class in javax.sql.rowset.spi"><code>SyncFactory</code></a>, <a href="../../../../javax/sql/rowset/spi/SyncFactoryException.html" title="class in javax.sql.rowset.spi"><code>SyncFactoryException</code></a>  </dd> </dl> <a end_ctx_id="class:SyncProvider"/> </p>                                                                                                                                                                                                                                                                             </td><td bgcolor="#FFFFFF" colspan="1"> <a start_ctx_id="class:SyncProvider"/><dl> <dt><pre>public abstract class <b>SyncProvider</b></pre>  </dt> <dt>extends java.lang.Object </dt>  </dl><p> The synchronization mechanism that provides reader/writer capabilities for disconnected <code>RowSet</code> objects. A <code>SyncProvider</code> implementation is a class that extends the <code>SyncProvider</code> abstract class.                       </p><p> A <code>SyncProvider</code> implementation is identified by a unique ID, which is its fully qualified class name. This name must be registered with the <code>SyncFactory</code> SPI, thus making the implementation available to all <code>RowSet</code> implementations. The factory mechanism in the reference implementation uses this name to instantiate the implementation, which can then provide a <code>RowSet</code> object with its reader (a <code>javax.sql.RowSetReader</code> object) and its writer (a <code>javax.sql.RowSetWriter</code> object).                                                                   </p><p> The Jdbc <code>RowSet</code> Implementations specification provides two reference implementations of the <code>SyncProvider</code> abstract class: <code>RIOptimisticProvider</code> and <code>RIXMLProvider</code>. The <code>RIOptimisticProvider</code> can set any <code>RowSet</code> implementation with a <code>RowSetReader</code> object and a <code>RowSetWriter</code> object. However, only the <code>RIXMLProvider</code> implementation can set an <code>XmlReader</code> object and an <code>XmlWriter</code> object. A <code>WebRowSet</code> object uses the <code>XmlReader</code> object to read data in XML format to populate itself with that data. It uses the <code>XmlWriter</code> object to write itself to a stream or <code>java.io.Writer</code> object in XML format.                                                                                  </p><p/><h3>1.0 Naming Convention for Implementations    </h3> As a guide to naming <code>SyncProvider</code> implementations, the following should be noted:<ul><li>The name for a <code>SyncProvider</code> implementation is its fully qualified class name.           </li><li>It is recommended that vendors supply a <code>SyncProvider</code> implementation in a package named <code>providers</code>.             </li></ul><p> For instance, if a vendor named Fred, Inc. offered a <code>SyncProvider</code> implementation, you could have the following:<pre>
     Vendor name:  Fred, Inc.
     Domain name of vendor:  com.fred
     Package name:  com.fred.providers
     SyncProvider implementation class name:  HighAvailabilityProvider

     Fully qualified class name of SyncProvider implementation:
                        com.fred.providers.HighAvailabilityProvider
 </pre>                 </p><p> The following line of code uses the fully qualified name to register this implementation with the <code>SyncFactory</code> static instance.<pre>
     SyncFactory.registerProvider(
                          "com.fred.providers.HighAvailabilityProvider");
 </pre>                   </p><p> The default <code>SyncProvider</code> object provided with the reference implementation uses the following name:<pre>
     com.sun.rowset.providers.RIOptimisticProvider
 </pre>             </p><p> A vendor can register a <code>SyncProvider</code> implementation class name with Oracle Corporation by sending email to jdbc@sun.com. Oracle will maintain a database listing the available <code>SyncProvider</code> implementations for use with compliant <code>RowSet</code> implementations. This database will be similar to the one already maintained to list available JDBC drivers.                                                </p><p> Vendors should refer to the reference implementation synchronization providers for additional guidance on how to implement a new <code>SyncProvider</code> implementation.                    </p><h3>2.0 How a <code>RowSet</code> Object Gets Its Provider       </h3> A disconnected <code>Rowset</code> object may get access to a <code>SyncProvider</code> object in one of the following two ways:<ul><li>Using a constructor<br/><pre>
       CachedRowSet crs = new CachedRowSet(
                  "com.fred.providers.HighAvailabilitySyncProvider");
      </pre>  </li><li>Using the <code>setSyncProvider</code> method<pre>
       CachedRowSet crs = new CachedRowSet();
       crs.setSyncProvider("com.fred.providers.HighAvailabilitySyncProvider");
      </pre>   </li></ul><p> By default, the reference implementations of the <code>RowSet</code> synchronization providers are always available to the Java platform. If no other pluggable synchronization providers have been correctly registered, the <code>SyncFactory</code> will automatically generate an instance of the default <code>SyncProvider</code> reference implementation. Thus, in the preceding code fragment, if no implementation named <code>com.fred.providers.HighAvailabilitySyncProvider</code> has been registered with the <code>SyncFactory</code> instance, <i>crs</i> will be assigned the default provider in the reference implementation, which is <code>com.sun.rowset.providers.RIOptimisticProvider</code>.                                                                        </p><p/><h3>3.0 Violations and Synchronization Issues    </h3> If an update between a disconnected <code>RowSet</code> object and a data source violates the original query or the underlying data source constraints, this will result in undefined behavior for all disconnected <code>RowSet</code> implementations and their designated <code>SyncProvider</code> implementations. Not defining the behavior when such violations occur offers greater flexibility for a <code>SyncProvider</code> implementation to determine its own best course of action.<p> A <code>SyncProvider</code> implementation may choose to implement a specific handler to handle a subset of query violations. However if an original query violation or a more general data source constraint violation is not handled by the <code>SyncProvider</code> implementation, all <code>SyncProvider</code> objects must throw a <code>SyncProviderException</code>.                                             </p><p/><h3>4.0 Updatable SQL VIEWs   </h3> It is possible for any disconnected or connected <code>RowSet</code> object to be populated from an SQL query that is formulated originally from an SQL <code>VIEW</code>. While in many cases it is possible for an update to be performed to an underlying view, such an update requires additional metadata, which may vary. The <code>SyncProvider</code> class provides two constants to indicate whether an implementation supports updating an SQL <code>VIEW</code>.<ul><li> <code><b>NONUPDATABLE_VIEW_SYNC</b></code> - Indicates that a <code>SyncProvider</code> implementation does not support synchronization with an SQL <code>VIEW</code> as the underlying source of data for the <code>RowSet</code> object.                         </li><li> <code><b>UPDATABLE_VIEW_SYNC</b></code> - Indicates that a <code>SyncProvider</code> implementation supports synchronization with an SQL <code>VIEW</code> as the underlying source of data.                   </li></ul><p> The default is for a <code>RowSet</code> object not to be updatable if it was populated with data from an SQL <code>VIEW</code>.                     </p><p/><h3>5.0 <code>SyncProvider</code> Constants  </h3> The <code>SyncProvider</code> class provides three sets of constants that are used as return values or parameters for <code>SyncProvider</code> methods. <code>SyncProvider</code> objects may be implemented to perform synchronization between a <code>RowSet</code> object and its underlying data source with varying degrees of of care. The first group of constants indicate how synchronization is handled. For example, <code>GRADE_NONE</code> indicates that a <code>SyncProvider</code> object will not take any care to see what data is valid and will simply write the <code>RowSet</code> data to the data source. <code>GRADE_MODIFIED_AT_COMMIT</code> indicates that the provider will check only modified data for validity. Other grades check all data for validity or set locks when data is modified or loaded.<ol><li>Constants to indicate the synchronization grade of a <code>SyncProvider</code> object<ul><li>SyncProvider.GRADE_NONE</li><li>SyncProvider.GRADE_MODIFIED_AT_COMMIT</li><li>SyncProvider.GRADE_CHECK_ALL_AT_COMMIT</li><li>SyncProvider.GRADE_LOCK_WHEN_MODIFIED</li><li>SyncProvider.GRADE_LOCK_WHEN_LOADED</li></ul>         </li><li>Constants to indicate what locks are set on the data source<ul><li>SyncProvider.DATASOURCE_NO_LOCK</li><li>SyncProvider.DATASOURCE_ROW_LOCK</li><li>SyncProvider.DATASOURCE_TABLE_LOCK</li><li>SyncProvider.DATASOURCE_DB_LOCK</li></ul>          </li><li>Constants to indicate whether a <code>SyncProvider</code> object can perform updates to an SQL <code>VIEW</code> <br/> These constants are explained in the preceding section (4.0).<ul><li>SyncProvider.UPDATABLE_VIEW_SYNC</li><li>SyncProvider.NONUPDATABLE_VIEW_SYNC</li></ul>                       </li></ol><p/><p><dl> <dt> <b>See Also: </b>   </dt><dd> <a href="../../../../javax/sql/rowset/spi/SyncFactory.html" title="class in javax.sql.rowset.spi"><code>SyncFactory</code></a>, <a href="../../../../javax/sql/rowset/spi/SyncFactoryException.html" title="class in javax.sql.rowset.spi"><code>SyncFactoryException</code></a>  </dd> </dl> <a end_ctx_id="class:SyncProvider"/> </p>                                                                                                                                                                                                                                                                             </td></tr></table></td></tr></table><table border="0" cellpadding="1" cellspacing="0" width="100%"><tr><td><h3 class="ctxid">field:GRADE_NONE [CHANGED]</h3></td></tr><tr><td><table border="0" cellpadding="5" cellspacing="1" bgcolor="black" width="100%"><tr valign="top"><td bgcolor="#EEEEEE" colspan="2"> <a start_ctx_id="field:GRADE_NONE"/><a name="GRADE_NONE"/><h3> GRADE_NONE </h3><pre>
public static <span class="diff-html-added">final</span> int <b>GRADE_NONE</b></pre><dl><dd>Indicates that no synchronization with the originating data source is provided. A <code>SyncProvider</code> implementation returning this grade will simply attempt to write updates in the <code>RowSet</code> object to the underlying data source without checking the validity of any data.<p><dl> <dt> <b><span class="diff-html-added">See</span> <span class="diff-html-added">Also:</span> </b>   </dt><dd> <a href="../../../../constant-values.html#javax.sql.rowset.spi.SyncProvider.GRADE_NONE"><span class="diff-html-added">Constant</span> <span class="diff-html-added">Field</span> <span class="diff-html-added">Values</span>  </a> </dd> </dl></p>                                      </dd></dl> <a end_ctx_id="field:GRADE_NONE"/>  </td></tr><tr valign="top"><td bgcolor="#CCCCCC" colspan="1"> <a start_ctx_id="field:GRADE_NONE"/><a name="GRADE_NONE"/><h3> GRADE_NONE </h3><pre>
public static int <b>GRADE_NONE</b></pre><dl><dd>Indicates that no synchronization with the originating data source is provided. A <code>SyncProvider</code> implementation returning this grade will simply attempt to write updates in the <code>RowSet</code> object to the underlying data source without checking the validity of any data.<p><dl/></p>                                      </dd></dl> <a end_ctx_id="field:GRADE_NONE"/>  </td><td bgcolor="#FFFFFF" colspan="1"> <a start_ctx_id="field:GRADE_NONE"/><a name="GRADE_NONE"/><h3> GRADE_NONE </h3><pre>
public static final int <b>GRADE_NONE</b></pre><dl><dd>Indicates that no synchronization with the originating data source is provided. A <code>SyncProvider</code> implementation returning this grade will simply attempt to write updates in the <code>RowSet</code> object to the underlying data source without checking the validity of any data.<p><dl> <dt> <b>See Also: </b>   </dt><dd> <a href="../../../../constant-values.html#javax.sql.rowset.spi.SyncProvider.GRADE_NONE">Constant Field Values  </a> </dd> </dl></p>                                      </dd></dl> <a end_ctx_id="field:GRADE_NONE"/>  </td></tr></table></td></tr></table><table border="0" cellpadding="1" cellspacing="0" width="100%"><tr><td><h3 class="ctxid">field:GRADE_CHECK_MODIFIED_AT_COMMIT [CHANGED]</h3></td></tr><tr><td><table border="0" cellpadding="5" cellspacing="1" bgcolor="black" width="100%"><tr valign="top"><td bgcolor="#EEEEEE" colspan="2"> <a start_ctx_id="field:GRADE_CHECK_MODIFIED_AT_COMMIT"/><a name="GRADE_CHECK_MODIFIED_AT_COMMIT"/><h3> GRADE_CHECK_MODIFIED_AT_COMMIT </h3><pre>
public static <span class="diff-html-added">final</span> int <b>GRADE_CHECK_MODIFIED_AT_COMMIT</b></pre><dl><dd>Indicates a low level optimistic synchronization grade with respect to the originating data source. A <code>SyncProvider</code> implementation returning this grade will check only rows that have changed.<p><dl> <dt> <b><span class="diff-html-added">See</span> <span class="diff-html-added">Also:</span> </b>   </dt><dd> <a href="../../../../constant-values.html#javax.sql.rowset.spi.SyncProvider.GRADE_CHECK_MODIFIED_AT_COMMIT"><span class="diff-html-added">Constant</span> <span class="diff-html-added">Field</span> <span class="diff-html-added">Values</span>  </a> </dd> </dl></p>                          </dd></dl> <a end_ctx_id="field:GRADE_CHECK_MODIFIED_AT_COMMIT"/>  </td></tr><tr valign="top"><td bgcolor="#CCCCCC" colspan="1"> <a start_ctx_id="field:GRADE_CHECK_MODIFIED_AT_COMMIT"/><a name="GRADE_CHECK_MODIFIED_AT_COMMIT"/><h3> GRADE_CHECK_MODIFIED_AT_COMMIT </h3><pre>
public static int <b>GRADE_CHECK_MODIFIED_AT_COMMIT</b></pre><dl><dd>Indicates a low level optimistic synchronization grade with respect to the originating data source. A <code>SyncProvider</code> implementation returning this grade will check only rows that have changed.<p><dl/></p>                          </dd></dl> <a end_ctx_id="field:GRADE_CHECK_MODIFIED_AT_COMMIT"/>  </td><td bgcolor="#FFFFFF" colspan="1"> <a start_ctx_id="field:GRADE_CHECK_MODIFIED_AT_COMMIT"/><a name="GRADE_CHECK_MODIFIED_AT_COMMIT"/><h3> GRADE_CHECK_MODIFIED_AT_COMMIT </h3><pre>
public static final int <b>GRADE_CHECK_MODIFIED_AT_COMMIT</b></pre><dl><dd>Indicates a low level optimistic synchronization grade with respect to the originating data source. A <code>SyncProvider</code> implementation returning this grade will check only rows that have changed.<p><dl> <dt> <b>See Also: </b>   </dt><dd> <a href="../../../../constant-values.html#javax.sql.rowset.spi.SyncProvider.GRADE_CHECK_MODIFIED_AT_COMMIT">Constant Field Values  </a> </dd> </dl></p>                          </dd></dl> <a end_ctx_id="field:GRADE_CHECK_MODIFIED_AT_COMMIT"/>  </td></tr></table></td></tr></table><table border="0" cellpadding="1" cellspacing="0" width="100%"><tr><td><h3 class="ctxid">field:GRADE_CHECK_ALL_AT_COMMIT [CHANGED]</h3></td></tr><tr><td><table border="0" cellpadding="5" cellspacing="1" bgcolor="black" width="100%"><tr valign="top"><td bgcolor="#EEEEEE" colspan="2"> <a start_ctx_id="field:GRADE_CHECK_ALL_AT_COMMIT"/><a name="GRADE_CHECK_ALL_AT_COMMIT"/><h3> GRADE_CHECK_ALL_AT_COMMIT </h3><pre>
public static <span class="diff-html-added">final</span> int <b>GRADE_CHECK_ALL_AT_COMMIT</b></pre><dl><dd>Indicates a high level optimistic synchronization grade with respect to the originating data source. A <code>SyncProvider</code> implementation returning this grade will check all rows, including rows that have not changed.<p><dl> <dt> <b><span class="diff-html-added">See</span> <span class="diff-html-added">Also:</span> </b>   </dt><dd> <a href="../../../../constant-values.html#javax.sql.rowset.spi.SyncProvider.GRADE_CHECK_ALL_AT_COMMIT"><span class="diff-html-added">Constant</span> <span class="diff-html-added">Field</span> <span class="diff-html-added">Values</span>  </a> </dd> </dl></p>                             </dd></dl> <a end_ctx_id="field:GRADE_CHECK_ALL_AT_COMMIT"/>  </td></tr><tr valign="top"><td bgcolor="#CCCCCC" colspan="1"> <a start_ctx_id="field:GRADE_CHECK_ALL_AT_COMMIT"/><a name="GRADE_CHECK_ALL_AT_COMMIT"/><h3> GRADE_CHECK_ALL_AT_COMMIT </h3><pre>
public static int <b>GRADE_CHECK_ALL_AT_COMMIT</b></pre><dl><dd>Indicates a high level optimistic synchronization grade with respect to the originating data source. A <code>SyncProvider</code> implementation returning this grade will check all rows, including rows that have not changed.<p><dl/></p>                             </dd></dl> <a end_ctx_id="field:GRADE_CHECK_ALL_AT_COMMIT"/>  </td><td bgcolor="#FFFFFF" colspan="1"> <a start_ctx_id="field:GRADE_CHECK_ALL_AT_COMMIT"/><a name="GRADE_CHECK_ALL_AT_COMMIT"/><h3> GRADE_CHECK_ALL_AT_COMMIT </h3><pre>
public static final int <b>GRADE_CHECK_ALL_AT_COMMIT</b></pre><dl><dd>Indicates a high level optimistic synchronization grade with respect to the originating data source. A <code>SyncProvider</code> implementation returning this grade will check all rows, including rows that have not changed.<p><dl> <dt> <b>See Also: </b>   </dt><dd> <a href="../../../../constant-values.html#javax.sql.rowset.spi.SyncProvider.GRADE_CHECK_ALL_AT_COMMIT">Constant Field Values  </a> </dd> </dl></p>                             </dd></dl> <a end_ctx_id="field:GRADE_CHECK_ALL_AT_COMMIT"/>  </td></tr></table></td></tr></table><table border="0" cellpadding="1" cellspacing="0" width="100%"><tr><td><h3 class="ctxid">field:GRADE_LOCK_WHEN_MODIFIED [CHANGED]</h3></td></tr><tr><td><table border="0" cellpadding="5" cellspacing="1" bgcolor="black" width="100%"><tr valign="top"><td bgcolor="#EEEEEE" colspan="2"> <a start_ctx_id="field:GRADE_LOCK_WHEN_MODIFIED"/><a name="GRADE_LOCK_WHEN_MODIFIED"/><h3> GRADE_LOCK_WHEN_MODIFIED </h3><pre>
public static <span class="diff-html-added">final</span> int <b>GRADE_LOCK_WHEN_MODIFIED</b></pre><dl><dd>Indicates a pessimistic synchronization grade with respect to the originating data source. A <code>SyncProvider</code> implementation returning this grade will lock the row in the originating data source.<p><dl> <dt> <b><span class="diff-html-added">See</span> <span class="diff-html-added">Also:</span> </b>   </dt><dd> <a href="../../../../constant-values.html#javax.sql.rowset.spi.SyncProvider.GRADE_LOCK_WHEN_MODIFIED"><span class="diff-html-added">Constant</span> <span class="diff-html-added">Field</span> <span class="diff-html-added">Values</span>  </a> </dd> </dl></p>                          </dd></dl> <a end_ctx_id="field:GRADE_LOCK_WHEN_MODIFIED"/>  </td></tr><tr valign="top"><td bgcolor="#CCCCCC" colspan="1"> <a start_ctx_id="field:GRADE_LOCK_WHEN_MODIFIED"/><a name="GRADE_LOCK_WHEN_MODIFIED"/><h3> GRADE_LOCK_WHEN_MODIFIED </h3><pre>
public static int <b>GRADE_LOCK_WHEN_MODIFIED</b></pre><dl><dd>Indicates a pessimistic synchronization grade with respect to the originating data source. A <code>SyncProvider</code> implementation returning this grade will lock the row in the originating data source.<p><dl/></p>                          </dd></dl> <a end_ctx_id="field:GRADE_LOCK_WHEN_MODIFIED"/>  </td><td bgcolor="#FFFFFF" colspan="1"> <a start_ctx_id="field:GRADE_LOCK_WHEN_MODIFIED"/><a name="GRADE_LOCK_WHEN_MODIFIED"/><h3> GRADE_LOCK_WHEN_MODIFIED </h3><pre>
public static final int <b>GRADE_LOCK_WHEN_MODIFIED</b></pre><dl><dd>Indicates a pessimistic synchronization grade with respect to the originating data source. A <code>SyncProvider</code> implementation returning this grade will lock the row in the originating data source.<p><dl> <dt> <b>See Also: </b>   </dt><dd> <a href="../../../../constant-values.html#javax.sql.rowset.spi.SyncProvider.GRADE_LOCK_WHEN_MODIFIED">Constant Field Values  </a> </dd> </dl></p>                          </dd></dl> <a end_ctx_id="field:GRADE_LOCK_WHEN_MODIFIED"/>  </td></tr></table></td></tr></table><table border="0" cellpadding="1" cellspacing="0" width="100%"><tr><td><h3 class="ctxid">field:GRADE_LOCK_WHEN_LOADED [CHANGED]</h3></td></tr><tr><td><table border="0" cellpadding="5" cellspacing="1" bgcolor="black" width="100%"><tr valign="top"><td bgcolor="#EEEEEE" colspan="2"> <a start_ctx_id="field:GRADE_LOCK_WHEN_LOADED"/><a name="GRADE_LOCK_WHEN_LOADED"/><h3> GRADE_LOCK_WHEN_LOADED </h3><pre>
public static <span class="diff-html-added">final</span> int <b>GRADE_LOCK_WHEN_LOADED</b></pre><dl><dd>Indicates the most pessimistic synchronization grade with respect to the originating data source. A <code>SyncProvider</code> implementation returning this grade will lock the entire view and/or table affected by the original statement used to populate a <code>RowSet</code> object.<p><dl> <dt> <b><span class="diff-html-added">See</span> <span class="diff-html-added">Also:</span> </b>   </dt><dd> <a href="../../../../constant-values.html#javax.sql.rowset.spi.SyncProvider.GRADE_LOCK_WHEN_LOADED"><span class="diff-html-added">Constant</span> <span class="diff-html-added">Field</span> <span class="diff-html-added">Values</span>  </a> </dd> </dl></p>                                    </dd></dl> <a end_ctx_id="field:GRADE_LOCK_WHEN_LOADED"/>  </td></tr><tr valign="top"><td bgcolor="#CCCCCC" colspan="1"> <a start_ctx_id="field:GRADE_LOCK_WHEN_LOADED"/><a name="GRADE_LOCK_WHEN_LOADED"/><h3> GRADE_LOCK_WHEN_LOADED </h3><pre>
public static int <b>GRADE_LOCK_WHEN_LOADED</b></pre><dl><dd>Indicates the most pessimistic synchronization grade with respect to the originating data source. A <code>SyncProvider</code> implementation returning this grade will lock the entire view and/or table affected by the original statement used to populate a <code>RowSet</code> object.<p><dl/></p>                                    </dd></dl> <a end_ctx_id="field:GRADE_LOCK_WHEN_LOADED"/>  </td><td bgcolor="#FFFFFF" colspan="1"> <a start_ctx_id="field:GRADE_LOCK_WHEN_LOADED"/><a name="GRADE_LOCK_WHEN_LOADED"/><h3> GRADE_LOCK_WHEN_LOADED </h3><pre>
public static final int <b>GRADE_LOCK_WHEN_LOADED</b></pre><dl><dd>Indicates the most pessimistic synchronization grade with respect to the originating data source. A <code>SyncProvider</code> implementation returning this grade will lock the entire view and/or table affected by the original statement used to populate a <code>RowSet</code> object.<p><dl> <dt> <b>See Also: </b>   </dt><dd> <a href="../../../../constant-values.html#javax.sql.rowset.spi.SyncProvider.GRADE_LOCK_WHEN_LOADED">Constant Field Values  </a> </dd> </dl></p>                                    </dd></dl> <a end_ctx_id="field:GRADE_LOCK_WHEN_LOADED"/>  </td></tr></table></td></tr></table><table border="0" cellpadding="1" cellspacing="0" width="100%"><tr><td><h3 class="ctxid">field:DATASOURCE_NO_LOCK [CHANGED]</h3></td></tr><tr><td><table border="0" cellpadding="5" cellspacing="1" bgcolor="black" width="100%"><tr valign="top"><td bgcolor="#EEEEEE" colspan="2"> <a start_ctx_id="field:DATASOURCE_NO_LOCK"/><a name="DATASOURCE_NO_LOCK"/><h3> DATASOURCE_NO_LOCK </h3><pre>
public static <span class="diff-html-added">final</span> int <b>DATASOURCE_NO_LOCK</b></pre><dl><dd>Indicates that no locks remain on the originating data source. This is the default lock setting for all <code>SyncProvider</code> implementations unless otherwise directed by a <code>RowSet</code> object.<p><dl> <dt> <b><span class="diff-html-added">See</span> <span class="diff-html-added">Also:</span> </b>   </dt><dd> <a href="../../../../constant-values.html#javax.sql.rowset.spi.SyncProvider.DATASOURCE_NO_LOCK"><span class="diff-html-added">Constant</span> <span class="diff-html-added">Field</span> <span class="diff-html-added">Values</span>  </a> </dd> </dl></p>                          </dd></dl> <a end_ctx_id="field:DATASOURCE_NO_LOCK"/>  </td></tr><tr valign="top"><td bgcolor="#CCCCCC" colspan="1"> <a start_ctx_id="field:DATASOURCE_NO_LOCK"/><a name="DATASOURCE_NO_LOCK"/><h3> DATASOURCE_NO_LOCK </h3><pre>
public static int <b>DATASOURCE_NO_LOCK</b></pre><dl><dd>Indicates that no locks remain on the originating data source. This is the default lock setting for all <code>SyncProvider</code> implementations unless otherwise directed by a <code>RowSet</code> object.<p><dl/></p>                          </dd></dl> <a end_ctx_id="field:DATASOURCE_NO_LOCK"/>  </td><td bgcolor="#FFFFFF" colspan="1"> <a start_ctx_id="field:DATASOURCE_NO_LOCK"/><a name="DATASOURCE_NO_LOCK"/><h3> DATASOURCE_NO_LOCK </h3><pre>
public static final int <b>DATASOURCE_NO_LOCK</b></pre><dl><dd>Indicates that no locks remain on the originating data source. This is the default lock setting for all <code>SyncProvider</code> implementations unless otherwise directed by a <code>RowSet</code> object.<p><dl> <dt> <b>See Also: </b>   </dt><dd> <a href="../../../../constant-values.html#javax.sql.rowset.spi.SyncProvider.DATASOURCE_NO_LOCK">Constant Field Values  </a> </dd> </dl></p>                          </dd></dl> <a end_ctx_id="field:DATASOURCE_NO_LOCK"/>  </td></tr></table></td></tr></table><table border="0" cellpadding="1" cellspacing="0" width="100%"><tr><td><h3 class="ctxid">field:DATASOURCE_ROW_LOCK [CHANGED]</h3></td></tr><tr><td><table border="0" cellpadding="5" cellspacing="1" bgcolor="black" width="100%"><tr valign="top"><td bgcolor="#EEEEEE" colspan="2"> <a start_ctx_id="field:DATASOURCE_ROW_LOCK"/><a name="DATASOURCE_ROW_LOCK"/><h3> DATASOURCE_ROW_LOCK </h3><pre>
public static <span class="diff-html-added">final</span> int <b>DATASOURCE_ROW_LOCK</b></pre><dl><dd>Indicates that a lock is placed on the rows that are touched by the original SQL statement used to populate the <code>RowSet</code> object that is using this <code>SyncProvider</code> object.<p><dl> <dt> <b><span class="diff-html-added">See</span> <span class="diff-html-added">Also:</span> </b>   </dt><dd> <a href="../../../../constant-values.html#javax.sql.rowset.spi.SyncProvider.DATASOURCE_ROW_LOCK"><span class="diff-html-added">Constant</span> <span class="diff-html-added">Field</span> <span class="diff-html-added">Values</span>  </a> </dd> </dl></p>                            </dd></dl> <a end_ctx_id="field:DATASOURCE_ROW_LOCK"/>  </td></tr><tr valign="top"><td bgcolor="#CCCCCC" colspan="1"> <a start_ctx_id="field:DATASOURCE_ROW_LOCK"/><a name="DATASOURCE_ROW_LOCK"/><h3> DATASOURCE_ROW_LOCK </h3><pre>
public static int <b>DATASOURCE_ROW_LOCK</b></pre><dl><dd>Indicates that a lock is placed on the rows that are touched by the original SQL statement used to populate the <code>RowSet</code> object that is using this <code>SyncProvider</code> object.<p><dl/></p>                            </dd></dl> <a end_ctx_id="field:DATASOURCE_ROW_LOCK"/>  </td><td bgcolor="#FFFFFF" colspan="1"> <a start_ctx_id="field:DATASOURCE_ROW_LOCK"/><a name="DATASOURCE_ROW_LOCK"/><h3> DATASOURCE_ROW_LOCK </h3><pre>
public static final int <b>DATASOURCE_ROW_LOCK</b></pre><dl><dd>Indicates that a lock is placed on the rows that are touched by the original SQL statement used to populate the <code>RowSet</code> object that is using this <code>SyncProvider</code> object.<p><dl> <dt> <b>See Also: </b>   </dt><dd> <a href="../../../../constant-values.html#javax.sql.rowset.spi.SyncProvider.DATASOURCE_ROW_LOCK">Constant Field Values  </a> </dd> </dl></p>                            </dd></dl> <a end_ctx_id="field:DATASOURCE_ROW_LOCK"/>  </td></tr></table></td></tr></table><table border="0" cellpadding="1" cellspacing="0" width="100%"><tr><td><h3 class="ctxid">field:DATASOURCE_TABLE_LOCK [CHANGED]</h3></td></tr><tr><td><table border="0" cellpadding="5" cellspacing="1" bgcolor="black" width="100%"><tr valign="top"><td bgcolor="#EEEEEE" colspan="2"> <a start_ctx_id="field:DATASOURCE_TABLE_LOCK"/><a name="DATASOURCE_TABLE_LOCK"/><h3> DATASOURCE_TABLE_LOCK </h3><pre>
public static <span class="diff-html-added">final</span> int <b>DATASOURCE_TABLE_LOCK</b></pre><dl><dd>Indicates that a lock is placed on all tables that are touched by the original SQL statement used to populate the <code>RowSet</code> object that is using this <code>SyncProvider</code> object.<p><dl> <dt> <b><span class="diff-html-added">See</span> <span class="diff-html-added">Also:</span> </b>   </dt><dd> <a href="../../../../constant-values.html#javax.sql.rowset.spi.SyncProvider.DATASOURCE_TABLE_LOCK"><span class="diff-html-added">Constant</span> <span class="diff-html-added">Field</span> <span class="diff-html-added">Values</span>  </a> </dd> </dl></p>                            </dd></dl> <a end_ctx_id="field:DATASOURCE_TABLE_LOCK"/>  </td></tr><tr valign="top"><td bgcolor="#CCCCCC" colspan="1"> <a start_ctx_id="field:DATASOURCE_TABLE_LOCK"/><a name="DATASOURCE_TABLE_LOCK"/><h3> DATASOURCE_TABLE_LOCK </h3><pre>
public static int <b>DATASOURCE_TABLE_LOCK</b></pre><dl><dd>Indicates that a lock is placed on all tables that are touched by the original SQL statement used to populate the <code>RowSet</code> object that is using this <code>SyncProvider</code> object.<p><dl/></p>                            </dd></dl> <a end_ctx_id="field:DATASOURCE_TABLE_LOCK"/>  </td><td bgcolor="#FFFFFF" colspan="1"> <a start_ctx_id="field:DATASOURCE_TABLE_LOCK"/><a name="DATASOURCE_TABLE_LOCK"/><h3> DATASOURCE_TABLE_LOCK </h3><pre>
public static final int <b>DATASOURCE_TABLE_LOCK</b></pre><dl><dd>Indicates that a lock is placed on all tables that are touched by the original SQL statement used to populate the <code>RowSet</code> object that is using this <code>SyncProvider</code> object.<p><dl> <dt> <b>See Also: </b>   </dt><dd> <a href="../../../../constant-values.html#javax.sql.rowset.spi.SyncProvider.DATASOURCE_TABLE_LOCK">Constant Field Values  </a> </dd> </dl></p>                            </dd></dl> <a end_ctx_id="field:DATASOURCE_TABLE_LOCK"/>  </td></tr></table></td></tr></table><table border="0" cellpadding="1" cellspacing="0" width="100%"><tr><td><h3 class="ctxid">field:DATASOURCE_DB_LOCK [CHANGED]</h3></td></tr><tr><td><table border="0" cellpadding="5" cellspacing="1" bgcolor="black" width="100%"><tr valign="top"><td bgcolor="#EEEEEE" colspan="2"> <a start_ctx_id="field:DATASOURCE_DB_LOCK"/><a name="DATASOURCE_DB_LOCK"/><h3> DATASOURCE_DB_LOCK </h3><pre>
public static <span class="diff-html-added">final</span> int <b>DATASOURCE_DB_LOCK</b></pre><dl><dd>Indicates that a lock is placed on the entire data source that is the source of data for the <code>RowSet</code> object that is using this <code>SyncProvider</code> object.<p><dl> <dt> <b><span class="diff-html-added">See</span> <span class="diff-html-added">Also:</span> </b>   </dt><dd> <a href="../../../../constant-values.html#javax.sql.rowset.spi.SyncProvider.DATASOURCE_DB_LOCK"><span class="diff-html-added">Constant</span> <span class="diff-html-added">Field</span> <span class="diff-html-added">Values</span>  </a> </dd> </dl></p>                          </dd></dl> <a end_ctx_id="field:DATASOURCE_DB_LOCK"/>  </td></tr><tr valign="top"><td bgcolor="#CCCCCC" colspan="1"> <a start_ctx_id="field:DATASOURCE_DB_LOCK"/><a name="DATASOURCE_DB_LOCK"/><h3> DATASOURCE_DB_LOCK </h3><pre>
public static int <b>DATASOURCE_DB_LOCK</b></pre><dl><dd>Indicates that a lock is placed on the entire data source that is the source of data for the <code>RowSet</code> object that is using this <code>SyncProvider</code> object.<p><dl/></p>                          </dd></dl> <a end_ctx_id="field:DATASOURCE_DB_LOCK"/>  </td><td bgcolor="#FFFFFF" colspan="1"> <a start_ctx_id="field:DATASOURCE_DB_LOCK"/><a name="DATASOURCE_DB_LOCK"/><h3> DATASOURCE_DB_LOCK </h3><pre>
public static final int <b>DATASOURCE_DB_LOCK</b></pre><dl><dd>Indicates that a lock is placed on the entire data source that is the source of data for the <code>RowSet</code> object that is using this <code>SyncProvider</code> object.<p><dl> <dt> <b>See Also: </b>   </dt><dd> <a href="../../../../constant-values.html#javax.sql.rowset.spi.SyncProvider.DATASOURCE_DB_LOCK">Constant Field Values  </a> </dd> </dl></p>                          </dd></dl> <a end_ctx_id="field:DATASOURCE_DB_LOCK"/>  </td></tr></table></td></tr></table><table border="0" cellpadding="1" cellspacing="0" width="100%"><tr><td><h3 class="ctxid">field:UPDATABLE_VIEW_SYNC [CHANGED]</h3></td></tr><tr><td><table border="0" cellpadding="5" cellspacing="1" bgcolor="black" width="100%"><tr valign="top"><td bgcolor="#EEEEEE" colspan="2"> <a start_ctx_id="field:UPDATABLE_VIEW_SYNC"/><a name="UPDATABLE_VIEW_SYNC"/><h3> UPDATABLE_VIEW_SYNC </h3><pre>
public static <span class="diff-html-added">final</span> int <b>UPDATABLE_VIEW_SYNC</b></pre><dl><dd>Indicates that a <code>SyncProvider</code> implementation supports synchronization between a <code>RowSet</code> object and the SQL <code>VIEW</code> used to populate it.<p><dl> <dt> <b><span class="diff-html-added">See</span> <span class="diff-html-added">Also:</span> </b>   </dt><dd> <a href="../../../../constant-values.html#javax.sql.rowset.spi.SyncProvider.UPDATABLE_VIEW_SYNC"><span class="diff-html-added">Constant</span> <span class="diff-html-added">Field</span> <span class="diff-html-added">Values</span>  </a> </dd> </dl></p>                  </dd></dl> <a end_ctx_id="field:UPDATABLE_VIEW_SYNC"/>  </td></tr><tr valign="top"><td bgcolor="#CCCCCC" colspan="1"> <a start_ctx_id="field:UPDATABLE_VIEW_SYNC"/><a name="UPDATABLE_VIEW_SYNC"/><h3> UPDATABLE_VIEW_SYNC </h3><pre>
public static int <b>UPDATABLE_VIEW_SYNC</b></pre><dl><dd>Indicates that a <code>SyncProvider</code> implementation supports synchronization between a <code>RowSet</code> object and the SQL <code>VIEW</code> used to populate it.<p><dl/></p>                  </dd></dl> <a end_ctx_id="field:UPDATABLE_VIEW_SYNC"/>  </td><td bgcolor="#FFFFFF" colspan="1"> <a start_ctx_id="field:UPDATABLE_VIEW_SYNC"/><a name="UPDATABLE_VIEW_SYNC"/><h3> UPDATABLE_VIEW_SYNC </h3><pre>
public static final int <b>UPDATABLE_VIEW_SYNC</b></pre><dl><dd>Indicates that a <code>SyncProvider</code> implementation supports synchronization between a <code>RowSet</code> object and the SQL <code>VIEW</code> used to populate it.<p><dl> <dt> <b>See Also: </b>   </dt><dd> <a href="../../../../constant-values.html#javax.sql.rowset.spi.SyncProvider.UPDATABLE_VIEW_SYNC">Constant Field Values  </a> </dd> </dl></p>                  </dd></dl> <a end_ctx_id="field:UPDATABLE_VIEW_SYNC"/>  </td></tr></table></td></tr></table><table border="0" cellpadding="1" cellspacing="0" width="100%"><tr><td><h3 class="ctxid">field:NONUPDATABLE_VIEW_SYNC [CHANGED]</h3></td></tr><tr><td><table border="0" cellpadding="5" cellspacing="1" bgcolor="black" width="100%"><tr valign="top"><td bgcolor="#EEEEEE" colspan="2"> <a start_ctx_id="field:NONUPDATABLE_VIEW_SYNC"/><a name="NONUPDATABLE_VIEW_SYNC"/><h3> NONUPDATABLE_VIEW_SYNC </h3><pre>
public static <span class="diff-html-added">final</span> int <b>NONUPDATABLE_VIEW_SYNC</b></pre><dl><dd>Indicates that a <code>SyncProvider</code> implementation does <b>not</b> support synchronization between a <code>RowSet</code> object and the SQL <code>VIEW</code> used to populate it.<p><dl> <dt> <b><span class="diff-html-added">See</span> <span class="diff-html-added">Also:</span> </b>   </dt><dd> <a href="../../../../constant-values.html#javax.sql.rowset.spi.SyncProvider.NONUPDATABLE_VIEW_SYNC"><span class="diff-html-added">Constant</span> <span class="diff-html-added">Field</span> <span class="diff-html-added">Values</span>  </a> </dd> </dl></p>                    </dd></dl> <a end_ctx_id="field:NONUPDATABLE_VIEW_SYNC"/>  </td></tr><tr valign="top"><td bgcolor="#CCCCCC" colspan="1"> <a start_ctx_id="field:NONUPDATABLE_VIEW_SYNC"/><a name="NONUPDATABLE_VIEW_SYNC"/><h3> NONUPDATABLE_VIEW_SYNC </h3><pre>
public static int <b>NONUPDATABLE_VIEW_SYNC</b></pre><dl><dd>Indicates that a <code>SyncProvider</code> implementation does <b>not</b> support synchronization between a <code>RowSet</code> object and the SQL <code>VIEW</code> used to populate it.<p><dl/></p>                    </dd></dl> <a end_ctx_id="field:NONUPDATABLE_VIEW_SYNC"/>  </td><td bgcolor="#FFFFFF" colspan="1"> <a start_ctx_id="field:NONUPDATABLE_VIEW_SYNC"/><a name="NONUPDATABLE_VIEW_SYNC"/><h3> NONUPDATABLE_VIEW_SYNC </h3><pre>
public static final int <b>NONUPDATABLE_VIEW_SYNC</b></pre><dl><dd>Indicates that a <code>SyncProvider</code> implementation does <b>not</b> support synchronization between a <code>RowSet</code> object and the SQL <code>VIEW</code> used to populate it.<p><dl> <dt> <b>See Also: </b>   </dt><dd> <a href="../../../../constant-values.html#javax.sql.rowset.spi.SyncProvider.NONUPDATABLE_VIEW_SYNC">Constant Field Values  </a> </dd> </dl></p>                    </dd></dl> <a end_ctx_id="field:NONUPDATABLE_VIEW_SYNC"/>  </td></tr></table></td></tr></table><table border="0" cellpadding="1" cellspacing="0" width="100%"><tr><td><h3 class="ctxid">constructor:SyncProvider() [NONE]</h3></td></tr><tr><td><table border="0" cellpadding="5" cellspacing="1" bgcolor="black" width="100%"><tr valign="top"><td bgcolor="#FFFFFF" colspan="1"> <a start_ctx_id="constructor:SyncProvider()"/><a name="SyncProvider()"/><h3> SyncProvider </h3><pre>
public <b>SyncProvider</b>()</pre><dl><dd>Creates a default <code>SyncProvider</code> object.<p/>    </dd></dl> <a end_ctx_id="constructor:SyncProvider()"/>  </td></tr></table></td></tr></table><table border="0" cellpadding="1" cellspacing="0" width="100%"><tr><td><h3 class="ctxid">method:getProviderID() [NONE]</h3></td></tr><tr><td><table border="0" cellpadding="5" cellspacing="1" bgcolor="black" width="100%"><tr valign="top"><td bgcolor="#FFFFFF" colspan="1"> <a start_ctx_id="method:getProviderID()"/><a name="getProviderID()"/><h3> getProviderID </h3><pre>
public abstract java.lang.String <b>getProviderID</b>()</pre><dl><dd>Returns the unique identifier for this <code>SyncProvider</code> object.<p/>       </dd><dd><dl> <dt> <b>Returns:</b>   </dt><dd>a <code>String</code> object with the fully qualified class name of this <code>SyncProvider</code> object            </dd> </dl></dd></dl> <a end_ctx_id="method:getProviderID()"/>  </td></tr></table></td></tr></table><table border="0" cellpadding="1" cellspacing="0" width="100%"><tr><td><h3 class="ctxid">method:getRowSetReader() [NONE]</h3></td></tr><tr><td><table border="0" cellpadding="5" cellspacing="1" bgcolor="black" width="100%"><tr valign="top"><td bgcolor="#FFFFFF" colspan="1"> <a start_ctx_id="method:getRowSetReader()"/><a name="getRowSetReader()"/><h3> getRowSetReader </h3><pre>
public abstract <a href="../../../../javax/sql/RowSetReader.html" title="interface in javax.sql">RowSetReader</a><b>getRowSetReader</b>()</pre><dl><dd>Returns a <code>javax.sql.RowSetReader</code> object, which can be used to populate a <code>RowSet</code> object with data.<p/>              </dd><dd><dl> <dt> <b>Returns:</b>   </dt><dd>a <code>javax.sql.RowSetReader</code> object  </dd> </dl></dd></dl> <a end_ctx_id="method:getRowSetReader()"/>  </td></tr></table></td></tr></table><table border="0" cellpadding="1" cellspacing="0" width="100%"><tr><td><h3 class="ctxid">method:getRowSetWriter() [NONE]</h3></td></tr><tr><td><table border="0" cellpadding="5" cellspacing="1" bgcolor="black" width="100%"><tr valign="top"><td bgcolor="#FFFFFF" colspan="1"> <a start_ctx_id="method:getRowSetWriter()"/><a name="getRowSetWriter()"/><h3> getRowSetWriter </h3><pre>
public abstract <a href="../../../../javax/sql/RowSetWriter.html" title="interface in javax.sql">RowSetWriter</a><b>getRowSetWriter</b>()</pre><dl><dd>Returns a <code>javax.sql.RowSetWriter</code> object, which can be used to write a <code>RowSet</code> object's data back to the underlying data source.<p/>                   </dd><dd><dl> <dt> <b>Returns:</b>   </dt><dd>a <code>javax.sql.RowSetWriter</code> object  </dd> </dl></dd></dl> <a end_ctx_id="method:getRowSetWriter()"/>  </td></tr></table></td></tr></table><table border="0" cellpadding="1" cellspacing="0" width="100%"><tr><td><h3 class="ctxid">method:getProviderGrade() [NONE]</h3></td></tr><tr><td><table border="0" cellpadding="5" cellspacing="1" bgcolor="black" width="100%"><tr valign="top"><td bgcolor="#FFFFFF" colspan="1"> <a start_ctx_id="method:getProviderGrade()"/><a name="getProviderGrade()"/><h3> getProviderGrade </h3><pre>
public abstract int <b>getProviderGrade</b>()</pre><dl><dd>Returns a constant indicating the grade of synchronization a <code>RowSet</code> object can expect from this <code>SyncProvider</code> object.<p/>                </dd><dd><dl> <dt> <b>Returns:</b>   </dt><dd>an int that is one of the following constants: SyncProvider.GRADE_NONE, SyncProvider.GRADE_CHECK_MODIFIED_AT_COMMIT, SyncProvider.GRADE_CHECK_ALL_AT_COMMIT, SyncProvider.GRADE_LOCK_WHEN_MODIFIED, SyncProvider.GRADE_LOCK_WHEN_LOADED             </dd> </dl></dd></dl> <a end_ctx_id="method:getProviderGrade()"/>  </td></tr></table></td></tr></table><table border="0" cellpadding="1" cellspacing="0" width="100%"><tr><td><h3 class="ctxid">method:setDataSourceLock(int) [NONE]</h3></td></tr><tr><td><table border="0" cellpadding="5" cellspacing="1" bgcolor="black" width="100%"><tr valign="top"><td bgcolor="#FFFFFF" colspan="1"> <a start_ctx_id="method:setDataSourceLock(int)"/><a name="setDataSourceLock(int)"/><h3> setDataSourceLock </h3><pre>
public abstract void <b>setDataSourceLock</b>(int datasource_lock)
                                throws <a href="../../../../javax/sql/rowset/spi/SyncProviderException.html" title="class in javax.sql.rowset.spi">SyncProviderException</a></pre><dl><dd>Sets a lock on the underlying data source at the level indicated by <i>datasource_lock</i>. This should cause the <code>SyncProvider</code> to adjust its behavior by increasing or decreasing the level of optimism it provides for a successful synchronization.<p/>                                    </dd><dd><dl> <dt> <b>Parameters:</b>   </dt><dd> <code>datasource_lock</code> - one of the following constants indicating the severity level of data source lock required:<pre>
           SyncProvider.DATASOURCE_NO_LOCK,
           SyncProvider.DATASOURCE_ROW_LOCK,
           SyncProvider.DATASOURCE_TABLE_LOCK,
           SyncProvider.DATASOURCE_DB_LOCK,
 </pre>                </dd> <dt> <b>Throws:</b>   </dt><dd> <code><a href="../../../../javax/sql/rowset/spi/SyncProviderException.html" title="class in javax.sql.rowset.spi">SyncProviderException</a></code> - if an unsupported data source locking level is set.           </dd> <dt> <b>See Also: </b>   </dt><dd> <a href="../../../../javax/sql/rowset/spi/SyncProvider.html#getDataSourceLock()"><code>getDataSourceLock()</code></a> </dd>   </dl></dd></dl> <a end_ctx_id="method:setDataSourceLock(int)"/>  </td></tr></table></td></tr></table><table border="0" cellpadding="1" cellspacing="0" width="100%"><tr><td><h3 class="ctxid">method:getDataSourceLock() [NONE]</h3></td></tr><tr><td><table border="0" cellpadding="5" cellspacing="1" bgcolor="black" width="100%"><tr valign="top"><td bgcolor="#FFFFFF" colspan="1"> <a start_ctx_id="method:getDataSourceLock()"/><a name="getDataSourceLock()"/><h3> getDataSourceLock </h3><pre>
public abstract int <b>getDataSourceLock</b>()
                               throws <a href="../../../../javax/sql/rowset/spi/SyncProviderException.html" title="class in javax.sql.rowset.spi">SyncProviderException</a></pre><dl><dd>Returns the current data source lock severity level active in this <code>SyncProvider</code> implementation.<p/>            </dd><dd><dl> <dt> <b>Returns:</b>   </dt><dd>a constant indicating the current level of data source lock active in this <code>SyncProvider</code> object; one of the following:<pre>
           SyncProvider.DATASOURCE_NO_LOCK,
           SyncProvider.DATASOURCE_ROW_LOCK,
           SyncProvider.DATASOURCE_TABLE_LOCK,
           SyncProvider.DATASOURCE_DB_LOCK
 </pre>                  </dd> <dt> <b>Throws:</b>   </dt><dd> <code>SyncProviderExceptiom</code> - if an error occurs determining the data source locking level.            </dd><dd> <code><a href="../../../../javax/sql/rowset/spi/SyncProviderException.html" title="class in javax.sql.rowset.spi">SyncProviderException</a></code> </dd> <dt> <b>See Also: </b>   </dt><dd> <a href="../../../../javax/sql/rowset/spi/SyncProvider.html#setDataSourceLock(int)"><code>setDataSourceLock(int)</code></a> </dd>   </dl></dd></dl> <a end_ctx_id="method:getDataSourceLock()"/>  </td></tr></table></td></tr></table><table border="0" cellpadding="1" cellspacing="0" width="100%"><tr><td><h3 class="ctxid">method:supportsUpdatableView() [NONE]</h3></td></tr><tr><td><table border="0" cellpadding="5" cellspacing="1" bgcolor="black" width="100%"><tr valign="top"><td bgcolor="#FFFFFF" colspan="1"> <a start_ctx_id="method:supportsUpdatableView()"/><a name="supportsUpdatableView()"/><h3> supportsUpdatableView </h3><pre>
public abstract int <b>supportsUpdatableView</b>()</pre><dl><dd>Returns whether this <code>SyncProvider</code> implementation can perform synchronization between a <code>RowSet</code> object and the SQL <code>VIEW</code> in the data source from which the <code>RowSet</code> object got its data.<p/>                           </dd><dd><dl> <dt> <b>Returns:</b>   </dt><dd>an <code>int</code> saying whether this <code>SyncProvider</code> object supports updating an SQL <code>VIEW</code>; one of the following: SyncProvider.UPDATABLE_VIEW_SYNC, SyncProvider.NONUPDATABLE_VIEW_SYNC                 </dd> </dl></dd></dl> <a end_ctx_id="method:supportsUpdatableView()"/>  </td></tr></table></td></tr></table><table border="0" cellpadding="1" cellspacing="0" width="100%"><tr><td><h3 class="ctxid">method:getVersion() [NONE]</h3></td></tr><tr><td><table border="0" cellpadding="5" cellspacing="1" bgcolor="black" width="100%"><tr valign="top"><td bgcolor="#FFFFFF" colspan="1"> <a start_ctx_id="method:getVersion()"/><a name="getVersion()"/><h3> getVersion </h3><pre>
public abstract java.lang.String <b>getVersion</b>()</pre><dl><dd>Returns the release version of this <code>SyncProvider</code> instance.<p/>       </dd><dd><dl> <dt> <b>Returns:</b>   </dt><dd>a <code>String</code> detailing the release version of the <code>SyncProvider</code> implementation         </dd> </dl></dd></dl> <a end_ctx_id="method:getVersion()"/>  </td></tr></table></td></tr></table><table border="0" cellpadding="1" cellspacing="0" width="100%"><tr><td><h3 class="ctxid">method:getVendor() [NONE]</h3></td></tr><tr><td><table border="0" cellpadding="5" cellspacing="1" bgcolor="black" width="100%"><tr valign="top"><td bgcolor="#FFFFFF" colspan="1"> <a start_ctx_id="method:getVendor()"/><a name="getVendor()"/><h3> getVendor </h3><pre>
public abstract java.lang.String <b>getVendor</b>()</pre><dl><dd>Returns the vendor name of this <code>SyncProvider</code> instance<p/>       </dd><dd><dl> <dt> <b>Returns:</b>   </dt><dd>a <code>String</code> detailing the vendor name of this <code>SyncProvider</code> implementation         </dd> </dl></dd></dl> <a end_ctx_id="method:getVendor()"/>  </td></tr></table></td></tr></table></diff></diffreport>