<?xml version="1.0" encoding="UTF-8" standalone="yes"?><Document><name>javax/sql/rowset/spi/SyncProviderException.spec</name><Context><name>class:SyncProviderException</name><mt>NONE</mt></Context><Context><name>constructor:SyncProviderException()</name><mt>NONE</mt></Context><Context><name>constructor:SyncProviderException(java.lang.String)</name><mt>NONE</mt></Context><Context><name>constructor:SyncProviderException(javax.sql.rowset.spi.SyncResolver)</name><mt>NONE</mt></Context><Context><name>method:getSyncResolver()</name><mt>NONE</mt></Context><Context><name>method:setSyncResolver(javax.sql.rowset.spi.SyncResolver)</name><mt>NONE</mt></Context><Stat><name>javax/sql/rowset/spi/SyncProviderException.spec</name><mt>NONE</mt><Group name="context"><Item count="0" name="ADDED"/><Item count="0" name="REMOVED"/><Item count="0" name="CHANGED"/><Item count="0" name="MODIFIED"/><Item count="6" name="TOTAL"/></Group><Group name="assertion"><Item count="0" name="ADDED"/><Item count="0" name="REMOVED"/><Item count="0" name="CHANGED"/><Item count="0" name="MODIFIED"/><Item count="0" name="TOTAL"/></Group></Stat></Document>