<?xml version="1.0" encoding="UTF-8" standalone="yes"?><Document><name>javax/sql/rowset/spi/SyncProvider.spec</name><Context><name>class:SyncProvider</name><mt>CHANGED</mt></Context><Context><name>constructor:SyncProvider()</name><mt>NONE</mt></Context><Context><name>field:DATASOURCE_DB_LOCK</name><mt>CHANGED</mt></Context><Context><name>field:DATASOURCE_NO_LOCK</name><mt>CHANGED</mt></Context><Context><name>field:DATASOURCE_ROW_LOCK</name><mt>CHANGED</mt></Context><Context><name>field:DATASOURCE_TABLE_LOCK</name><mt>CHANGED</mt></Context><Context><name>field:GRADE_CHECK_ALL_AT_COMMIT</name><mt>CHANGED</mt></Context><Context><name>field:GRADE_CHECK_MODIFIED_AT_COMMIT</name><mt>CHANGED</mt></Context><Context><name>field:GRADE_LOCK_WHEN_LOADED</name><mt>CHANGED</mt></Context><Context><name>field:GRADE_LOCK_WHEN_MODIFIED</name><mt>CHANGED</mt></Context><Context><name>field:GRADE_NONE</name><mt>CHANGED</mt></Context><Context><name>field:NONUPDATABLE_VIEW_SYNC</name><mt>CHANGED</mt></Context><Context><name>field:UPDATABLE_VIEW_SYNC</name><mt>CHANGED</mt></Context><Context><name>method:getDataSourceLock()</name><mt>NONE</mt></Context><Context><name>method:getProviderGrade()</name><mt>NONE</mt></Context><Context><name>method:getProviderID()</name><mt>NONE</mt></Context><Context><name>method:getRowSetReader()</name><mt>NONE</mt></Context><Context><name>method:getRowSetWriter()</name><mt>NONE</mt></Context><Context><name>method:getVendor()</name><mt>NONE</mt></Context><Context><name>method:getVersion()</name><mt>NONE</mt></Context><Context><name>method:setDataSourceLock(int)</name><mt>NONE</mt></Context><Context><name>method:supportsUpdatableView()</name><mt>NONE</mt></Context><Stat><name>javax/sql/rowset/spi/SyncProvider.spec</name><mt>CHANGED</mt><Group name="context"><Item count="0" name="ADDED"/><Item count="0" name="REMOVED"/><Item count="12" name="CHANGED"/><Item count="12" name="MODIFIED"/><Item count="22" name="TOTAL"/></Group><Group name="assertion"><Item count="0" name="ADDED"/><Item count="0" name="REMOVED"/><Item count="0" name="CHANGED"/><Item count="0" name="MODIFIED"/><Item count="0" name="TOTAL"/></Group></Stat></Document>