<?xml version="1.0" encoding="UTF-8"?><diffreport><diff><table border="0" cellpadding="1" cellspacing="0" width="100%"><tr><td><h3 class="ctxid">class:SyncFactory [CHANGED]</h3></td></tr><tr><td><table border="0" cellpadding="5" cellspacing="1" bgcolor="black" width="100%"><tr valign="top"><td bgcolor="#EEEEEE" colspan="2"> <a start_ctx_id="class:SyncFactory"/><dl> <dt><pre>public class <b>SyncFactory</b></pre>  </dt> <dt>extends java.lang.Object </dt>  </dl><p> The Service Provider Interface (SPI) mechanism that generates <code>SyncProvider</code> instances to be used by disconnected <code>RowSet</code> objects. The <code>SyncProvider</code> instances in turn provide the <code>javax.sql.RowSetReader</code> object the <code>RowSet</code> object needs to populate itself with data and the <code>javax.sql.RowSetWriter</code> object it needs to propagate changes to its data back to the underlying data source.                                                     </p><p> Because the methods in the <code>SyncFactory</code> class are all static, there is only one <code>SyncFactory</code> object per Java VM at any one time. This ensures that there is a single source from which a <code>RowSet</code> implementation can obtain its <code>SyncProvider</code> implementation.                                         </p><p/><h3>1.0 Overview </h3> The <code>SyncFactory</code> class provides an internal registry of available synchronization provider implementations (<code>SyncProvider</code> objects). This registry may be queried to determine which synchronization providers are available. The following line of code gets an enumeration of the providers currently registered.<pre>
     java.util.Enumeration e = SyncFactory.getRegisteredProviders();
 </pre> All standard <code>RowSet</code> implementations must provide at least two providers:<ul><li>an optimistic provider for use with a <code>CachedRowSet</code> implementation or an implementation derived from it              </li><li>an XML provider, which is used for reading and writing XML, such as with <code>WebRowSet</code> objects               </li></ul> Note that the JDBC RowSet Implementations include the <code>SyncProvider</code> implemtations <code>RIOptimisticProvider</code> and <code>RIXmlProvider</code>, which satisfy this requirement.<p> The <code>SyncFactory</code> class provides accessor methods to assist applications in determining which synchronization providers are currently registered with the <code>SyncFactory</code>.                    </p><p> Other methods let <code>RowSet</code> persistence providers be registered or de-registered with the factory mechanism. This allows additional synchronization provider implementations to be made available to <code>RowSet</code> objects at run time.                              </p><p> Applications can apply a degree of filtering to determine the level of synchronization that a <code>SyncProvider</code> implementation offers. The following criteria determine whether a provider is made available to a <code>RowSet</code> object:<ol><li>If a particular provider is specified by a <code>RowSet</code> object, and the <code>SyncFactory</code> does not contain a reference to this provider, a <code>SyncFactoryException</code> is thrown stating that the synchronization provider could not be found.<p/>                                 </li><li>If a <code>RowSet</code> implementation is instantiated with a specified provider and the specified provider has been properly registered, the requested provider is supplied. Otherwise a <code>SyncFactoryException</code> is thrown.<p/>                           </li><li>If a <code>RowSet</code> object does not specify a <code>SyncProvider</code> implementation and no additional <code>SyncProvider</code> implementations are available, the reference implementation providers are supplied.                      </li></ol>                                </p><h3>2.0 Registering <code>SyncProvider</code> Implementations   </h3><p> Both vendors and developers can register <code>SyncProvider</code> implementations using one of the following mechanisms.<ul><li> <b>Using the command line   </b> <br/> The name of the provider is supplied on the command line, which will add the provider to the system properties. For example:<pre>
    -Drowset.provider.classname=com.fred.providers.HighAvailabilityProvider
 </pre>                        </li><li> <b>Using the Standard Properties File    </b> <br/> The reference implementation is targeted to ship with J2SE 1.5, which will include an additional resource file that may be edited by hand. Here is an example of the properties file included in the reference implementation:<pre>
   #Default JDBC RowSet sync providers listing
   #

   # Optimistic synchronization provider
   rowset.provider.classname.0=com.sun.rowset.providers.RIOptimisticProvider
   rowset.provider.vendor.0=<span class="diff-html-removed">Sun</span><span class="diff-html-added">Oracle</span> <span class="diff-html-removed">MicrosystemsInc</span><span class="diff-html-added">Corporation</span>
   rowset.provider.version.0=1.0

   # XML Provider using standard XML schema
   rowset.provider.classname.1=com.sun.rowset.providers.RIXMLProvider
   rowset.provider.vendor.1=<span class="diff-html-removed">Sun</span><span class="diff-html-added">Oracle</span> <span class="diff-html-removed">MicrosystemsInc.</span><span class="diff-html-added">Corporation</span>
   rowset.provider.version.1=1.0
 </pre> The <code>SyncFactory</code> checks this file and registers the <code>SyncProvider</code> implementations that it contains. A developer or vendor can add other implementations to this file. For example, here is a possible addition:<pre>
     rowset.provider.classname.2=com.fred.providers.HighAvailabilityProvider
     rowset.provider.vendor.2=Fred, Inc.
     rowset.provider.version.2=1.0
 </pre><p/>                                                                     </li><li> <b>Using a JNDI Context   </b> <br/> Available providers can be registered on a JNDI context, and the <code>SyncFactory</code> will attempt to load <code>SyncProvider</code> implementations from that JNDI context. For example, the following code fragment registers a provider implementation on a JNDI context. This is something a deployer would normally do. In this example, <code>MyProvider</code> is being registered on a CosNaming namespace, which is the namespace used by J2EE resources.<pre>
    import javax.naming.*;

    Hashtable svrEnv = new  Hashtable();
    srvEnv.put(Context.INITIAL_CONTEXT_FACTORY, "CosNaming");

    Context ctx = new InitialContext(svrEnv);
    com.fred.providers.MyProvider = new MyProvider();
    ctx.rebind("providers/MyProvider", syncProvider);
 </pre>                                                                 </li></ul> Next, an application will register the JNDI context with the <code>SyncFactory</code> instance. This allows the <code>SyncFactory</code> to browse within the JNDI context looking for <code>SyncProvider</code> implementations.<pre>
    Hashtable appEnv = new Hashtable();
    appEnv.put(Context.INITIAL_CONTEXT_FACTORY, "CosNaming");
    appEnv.put(Context.PROVIDER_URL, "iiop://hostname/providers");
    Context ctx = new InitialContext(appEnv);

    SyncFactory.registerJNDIContext(ctx);
 </pre> If a <code>RowSet</code> object attempts to obtain a <code>MyProvider</code> object, the <code>SyncFactory</code> will try to locate it. First it searches for it in the system properties, then it looks in the resource files, and finally it checks the JNDI context that has been set. The <code>SyncFactory</code> instance verifies that the requested provider is a valid extension of the <code>SyncProvider</code> abstract class and then gives it to the <code>RowSet</code> object. In the following code fragment, a new <code>CachedRowSet</code> object is created and initialized with <i>env</i>, which contains the binding to <code>MyProvider</code>.<pre>
    Hashtable env = new Hashtable();
    env.put(SyncFactory.ROWSET_SYNC_PROVIDER, "com.fred.providers.MyProvider");
    CachedRowSet crs = new com.sun.rowset.CachedRowSetImpl(env);
 </pre> Further details on these mechanisms are available in the <code>javax.sql.rowset.spi</code> package specification.                                                                                                                                              </p><p/><p><dl> <dt> <b>See Also: </b>   </dt><dd> <a href="../../../../javax/sql/rowset/spi/SyncProvider.html" title="class in javax.sql.rowset.spi"><code>SyncProvider</code></a>, <a href="../../../../javax/sql/rowset/spi/SyncFactoryException.html" title="class in javax.sql.rowset.spi"><code>SyncFactoryException</code></a>  </dd> </dl> <a end_ctx_id="class:SyncFactory"/> </p>                                                                   </td></tr><tr valign="top"><td bgcolor="#CCCCCC" colspan="1"> <a start_ctx_id="class:SyncFactory"/><dl> <dt><pre>public class <b>SyncFactory</b></pre>  </dt> <dt>extends java.lang.Object </dt>  </dl><p> The Service Provider Interface (SPI) mechanism that generates <code>SyncProvider</code> instances to be used by disconnected <code>RowSet</code> objects. The <code>SyncProvider</code> instances in turn provide the <code>javax.sql.RowSetReader</code> object the <code>RowSet</code> object needs to populate itself with data and the <code>javax.sql.RowSetWriter</code> object it needs to propagate changes to its data back to the underlying data source.                                                     </p><p> Because the methods in the <code>SyncFactory</code> class are all static, there is only one <code>SyncFactory</code> object per Java VM at any one time. This ensures that there is a single source from which a <code>RowSet</code> implementation can obtain its <code>SyncProvider</code> implementation.                                         </p><p/><h3>1.0 Overview </h3> The <code>SyncFactory</code> class provides an internal registry of available synchronization provider implementations (<code>SyncProvider</code> objects). This registry may be queried to determine which synchronization providers are available. The following line of code gets an enumeration of the providers currently registered.<pre>
     java.util.Enumeration e = SyncFactory.getRegisteredProviders();
 </pre> All standard <code>RowSet</code> implementations must provide at least two providers:<ul><li>an optimistic provider for use with a <code>CachedRowSet</code> implementation or an implementation derived from it              </li><li>an XML provider, which is used for reading and writing XML, such as with <code>WebRowSet</code> objects               </li></ul> Note that the JDBC RowSet Implementations include the <code>SyncProvider</code> implemtations <code>RIOptimisticProvider</code> and <code>RIXmlProvider</code>, which satisfy this requirement.<p> The <code>SyncFactory</code> class provides accessor methods to assist applications in determining which synchronization providers are currently registered with the <code>SyncFactory</code>.                    </p><p> Other methods let <code>RowSet</code> persistence providers be registered or de-registered with the factory mechanism. This allows additional synchronization provider implementations to be made available to <code>RowSet</code> objects at run time.                              </p><p> Applications can apply a degree of filtering to determine the level of synchronization that a <code>SyncProvider</code> implementation offers. The following criteria determine whether a provider is made available to a <code>RowSet</code> object:<ol><li>If a particular provider is specified by a <code>RowSet</code> object, and the <code>SyncFactory</code> does not contain a reference to this provider, a <code>SyncFactoryException</code> is thrown stating that the synchronization provider could not be found.<p/>                                 </li><li>If a <code>RowSet</code> implementation is instantiated with a specified provider and the specified provider has been properly registered, the requested provider is supplied. Otherwise a <code>SyncFactoryException</code> is thrown.<p/>                           </li><li>If a <code>RowSet</code> object does not specify a <code>SyncProvider</code> implementation and no additional <code>SyncProvider</code> implementations are available, the reference implementation providers are supplied.                      </li></ol>                                </p><h3>2.0 Registering <code>SyncProvider</code> Implementations   </h3><p> Both vendors and developers can register <code>SyncProvider</code> implementations using one of the following mechanisms.<ul><li> <b>Using the command line   </b> <br/> The name of the provider is supplied on the command line, which will add the provider to the system properties. For example:<pre> 
    -Drowset.provider.classname=com.fred.providers.HighAvailabilityProvider
 </pre>                        </li><li> <b>Using the Standard Properties File    </b> <br/> The reference implementation is targeted to ship with J2SE 1.5, which will include an additional resource file that may be edited by hand. Here is an example of the properties file included in the reference implementation:<pre>
   #Default JDBC RowSet sync providers listing
   #

   # Optimistic synchronization provider
   rowset.provider.classname.0=com.sun.rowset.providers.RIOptimisticProvider
   rowset.provider.vendor.0=Sun Microsystems Inc
   rowset.provider.version.0=1.0
   
   # XML Provider using standard XML schema
   rowset.provider.classname.1=com.sun.rowset.providers.RIXMLProvider
   rowset.provider.vendor.1=Sun Microsystems Inc.
   rowset.provider.version.1=1.0
 </pre> The <code>SyncFactory</code> checks this file and registers the <code>SyncProvider</code> implementations that it contains. A developer or vendor can add other implementations to this file. For example, here is a possible addition:<pre>
     rowset.provider.classname.2=com.fred.providers.HighAvailabilityProvider
     rowset.provider.vendor.2=Fred, Inc.
     rowset.provider.version.2=1.0
 </pre><p/>                                                                     </li><li> <b>Using a JNDI Context   </b> <br/> Available providers can be registered on a JNDI context, and the <code>SyncFactory</code> will attempt to load <code>SyncProvider</code> implementations from that JNDI context. For example, the following code fragment registers a provider implementation on a JNDI context. This is something a deployer would normally do. In this example, <code>MyProvider</code> is being registered on a CosNaming namespace, which is the namespace used by J2EE resources.<pre>
    import javax.naming.*;
    
    Hashtable svrEnv = new  Hashtable();
    srvEnv.put(Context.INITIAL_CONTEXT_FACTORY, "CosNaming");

    Context ctx = new InitialContext(svrEnv);
    com.fred.providers.MyProvider = new MyProvider();
    ctx.rebind("providers/MyProvider", syncProvider);
 </pre>                                                                 </li></ul> Next, an application will register the JNDI context with the <code>SyncFactory</code> instance. This allows the <code>SyncFactory</code> to browse within the JNDI context looking for <code>SyncProvider</code> implementations.<pre>
    Hashtable appEnv = new Hashtable();
    appEnv.put(Context.INITIAL_CONTEXT_FACTORY, "CosNaming");
    appEnv.put(Context.PROVIDER_URL, "iiop://hostname/providers");
    Context ctx = new InitialContext(appEnv);

    SyncFactory.registerJNDIContext(ctx);
 </pre> If a <code>RowSet</code> object attempts to obtain a <code>MyProvider</code> object, the <code>SyncFactory</code> will try to locate it. First it searches for it in the system properties, then it looks in the resource files, and finally it checks the JNDI context that has been set. The <code>SyncFactory</code> instance verifies that the requested provider is a valid extension of the <code>SyncProvider</code> abstract class and then gives it to the <code>RowSet</code> object. In the following code fragment, a new <code>CachedRowSet</code> object is created and initialized with <i>env</i>, which contains the binding to <code>MyProvider</code>.<pre>
    Hashtable env = new Hashtable();
    env.put(SyncFactory.ROWSET_SYNC_PROVIDER, "com.fred.providers.MyProvider");
    CachedRowSet crs = new com.sun.rowset.CachedRowSetImpl(env); 
 </pre> Further details on these mechanisms are available in the <code>javax.sql.rowset.spi</code> package specification.                                                                                                                                              </p><p/><p><dl> <dt> <b>See Also: </b>   </dt><dd> <a href="../../../../javax/sql/rowset/spi/SyncProvider.html" title="class in javax.sql.rowset.spi"><code>SyncProvider</code></a>, <a href="../../../../javax/sql/rowset/spi/SyncFactoryException.html" title="class in javax.sql.rowset.spi"><code>SyncFactoryException</code></a>  </dd> </dl> <a end_ctx_id="class:SyncFactory"/> </p>                                                                   </td><td bgcolor="#FFFFFF" colspan="1"> <a start_ctx_id="class:SyncFactory"/><dl> <dt><pre>public class <b>SyncFactory</b></pre>  </dt> <dt>extends java.lang.Object </dt>  </dl><p> The Service Provider Interface (SPI) mechanism that generates <code>SyncProvider</code> instances to be used by disconnected <code>RowSet</code> objects. The <code>SyncProvider</code> instances in turn provide the <code>javax.sql.RowSetReader</code> object the <code>RowSet</code> object needs to populate itself with data and the <code>javax.sql.RowSetWriter</code> object it needs to propagate changes to its data back to the underlying data source.                                                     </p><p> Because the methods in the <code>SyncFactory</code> class are all static, there is only one <code>SyncFactory</code> object per Java VM at any one time. This ensures that there is a single source from which a <code>RowSet</code> implementation can obtain its <code>SyncProvider</code> implementation.                                         </p><p/><h3>1.0 Overview </h3> The <code>SyncFactory</code> class provides an internal registry of available synchronization provider implementations (<code>SyncProvider</code> objects). This registry may be queried to determine which synchronization providers are available. The following line of code gets an enumeration of the providers currently registered.<pre>
     java.util.Enumeration e = SyncFactory.getRegisteredProviders();
 </pre> All standard <code>RowSet</code> implementations must provide at least two providers:<ul><li>an optimistic provider for use with a <code>CachedRowSet</code> implementation or an implementation derived from it              </li><li>an XML provider, which is used for reading and writing XML, such as with <code>WebRowSet</code> objects               </li></ul> Note that the JDBC RowSet Implementations include the <code>SyncProvider</code> implemtations <code>RIOptimisticProvider</code> and <code>RIXmlProvider</code>, which satisfy this requirement.<p> The <code>SyncFactory</code> class provides accessor methods to assist applications in determining which synchronization providers are currently registered with the <code>SyncFactory</code>.                    </p><p> Other methods let <code>RowSet</code> persistence providers be registered or de-registered with the factory mechanism. This allows additional synchronization provider implementations to be made available to <code>RowSet</code> objects at run time.                              </p><p> Applications can apply a degree of filtering to determine the level of synchronization that a <code>SyncProvider</code> implementation offers. The following criteria determine whether a provider is made available to a <code>RowSet</code> object:<ol><li>If a particular provider is specified by a <code>RowSet</code> object, and the <code>SyncFactory</code> does not contain a reference to this provider, a <code>SyncFactoryException</code> is thrown stating that the synchronization provider could not be found.<p/>                                 </li><li>If a <code>RowSet</code> implementation is instantiated with a specified provider and the specified provider has been properly registered, the requested provider is supplied. Otherwise a <code>SyncFactoryException</code> is thrown.<p/>                           </li><li>If a <code>RowSet</code> object does not specify a <code>SyncProvider</code> implementation and no additional <code>SyncProvider</code> implementations are available, the reference implementation providers are supplied.                      </li></ol>                                </p><h3>2.0 Registering <code>SyncProvider</code> Implementations   </h3><p> Both vendors and developers can register <code>SyncProvider</code> implementations using one of the following mechanisms.<ul><li> <b>Using the command line   </b> <br/> The name of the provider is supplied on the command line, which will add the provider to the system properties. For example:<pre>
    -Drowset.provider.classname=com.fred.providers.HighAvailabilityProvider
 </pre>                        </li><li> <b>Using the Standard Properties File    </b> <br/> The reference implementation is targeted to ship with J2SE 1.5, which will include an additional resource file that may be edited by hand. Here is an example of the properties file included in the reference implementation:<pre>
   #Default JDBC RowSet sync providers listing
   #

   # Optimistic synchronization provider
   rowset.provider.classname.0=com.sun.rowset.providers.RIOptimisticProvider
   rowset.provider.vendor.0=Oracle Corporation
   rowset.provider.version.0=1.0

   # XML Provider using standard XML schema
   rowset.provider.classname.1=com.sun.rowset.providers.RIXMLProvider
   rowset.provider.vendor.1=Oracle Corporation
   rowset.provider.version.1=1.0
 </pre> The <code>SyncFactory</code> checks this file and registers the <code>SyncProvider</code> implementations that it contains. A developer or vendor can add other implementations to this file. For example, here is a possible addition:<pre>
     rowset.provider.classname.2=com.fred.providers.HighAvailabilityProvider
     rowset.provider.vendor.2=Fred, Inc.
     rowset.provider.version.2=1.0
 </pre><p/>                                                                     </li><li> <b>Using a JNDI Context   </b> <br/> Available providers can be registered on a JNDI context, and the <code>SyncFactory</code> will attempt to load <code>SyncProvider</code> implementations from that JNDI context. For example, the following code fragment registers a provider implementation on a JNDI context. This is something a deployer would normally do. In this example, <code>MyProvider</code> is being registered on a CosNaming namespace, which is the namespace used by J2EE resources.<pre>
    import javax.naming.*;

    Hashtable svrEnv = new  Hashtable();
    srvEnv.put(Context.INITIAL_CONTEXT_FACTORY, "CosNaming");

    Context ctx = new InitialContext(svrEnv);
    com.fred.providers.MyProvider = new MyProvider();
    ctx.rebind("providers/MyProvider", syncProvider);
 </pre>                                                                 </li></ul> Next, an application will register the JNDI context with the <code>SyncFactory</code> instance. This allows the <code>SyncFactory</code> to browse within the JNDI context looking for <code>SyncProvider</code> implementations.<pre>
    Hashtable appEnv = new Hashtable();
    appEnv.put(Context.INITIAL_CONTEXT_FACTORY, "CosNaming");
    appEnv.put(Context.PROVIDER_URL, "iiop://hostname/providers");
    Context ctx = new InitialContext(appEnv);

    SyncFactory.registerJNDIContext(ctx);
 </pre> If a <code>RowSet</code> object attempts to obtain a <code>MyProvider</code> object, the <code>SyncFactory</code> will try to locate it. First it searches for it in the system properties, then it looks in the resource files, and finally it checks the JNDI context that has been set. The <code>SyncFactory</code> instance verifies that the requested provider is a valid extension of the <code>SyncProvider</code> abstract class and then gives it to the <code>RowSet</code> object. In the following code fragment, a new <code>CachedRowSet</code> object is created and initialized with <i>env</i>, which contains the binding to <code>MyProvider</code>.<pre>
    Hashtable env = new Hashtable();
    env.put(SyncFactory.ROWSET_SYNC_PROVIDER, "com.fred.providers.MyProvider");
    CachedRowSet crs = new com.sun.rowset.CachedRowSetImpl(env);
 </pre> Further details on these mechanisms are available in the <code>javax.sql.rowset.spi</code> package specification.                                                                                                                                              </p><p/><p><dl> <dt> <b>See Also: </b>   </dt><dd> <a href="../../../../javax/sql/rowset/spi/SyncProvider.html" title="class in javax.sql.rowset.spi"><code>SyncProvider</code></a>, <a href="../../../../javax/sql/rowset/spi/SyncFactoryException.html" title="class in javax.sql.rowset.spi"><code>SyncFactoryException</code></a>  </dd> </dl> <a end_ctx_id="class:SyncFactory"/> </p>                                                                   </td></tr></table></td></tr></table><table border="0" cellpadding="1" cellspacing="0" width="100%"><tr><td><h3 class="ctxid">field:ROWSET_SYNC_PROVIDER [CHANGED]</h3></td></tr><tr><td><table border="0" cellpadding="5" cellspacing="1" bgcolor="black" width="100%"><tr valign="top"><td bgcolor="#EEEEEE" colspan="2"> <a start_ctx_id="field:ROWSET_SYNC_PROVIDER"/><a name="ROWSET_SYNC_PROVIDER"/><h3> ROWSET_SYNC_PROVIDER </h3><pre>
public static <span class="diff-html-added">final</span> java.lang.String <b>ROWSET_SYNC_PROVIDER</b></pre><dl><dd>The standard property-id for a synchronization provider implementation name.<p><dl> <dt> <b><span class="diff-html-added">See</span> <span class="diff-html-added">Also:</span> </b>   </dt><dd> <a href="../../../../constant-values.html#javax.sql.rowset.spi.SyncFactory.ROWSET_SYNC_PROVIDER"><span class="diff-html-added">Constant</span> <span class="diff-html-added">Field</span> <span class="diff-html-added">Values</span>  </a> </dd> </dl></p>        </dd></dl> <a end_ctx_id="field:ROWSET_SYNC_PROVIDER"/>  </td></tr><tr valign="top"><td bgcolor="#CCCCCC" colspan="1"> <a start_ctx_id="field:ROWSET_SYNC_PROVIDER"/><a name="ROWSET_SYNC_PROVIDER"/><h3> ROWSET_SYNC_PROVIDER </h3><pre>
public static java.lang.String <b>ROWSET_SYNC_PROVIDER</b></pre><dl><dd>The standard property-id for a synchronization provider implementation name.<p><dl/></p>        </dd></dl> <a end_ctx_id="field:ROWSET_SYNC_PROVIDER"/>  </td><td bgcolor="#FFFFFF" colspan="1"> <a start_ctx_id="field:ROWSET_SYNC_PROVIDER"/><a name="ROWSET_SYNC_PROVIDER"/><h3> ROWSET_SYNC_PROVIDER </h3><pre>
public static final java.lang.String <b>ROWSET_SYNC_PROVIDER</b></pre><dl><dd>The standard property-id for a synchronization provider implementation name.<p><dl> <dt> <b>See Also: </b>   </dt><dd> <a href="../../../../constant-values.html#javax.sql.rowset.spi.SyncFactory.ROWSET_SYNC_PROVIDER">Constant Field Values  </a> </dd> </dl></p>        </dd></dl> <a end_ctx_id="field:ROWSET_SYNC_PROVIDER"/>  </td></tr></table></td></tr></table><table border="0" cellpadding="1" cellspacing="0" width="100%"><tr><td><h3 class="ctxid">field:ROWSET_SYNC_VENDOR [CHANGED]</h3></td></tr><tr><td><table border="0" cellpadding="5" cellspacing="1" bgcolor="black" width="100%"><tr valign="top"><td bgcolor="#EEEEEE" colspan="2"> <a start_ctx_id="field:ROWSET_SYNC_VENDOR"/><a name="ROWSET_SYNC_VENDOR"/><h3> ROWSET_SYNC_VENDOR </h3><pre>
public static <span class="diff-html-added">final</span> java.lang.String <b>ROWSET_SYNC_VENDOR</b></pre><dl><dd>The standard property-id for a synchronization provider implementation vendor name.<p><dl> <dt> <b><span class="diff-html-added">See</span> <span class="diff-html-added">Also:</span> </b>   </dt><dd> <a href="../../../../constant-values.html#javax.sql.rowset.spi.SyncFactory.ROWSET_SYNC_VENDOR"><span class="diff-html-added">Constant</span> <span class="diff-html-added">Field</span> <span class="diff-html-added">Values</span>  </a> </dd> </dl></p>         </dd></dl> <a end_ctx_id="field:ROWSET_SYNC_VENDOR"/>  </td></tr><tr valign="top"><td bgcolor="#CCCCCC" colspan="1"> <a start_ctx_id="field:ROWSET_SYNC_VENDOR"/><a name="ROWSET_SYNC_VENDOR"/><h3> ROWSET_SYNC_VENDOR </h3><pre>
public static java.lang.String <b>ROWSET_SYNC_VENDOR</b></pre><dl><dd>The standard property-id for a synchronization provider implementation vendor name.<p><dl/></p>         </dd></dl> <a end_ctx_id="field:ROWSET_SYNC_VENDOR"/>  </td><td bgcolor="#FFFFFF" colspan="1"> <a start_ctx_id="field:ROWSET_SYNC_VENDOR"/><a name="ROWSET_SYNC_VENDOR"/><h3> ROWSET_SYNC_VENDOR </h3><pre>
public static final java.lang.String <b>ROWSET_SYNC_VENDOR</b></pre><dl><dd>The standard property-id for a synchronization provider implementation vendor name.<p><dl> <dt> <b>See Also: </b>   </dt><dd> <a href="../../../../constant-values.html#javax.sql.rowset.spi.SyncFactory.ROWSET_SYNC_VENDOR">Constant Field Values  </a> </dd> </dl></p>         </dd></dl> <a end_ctx_id="field:ROWSET_SYNC_VENDOR"/>  </td></tr></table></td></tr></table><table border="0" cellpadding="1" cellspacing="0" width="100%"><tr><td><h3 class="ctxid">field:ROWSET_SYNC_PROVIDER_VERSION [CHANGED]</h3></td></tr><tr><td><table border="0" cellpadding="5" cellspacing="1" bgcolor="black" width="100%"><tr valign="top"><td bgcolor="#EEEEEE" colspan="2"> <a start_ctx_id="field:ROWSET_SYNC_PROVIDER_VERSION"/><a name="ROWSET_SYNC_PROVIDER_VERSION"/><h3> ROWSET_SYNC_PROVIDER_VERSION </h3><pre>
public static <span class="diff-html-added">final</span> java.lang.String <b>ROWSET_SYNC_PROVIDER_VERSION</b></pre><dl><dd>The standard property-id for a synchronization provider implementation version tag.<p><dl> <dt> <b><span class="diff-html-added">See</span> <span class="diff-html-added">Also:</span> </b>   </dt><dd> <a href="../../../../constant-values.html#javax.sql.rowset.spi.SyncFactory.ROWSET_SYNC_PROVIDER_VERSION"><span class="diff-html-added">Constant</span> <span class="diff-html-added">Field</span> <span class="diff-html-added">Values</span>  </a> </dd> </dl></p>         </dd></dl> <a end_ctx_id="field:ROWSET_SYNC_PROVIDER_VERSION"/>  </td></tr><tr valign="top"><td bgcolor="#CCCCCC" colspan="1"> <a start_ctx_id="field:ROWSET_SYNC_PROVIDER_VERSION"/><a name="ROWSET_SYNC_PROVIDER_VERSION"/><h3> ROWSET_SYNC_PROVIDER_VERSION </h3><pre>
public static java.lang.String <b>ROWSET_SYNC_PROVIDER_VERSION</b></pre><dl><dd>The standard property-id for a synchronization provider implementation version tag.<p><dl/></p>         </dd></dl> <a end_ctx_id="field:ROWSET_SYNC_PROVIDER_VERSION"/>  </td><td bgcolor="#FFFFFF" colspan="1"> <a start_ctx_id="field:ROWSET_SYNC_PROVIDER_VERSION"/><a name="ROWSET_SYNC_PROVIDER_VERSION"/><h3> ROWSET_SYNC_PROVIDER_VERSION </h3><pre>
public static final java.lang.String <b>ROWSET_SYNC_PROVIDER_VERSION</b></pre><dl><dd>The standard property-id for a synchronization provider implementation version tag.<p><dl> <dt> <b>See Also: </b>   </dt><dd> <a href="../../../../constant-values.html#javax.sql.rowset.spi.SyncFactory.ROWSET_SYNC_PROVIDER_VERSION">Constant Field Values  </a> </dd> </dl></p>         </dd></dl> <a end_ctx_id="field:ROWSET_SYNC_PROVIDER_VERSION"/>  </td></tr></table></td></tr></table><table border="0" cellpadding="1" cellspacing="0" width="100%"><tr><td><h3 class="ctxid">method:registerProvider(java.lang.String) [NONE]</h3></td></tr><tr><td><table border="0" cellpadding="5" cellspacing="1" bgcolor="black" width="100%"><tr valign="top"><td bgcolor="#FFFFFF" colspan="1"> <a start_ctx_id="method:registerProvider(java.lang.String)"/><a name="registerProvider(java.lang.String)"/><h3> registerProvider </h3><pre>
public static void <b>registerProvider</b>(java.lang.String providerID)
                             throws <a href="../../../../javax/sql/rowset/spi/SyncFactoryException.html" title="class in javax.sql.rowset.spi">SyncFactoryException</a></pre><dl><dd>Adds the the given synchronization provider to the factory register. Guidelines are provided in the <code>SyncProvider</code> specification for the required naming conventions for <code>SyncProvider</code> implementations.<p> Synchronization providers bound to a JNDI context can be registered by binding a SyncProvider instance to a JNDI namespace.<ul><pre>
 SyncProvider p = new MySyncProvider();
 InitialContext ic = new InitialContext();
 ic.bind ("jdbc/rowset/MySyncProvider", p);
 </pre></ul> Furthermore, an initial JNDI context should be set with the <code>SyncFactory</code> using the <code>setJNDIContext</code> method. The <code>SyncFactory</code> leverages this context to search for available <code>SyncProvider</code> objects bound to the JNDI context and its child nodes.                                                      </p><p/>                        </dd><dd><dl> <dt> <b>Parameters:</b>   </dt><dd> <code>providerID</code> - A <code>String</code> object with the unique ID of the synchronization provider being registered               </dd> <dt> <b>Throws:</b>   </dt><dd> <code><a href="../../../../javax/sql/rowset/spi/SyncFactoryException.html" title="class in javax.sql.rowset.spi">SyncFactoryException</a></code> - if an attempt is made to supply an empty or null provider name               </dd> <dt> <b>See Also: </b>   </dt><dd> <a href="../../../../javax/sql/rowset/spi/SyncFactory.html#setJNDIContext(javax.naming.Context)"><code>setJNDIContext(javax.naming.Context)</code></a> </dd>   </dl></dd></dl> <a end_ctx_id="method:registerProvider(java.lang.String)"/>  </td></tr></table></td></tr></table><table border="0" cellpadding="1" cellspacing="0" width="100%"><tr><td><h3 class="ctxid">method:getSyncFactory() [NONE]</h3></td></tr><tr><td><table border="0" cellpadding="5" cellspacing="1" bgcolor="black" width="100%"><tr valign="top"><td bgcolor="#FFFFFF" colspan="1"> <a start_ctx_id="method:getSyncFactory()"/><a name="getSyncFactory()"/><h3> getSyncFactory </h3><pre>
public static <a href="../../../../javax/sql/rowset/spi/SyncFactory.html" title="class in javax.sql.rowset.spi">SyncFactory</a><b>getSyncFactory</b>()</pre><dl><dd>Returns the <code>SyncFactory</code> singleton.<p/>   </dd><dd><dl> <dt> <b>Returns:</b>   </dt><dd>the <code>SyncFactory</code> instance  </dd> </dl></dd></dl> <a end_ctx_id="method:getSyncFactory()"/>  </td></tr></table></td></tr></table><table border="0" cellpadding="1" cellspacing="0" width="100%"><tr><td><h3 class="ctxid">method:unregisterProvider(java.lang.String) [NONE]</h3></td></tr><tr><td><table border="0" cellpadding="5" cellspacing="1" bgcolor="black" width="100%"><tr valign="top"><td bgcolor="#FFFFFF" colspan="1"> <a start_ctx_id="method:unregisterProvider(java.lang.String)"/><a name="unregisterProvider(java.lang.String)"/><h3> unregisterProvider </h3><pre>
public static void <b>unregisterProvider</b>(java.lang.String providerID)
                               throws <a href="../../../../javax/sql/rowset/spi/SyncFactoryException.html" title="class in javax.sql.rowset.spi">SyncFactoryException</a></pre><dl><dd>Removes the designated currently registered synchronization provider from the Factory SPI register.<p/>           </dd><dd><dl> <dt> <b>Parameters:</b>   </dt><dd> <code>providerID</code> - The unique-id of the synchronization provider        </dd> <dt> <b>Throws:</b>   </dt><dd> <code><a href="../../../../javax/sql/rowset/spi/SyncFactoryException.html" title="class in javax.sql.rowset.spi">SyncFactoryException</a></code> - If an attempt is made to unregister a SyncProvider implementation that was not registered.                </dd>  </dl></dd></dl> <a end_ctx_id="method:unregisterProvider(java.lang.String)"/>  </td></tr></table></td></tr></table><table border="0" cellpadding="1" cellspacing="0" width="100%"><tr><td><h3 class="ctxid">method:getInstance(java.lang.String) [CHANGED]</h3></td></tr><tr><td><table border="0" cellpadding="5" cellspacing="1" bgcolor="black" width="100%"><tr valign="top"><td bgcolor="#EEEEEE" colspan="2"> <a start_ctx_id="method:getInstance(java.lang.String)"/><a name="getInstance(java.lang.String)"/><h3> getInstance </h3><pre>
public static <a href="../../../../javax/sql/rowset/spi/SyncProvider.html" title="class in javax.sql.rowset.spi">SyncProvider</a><b>getInstance</b>(java.lang.String providerID)
                                throws <a href="../../../../javax/sql/rowset/spi/SyncFactoryException.html" title="class in javax.sql.rowset.spi">SyncFactoryException</a></pre><dl><dd>Returns the <code>SyncProvider</code> instance identified by <i>providerID</i>.<p/>      </dd><dd><dl> <dt> <b>Parameters:</b>   </dt><dd> <code>providerID</code> - the unique identifier of the provider        </dd> <dt> <b>Returns:</b>   </dt><dd>a <code>SyncProvider</code> implementation  </dd> <dt> <b>Throws:</b>   </dt><dd> <code><a href="../../../../javax/sql/rowset/spi/SyncFactoryException.html" title="class in javax.sql.rowset.spi">SyncFactoryException</a></code> - If the SyncProvider cannot be found<span class="diff-html-added">,</span> <span class="diff-html-added">the</span> <span class="diff-html-added">providerID</span> <span class="diff-html-added">is</span> <code><span class="diff-html-added">null</span></code><span class="diff-html-added">,</span> or some error was encountered when trying to invoke this provider.                       </dd>   </dl></dd></dl> <a end_ctx_id="method:getInstance(java.lang.String)"/>  </td></tr><tr valign="top"><td bgcolor="#CCCCCC" colspan="1"> <a start_ctx_id="method:getInstance(java.lang.String)"/><a name="getInstance(java.lang.String)"/><h3> getInstance </h3><pre>
public static <a href="../../../../javax/sql/rowset/spi/SyncProvider.html" title="class in javax.sql.rowset.spi">SyncProvider</a><b>getInstance</b>(java.lang.String providerID)
                                throws <a href="../../../../javax/sql/rowset/spi/SyncFactoryException.html" title="class in javax.sql.rowset.spi">SyncFactoryException</a></pre><dl><dd>Returns the <code>SyncProvider</code> instance identified by <i>providerID</i>.<p/>      </dd><dd><dl> <dt> <b>Parameters:</b>   </dt><dd> <code>providerID</code> - the unique identifier of the provider        </dd> <dt> <b>Returns:</b>   </dt><dd>a <code>SyncProvider</code> implementation  </dd> <dt> <b>Throws:</b>   </dt><dd> <code><a href="../../../../javax/sql/rowset/spi/SyncFactoryException.html" title="class in javax.sql.rowset.spi">SyncFactoryException</a></code> - If the SyncProvider cannot be found or some error was encountered when trying to invoke this provider.                   </dd>   </dl></dd></dl> <a end_ctx_id="method:getInstance(java.lang.String)"/>  </td><td bgcolor="#FFFFFF" colspan="1"> <a start_ctx_id="method:getInstance(java.lang.String)"/><a name="getInstance(java.lang.String)"/><h3> getInstance </h3><pre>
public static <a href="../../../../javax/sql/rowset/spi/SyncProvider.html" title="class in javax.sql.rowset.spi">SyncProvider</a><b>getInstance</b>(java.lang.String providerID)
                                throws <a href="../../../../javax/sql/rowset/spi/SyncFactoryException.html" title="class in javax.sql.rowset.spi">SyncFactoryException</a></pre><dl><dd>Returns the <code>SyncProvider</code> instance identified by <i>providerID</i>.<p/>      </dd><dd><dl> <dt> <b>Parameters:</b>   </dt><dd> <code>providerID</code> - the unique identifier of the provider        </dd> <dt> <b>Returns:</b>   </dt><dd>a <code>SyncProvider</code> implementation  </dd> <dt> <b>Throws:</b>   </dt><dd> <code><a href="../../../../javax/sql/rowset/spi/SyncFactoryException.html" title="class in javax.sql.rowset.spi">SyncFactoryException</a></code> - If the SyncProvider cannot be found, the providerID is <code>null</code>, or some error was encountered when trying to invoke this provider.                       </dd>   </dl></dd></dl> <a end_ctx_id="method:getInstance(java.lang.String)"/>  </td></tr></table></td></tr></table><table border="0" cellpadding="1" cellspacing="0" width="100%"><tr><td><h3 class="ctxid">method:getRegisteredProviders() [NONE]</h3></td></tr><tr><td><table border="0" cellpadding="5" cellspacing="1" bgcolor="black" width="100%"><tr valign="top"><td bgcolor="#FFFFFF" colspan="1"> <a start_ctx_id="method:getRegisteredProviders()"/><a name="getRegisteredProviders()"/><h3> getRegisteredProviders </h3><pre>
public static java.util.Enumeration&lt;<a href="../../../../javax/sql/rowset/spi/SyncProvider.html" title="class in javax.sql.rowset.spi">SyncProvider</a>&gt; <b>getRegisteredProviders</b>()
                                                                  throws <a href="../../../../javax/sql/rowset/spi/SyncFactoryException.html" title="class in javax.sql.rowset.spi">SyncFactoryException</a></pre><dl><dd>Returns an Enumeration of currently registered synchronization providers. A <code>RowSet</code> implementation may use any provider in the enumeration as its <code>SyncProvider</code> object.<p> At a minimum, the reference synchronization provider allowing RowSet content data to be stored using a JDBC driver should be possible.                     </p><p/>                     </dd><dd><dl> <dt> <b>Returns:</b>   </dt><dd>Enumeration A enumeration of available synchronization providers that are registered with this Factory            </dd> <dt> <b>Throws:</b>   </dt><dd> <code><a href="../../../../javax/sql/rowset/spi/SyncFactoryException.html" title="class in javax.sql.rowset.spi">SyncFactoryException</a></code> </dd>  </dl></dd></dl> <a end_ctx_id="method:getRegisteredProviders()"/>  </td></tr></table></td></tr></table><table border="0" cellpadding="1" cellspacing="0" width="100%"><tr><td><h3 class="ctxid">method:setLogger(java.util.logging.Logger) [CHANGED]</h3></td></tr><tr><td><table border="0" cellpadding="5" cellspacing="1" bgcolor="black" width="100%"><tr valign="top"><td bgcolor="#EEEEEE" colspan="2"> <a start_ctx_id="method:setLogger(java.util.logging.Logger)"/><a name="setLogger(java.util.logging.Logger)"/><h3> setLogger </h3><pre>
public static void <b>setLogger</b>(java.util.logging.Logger logger)</pre><dl><dd>Sets the logging object to be used by the <code>SyncProvider</code> implementation provided by the <code>SyncFactory</code>. All <code>SyncProvider</code> implementations can log their events to this object and the application can retrieve a handle to this object using the <code>getLogger</code> method.<p> <span class="diff-html-added">This</span> <span class="diff-html-added">method</span> <span class="diff-html-added">checks</span> <span class="diff-html-added">to</span> <span class="diff-html-added">see</span> <span class="diff-html-added">that</span> <span class="diff-html-added">there</span> <span class="diff-html-added">is</span> <span class="diff-html-added">an</span> <code><span class="diff-html-added">SQLPermission</span></code> <span class="diff-html-added">object</span> <span class="diff-html-added">which</span> <span class="diff-html-added">grants</span> <span class="diff-html-added">the</span> <span class="diff-html-added">permission</span> <code><span class="diff-html-added">setSyncFactory</span></code> <span class="diff-html-added">before</span> <span class="diff-html-added">allowing</span> <span class="diff-html-added">the</span> <span class="diff-html-added">method</span> <span class="diff-html-added">to</span> <span class="diff-html-added">succeed.</span> <span class="diff-html-added">If</span> <span class="diff-html-added">a</span> <code><span class="diff-html-added">SecurityManager</span></code> <span class="diff-html-added">exists</span> <span class="diff-html-added">and</span> <span class="diff-html-added">its</span> <code><span class="diff-html-added">checkPermission</span></code> <span class="diff-html-added">method</span> <span class="diff-html-added">denies</span> <span class="diff-html-added">calling</span> <code><span class="diff-html-added">setLogger</span></code><span class="diff-html-added">,</span> <span class="diff-html-added">this</span> <span class="diff-html-added">method</span> <span class="diff-html-added">throws</span> <span class="diff-html-added">a</span> <code><span class="diff-html-added">java.lang.SecurityException</span></code><span class="diff-html-added">.</span>                                      </p><p/>                                      </dd><dd><dl> <dt> <b>Parameters:</b>   </dt><dd> <code>logger</code> - A Logger object instance      </dd> <dt> <b><span class="diff-html-added">Throws:</span></b>   </dt><dd> <code><span class="diff-html-added">java.lang.SecurityException</span></code> <span class="diff-html-added">-</span> <span class="diff-html-added">if</span> <span class="diff-html-added">a</span> <span class="diff-html-added">security</span> <span class="diff-html-added">manager</span> <span class="diff-html-added">exists</span> <span class="diff-html-added">and</span> <span class="diff-html-added">its</span> <code><span class="diff-html-added">checkPermission</span></code> <span class="diff-html-added">method</span> <span class="diff-html-added">denies</span> <span class="diff-html-added">calling</span> <code><span class="diff-html-added">setLogger</span></code>              </dd><dd> <code><span class="diff-html-added">java.lang.NullPointerException</span></code> <span class="diff-html-added">-</span> <span class="diff-html-added">if</span> <span class="diff-html-added">the</span> <span class="diff-html-added">logger</span> <span class="diff-html-added">is</span> <span class="diff-html-added">null</span>       </dd> <dt> <b><span class="diff-html-added">See</span> <span class="diff-html-added">Also:</span> </b>   </dt><dd> <code><span class="diff-html-added">SecurityManager.checkPermission(java.security.Permission)</span></code> </dd>   </dl></dd></dl> <a end_ctx_id="method:setLogger(java.util.logging.Logger)"/>  </td></tr><tr valign="top"><td bgcolor="#CCCCCC" colspan="1"> <a start_ctx_id="method:setLogger(java.util.logging.Logger)"/><a name="setLogger(java.util.logging.Logger)"/><h3> setLogger </h3><pre>
public static void <b>setLogger</b>(java.util.logging.Logger logger)</pre><dl><dd>Sets the logging object to be used by the <code>SyncProvider</code> implementation provided by the <code>SyncFactory</code>. All <code>SyncProvider</code> implementations can log their events to this object and the application can retrieve a handle to this object using the <code>getLogger</code> method.<p/>                                      </dd><dd><dl> <dt> <b>Parameters:</b>   </dt><dd> <code>logger</code> - A Logger object instance      </dd> </dl></dd></dl> <a end_ctx_id="method:setLogger(java.util.logging.Logger)"/>  </td><td bgcolor="#FFFFFF" colspan="1"> <a start_ctx_id="method:setLogger(java.util.logging.Logger)"/><a name="setLogger(java.util.logging.Logger)"/><h3> setLogger </h3><pre>
public static void <b>setLogger</b>(java.util.logging.Logger logger)</pre><dl><dd>Sets the logging object to be used by the <code>SyncProvider</code> implementation provided by the <code>SyncFactory</code>. All <code>SyncProvider</code> implementations can log their events to this object and the application can retrieve a handle to this object using the <code>getLogger</code> method.<p> This method checks to see that there is an <code>SQLPermission</code> object which grants the permission <code>setSyncFactory</code> before allowing the method to succeed. If a <code>SecurityManager</code> exists and its <code>checkPermission</code> method denies calling <code>setLogger</code>, this method throws a <code>java.lang.SecurityException</code>.                                      </p><p/>                                      </dd><dd><dl> <dt> <b>Parameters:</b>   </dt><dd> <code>logger</code> - A Logger object instance      </dd> <dt> <b>Throws:</b>   </dt><dd> <code>java.lang.SecurityException</code> - if a security manager exists and its <code>checkPermission</code> method denies calling <code>setLogger</code>              </dd><dd> <code>java.lang.NullPointerException</code> - if the logger is null       </dd> <dt> <b>See Also: </b>   </dt><dd> <code>SecurityManager.checkPermission(java.security.Permission)</code> </dd>   </dl></dd></dl> <a end_ctx_id="method:setLogger(java.util.logging.Logger)"/>  </td></tr></table></td></tr></table><table border="0" cellpadding="1" cellspacing="0" width="100%"><tr><td><h3 class="ctxid">method:setLogger(java.util.logging.Logger, java.util.logging.Level) [CHANGED]</h3></td></tr><tr><td><table border="0" cellpadding="5" cellspacing="1" bgcolor="black" width="100%"><tr valign="top"><td bgcolor="#EEEEEE" colspan="2"> <a start_ctx_id="method:setLogger(java.util.logging.Logger, java.util.logging.Level)"/><a name="setLogger(java.util.logging.Logger, java.util.logging.Level)"/><h3> setLogger </h3><pre>
public static void <b>setLogger</b>(java.util.logging.Logger logger,
                             java.util.logging.Level level)</pre><dl><dd>Sets the logging object that is used by <code>SyncProvider</code> implementations provided by the <code>SyncFactory</code> SPI. All <code>SyncProvider</code> implementations can log their events to this object and the application can retrieve a handle to this object using the <code>getLogger</code> method.<p> <span class="diff-html-added">This</span> <span class="diff-html-added">method</span> <span class="diff-html-added">checks</span> <span class="diff-html-added">to</span> <span class="diff-html-added">see</span> <span class="diff-html-added">that</span> <span class="diff-html-added">there</span> <span class="diff-html-added">is</span> <span class="diff-html-added">an</span> <code><span class="diff-html-added">SQLPermission</span></code> <span class="diff-html-added">object</span> <span class="diff-html-added">which</span> <span class="diff-html-added">grants</span> <span class="diff-html-added">the</span> <span class="diff-html-added">permission</span> <code><span class="diff-html-added">setSyncFactory</span></code> <span class="diff-html-added">before</span> <span class="diff-html-added">allowing</span> <span class="diff-html-added">the</span> <span class="diff-html-added">method</span> <span class="diff-html-added">to</span> <span class="diff-html-added">succeed.</span> <span class="diff-html-added">If</span> <span class="diff-html-added">a</span> <code><span class="diff-html-added">SecurityManager</span></code> <span class="diff-html-added">exists</span> <span class="diff-html-added">and</span> <span class="diff-html-added">its</span> <code><span class="diff-html-added">checkPermission</span></code> <span class="diff-html-added">method</span> <span class="diff-html-added">denies</span> <span class="diff-html-added">calling</span> <code><span class="diff-html-added">setLogger</span></code><span class="diff-html-added">,</span> <span class="diff-html-added">this</span> <span class="diff-html-added">method</span> <span class="diff-html-added">throws</span> <span class="diff-html-added">a</span> <code><span class="diff-html-added">java.lang.SecurityException</span></code><span class="diff-html-added">.</span>                                      </p><p/>                                      </dd><dd><dl> <dt> <b>Parameters:</b>   </dt><dd> <code>logger</code> - a Logger object instance      </dd><dd> <code>level</code> - a Level object instance indicating the degree of logging required            </dd> <dt> <b><span class="diff-html-added">Throws:</span></b>   </dt><dd> <code><span class="diff-html-added">java.lang.SecurityException</span></code> <span class="diff-html-added">-</span> <span class="diff-html-added">if</span> <span class="diff-html-added">a</span> <span class="diff-html-added">security</span> <span class="diff-html-added">manager</span> <span class="diff-html-added">exists</span> <span class="diff-html-added">and</span> <span class="diff-html-added">its</span> <code><span class="diff-html-added">checkPermission</span></code> <span class="diff-html-added">method</span> <span class="diff-html-added">denies</span> <span class="diff-html-added">calling</span> <code><span class="diff-html-added">setLogger</span></code>              </dd><dd> <code><span class="diff-html-added">java.util.logging.LoggingPermission</span></code> <span class="diff-html-added">-</span> <span class="diff-html-added">if</span> <span class="diff-html-added">a</span> <span class="diff-html-added">security</span> <span class="diff-html-added">manager</span> <span class="diff-html-added">exists</span> <span class="diff-html-added">and</span> <span class="diff-html-added">its</span> <code><span class="diff-html-added">checkPermission</span></code> <span class="diff-html-added">method</span> <span class="diff-html-added">denies</span> <span class="diff-html-added">calling</span> <code><span class="diff-html-added">setLevel</span></code>              </dd><dd> <code><span class="diff-html-added">java.lang.NullPointerException</span></code> <span class="diff-html-added">-</span> <span class="diff-html-added">if</span> <span class="diff-html-added">the</span> <span class="diff-html-added">logger</span> <span class="diff-html-added">is</span> <span class="diff-html-added">null</span>       </dd> <dt> <b><span class="diff-html-added">See</span> <span class="diff-html-added">Also:</span> </b>   </dt><dd> <code><span class="diff-html-added">SecurityManager.checkPermission(java.security.Permission)</span></code><span class="diff-html-added">,</span> <code><span class="diff-html-added">LoggingPermission</span></code>  </dd>   </dl></dd></dl> <a end_ctx_id="method:setLogger(java.util.logging.Logger, java.util.logging.Level)"/>  </td></tr><tr valign="top"><td bgcolor="#CCCCCC" colspan="1"> <a start_ctx_id="method:setLogger(java.util.logging.Logger, java.util.logging.Level)"/><a name="setLogger(java.util.logging.Logger, java.util.logging.Level)"/><h3> setLogger </h3><pre>
public static void <b>setLogger</b>(java.util.logging.Logger logger,
                             java.util.logging.Level level)</pre><dl><dd>Sets the logging object that is used by <code>SyncProvider</code> implementations provided by the <code>SyncFactory</code> SPI. All <code>SyncProvider</code> implementations can log their events to this object and the application can retrieve a handle to this object using the <code>getLogger</code> method.<p/>                                      </dd><dd><dl> <dt> <b>Parameters:</b>   </dt><dd> <code>logger</code> - a Logger object instance      </dd><dd> <code>level</code> - a Level object instance indicating the degree of logging required            </dd> </dl></dd></dl> <a end_ctx_id="method:setLogger(java.util.logging.Logger, java.util.logging.Level)"/>  </td><td bgcolor="#FFFFFF" colspan="1"> <a start_ctx_id="method:setLogger(java.util.logging.Logger, java.util.logging.Level)"/><a name="setLogger(java.util.logging.Logger, java.util.logging.Level)"/><h3> setLogger </h3><pre>
public static void <b>setLogger</b>(java.util.logging.Logger logger,
                             java.util.logging.Level level)</pre><dl><dd>Sets the logging object that is used by <code>SyncProvider</code> implementations provided by the <code>SyncFactory</code> SPI. All <code>SyncProvider</code> implementations can log their events to this object and the application can retrieve a handle to this object using the <code>getLogger</code> method.<p> This method checks to see that there is an <code>SQLPermission</code> object which grants the permission <code>setSyncFactory</code> before allowing the method to succeed. If a <code>SecurityManager</code> exists and its <code>checkPermission</code> method denies calling <code>setLogger</code>, this method throws a <code>java.lang.SecurityException</code>.                                      </p><p/>                                      </dd><dd><dl> <dt> <b>Parameters:</b>   </dt><dd> <code>logger</code> - a Logger object instance      </dd><dd> <code>level</code> - a Level object instance indicating the degree of logging required            </dd> <dt> <b>Throws:</b>   </dt><dd> <code>java.lang.SecurityException</code> - if a security manager exists and its <code>checkPermission</code> method denies calling <code>setLogger</code>              </dd><dd> <code>java.util.logging.LoggingPermission</code> - if a security manager exists and its <code>checkPermission</code> method denies calling <code>setLevel</code>              </dd><dd> <code>java.lang.NullPointerException</code> - if the logger is null       </dd> <dt> <b>See Also: </b>   </dt><dd> <code>SecurityManager.checkPermission(java.security.Permission)</code>, <code>LoggingPermission</code>  </dd>   </dl></dd></dl> <a end_ctx_id="method:setLogger(java.util.logging.Logger, java.util.logging.Level)"/>  </td></tr></table></td></tr></table><table border="0" cellpadding="1" cellspacing="0" width="100%"><tr><td><h3 class="ctxid">method:getLogger() [NONE]</h3></td></tr><tr><td><table border="0" cellpadding="5" cellspacing="1" bgcolor="black" width="100%"><tr valign="top"><td bgcolor="#FFFFFF" colspan="1"> <a start_ctx_id="method:getLogger()"/><a name="getLogger()"/><h3> getLogger </h3><pre>
public static java.util.logging.Logger <b>getLogger</b>()
                                          throws <a href="../../../../javax/sql/rowset/spi/SyncFactoryException.html" title="class in javax.sql.rowset.spi">SyncFactoryException</a></pre><dl><dd>Returns the logging object for applications to retrieve synchronization events posted by SyncProvider implementations.<p/>             </dd><dd><dl> <dt> <b>Throws:</b>   </dt><dd> <code><a href="../../../../javax/sql/rowset/spi/SyncFactoryException.html" title="class in javax.sql.rowset.spi">SyncFactoryException</a></code> - if no logging object has been set.         </dd> </dl></dd></dl> <a end_ctx_id="method:getLogger()"/>  </td></tr></table></td></tr></table><table border="0" cellpadding="1" cellspacing="0" width="100%"><tr><td><h3 class="ctxid">method:setJNDIContext(javax.naming.Context) [CHANGED]</h3></td></tr><tr><td><table border="0" cellpadding="5" cellspacing="1" bgcolor="black" width="100%"><tr valign="top"><td bgcolor="#EEEEEE" colspan="2"> <a start_ctx_id="method:setJNDIContext(javax.naming.Context)"/><a name="setJNDIContext(javax.naming.Context)"/><h3> setJNDIContext </h3><pre>
public static void <b>setJNDIContext</b>(javax.naming.Context ctx)
                           throws <a href="../../../../javax/sql/rowset/spi/SyncFactoryException.html" title="class in javax.sql.rowset.spi">SyncFactoryException</a></pre><dl><dd>Sets the initial JNDI context from which SyncProvider implementations can be retrieved from a JNDI namespace<p> <span class="diff-html-added">This</span> <span class="diff-html-added">method</span> <span class="diff-html-added">checks</span> <span class="diff-html-added">to</span> <span class="diff-html-added">see</span> <span class="diff-html-added">that</span> <span class="diff-html-added">there</span> <span class="diff-html-added">is</span> <span class="diff-html-added">an</span> <code><span class="diff-html-added">SQLPermission</span></code> <span class="diff-html-added">object</span> <span class="diff-html-added">which</span> <span class="diff-html-added">grants</span> <span class="diff-html-added">the</span> <span class="diff-html-added">permission</span> <code><span class="diff-html-added">setSyncFactory</span></code> <span class="diff-html-added">before</span> <span class="diff-html-added">allowing</span> <span class="diff-html-added">the</span> <span class="diff-html-added">method</span> <span class="diff-html-added">to</span> <span class="diff-html-added">succeed.</span> <span class="diff-html-added">If</span> <span class="diff-html-added">a</span> <code><span class="diff-html-added">SecurityManager</span></code> <span class="diff-html-added">exists</span> <span class="diff-html-added">and</span> <span class="diff-html-added">its</span> <code><span class="diff-html-added">checkPermission</span></code> <span class="diff-html-added">method</span> <span class="diff-html-added">denies</span> <span class="diff-html-added">calling</span> <code><span class="diff-html-added">setJNDIContext</span></code><span class="diff-html-added">,</span> <span class="diff-html-added">this</span> <span class="diff-html-added">method</span> <span class="diff-html-added">throws</span> <span class="diff-html-added">a</span> <code><span class="diff-html-added">java.lang.SecurityException</span></code><span class="diff-html-added">.</span>                                      </p><p/>               </dd><dd><dl> <dt> <b>Parameters:</b>   </dt><dd> <code>ctx</code> - a valid JNDI context      </dd> <dt> <b>Throws:</b>   </dt><dd> <code><a href="../../../../javax/sql/rowset/spi/SyncFactoryException.html" title="class in javax.sql.rowset.spi">SyncFactoryException</a></code> - if the supplied JNDI context is null         </dd><dd> <code><span class="diff-html-added">java.lang.SecurityException</span></code> <span class="diff-html-added">-</span> <span class="diff-html-added">if</span> <span class="diff-html-added">a</span> <span class="diff-html-added">security</span> <span class="diff-html-added">manager</span> <span class="diff-html-added">exists</span> <span class="diff-html-added">and</span> <span class="diff-html-added">its</span> <code><span class="diff-html-added">checkPermission</span></code> <span class="diff-html-added">method</span> <span class="diff-html-added">denies</span> <span class="diff-html-added">calling</span> <code><span class="diff-html-added">setJNDIContext</span></code>              </dd> <dt> <b><span class="diff-html-added">See</span> <span class="diff-html-added">Also:</span> </b>   </dt><dd> <code><span class="diff-html-added">SecurityManager.checkPermission(java.security.Permission)</span></code> </dd>   </dl></dd></dl> <a end_ctx_id="method:setJNDIContext(javax.naming.Context)"/>  </td></tr><tr valign="top"><td bgcolor="#CCCCCC" colspan="1"> <a start_ctx_id="method:setJNDIContext(javax.naming.Context)"/><a name="setJNDIContext(javax.naming.Context)"/><h3> setJNDIContext </h3><pre>
public static void <b>setJNDIContext</b>(javax.naming.Context ctx)
                           throws <a href="../../../../javax/sql/rowset/spi/SyncFactoryException.html" title="class in javax.sql.rowset.spi">SyncFactoryException</a></pre><dl><dd>Sets the initial JNDI context from which SyncProvider implementations can be retrieved from a JNDI namespace<p/>               </dd><dd><dl> <dt> <b>Parameters:</b>   </dt><dd> <code>ctx</code> - a valid JNDI context      </dd> <dt> <b>Throws:</b>   </dt><dd> <code><a href="../../../../javax/sql/rowset/spi/SyncFactoryException.html" title="class in javax.sql.rowset.spi">SyncFactoryException</a></code> - if the supplied JNDI context is null         </dd>  </dl></dd></dl> <a end_ctx_id="method:setJNDIContext(javax.naming.Context)"/>  </td><td bgcolor="#FFFFFF" colspan="1"> <a start_ctx_id="method:setJNDIContext(javax.naming.Context)"/><a name="setJNDIContext(javax.naming.Context)"/><h3> setJNDIContext </h3><pre>
public static void <b>setJNDIContext</b>(javax.naming.Context ctx)
                           throws <a href="../../../../javax/sql/rowset/spi/SyncFactoryException.html" title="class in javax.sql.rowset.spi">SyncFactoryException</a></pre><dl><dd>Sets the initial JNDI context from which SyncProvider implementations can be retrieved from a JNDI namespace<p> This method checks to see that there is an <code>SQLPermission</code> object which grants the permission <code>setSyncFactory</code> before allowing the method to succeed. If a <code>SecurityManager</code> exists and its <code>checkPermission</code> method denies calling <code>setJNDIContext</code>, this method throws a <code>java.lang.SecurityException</code>.                                      </p><p/>               </dd><dd><dl> <dt> <b>Parameters:</b>   </dt><dd> <code>ctx</code> - a valid JNDI context      </dd> <dt> <b>Throws:</b>   </dt><dd> <code><a href="../../../../javax/sql/rowset/spi/SyncFactoryException.html" title="class in javax.sql.rowset.spi">SyncFactoryException</a></code> - if the supplied JNDI context is null         </dd><dd> <code>java.lang.SecurityException</code> - if a security manager exists and its <code>checkPermission</code> method denies calling <code>setJNDIContext</code>              </dd> <dt> <b>See Also: </b>   </dt><dd> <code>SecurityManager.checkPermission(java.security.Permission)</code> </dd>   </dl></dd></dl> <a end_ctx_id="method:setJNDIContext(javax.naming.Context)"/>  </td></tr></table></td></tr></table></diff></diffreport>