<?xml version="1.0" encoding="UTF-8"?><diffreport><diff><table border="0" cellpadding="1" cellspacing="0" width="100%"><tr><td><h3 class="ctxid">class:SyncResolver [NONE]</h3></td></tr><tr><td><table border="0" cellpadding="5" cellspacing="1" bgcolor="black" width="100%"><tr valign="top"><td bgcolor="#FFFFFF" colspan="1"> <a start_ctx_id="class:SyncResolver"/><dl> <dt><pre>public interface <b>SyncResolver</b></pre>  </dt> <dt>extends <a href="../../../../javax/sql/RowSet.html" title="interface in javax.sql">RowSet</a>   </dt>  </dl><p> Defines a framework that allows applications to use a manual decision tree to decide what should be done when a synchronization conflict occurs. Although it is not mandatory for applications to resolve synchronization conflicts manually, this framework provides the means to delegate to the application when conflicts arise.                                                </p><p> Note that a conflict is a situation where the <code>RowSet</code> object's original values for a row do not match the values in the data source, which indicates that the data source row has been modified since the last synchronization. Note also that a <code>RowSet</code> object's original values are the values it had just prior to the the last synchronization, which are not necessarily its initial values.                                                                  </p><p/><h2>Description of a <code>SyncResolver</code> Object    </h2> A <code>SyncResolver</code> object is a specialized <code>RowSet</code> object that implements the <code>SyncResolver</code> interface. It <b>may</b> operate as either a connected <code>RowSet</code> object (an implementation of the <code>JdbcRowSet</code> interface) or a connected <code>RowSet</code> object (an implementation of the <code>CachedRowSet</code> interface or one of its subinterfaces). For information on the subinterfaces, see the <a href="../package-summary.html"><code>javax.sql.rowset</code></a> package description. The reference implementation for <code>SyncResolver</code> implements the <code>CachedRowSet</code> interface, but other implementations may choose to implement the <code>JdbcRowSet</code> interface to satisfy particular needs.<p> After an application has attempted to synchronize a <code>RowSet</code> object with the data source (by calling the <code>CachedRowSet</code> method <code>acceptChanges</code>), and one or more conflicts have been found, a rowset's <code>SyncProvider</code> object creates an instance of <code>SyncResolver</code>. This new <code>SyncResolver</code> object has the same number of rows and columns as the <code>RowSet</code> object that was attempting the synchronization. The <code>SyncResolver</code> object contains the values from the data source that caused the conflict(s) and <code>null</code> for all other values. In addition, it contains information about each conflict.                                                                                      </p><p/><h2>Getting and Using a <code>SyncResolver</code> Object     </h2> When the method <code>acceptChanges</code> encounters conflicts, the <code>SyncProvider</code> object creates a <code>SyncProviderException</code> object and sets it with the new <code>SyncResolver</code> object. The method <code>acceptChanges</code> will throw this exception, which the application can then catch and use to retrieve the <code>SyncResolver</code> object it contains. The following code snippet uses the <code>SyncProviderException</code> method <code>getSyncResolver</code> to get the <code>SyncResolver</code> object <i>resolver</i>.<pre>
     } catch (SyncProviderException spe) {
         SyncResolver resolver = spe.getSyncResolver();
     ...
     }
 </pre><p> With <i>resolver</i> in hand, an application can use it to get the information it contains about the conflict or conflicts. A <code>SyncResolver</code> object such as <i>resolver</i> keeps track of the conflicts for each row in which there is a conflict. It also places a lock on the table or tables affected by the rowset's command so that no more conflicts can occur while the current conflicts are being resolved.                                                                     </p><p> The following kinds of information can be obtained from a <code>SyncResolver</code> object:            </p><p><li>What operation was being attempted when a conflict occurred<br/> The <code>SyncProvider</code> interface defines four constants describing states that may occur. Three constants describe the type of operation (update, delete, or insert) that a <code>RowSet</code> object was attempting to perform when a conflict was discovered, and the fourth indicates that there is no conflict. These constants are the possible return values when a <code>SyncResolver</code> object calls the method <code>getStatus</code>.<pre>
     int operation = resolver.getStatus();
 </pre>                                                                   </li></p><p><li>The value in the data source that caused a conflict<br/> A conflict exists when a value that a <code>RowSet</code> object has changed and is attempting to write to the data source has also been changed in the data source since the last synchronization. An application can call the <code>SyncResolver</code> method <code>getConflictValue</code> to retrieve the value in the data source that is the cause of the conflict because the values in a <code>SyncResolver</code> object are the conflict values from the data source.<pre>
     java.lang.Object conflictValue = resolver.getConflictValue(2);
 </pre> Note that the column in <i>resolver</i> can be designated by the column number, as is done in the preceding line of code, or by the column name.                                                                                                           </li></p><p> With the information retrieved from the methods <code>getStatus</code> and <code>getConflictValue</code>, the application may make a determination as to which value should be persisted in the data source. The application then calls the <code>SyncResolver</code> method <code>setResolvedValue</code>, which sets the value to be persisted in the <code>RowSet</code> object and also in the data source.<pre>
     resolver.setResolvedValue("DEPT", 8390426);
 </pre> In the preceding line of code, the column name designates the column in the <code>RowSet</code> object that is to be set with the given value. The column number can also be used to designate the column.                                                                                        </p><p> An application calls the method <code>setResolvedValue</code> after it has resolved all of the conflicts in the current conflict row and repeats this process for each conflict row in the <code>SyncResolver</code> object.                               </p><p/><h2>Navigating a <code>SyncResolver</code> Object   </h2> Because a <code>SyncResolver</code> object is a <code>RowSet</code> object, an application can use all of the <code>RowSet</code> methods for moving the cursor to navigate a <code>SyncResolver</code> object. For example, an application can use the <code>RowSet</code> method <code>next</code> to get to each row and then call the <code>SyncResolver</code> method <code>getStatus</code> to see if the row contains a conflict. In a row with one or more conflicts, the application can iterate through the columns to find any non-null values, which will be the values from the data source that are in conflict.<p> To make it easier to navigate a <code>SyncResolver</code> object, especially when there are large numbers of rows with no conflicts, the <code>SyncResolver</code> interface defines the methods <code>nextConflict</code> and <code>previousConflict</code>, which move only to rows that contain at least one conflict value. Then an application can call the <code>SyncResolver</code> method <code>getConflictValue</code>, supplying it with the column number, to get the conflict value itself. The code fragment in the next section gives an example.                                                                        </p><h2>Code Example </h2> The following code fragment demonstrates how a disconnected <code>RowSet</code> object <i>crs</i> might attempt to synchronize itself with the underlying data source and then resolve the conflicts. In the <code>try</code> block, <i>crs</i> calls the method <code>acceptChanges</code>, passing it the <code>Connection</code> object <i>con</i>. If there are no conflicts, the changes in <i>crs</i> are simply written to the data source. However, if there is a conflict, the method <code>acceptChanges</code> throws a <code>SyncProviderException</code> object, and the <code>catch</code> block takes effect. In this example, which illustrates one of the many ways a <code>SyncResolver</code> object can be used, the <code>SyncResolver</code> method <code>nextConflict</code> is used in a <code>while</code> loop. The loop will end when <code>nextConflict</code> returns <code>false</code>, which will occur when there are no more conflict rows in the <code>SyncResolver</code> object <i>resolver</i>. In This particular code fragment, <i>resolver</i> looks for rows that have update conflicts (rows with the status <code>SyncResolver.UPDATE_ROW_CONFLICT</code>), and the rest of this code fragment executes only for rows where conflicts occurred because <i>crs</i> was attempting an update.<p> After the cursor for <i>resolver</i> has moved to the next conflict row that has an update conflict, the method <code>getRow</code> indicates the number of the current row, and the cursor for the <code>CachedRowSet</code> object <i>crs</i> is moved to the comparable row in <i>crs</i>. By iterating through the columns of that row in both <i>resolver</i> and <i>crs</i>, the conflicting values can be retrieved and compared to decide which one should be persisted. In this code fragment, the value in <i>crs</i> is the one set as the resolved value, which means that it will be used to overwrite the conflict value in the data source.<pre>
     try {

         crs.acceptChanges(con);

     } catch (SyncProviderException spe) {

         SyncResolver resolver = spe.getSyncResolver();

         Object crsValue;  // value in the <code>RowSet</code> object 
         Object resolverValue:  // value in the <code>SyncResolver</code> object
         Object resolvedValue:  // value to be persisted

         while(resolver.nextConflict())  {
             if(resolver.getStatus() == SyncResolver.UPDATE_ROW_CONFLICT)  {
                 int row = resolver.getRow();
                 crs.absolute(row);

                 int colCount = crs.getMetaData().getColumnCount();
                 for(int j = 1; j &lt;= colCount; j++) {
                     if (resolver.getConflictValue(j) != null)  {
                         crsValue = crs.getObject(j);
                         resolverValue = resolver.getConflictValue(j);
                         . . . 
                         // compare crsValue and resolverValue to determine
                         // which should be the resolved value (the value to persist)
                         resolvedValue = crsValue;

                         resolver.setResolvedValue(j, resolvedValue);
                      } 
                  } 
              }
          }
      }
 </pre>                                                                                                       </p><p/><p> <a end_ctx_id="class:SyncResolver"/> </p>                                                                                                                                                                                                                                                                                                                                                                                                    </td></tr></table></td></tr></table><table border="0" cellpadding="1" cellspacing="0" width="100%"><tr><td><h3 class="ctxid">field:UPDATE_ROW_CONFLICT [NONE]</h3></td></tr><tr><td><table border="0" cellpadding="5" cellspacing="1" bgcolor="black" width="100%"><tr valign="top"><td bgcolor="#FFFFFF" colspan="1"> <a start_ctx_id="field:UPDATE_ROW_CONFLICT"/><a name="UPDATE_ROW_CONFLICT"/><h3> UPDATE_ROW_CONFLICT </h3><pre>
static final int <b>UPDATE_ROW_CONFLICT</b></pre><dl><dd>Indicates that a conflict occurred while the <code>RowSet</code> object was attempting to update a row in the data source. The values in the data source row to be updated differ from the <code>RowSet</code> object's original values for that row, which means that the row in the data source has been updated or deleted since the last synchronization.<p><dl> <dt> <b>See Also: </b>   </dt><dd> <a href="../../../../constant-values.html#javax.sql.rowset.spi.SyncResolver.UPDATE_ROW_CONFLICT">Constant Field Values  </a> </dd> </dl></p>                                                        </dd></dl> <a end_ctx_id="field:UPDATE_ROW_CONFLICT"/>  </td></tr></table></td></tr></table><table border="0" cellpadding="1" cellspacing="0" width="100%"><tr><td><h3 class="ctxid">field:DELETE_ROW_CONFLICT [NONE]</h3></td></tr><tr><td><table border="0" cellpadding="5" cellspacing="1" bgcolor="black" width="100%"><tr valign="top"><td bgcolor="#FFFFFF" colspan="1"> <a start_ctx_id="field:DELETE_ROW_CONFLICT"/><a name="DELETE_ROW_CONFLICT"/><h3> DELETE_ROW_CONFLICT </h3><pre>
static final int <b>DELETE_ROW_CONFLICT</b></pre><dl><dd>Indicates that a conflict occurred while the <code>RowSet</code> object was attempting to delete a row in the data source. The values in the data source row to be updated differ from the <code>RowSet</code> object's original values for that row, which means that the row in the data source has been updated or deleted since the last synchronization.<p><dl> <dt> <b>See Also: </b>   </dt><dd> <a href="../../../../constant-values.html#javax.sql.rowset.spi.SyncResolver.DELETE_ROW_CONFLICT">Constant Field Values  </a> </dd> </dl></p>                                                        </dd></dl> <a end_ctx_id="field:DELETE_ROW_CONFLICT"/>  </td></tr></table></td></tr></table><table border="0" cellpadding="1" cellspacing="0" width="100%"><tr><td><h3 class="ctxid">field:INSERT_ROW_CONFLICT [NONE]</h3></td></tr><tr><td><table border="0" cellpadding="5" cellspacing="1" bgcolor="black" width="100%"><tr valign="top"><td bgcolor="#FFFFFF" colspan="1"> <a start_ctx_id="field:INSERT_ROW_CONFLICT"/><a name="INSERT_ROW_CONFLICT"/><h3> INSERT_ROW_CONFLICT </h3><pre>
static final int <b>INSERT_ROW_CONFLICT</b></pre><dl><dd>Indicates that a conflict occurred while the <code>RowSet</code> object was attempting to insert a row into the data source. This means that a row with the same primary key as the row to be inserted has been inserted into the data source since the last synchronization.<p><dl> <dt> <b>See Also: </b>   </dt><dd> <a href="../../../../constant-values.html#javax.sql.rowset.spi.SyncResolver.INSERT_ROW_CONFLICT">Constant Field Values  </a> </dd> </dl></p>                                             </dd></dl> <a end_ctx_id="field:INSERT_ROW_CONFLICT"/>  </td></tr></table></td></tr></table><table border="0" cellpadding="1" cellspacing="0" width="100%"><tr><td><h3 class="ctxid">field:NO_ROW_CONFLICT [NONE]</h3></td></tr><tr><td><table border="0" cellpadding="5" cellspacing="1" bgcolor="black" width="100%"><tr valign="top"><td bgcolor="#FFFFFF" colspan="1"> <a start_ctx_id="field:NO_ROW_CONFLICT"/><a name="NO_ROW_CONFLICT"/><h3> NO_ROW_CONFLICT </h3><pre>
static final int <b>NO_ROW_CONFLICT</b></pre><dl><dd>Indicates that <b>no</b> conflict occured while the <code>RowSet</code> object was attempting to update, delete or insert a row in the data source. The values in the <code>SyncResolver</code> will contain <code>null</code> values only as an indication that no information in pertitent to the conflict resolution in this row.<p><dl> <dt> <b>See Also: </b>   </dt><dd> <a href="../../../../constant-values.html#javax.sql.rowset.spi.SyncResolver.NO_ROW_CONFLICT">Constant Field Values  </a> </dd> </dl></p>                                              </dd></dl> <a end_ctx_id="field:NO_ROW_CONFLICT"/>  </td></tr></table></td></tr></table><table border="0" cellpadding="1" cellspacing="0" width="100%"><tr><td><h3 class="ctxid">method:getStatus() [NONE]</h3></td></tr><tr><td><table border="0" cellpadding="5" cellspacing="1" bgcolor="black" width="100%"><tr valign="top"><td bgcolor="#FFFFFF" colspan="1"> <a start_ctx_id="method:getStatus()"/><a name="getStatus()"/><h3> getStatus </h3><pre>
int <b>getStatus</b>()</pre><dl><dd>Retrieves the conflict status of the current row of this <code>SyncResolver</code>, which indicates the operation the <code>RowSet</code> object was attempting when the conflict occurred.<p/>                       </dd><dd><dl/></dd><dd><dl> <dt> <b>Returns:</b>   </dt><dd>one of the following constants: <code>SyncResolver.UPDATE_ROW_CONFLICT</code>, <code>SyncResolver.DELETE_ROW_CONFLICT</code>, <code>SyncResolver.INSERT_ROW_CONFLICT</code>, or <code>SyncResolver.NO_ROW_CONFLICT</code>         </dd> </dl></dd></dl> <a end_ctx_id="method:getStatus()"/>  </td></tr></table></td></tr></table><table border="0" cellpadding="1" cellspacing="0" width="100%"><tr><td><h3 class="ctxid">method:getConflictValue(int) [NONE]</h3></td></tr><tr><td><table border="0" cellpadding="5" cellspacing="1" bgcolor="black" width="100%"><tr valign="top"><td bgcolor="#FFFFFF" colspan="1"> <a start_ctx_id="method:getConflictValue(int)"/><a name="getConflictValue(int)"/><h3> getConflictValue </h3><pre>
java.lang.Object <b>getConflictValue</b>(int index)
                                  throws <a href="../../../../java/sql/SQLException.html" title="class in java.sql">SQLException</a></pre><dl><dd>Retrieves the value in the designated column in the current row of this <code>SyncResolver</code> object, which is the value in the data source that caused a conflict.<p/>                          </dd><dd><dl/></dd><dd><dl> <dt> <b>Parameters:</b>   </dt><dd> <code>index</code> - an <code>int</code> designating the column in this row of this <code>SyncResolver</code> object from which to retrieve the value causing a conflict                       </dd> <dt> <b>Returns:</b>   </dt><dd>the value of the designated column in the current row of this <code>SyncResolver</code> object             </dd> <dt> <b>Throws:</b>   </dt><dd> <code><a href="../../../../java/sql/SQLException.html" title="class in java.sql">SQLException</a></code> - if a database access error occurs        </dd>   </dl></dd></dl> <a end_ctx_id="method:getConflictValue(int)"/>  </td></tr></table></td></tr></table><table border="0" cellpadding="1" cellspacing="0" width="100%"><tr><td><h3 class="ctxid">method:getConflictValue(java.lang.String) [NONE]</h3></td></tr><tr><td><table border="0" cellpadding="5" cellspacing="1" bgcolor="black" width="100%"><tr valign="top"><td bgcolor="#FFFFFF" colspan="1"> <a start_ctx_id="method:getConflictValue(java.lang.String)"/><a name="getConflictValue(java.lang.String)"/><h3> getConflictValue </h3><pre>
java.lang.Object <b>getConflictValue</b>(java.lang.String columnName)
                                  throws <a href="../../../../java/sql/SQLException.html" title="class in java.sql">SQLException</a></pre><dl><dd>Retrieves the value in the designated column in the current row of this <code>SyncResolver</code> object, which is the value in the data source that caused a conflict.<p/>                          </dd><dd><dl/></dd><dd><dl> <dt> <b>Parameters:</b>   </dt><dd> <code>columnName</code> - a <code>String</code> object designating the column in this row of this <code>SyncResolver</code> object from which to retrieve the value causing a conflict                        </dd> <dt> <b>Returns:</b>   </dt><dd>the value of the designated column in the current row of this <code>SyncResolver</code> object             </dd> <dt> <b>Throws:</b>   </dt><dd> <code><a href="../../../../java/sql/SQLException.html" title="class in java.sql">SQLException</a></code> - if a database access error occurs        </dd>   </dl></dd></dl> <a end_ctx_id="method:getConflictValue(java.lang.String)"/>  </td></tr></table></td></tr></table><table border="0" cellpadding="1" cellspacing="0" width="100%"><tr><td><h3 class="ctxid">method:setResolvedValue(int, java.lang.Object) [NONE]</h3></td></tr><tr><td><table border="0" cellpadding="5" cellspacing="1" bgcolor="black" width="100%"><tr valign="top"><td bgcolor="#FFFFFF" colspan="1"> <a start_ctx_id="method:setResolvedValue(int, java.lang.Object)"/><a name="setResolvedValue(int, java.lang.Object)"/><h3> setResolvedValue </h3><pre>
void <b>setResolvedValue</b>(int index,
                      java.lang.Object obj)
                      throws <a href="../../../../java/sql/SQLException.html" title="class in java.sql">SQLException</a></pre><dl><dd>Sets <i>obj</i> as the value in column <i>index</i> in the current row of the <code>RowSet</code> object that is being synchronized. <i>obj</i> is set as the value in the data source internally.<p/>                              </dd><dd><dl/></dd><dd><dl> <dt> <b>Parameters:</b>   </dt><dd> <code>index</code> - an <code>int</code> giving the number of the column into which to set the value to be persisted                   </dd><dd> <code>obj</code> - an <code>Object</code> that is the value to be set in the <code>RowSet</code> object and persisted in the data source                     </dd> <dt> <b>Throws:</b>   </dt><dd> <code><a href="../../../../java/sql/SQLException.html" title="class in java.sql">SQLException</a></code> - if a database access error occurs        </dd>  </dl></dd></dl> <a end_ctx_id="method:setResolvedValue(int, java.lang.Object)"/>  </td></tr></table></td></tr></table><table border="0" cellpadding="1" cellspacing="0" width="100%"><tr><td><h3 class="ctxid">method:setResolvedValue(java.lang.String, java.lang.Object) [NONE]</h3></td></tr><tr><td><table border="0" cellpadding="5" cellspacing="1" bgcolor="black" width="100%"><tr valign="top"><td bgcolor="#FFFFFF" colspan="1"> <a start_ctx_id="method:setResolvedValue(java.lang.String, java.lang.Object)"/><a name="setResolvedValue(java.lang.String, java.lang.Object)"/><h3> setResolvedValue </h3><pre>
void <b>setResolvedValue</b>(java.lang.String columnName,
                      java.lang.Object obj)
                      throws <a href="../../../../java/sql/SQLException.html" title="class in java.sql">SQLException</a></pre><dl><dd>Sets <i>obj</i> as the value in column <i>columnName</i> in the current row of the <code>RowSet</code> object that is being synchronized. <i>obj</i> is set as the value in the data source internally.<p/>                              </dd><dd><dl/></dd><dd><dl> <dt> <b>Parameters:</b>   </dt><dd> <code>columnName</code> - a <code>String</code> object giving the name of the column into which to set the value to be persisted                    </dd><dd> <code>obj</code> - an <code>Object</code> that is the value to be set in the <code>RowSet</code> object and persisted in the data source                     </dd> <dt> <b>Throws:</b>   </dt><dd> <code><a href="../../../../java/sql/SQLException.html" title="class in java.sql">SQLException</a></code> - if a database access error occurs        </dd>  </dl></dd></dl> <a end_ctx_id="method:setResolvedValue(java.lang.String, java.lang.Object)"/>  </td></tr></table></td></tr></table><table border="0" cellpadding="1" cellspacing="0" width="100%"><tr><td><h3 class="ctxid">method:nextConflict() [NONE]</h3></td></tr><tr><td><table border="0" cellpadding="5" cellspacing="1" bgcolor="black" width="100%"><tr valign="top"><td bgcolor="#FFFFFF" colspan="1"> <a start_ctx_id="method:nextConflict()"/><a name="nextConflict()"/><h3> nextConflict </h3><pre>
boolean <b>nextConflict</b>()
                     throws <a href="../../../../java/sql/SQLException.html" title="class in java.sql">SQLException</a></pre><dl><dd>Moves the cursor down from its current position to the next row that contains a conflict value. A <code>SyncResolver</code> object's cursor is initially positioned before the first conflict row; the first call to the method <code>nextConflict</code> makes the first conflict row the current row; the second call makes the second conflict row the current row, and so on.<p> A call to the method <code>nextConflict</code> will implicitly close an input stream if one is open and will clear the <code>SyncResolver</code> object's warning chain.                        </p><p/>                                                         </dd><dd><dl/></dd><dd><dl> <dt> <b>Returns:</b>   </dt><dd> <code>true</code> if the new current row is valid; <code>false</code> if there are no more rows               </dd> <dt> <b>Throws:</b>   </dt><dd> <code><a href="../../../../java/sql/SQLException.html" title="class in java.sql">SQLException</a></code> - if a database access error occurs or the result set type is <code>TYPE_FORWARD_ONLY</code>               </dd>  </dl></dd></dl> <a end_ctx_id="method:nextConflict()"/>  </td></tr></table></td></tr></table><table border="0" cellpadding="1" cellspacing="0" width="100%"><tr><td><h3 class="ctxid">method:previousConflict() [NONE]</h3></td></tr><tr><td><table border="0" cellpadding="5" cellspacing="1" bgcolor="black" width="100%"><tr valign="top"><td bgcolor="#FFFFFF" colspan="1"> <a start_ctx_id="method:previousConflict()"/><a name="previousConflict()"/><h3> previousConflict </h3><pre>
boolean <b>previousConflict</b>()
                         throws <a href="../../../../java/sql/SQLException.html" title="class in java.sql">SQLException</a></pre><dl><dd>Moves the cursor up from its current position to the previous conflict row in this <code>SyncResolver</code> object.<p> A call to the method <code>previousConflict</code> will implicitly close an input stream if one is open and will clear the <code>SyncResolver</code> object's warning chain.                        </p><p/>                </dd><dd><dl/></dd><dd><dl> <dt> <b>Returns:</b>   </dt><dd> <code>true</code> if the cursor is on a valid row; <code>false</code> if it is off the result set                 </dd> <dt> <b>Throws:</b>   </dt><dd> <code><a href="../../../../java/sql/SQLException.html" title="class in java.sql">SQLException</a></code> - if a database access error occurs or the result set type is <code>TYPE_FORWARD_ONLY</code>               </dd>  </dl></dd></dl> <a end_ctx_id="method:previousConflict()"/>  </td></tr></table></td></tr></table></diff></diffreport>