<?xml version="1.0" encoding="UTF-8" standalone="yes"?><Document><name>javax/sql/rowset/spi/SyncResolver.spec</name><Context><name>class:SyncResolver</name><mt>NONE</mt></Context><Context><name>field:DELETE_ROW_CONFLICT</name><mt>NONE</mt></Context><Context><name>field:INSERT_ROW_CONFLICT</name><mt>NONE</mt></Context><Context><name>field:NO_ROW_CONFLICT</name><mt>NONE</mt></Context><Context><name>field:UPDATE_ROW_CONFLICT</name><mt>NONE</mt></Context><Context><name>method:getConflictValue(int)</name><mt>NONE</mt></Context><Context><name>method:getConflictValue(java.lang.String)</name><mt>NONE</mt></Context><Context><name>method:getStatus()</name><mt>NONE</mt></Context><Context><name>method:nextConflict()</name><mt>NONE</mt></Context><Context><name>method:previousConflict()</name><mt>NONE</mt></Context><Context><name>method:setResolvedValue(int, java.lang.Object)</name><mt>NONE</mt></Context><Context><name>method:setResolvedValue(java.lang.String, java.lang.Object)</name><mt>NONE</mt></Context><Stat><name>javax/sql/rowset/spi/SyncResolver.spec</name><mt>NONE</mt><Group name="context"><Item count="0" name="ADDED"/><Item count="0" name="REMOVED"/><Item count="0" name="CHANGED"/><Item count="0" name="MODIFIED"/><Item count="12" name="TOTAL"/></Group><Group name="assertion"><Item count="0" name="ADDED"/><Item count="0" name="REMOVED"/><Item count="0" name="CHANGED"/><Item count="0" name="MODIFIED"/><Item count="0" name="TOTAL"/></Group></Stat></Document>