<?xml version="1.0" encoding="UTF-8" standalone="yes"?><Document><name>javax/sql/rowset/spi/SyncFactory.spec</name><Context><name>class:SyncFactory</name><mt>CHANGED</mt></Context><Context><name>field:ROWSET_SYNC_PROVIDER</name><mt>CHANGED</mt></Context><Context><name>field:ROWSET_SYNC_PROVIDER_VERSION</name><mt>CHANGED</mt></Context><Context><name>field:ROWSET_SYNC_VENDOR</name><mt>CHANGED</mt></Context><Context><name>method:getInstance(java.lang.String)</name><mt>CHANGED</mt></Context><Context><name>method:getLogger()</name><mt>NONE</mt></Context><Context><name>method:getRegisteredProviders()</name><mt>NONE</mt></Context><Context><name>method:getSyncFactory()</name><mt>NONE</mt></Context><Context><name>method:registerProvider(java.lang.String)</name><mt>NONE</mt></Context><Context><name>method:setJNDIContext(javax.naming.Context)</name><mt>CHANGED</mt></Context><Context><name>method:setLogger(java.util.logging.Logger)</name><mt>CHANGED</mt></Context><Context><name>method:setLogger(java.util.logging.Logger, java.util.logging.Level)</name><mt>CHANGED</mt></Context><Context><name>method:unregisterProvider(java.lang.String)</name><mt>NONE</mt></Context><Stat><name>javax/sql/rowset/spi/SyncFactory.spec</name><mt>CHANGED</mt><Group name="context"><Item count="0" name="ADDED"/><Item count="0" name="REMOVED"/><Item count="8" name="CHANGED"/><Item count="8" name="MODIFIED"/><Item count="13" name="TOTAL"/></Group><Group name="assertion"><Item count="0" name="ADDED"/><Item count="0" name="REMOVED"/><Item count="0" name="CHANGED"/><Item count="0" name="MODIFIED"/><Item count="0" name="TOTAL"/></Group></Stat></Document>