<?xml version="1.0" encoding="UTF-8"?><diffreport><diff><table border="0" cellpadding="1" cellspacing="0" width="100%"><tr><td><h3 class="ctxid">class:SyncFactoryException [NONE]</h3></td></tr><tr><td><table border="0" cellpadding="5" cellspacing="1" bgcolor="black" width="100%"><tr valign="top"><td bgcolor="#FFFFFF" colspan="1"> <a start_ctx_id="class:SyncFactoryException"/><dl> <dt><pre>public class <b>SyncFactoryException</b></pre>  </dt> <dt>extends <a href="../../../../java/sql/SQLException.html" title="class in java.sql">SQLException</a>   </dt>  </dl><p> Indicates an error with <code>SyncFactory</code> mechanism. A disconnected RowSet implementation cannot be used without a <code>SyncProvider</code> being successfully instantiated                   </p><p/><p><dl> <dt> <b>See Also: </b>   </dt><dd> <a href="../../../../javax/sql/rowset/spi/SyncFactory.html" title="class in javax.sql.rowset.spi"><code>SyncFactory</code></a>, <a href="../../../../javax/sql/rowset/spi/SyncFactoryException.html" title="class in javax.sql.rowset.spi"><code>SyncFactoryException</code></a>, <a href="../../../../serialized-form.html#javax.sql.rowset.spi.SyncFactoryException">Serialized Form </a>   </dd> </dl> <a end_ctx_id="class:SyncFactoryException"/> </p> </td></tr></table></td></tr></table><table border="0" cellpadding="1" cellspacing="0" width="100%"><tr><td><h3 class="ctxid">constructor:SyncFactoryException() [NONE]</h3></td></tr><tr><td><table border="0" cellpadding="5" cellspacing="1" bgcolor="black" width="100%"><tr valign="top"><td bgcolor="#FFFFFF" colspan="1"> <a start_ctx_id="constructor:SyncFactoryException()"/><a name="SyncFactoryException()"/><h3> SyncFactoryException </h3><pre>
public <b>SyncFactoryException</b>()</pre><dl><dd>Creates new <code>SyncFactoryException</code> without detail message.<p/>     </dd></dl> <a end_ctx_id="constructor:SyncFactoryException()"/>  </td></tr></table></td></tr></table><table border="0" cellpadding="1" cellspacing="0" width="100%"><tr><td><h3 class="ctxid">constructor:SyncFactoryException(java.lang.String) [NONE]</h3></td></tr><tr><td><table border="0" cellpadding="5" cellspacing="1" bgcolor="black" width="100%"><tr valign="top"><td bgcolor="#FFFFFF" colspan="1"> <a start_ctx_id="constructor:SyncFactoryException(java.lang.String)"/><a name="SyncFactoryException(java.lang.String)"/><h3> SyncFactoryException </h3><pre>
public <b>SyncFactoryException</b>(java.lang.String msg)</pre><dl><dd>Constructs an <code>SyncFactoryException</code> with the specified detail message.<p><dl> <dt> <b>Parameters:</b>   </dt><dd> <code>msg</code> - the detail message.     </dd> </dl></p>       </dd></dl> <a end_ctx_id="constructor:SyncFactoryException(java.lang.String)"/>  </td></tr></table></td></tr></table></diff></diffreport>