<?xml version="1.0" encoding="UTF-8"?><diffreport><diff><table border="0" cellpadding="1" cellspacing="0" width="100%"><tr><td><h3 class="ctxid">class:XmlReader [NONE]</h3></td></tr><tr><td><table border="0" cellpadding="5" cellspacing="1" bgcolor="black" width="100%"><tr valign="top"><td bgcolor="#FFFFFF" colspan="1"> <a start_ctx_id="class:XmlReader"/><dl> <dt><pre>public interface <b>XmlReader</b></pre>  </dt> <dt>extends <a href="../../../../javax/sql/RowSetReader.html" title="interface in javax.sql">RowSetReader</a>   </dt>  </dl><p> A specialized interface that facilitates an extension of the <code>SyncProvider</code> abstract class for XML orientated synchronization providers.                 </p><p> <code>SyncProvider</code> implementations that supply XML data reader capabilities such as output XML stream capabilities can implement this interface to provider standard <code>XmlReader</code> objects to <code>WebRowSet</code> implementations.                          </p><p> An <code>XmlReader</code> object is registered as the XML reader for a <code>WebRowSet</code> by being assigned to the rowset's <code>xmlReader</code> field. When the <code>WebRowSet</code> object's <code>readXml</code> method is invoked, it in turn invokes its XML reader's <code>readXML</code> method.                                     </p><p/><p> <a end_ctx_id="class:XmlReader"/> </p> </td></tr></table></td></tr></table><table border="0" cellpadding="1" cellspacing="0" width="100%"><tr><td><h3 class="ctxid">method:readXML(javax.sql.rowset.WebRowSet, java.io.Reader) [NONE]</h3></td></tr><tr><td><table border="0" cellpadding="5" cellspacing="1" bgcolor="black" width="100%"><tr valign="top"><td bgcolor="#FFFFFF" colspan="1"> <a start_ctx_id="method:readXML(javax.sql.rowset.WebRowSet, java.io.Reader)"/><a name="readXML(javax.sql.rowset.WebRowSet, java.io.Reader)"/><h3> readXML </h3><pre>
void <b>readXML</b>(<a href="../../../../javax/sql/rowset/WebRowSet.html" title="interface in javax.sql.rowset">WebRowSet</a> caller,
             java.io.Reader reader)
             throws <a href="../../../../java/sql/SQLException.html" title="class in java.sql">SQLException</a></pre><dl><dd>Reads and parses the given <code>WebRowSet</code> object from the given input stream in XML format. The <code>xmlReader</code> field of the given <code>WebRowSet</code> object must contain this <code>XmlReader</code> object.<p> If a parsing error occurs, the exception that is thrown will include information about the location of the error in the original XML document.                        </p><p/>                           </dd><dd><dl/></dd><dd><dl> <dt> <b>Parameters:</b>   </dt><dd> <code>caller</code> - the <code>WebRowSet</code> object to be parsed, whose <code>xmlReader</code> field must contain a reference to this <code>XmlReader</code> object                   </dd><dd> <code>reader</code> - the <code>java.io.Reader</code> object from which <code>caller</code> will be read           </dd> <dt> <b>Throws:</b>   </dt><dd> <code><a href="../../../../java/sql/SQLException.html" title="class in java.sql">SQLException</a></code> - if a database access error occurs or this <code>XmlReader</code> object is not the reader for the given rowset                    </dd>  </dl></dd></dl> <a end_ctx_id="method:readXML(javax.sql.rowset.WebRowSet, java.io.Reader)"/>  </td></tr></table></td></tr></table></diff></diffreport>