<?xml version="1.0" encoding="UTF-8"?><diffreport><diff><table border="0" cellpadding="1" cellspacing="0" width="100%"><tr><td><h3 class="ctxid">class:XmlWriter [NONE]</h3></td></tr><tr><td><table border="0" cellpadding="5" cellspacing="1" bgcolor="black" width="100%"><tr valign="top"><td bgcolor="#FFFFFF" colspan="1"> <a start_ctx_id="class:XmlWriter"/><dl> <dt><pre>public interface <b>XmlWriter</b></pre>  </dt> <dt>extends <a href="../../../../javax/sql/RowSetWriter.html" title="interface in javax.sql">RowSetWriter</a>   </dt>  </dl><p> A specialized interface that facilitates an extension of the <code>SyncProvider</code> abstract class for XML orientated synchronization providers.                 </p><p> <code>SyncProvider</code> implementations that supply XML data writer capabilities such as output XML stream capabilities can implement this interface to provider standard <code>XmlWriter</code> objects to <code>WebRowSet</code> implementations.                          </p><p> Writing a <code>WebRowSet</code> object includes printing the rowset's data, metadata, and properties, all with the appropriate XML tags.                  </p><p/><p> <a end_ctx_id="class:XmlWriter"/> </p> </td></tr></table></td></tr></table><table border="0" cellpadding="1" cellspacing="0" width="100%"><tr><td><h3 class="ctxid">method:writeXML(javax.sql.rowset.WebRowSet, java.io.Writer) [NONE]</h3></td></tr><tr><td><table border="0" cellpadding="5" cellspacing="1" bgcolor="black" width="100%"><tr valign="top"><td bgcolor="#FFFFFF" colspan="1"> <a start_ctx_id="method:writeXML(javax.sql.rowset.WebRowSet, java.io.Writer)"/><a name="writeXML(javax.sql.rowset.WebRowSet, java.io.Writer)"/><h3> writeXML </h3><pre>
void <b>writeXML</b>(<a href="../../../../javax/sql/rowset/WebRowSet.html" title="interface in javax.sql.rowset">WebRowSet</a> caller,
              java.io.Writer writer)
              throws <a href="../../../../java/sql/SQLException.html" title="class in java.sql">SQLException</a></pre><dl><dd>Writes the given <code>WebRowSet</code> object to the specified <code>java.io.Writer</code> output stream as an XML document. This document includes the rowset's data, metadata, and properties plus the appropriate XML tags.<p> The <code>caller</code> parameter must be a <code>WebRowSet</code> object whose <code>XmlWriter</code> field contains a reference to this <code>XmlWriter</code> object.                  </p><p/>                            </dd><dd><dl/></dd><dd><dl> <dt> <b>Parameters:</b>   </dt><dd> <code>caller</code> - the <code>WebRowSet</code> instance to be written, for which this <code>XmlWriter</code> object is the writer                </dd><dd> <code>writer</code> - the <code>java.io.Writer</code> object that serves as the output stream for writing <code>caller</code> as an XML document                  </dd> <dt> <b>Throws:</b>   </dt><dd> <code><a href="../../../../java/sql/SQLException.html" title="class in java.sql">SQLException</a></code> - if a database access error occurs or this <code>XmlWriter</code> object is not the writer for the given <code>WebRowSet</code> object                     </dd>  </dl></dd></dl> <a end_ctx_id="method:writeXML(javax.sql.rowset.WebRowSet, java.io.Writer)"/>  </td></tr></table></td></tr></table></diff></diffreport>