<?xml version="1.0" encoding="UTF-8" standalone="yes"?><Document><name>javax/sql/rowset/spi/XmlWriter.spec</name><Context><name>class:XmlWriter</name><mt>NONE</mt></Context><Context><name>method:writeXML(javax.sql.rowset.WebRowSet, java.io.Writer)</name><mt>NONE</mt></Context><Stat><name>javax/sql/rowset/spi/XmlWriter.spec</name><mt>NONE</mt><Group name="context"><Item count="0" name="ADDED"/><Item count="0" name="REMOVED"/><Item count="0" name="CHANGED"/><Item count="0" name="MODIFIED"/><Item count="2" name="TOTAL"/></Group><Group name="assertion"><Item count="0" name="ADDED"/><Item count="0" name="REMOVED"/><Item count="0" name="CHANGED"/><Item count="0" name="MODIFIED"/><Item count="0" name="TOTAL"/></Group></Stat></Document>