<?xml version="1.0" encoding="UTF-8" standalone="yes"?><Document><name>java/sql/Array.spec</name><Context><name>class:Array</name><mt>NONE</mt></Context><Context><name>method:free()</name><mt>NONE</mt></Context><Context><name>method:getArray()</name><mt>NONE</mt></Context><Context><name>method:getArray(java.util.Map)</name><mt>NONE</mt></Context><Context><name>method:getArray(long, int)</name><mt>NONE</mt></Context><Context><name>method:getArray(long, int, java.util.Map)</name><mt>NONE</mt></Context><Context><name>method:getBaseType()</name><mt>NONE</mt></Context><Context><name>method:getBaseTypeName()</name><mt>NONE</mt></Context><Context><name>method:getResultSet()</name><mt>NONE</mt></Context><Context><name>method:getResultSet(java.util.Map)</name><mt>NONE</mt></Context><Context><name>method:getResultSet(long, int)</name><mt>NONE</mt></Context><Context><name>method:getResultSet(long, int, java.util.Map)</name><mt>NONE</mt></Context><Stat><name>java/sql/Array.spec</name><mt>NONE</mt><Group name="context"><Item name="ADDED" count="0"/><Item name="REMOVED" count="0"/><Item name="CHANGED" count="0"/><Item name="MODIFIED" count="0"/><Item name="TOTAL" count="12"/></Group><Group name="assertion"><Item name="ADDED" count="0"/><Item name="REMOVED" count="0"/><Item name="CHANGED" count="0"/><Item name="MODIFIED" count="0"/><Item name="TOTAL" count="0"/></Group></Stat></Document>