<?xml version="1.0" encoding="UTF-8" standalone="yes"?><Document><name>java/sql/BatchUpdateException.spec</name><Context><name>class:BatchUpdateException</name><mt>CHANGED</mt></Context><Context><name>constructor:BatchUpdateException()</name><mt>CHANGED</mt></Context><Context><name>constructor:BatchUpdateException(int[])</name><mt>CHANGED</mt></Context><Context><name>constructor:BatchUpdateException(int[], java.lang.Throwable)</name><mt>CHANGED</mt></Context><Context><name>constructor:BatchUpdateException(java.lang.String, int[])</name><mt>CHANGED</mt></Context><Context><name>constructor:BatchUpdateException(java.lang.String, int[], java.lang.Throwable)</name><mt>CHANGED</mt></Context><Context><name>constructor:BatchUpdateException(java.lang.String, java.lang.String, int, int[])</name><mt>CHANGED</mt></Context><Context><name>constructor:BatchUpdateException(java.lang.String, java.lang.String, int, int[], java.lang.Throwable)</name><mt>CHANGED</mt></Context><Context><name>constructor:BatchUpdateException(java.lang.String, java.lang.String, int, long[], java.lang.Throwable)</name><mt>ADDED</mt></Context><Context><name>constructor:BatchUpdateException(java.lang.String, java.lang.String, int[])</name><mt>CHANGED</mt></Context><Context><name>constructor:BatchUpdateException(java.lang.String, java.lang.String, int[], java.lang.Throwable)</name><mt>CHANGED</mt></Context><Context><name>constructor:BatchUpdateException(java.lang.Throwable)</name><mt>CHANGED</mt></Context><Context><name>method:getLargeUpdateCounts()</name><mt>ADDED</mt></Context><Context><name>method:getUpdateCounts()</name><mt>CHANGED</mt></Context><Stat><name>java/sql/BatchUpdateException.spec</name><mt>CHANGED</mt><Group name="context"><Item name="ADDED" count="2"/><Item name="REMOVED" count="0"/><Item name="CHANGED" count="12"/><Item name="MODIFIED" count="14"/><Item name="TOTAL" count="14"/></Group><Group name="assertion"><Item name="ADDED" count="0"/><Item name="REMOVED" count="0"/><Item name="CHANGED" count="0"/><Item name="MODIFIED" count="0"/><Item name="TOTAL" count="0"/></Group></Stat></Document>