<?xml version="1.0" encoding="UTF-8" standalone="yes"?><Document><name>java/sql/CallableStatement.spec</name><Context><name>class:CallableStatement</name><mt>NONE</mt></Context><Context><name>method:getArray(int)</name><mt>NONE</mt></Context><Context><name>method:getArray(java.lang.String)</name><mt>NONE</mt></Context><Context><name>method:getBigDecimal(int)</name><mt>NONE</mt></Context><Context><name>method:getBigDecimal(int, int)</name><mt>CHANGED</mt></Context><Context><name>method:getBigDecimal(java.lang.String)</name><mt>CHANGED</mt></Context><Context><name>method:getBlob(int)</name><mt>NONE</mt></Context><Context><name>method:getBlob(java.lang.String)</name><mt>NONE</mt></Context><Context><name>method:getBoolean(int)</name><mt>NONE</mt></Context><Context><name>method:getBoolean(java.lang.String)</name><mt>NONE</mt></Context><Context><name>method:getByte(int)</name><mt>NONE</mt></Context><Context><name>method:getByte(java.lang.String)</name><mt>NONE</mt></Context><Context><name>method:getBytes(int)</name><mt>NONE</mt></Context><Context><name>method:getBytes(java.lang.String)</name><mt>NONE</mt></Context><Context><name>method:getCharacterStream(int)</name><mt>NONE</mt></Context><Context><name>method:getCharacterStream(java.lang.String)</name><mt>NONE</mt></Context><Context><name>method:getClob(int)</name><mt>NONE</mt></Context><Context><name>method:getClob(java.lang.String)</name><mt>NONE</mt></Context><Context><name>method:getDate(int)</name><mt>NONE</mt></Context><Context><name>method:getDate(int, java.util.Calendar)</name><mt>NONE</mt></Context><Context><name>method:getDate(java.lang.String)</name><mt>NONE</mt></Context><Context><name>method:getDate(java.lang.String, java.util.Calendar)</name><mt>NONE</mt></Context><Context><name>method:getDouble(int)</name><mt>NONE</mt></Context><Context><name>method:getDouble(java.lang.String)</name><mt>NONE</mt></Context><Context><name>method:getFloat(int)</name><mt>NONE</mt></Context><Context><name>method:getFloat(java.lang.String)</name><mt>NONE</mt></Context><Context><name>method:getInt(int)</name><mt>NONE</mt></Context><Context><name>method:getInt(java.lang.String)</name><mt>NONE</mt></Context><Context><name>method:getLong(int)</name><mt>NONE</mt></Context><Context><name>method:getLong(java.lang.String)</name><mt>NONE</mt></Context><Context><name>method:getNCharacterStream(int)</name><mt>NONE</mt></Context><Context><name>method:getNCharacterStream(java.lang.String)</name><mt>NONE</mt></Context><Context><name>method:getNClob(int)</name><mt>NONE</mt></Context><Context><name>method:getNClob(java.lang.String)</name><mt>NONE</mt></Context><Context><name>method:getNString(int)</name><mt>NONE</mt></Context><Context><name>method:getNString(java.lang.String)</name><mt>NONE</mt></Context><Context><name>method:getObject(int)</name><mt>NONE</mt></Context><Context><name>method:getObject(int, java.lang.Class)</name><mt>CHANGED</mt></Context><Context><name>method:getObject(int, java.util.Map)</name><mt>NONE</mt></Context><Context><name>method:getObject(java.lang.String)</name><mt>NONE</mt></Context><Context><name>method:getObject(java.lang.String, java.lang.Class)</name><mt>CHANGED</mt></Context><Context><name>method:getObject(java.lang.String, java.util.Map)</name><mt>NONE</mt></Context><Context><name>method:getRef(int)</name><mt>NONE</mt></Context><Context><name>method:getRef(java.lang.String)</name><mt>NONE</mt></Context><Context><name>method:getRowId(int)</name><mt>NONE</mt></Context><Context><name>method:getRowId(java.lang.String)</name><mt>NONE</mt></Context><Context><name>method:getSQLXML(int)</name><mt>NONE</mt></Context><Context><name>method:getSQLXML(java.lang.String)</name><mt>NONE</mt></Context><Context><name>method:getShort(int)</name><mt>NONE</mt></Context><Context><name>method:getShort(java.lang.String)</name><mt>NONE</mt></Context><Context><name>method:getString(int)</name><mt>NONE</mt></Context><Context><name>method:getString(java.lang.String)</name><mt>NONE</mt></Context><Context><name>method:getTime(int)</name><mt>NONE</mt></Context><Context><name>method:getTime(int, java.util.Calendar)</name><mt>NONE</mt></Context><Context><name>method:getTime(java.lang.String)</name><mt>NONE</mt></Context><Context><name>method:getTime(java.lang.String, java.util.Calendar)</name><mt>NONE</mt></Context><Context><name>method:getTimestamp(int)</name><mt>NONE</mt></Context><Context><name>method:getTimestamp(int, java.util.Calendar)</name><mt>NONE</mt></Context><Context><name>method:getTimestamp(java.lang.String)</name><mt>NONE</mt></Context><Context><name>method:getTimestamp(java.lang.String, java.util.Calendar)</name><mt>NONE</mt></Context><Context><name>method:getURL(int)</name><mt>NONE</mt></Context><Context><name>method:getURL(java.lang.String)</name><mt>NONE</mt></Context><Context><name>method:registerOutParameter(int, int)</name><mt>NONE</mt></Context><Context><name>method:registerOutParameter(int, int, int)</name><mt>NONE</mt></Context><Context><name>method:registerOutParameter(int, int, java.lang.String)</name><mt>NONE</mt></Context><Context><name>method:registerOutParameter(int, java.sql.SQLType)</name><mt>ADDED</mt></Context><Context><name>method:registerOutParameter(int, java.sql.SQLType, int)</name><mt>ADDED</mt></Context><Context><name>method:registerOutParameter(int, java.sql.SQLType, java.lang.String)</name><mt>ADDED</mt></Context><Context><name>method:registerOutParameter(java.lang.String, int)</name><mt>NONE</mt></Context><Context><name>method:registerOutParameter(java.lang.String, int, int)</name><mt>NONE</mt></Context><Context><name>method:registerOutParameter(java.lang.String, int, java.lang.String)</name><mt>NONE</mt></Context><Context><name>method:registerOutParameter(java.lang.String, java.sql.SQLType)</name><mt>ADDED</mt></Context><Context><name>method:registerOutParameter(java.lang.String, java.sql.SQLType, int)</name><mt>ADDED</mt></Context><Context><name>method:registerOutParameter(java.lang.String, java.sql.SQLType, java.lang.String)</name><mt>ADDED</mt></Context><Context><name>method:setAsciiStream(java.lang.String, java.io.InputStream)</name><mt>NONE</mt></Context><Context><name>method:setAsciiStream(java.lang.String, java.io.InputStream, int)</name><mt>NONE</mt></Context><Context><name>method:setAsciiStream(java.lang.String, java.io.InputStream, long)</name><mt>NONE</mt></Context><Context><name>method:setBigDecimal(java.lang.String, java.math.BigDecimal)</name><mt>NONE</mt></Context><Context><name>method:setBinaryStream(java.lang.String, java.io.InputStream)</name><mt>NONE</mt></Context><Context><name>method:setBinaryStream(java.lang.String, java.io.InputStream, int)</name><mt>NONE</mt></Context><Context><name>method:setBinaryStream(java.lang.String, java.io.InputStream, long)</name><mt>NONE</mt></Context><Context><name>method:setBlob(java.lang.String, java.io.InputStream)</name><mt>NONE</mt></Context><Context><name>method:setBlob(java.lang.String, java.io.InputStream, long)</name><mt>NONE</mt></Context><Context><name>method:setBlob(java.lang.String, java.sql.Blob)</name><mt>NONE</mt></Context><Context><name>method:setBoolean(java.lang.String, boolean)</name><mt>NONE</mt></Context><Context><name>method:setByte(java.lang.String, byte)</name><mt>NONE</mt></Context><Context><name>method:setBytes(java.lang.String, byte[])</name><mt>NONE</mt></Context><Context><name>method:setCharacterStream(java.lang.String, java.io.Reader)</name><mt>NONE</mt></Context><Context><name>method:setCharacterStream(java.lang.String, java.io.Reader, int)</name><mt>NONE</mt></Context><Context><name>method:setCharacterStream(java.lang.String, java.io.Reader, long)</name><mt>NONE</mt></Context><Context><name>method:setClob(java.lang.String, java.io.Reader)</name><mt>NONE</mt></Context><Context><name>method:setClob(java.lang.String, java.io.Reader, long)</name><mt>NONE</mt></Context><Context><name>method:setClob(java.lang.String, java.sql.Clob)</name><mt>NONE</mt></Context><Context><name>method:setDate(java.lang.String, java.sql.Date)</name><mt>NONE</mt></Context><Context><name>method:setDate(java.lang.String, java.sql.Date, java.util.Calendar)</name><mt>NONE</mt></Context><Context><name>method:setDouble(java.lang.String, double)</name><mt>NONE</mt></Context><Context><name>method:setFloat(java.lang.String, float)</name><mt>NONE</mt></Context><Context><name>method:setInt(java.lang.String, int)</name><mt>NONE</mt></Context><Context><name>method:setLong(java.lang.String, long)</name><mt>NONE</mt></Context><Context><name>method:setNCharacterStream(java.lang.String, java.io.Reader)</name><mt>NONE</mt></Context><Context><name>method:setNCharacterStream(java.lang.String, java.io.Reader, long)</name><mt>NONE</mt></Context><Context><name>method:setNClob(java.lang.String, java.io.Reader)</name><mt>NONE</mt></Context><Context><name>method:setNClob(java.lang.String, java.io.Reader, long)</name><mt>NONE</mt></Context><Context><name>method:setNClob(java.lang.String, java.sql.NClob)</name><mt>NONE</mt></Context><Context><name>method:setNString(java.lang.String, java.lang.String)</name><mt>NONE</mt></Context><Context><name>method:setNull(java.lang.String, int)</name><mt>NONE</mt></Context><Context><name>method:setNull(java.lang.String, int, java.lang.String)</name><mt>NONE</mt></Context><Context><name>method:setObject(java.lang.String, java.lang.Object)</name><mt>CHANGED</mt></Context><Context><name>method:setObject(java.lang.String, java.lang.Object, int)</name><mt>CHANGED</mt></Context><Context><name>method:setObject(java.lang.String, java.lang.Object, int, int)</name><mt>CHANGED</mt></Context><Context><name>method:setObject(java.lang.String, java.lang.Object, java.sql.SQLType)</name><mt>ADDED</mt></Context><Context><name>method:setObject(java.lang.String, java.lang.Object, java.sql.SQLType, int)</name><mt>ADDED</mt></Context><Context><name>method:setRowId(java.lang.String, java.sql.RowId)</name><mt>NONE</mt></Context><Context><name>method:setSQLXML(java.lang.String, java.sql.SQLXML)</name><mt>NONE</mt></Context><Context><name>method:setShort(java.lang.String, short)</name><mt>NONE</mt></Context><Context><name>method:setString(java.lang.String, java.lang.String)</name><mt>NONE</mt></Context><Context><name>method:setTime(java.lang.String, java.sql.Time)</name><mt>NONE</mt></Context><Context><name>method:setTime(java.lang.String, java.sql.Time, java.util.Calendar)</name><mt>NONE</mt></Context><Context><name>method:setTimestamp(java.lang.String, java.sql.Timestamp)</name><mt>NONE</mt></Context><Context><name>method:setTimestamp(java.lang.String, java.sql.Timestamp, java.util.Calendar)</name><mt>NONE</mt></Context><Context><name>method:setURL(java.lang.String, java.net.URL)</name><mt>NONE</mt></Context><Context><name>method:wasNull()</name><mt>NONE</mt></Context><Stat><name>java/sql/CallableStatement.spec</name><mt>CHANGED</mt><Group name="context"><Item name="ADDED" count="8"/><Item name="REMOVED" count="0"/><Item name="CHANGED" count="7"/><Item name="MODIFIED" count="15"/><Item name="TOTAL" count="122"/></Group><Group name="assertion"><Item name="ADDED" count="0"/><Item name="REMOVED" count="0"/><Item name="CHANGED" count="0"/><Item name="MODIFIED" count="0"/><Item name="TOTAL" count="0"/></Group></Stat></Document>