<?xml version="1.0" encoding="UTF-8" standalone="yes"?><Document><name>java/sql/ClientInfoStatus.spec</name><Context><name>class:ClientInfoStatus</name><mt>NONE</mt></Context><Context><name>field:REASON_UNKNOWN</name><mt>NONE</mt></Context><Context><name>field:REASON_UNKNOWN_PROPERTY</name><mt>NONE</mt></Context><Context><name>field:REASON_VALUE_INVALID</name><mt>NONE</mt></Context><Context><name>field:REASON_VALUE_TRUNCATED</name><mt>NONE</mt></Context><Context><name>method:valueOf(java.lang.String)</name><mt>NONE</mt></Context><Context><name>method:values()</name><mt>NONE</mt></Context><Stat><name>java/sql/ClientInfoStatus.spec</name><mt>NONE</mt><Group name="context"><Item name="ADDED" count="0"/><Item name="REMOVED" count="0"/><Item name="CHANGED" count="0"/><Item name="MODIFIED" count="0"/><Item name="TOTAL" count="7"/></Group><Group name="assertion"><Item name="ADDED" count="0"/><Item name="REMOVED" count="0"/><Item name="CHANGED" count="0"/><Item name="MODIFIED" count="0"/><Item name="TOTAL" count="0"/></Group></Stat></Document>