<?xml version="1.0" encoding="UTF-8" standalone="yes"?><Document><name>java/sql/Connection.spec</name><Context><name>class:Connection</name><mt>NONE</mt></Context><Context><name>field:TRANSACTION_NONE</name><mt>NONE</mt></Context><Context><name>field:TRANSACTION_READ_COMMITTED</name><mt>NONE</mt></Context><Context><name>field:TRANSACTION_READ_UNCOMMITTED</name><mt>NONE</mt></Context><Context><name>field:TRANSACTION_REPEATABLE_READ</name><mt>NONE</mt></Context><Context><name>field:TRANSACTION_SERIALIZABLE</name><mt>NONE</mt></Context><Context><name>method:abort(java.util.concurrent.Executor)</name><mt>NONE</mt></Context><Context><name>method:clearWarnings()</name><mt>NONE</mt></Context><Context><name>method:close()</name><mt>NONE</mt></Context><Context><name>method:commit()</name><mt>NONE</mt></Context><Context><name>method:createArrayOf(java.lang.String, java.lang.Object[])</name><mt>NONE</mt></Context><Context><name>method:createBlob()</name><mt>NONE</mt></Context><Context><name>method:createClob()</name><mt>NONE</mt></Context><Context><name>method:createNClob()</name><mt>NONE</mt></Context><Context><name>method:createSQLXML()</name><mt>NONE</mt></Context><Context><name>method:createStatement()</name><mt>NONE</mt></Context><Context><name>method:createStatement(int, int)</name><mt>NONE</mt></Context><Context><name>method:createStatement(int, int, int)</name><mt>NONE</mt></Context><Context><name>method:createStruct(java.lang.String, java.lang.Object[])</name><mt>NONE</mt></Context><Context><name>method:getAutoCommit()</name><mt>NONE</mt></Context><Context><name>method:getCatalog()</name><mt>NONE</mt></Context><Context><name>method:getClientInfo()</name><mt>NONE</mt></Context><Context><name>method:getClientInfo(java.lang.String)</name><mt>NONE</mt></Context><Context><name>method:getHoldability()</name><mt>NONE</mt></Context><Context><name>method:getMetaData()</name><mt>NONE</mt></Context><Context><name>method:getNetworkTimeout()</name><mt>NONE</mt></Context><Context><name>method:getSchema()</name><mt>NONE</mt></Context><Context><name>method:getTransactionIsolation()</name><mt>NONE</mt></Context><Context><name>method:getTypeMap()</name><mt>NONE</mt></Context><Context><name>method:getWarnings()</name><mt>NONE</mt></Context><Context><name>method:isClosed()</name><mt>NONE</mt></Context><Context><name>method:isReadOnly()</name><mt>NONE</mt></Context><Context><name>method:isValid(int)</name><mt>NONE</mt></Context><Context><name>method:nativeSQL(java.lang.String)</name><mt>NONE</mt></Context><Context><name>method:prepareCall(java.lang.String)</name><mt>NONE</mt></Context><Context><name>method:prepareCall(java.lang.String, int, int)</name><mt>NONE</mt></Context><Context><name>method:prepareCall(java.lang.String, int, int, int)</name><mt>NONE</mt></Context><Context><name>method:prepareStatement(java.lang.String)</name><mt>NONE</mt></Context><Context><name>method:prepareStatement(java.lang.String, int)</name><mt>NONE</mt></Context><Context><name>method:prepareStatement(java.lang.String, int, int)</name><mt>NONE</mt></Context><Context><name>method:prepareStatement(java.lang.String, int, int, int)</name><mt>NONE</mt></Context><Context><name>method:prepareStatement(java.lang.String, int[])</name><mt>NONE</mt></Context><Context><name>method:prepareStatement(java.lang.String, java.lang.String[])</name><mt>NONE</mt></Context><Context><name>method:releaseSavepoint(java.sql.Savepoint)</name><mt>NONE</mt></Context><Context><name>method:rollback()</name><mt>NONE</mt></Context><Context><name>method:rollback(java.sql.Savepoint)</name><mt>NONE</mt></Context><Context><name>method:setAutoCommit(boolean)</name><mt>NONE</mt></Context><Context><name>method:setCatalog(java.lang.String)</name><mt>NONE</mt></Context><Context><name>method:setClientInfo(java.lang.String, java.lang.String)</name><mt>NONE</mt></Context><Context><name>method:setClientInfo(java.util.Properties)</name><mt>NONE</mt></Context><Context><name>method:setHoldability(int)</name><mt>NONE</mt></Context><Context><name>method:setNetworkTimeout(java.util.concurrent.Executor, int)</name><mt>NONE</mt></Context><Context><name>method:setReadOnly(boolean)</name><mt>NONE</mt></Context><Context><name>method:setSavepoint()</name><mt>NONE</mt></Context><Context><name>method:setSavepoint(java.lang.String)</name><mt>NONE</mt></Context><Context><name>method:setSchema(java.lang.String)</name><mt>NONE</mt></Context><Context><name>method:setTransactionIsolation(int)</name><mt>NONE</mt></Context><Context><name>method:setTypeMap(java.util.Map)</name><mt>NONE</mt></Context><Stat><name>java/sql/Connection.spec</name><mt>NONE</mt><Group name="context"><Item name="ADDED" count="0"/><Item name="REMOVED" count="0"/><Item name="CHANGED" count="0"/><Item name="MODIFIED" count="0"/><Item name="TOTAL" count="58"/></Group><Group name="assertion"><Item name="ADDED" count="0"/><Item name="REMOVED" count="0"/><Item name="CHANGED" count="0"/><Item name="MODIFIED" count="0"/><Item name="TOTAL" count="0"/></Group></Stat></Document>