<?xml version="1.0" encoding="UTF-8" standalone="yes"?><Document><name>java/sql/DatabaseMetaData.spec</name><Context><name>class:DatabaseMetaData</name><mt>CHANGED</mt></Context><Context><name>field:attributeNoNulls</name><mt>NONE</mt></Context><Context><name>field:attributeNullable</name><mt>NONE</mt></Context><Context><name>field:attributeNullableUnknown</name><mt>NONE</mt></Context><Context><name>field:bestRowNotPseudo</name><mt>NONE</mt></Context><Context><name>field:bestRowPseudo</name><mt>NONE</mt></Context><Context><name>field:bestRowSession</name><mt>NONE</mt></Context><Context><name>field:bestRowTemporary</name><mt>NONE</mt></Context><Context><name>field:bestRowTransaction</name><mt>NONE</mt></Context><Context><name>field:bestRowUnknown</name><mt>NONE</mt></Context><Context><name>field:columnNoNulls</name><mt>NONE</mt></Context><Context><name>field:columnNullable</name><mt>NONE</mt></Context><Context><name>field:columnNullableUnknown</name><mt>NONE</mt></Context><Context><name>field:functionColumnIn</name><mt>NONE</mt></Context><Context><name>field:functionColumnInOut</name><mt>NONE</mt></Context><Context><name>field:functionColumnOut</name><mt>NONE</mt></Context><Context><name>field:functionColumnResult</name><mt>NONE</mt></Context><Context><name>field:functionColumnUnknown</name><mt>NONE</mt></Context><Context><name>field:functionNoNulls</name><mt>NONE</mt></Context><Context><name>field:functionNoTable</name><mt>NONE</mt></Context><Context><name>field:functionNullable</name><mt>NONE</mt></Context><Context><name>field:functionNullableUnknown</name><mt>NONE</mt></Context><Context><name>field:functionResultUnknown</name><mt>NONE</mt></Context><Context><name>field:functionReturn</name><mt>NONE</mt></Context><Context><name>field:functionReturnsTable</name><mt>NONE</mt></Context><Context><name>field:importedKeyCascade</name><mt>NONE</mt></Context><Context><name>field:importedKeyInitiallyDeferred</name><mt>NONE</mt></Context><Context><name>field:importedKeyInitiallyImmediate</name><mt>NONE</mt></Context><Context><name>field:importedKeyNoAction</name><mt>NONE</mt></Context><Context><name>field:importedKeyNotDeferrable</name><mt>NONE</mt></Context><Context><name>field:importedKeyRestrict</name><mt>NONE</mt></Context><Context><name>field:importedKeySetDefault</name><mt>NONE</mt></Context><Context><name>field:importedKeySetNull</name><mt>NONE</mt></Context><Context><name>field:procedureColumnIn</name><mt>NONE</mt></Context><Context><name>field:procedureColumnInOut</name><mt>NONE</mt></Context><Context><name>field:procedureColumnOut</name><mt>NONE</mt></Context><Context><name>field:procedureColumnResult</name><mt>NONE</mt></Context><Context><name>field:procedureColumnReturn</name><mt>NONE</mt></Context><Context><name>field:procedureColumnUnknown</name><mt>NONE</mt></Context><Context><name>field:procedureNoNulls</name><mt>NONE</mt></Context><Context><name>field:procedureNoResult</name><mt>NONE</mt></Context><Context><name>field:procedureNullable</name><mt>NONE</mt></Context><Context><name>field:procedureNullableUnknown</name><mt>NONE</mt></Context><Context><name>field:procedureResultUnknown</name><mt>NONE</mt></Context><Context><name>field:procedureReturnsResult</name><mt>NONE</mt></Context><Context><name>field:sqlStateSQL</name><mt>NONE</mt></Context><Context><name>field:sqlStateSQL99</name><mt>NONE</mt></Context><Context><name>field:sqlStateXOpen</name><mt>NONE</mt></Context><Context><name>field:tableIndexClustered</name><mt>NONE</mt></Context><Context><name>field:tableIndexHashed</name><mt>NONE</mt></Context><Context><name>field:tableIndexOther</name><mt>NONE</mt></Context><Context><name>field:tableIndexStatistic</name><mt>NONE</mt></Context><Context><name>field:typeNoNulls</name><mt>NONE</mt></Context><Context><name>field:typeNullable</name><mt>NONE</mt></Context><Context><name>field:typeNullableUnknown</name><mt>NONE</mt></Context><Context><name>field:typePredBasic</name><mt>NONE</mt></Context><Context><name>field:typePredChar</name><mt>NONE</mt></Context><Context><name>field:typePredNone</name><mt>NONE</mt></Context><Context><name>field:typeSearchable</name><mt>NONE</mt></Context><Context><name>field:versionColumnNotPseudo</name><mt>NONE</mt></Context><Context><name>field:versionColumnPseudo</name><mt>NONE</mt></Context><Context><name>field:versionColumnUnknown</name><mt>NONE</mt></Context><Context><name>method:allProceduresAreCallable()</name><mt>NONE</mt></Context><Context><name>method:allTablesAreSelectable()</name><mt>NONE</mt></Context><Context><name>method:autoCommitFailureClosesAllResultSets()</name><mt>NONE</mt></Context><Context><name>method:dataDefinitionCausesTransactionCommit()</name><mt>NONE</mt></Context><Context><name>method:dataDefinitionIgnoredInTransactions()</name><mt>NONE</mt></Context><Context><name>method:deletesAreDetected(int)</name><mt>NONE</mt></Context><Context><name>method:doesMaxRowSizeIncludeBlobs()</name><mt>NONE</mt></Context><Context><name>method:generatedKeyAlwaysReturned()</name><mt>NONE</mt></Context><Context><name>method:getAttributes(java.lang.String, java.lang.String, java.lang.String, java.lang.String)</name><mt>NONE</mt></Context><Context><name>method:getBestRowIdentifier(java.lang.String, java.lang.String, java.lang.String, int, boolean)</name><mt>NONE</mt></Context><Context><name>method:getCatalogSeparator()</name><mt>NONE</mt></Context><Context><name>method:getCatalogTerm()</name><mt>NONE</mt></Context><Context><name>method:getCatalogs()</name><mt>NONE</mt></Context><Context><name>method:getClientInfoProperties()</name><mt>NONE</mt></Context><Context><name>method:getColumnPrivileges(java.lang.String, java.lang.String, java.lang.String, java.lang.String)</name><mt>NONE</mt></Context><Context><name>method:getColumns(java.lang.String, java.lang.String, java.lang.String, java.lang.String)</name><mt>NONE</mt></Context><Context><name>method:getConnection()</name><mt>NONE</mt></Context><Context><name>method:getCrossReference(java.lang.String, java.lang.String, java.lang.String, java.lang.String, java.lang.String, java.lang.String)</name><mt>NONE</mt></Context><Context><name>method:getDatabaseMajorVersion()</name><mt>NONE</mt></Context><Context><name>method:getDatabaseMinorVersion()</name><mt>NONE</mt></Context><Context><name>method:getDatabaseProductName()</name><mt>NONE</mt></Context><Context><name>method:getDatabaseProductVersion()</name><mt>NONE</mt></Context><Context><name>method:getDefaultTransactionIsolation()</name><mt>NONE</mt></Context><Context><name>method:getDriverMajorVersion()</name><mt>NONE</mt></Context><Context><name>method:getDriverMinorVersion()</name><mt>NONE</mt></Context><Context><name>method:getDriverName()</name><mt>NONE</mt></Context><Context><name>method:getDriverVersion()</name><mt>NONE</mt></Context><Context><name>method:getExportedKeys(java.lang.String, java.lang.String, java.lang.String)</name><mt>NONE</mt></Context><Context><name>method:getExtraNameCharacters()</name><mt>NONE</mt></Context><Context><name>method:getFunctionColumns(java.lang.String, java.lang.String, java.lang.String, java.lang.String)</name><mt>NONE</mt></Context><Context><name>method:getFunctions(java.lang.String, java.lang.String, java.lang.String)</name><mt>NONE</mt></Context><Context><name>method:getIdentifierQuoteString()</name><mt>NONE</mt></Context><Context><name>method:getImportedKeys(java.lang.String, java.lang.String, java.lang.String)</name><mt>NONE</mt></Context><Context><name>method:getIndexInfo(java.lang.String, java.lang.String, java.lang.String, boolean, boolean)</name><mt>CHANGED</mt></Context><Context><name>method:getJDBCMajorVersion()</name><mt>NONE</mt></Context><Context><name>method:getJDBCMinorVersion()</name><mt>NONE</mt></Context><Context><name>method:getMaxBinaryLiteralLength()</name><mt>NONE</mt></Context><Context><name>method:getMaxCatalogNameLength()</name><mt>NONE</mt></Context><Context><name>method:getMaxCharLiteralLength()</name><mt>NONE</mt></Context><Context><name>method:getMaxColumnNameLength()</name><mt>NONE</mt></Context><Context><name>method:getMaxColumnsInGroupBy()</name><mt>NONE</mt></Context><Context><name>method:getMaxColumnsInIndex()</name><mt>NONE</mt></Context><Context><name>method:getMaxColumnsInOrderBy()</name><mt>NONE</mt></Context><Context><name>method:getMaxColumnsInSelect()</name><mt>NONE</mt></Context><Context><name>method:getMaxColumnsInTable()</name><mt>NONE</mt></Context><Context><name>method:getMaxConnections()</name><mt>NONE</mt></Context><Context><name>method:getMaxCursorNameLength()</name><mt>NONE</mt></Context><Context><name>method:getMaxIndexLength()</name><mt>NONE</mt></Context><Context><name>method:getMaxLogicalLobSize()</name><mt>ADDED</mt></Context><Context><name>method:getMaxProcedureNameLength()</name><mt>NONE</mt></Context><Context><name>method:getMaxRowSize()</name><mt>NONE</mt></Context><Context><name>method:getMaxSchemaNameLength()</name><mt>NONE</mt></Context><Context><name>method:getMaxStatementLength()</name><mt>NONE</mt></Context><Context><name>method:getMaxStatements()</name><mt>NONE</mt></Context><Context><name>method:getMaxTableNameLength()</name><mt>NONE</mt></Context><Context><name>method:getMaxTablesInSelect()</name><mt>NONE</mt></Context><Context><name>method:getMaxUserNameLength()</name><mt>NONE</mt></Context><Context><name>method:getNumericFunctions()</name><mt>NONE</mt></Context><Context><name>method:getPrimaryKeys(java.lang.String, java.lang.String, java.lang.String)</name><mt>NONE</mt></Context><Context><name>method:getProcedureColumns(java.lang.String, java.lang.String, java.lang.String, java.lang.String)</name><mt>NONE</mt></Context><Context><name>method:getProcedureTerm()</name><mt>NONE</mt></Context><Context><name>method:getProcedures(java.lang.String, java.lang.String, java.lang.String)</name><mt>NONE</mt></Context><Context><name>method:getPseudoColumns(java.lang.String, java.lang.String, java.lang.String, java.lang.String)</name><mt>NONE</mt></Context><Context><name>method:getResultSetHoldability()</name><mt>NONE</mt></Context><Context><name>method:getRowIdLifetime()</name><mt>NONE</mt></Context><Context><name>method:getSQLKeywords()</name><mt>NONE</mt></Context><Context><name>method:getSQLStateType()</name><mt>NONE</mt></Context><Context><name>method:getSchemaTerm()</name><mt>NONE</mt></Context><Context><name>method:getSchemas()</name><mt>NONE</mt></Context><Context><name>method:getSchemas(java.lang.String, java.lang.String)</name><mt>NONE</mt></Context><Context><name>method:getSearchStringEscape()</name><mt>NONE</mt></Context><Context><name>method:getStringFunctions()</name><mt>NONE</mt></Context><Context><name>method:getSuperTables(java.lang.String, java.lang.String, java.lang.String)</name><mt>NONE</mt></Context><Context><name>method:getSuperTypes(java.lang.String, java.lang.String, java.lang.String)</name><mt>NONE</mt></Context><Context><name>method:getSystemFunctions()</name><mt>NONE</mt></Context><Context><name>method:getTablePrivileges(java.lang.String, java.lang.String, java.lang.String)</name><mt>NONE</mt></Context><Context><name>method:getTableTypes()</name><mt>NONE</mt></Context><Context><name>method:getTables(java.lang.String, java.lang.String, java.lang.String, java.lang.String[])</name><mt>NONE</mt></Context><Context><name>method:getTimeDateFunctions()</name><mt>NONE</mt></Context><Context><name>method:getTypeInfo()</name><mt>NONE</mt></Context><Context><name>method:getUDTs(java.lang.String, java.lang.String, java.lang.String, int[])</name><mt>NONE</mt></Context><Context><name>method:getURL()</name><mt>NONE</mt></Context><Context><name>method:getUserName()</name><mt>NONE</mt></Context><Context><name>method:getVersionColumns(java.lang.String, java.lang.String, java.lang.String)</name><mt>NONE</mt></Context><Context><name>method:insertsAreDetected(int)</name><mt>NONE</mt></Context><Context><name>method:isCatalogAtStart()</name><mt>NONE</mt></Context><Context><name>method:isReadOnly()</name><mt>NONE</mt></Context><Context><name>method:locatorsUpdateCopy()</name><mt>NONE</mt></Context><Context><name>method:nullPlusNonNullIsNull()</name><mt>NONE</mt></Context><Context><name>method:nullsAreSortedAtEnd()</name><mt>NONE</mt></Context><Context><name>method:nullsAreSortedAtStart()</name><mt>NONE</mt></Context><Context><name>method:nullsAreSortedHigh()</name><mt>NONE</mt></Context><Context><name>method:nullsAreSortedLow()</name><mt>NONE</mt></Context><Context><name>method:othersDeletesAreVisible(int)</name><mt>NONE</mt></Context><Context><name>method:othersInsertsAreVisible(int)</name><mt>NONE</mt></Context><Context><name>method:othersUpdatesAreVisible(int)</name><mt>NONE</mt></Context><Context><name>method:ownDeletesAreVisible(int)</name><mt>NONE</mt></Context><Context><name>method:ownInsertsAreVisible(int)</name><mt>NONE</mt></Context><Context><name>method:ownUpdatesAreVisible(int)</name><mt>NONE</mt></Context><Context><name>method:storesLowerCaseIdentifiers()</name><mt>NONE</mt></Context><Context><name>method:storesLowerCaseQuotedIdentifiers()</name><mt>NONE</mt></Context><Context><name>method:storesMixedCaseIdentifiers()</name><mt>NONE</mt></Context><Context><name>method:storesMixedCaseQuotedIdentifiers()</name><mt>NONE</mt></Context><Context><name>method:storesUpperCaseIdentifiers()</name><mt>NONE</mt></Context><Context><name>method:storesUpperCaseQuotedIdentifiers()</name><mt>NONE</mt></Context><Context><name>method:supportsANSI92EntryLevelSQL()</name><mt>NONE</mt></Context><Context><name>method:supportsANSI92FullSQL()</name><mt>NONE</mt></Context><Context><name>method:supportsANSI92IntermediateSQL()</name><mt>NONE</mt></Context><Context><name>method:supportsAlterTableWithAddColumn()</name><mt>NONE</mt></Context><Context><name>method:supportsAlterTableWithDropColumn()</name><mt>NONE</mt></Context><Context><name>method:supportsBatchUpdates()</name><mt>CHANGED</mt></Context><Context><name>method:supportsCatalogsInDataManipulation()</name><mt>NONE</mt></Context><Context><name>method:supportsCatalogsInIndexDefinitions()</name><mt>NONE</mt></Context><Context><name>method:supportsCatalogsInPrivilegeDefinitions()</name><mt>NONE</mt></Context><Context><name>method:supportsCatalogsInProcedureCalls()</name><mt>NONE</mt></Context><Context><name>method:supportsCatalogsInTableDefinitions()</name><mt>NONE</mt></Context><Context><name>method:supportsColumnAliasing()</name><mt>NONE</mt></Context><Context><name>method:supportsConvert()</name><mt>NONE</mt></Context><Context><name>method:supportsConvert(int, int)</name><mt>NONE</mt></Context><Context><name>method:supportsCoreSQLGrammar()</name><mt>NONE</mt></Context><Context><name>method:supportsCorrelatedSubqueries()</name><mt>NONE</mt></Context><Context><name>method:supportsDataDefinitionAndDataManipulationTransactions()</name><mt>NONE</mt></Context><Context><name>method:supportsDataManipulationTransactionsOnly()</name><mt>NONE</mt></Context><Context><name>method:supportsDifferentTableCorrelationNames()</name><mt>NONE</mt></Context><Context><name>method:supportsExpressionsInOrderBy()</name><mt>NONE</mt></Context><Context><name>method:supportsExtendedSQLGrammar()</name><mt>NONE</mt></Context><Context><name>method:supportsFullOuterJoins()</name><mt>NONE</mt></Context><Context><name>method:supportsGetGeneratedKeys()</name><mt>NONE</mt></Context><Context><name>method:supportsGroupBy()</name><mt>NONE</mt></Context><Context><name>method:supportsGroupByBeyondSelect()</name><mt>NONE</mt></Context><Context><name>method:supportsGroupByUnrelated()</name><mt>NONE</mt></Context><Context><name>method:supportsIntegrityEnhancementFacility()</name><mt>NONE</mt></Context><Context><name>method:supportsLikeEscapeClause()</name><mt>NONE</mt></Context><Context><name>method:supportsLimitedOuterJoins()</name><mt>NONE</mt></Context><Context><name>method:supportsMinimumSQLGrammar()</name><mt>NONE</mt></Context><Context><name>method:supportsMixedCaseIdentifiers()</name><mt>NONE</mt></Context><Context><name>method:supportsMixedCaseQuotedIdentifiers()</name><mt>NONE</mt></Context><Context><name>method:supportsMultipleOpenResults()</name><mt>NONE</mt></Context><Context><name>method:supportsMultipleResultSets()</name><mt>NONE</mt></Context><Context><name>method:supportsMultipleTransactions()</name><mt>NONE</mt></Context><Context><name>method:supportsNamedParameters()</name><mt>NONE</mt></Context><Context><name>method:supportsNonNullableColumns()</name><mt>NONE</mt></Context><Context><name>method:supportsOpenCursorsAcrossCommit()</name><mt>NONE</mt></Context><Context><name>method:supportsOpenCursorsAcrossRollback()</name><mt>NONE</mt></Context><Context><name>method:supportsOpenStatementsAcrossCommit()</name><mt>NONE</mt></Context><Context><name>method:supportsOpenStatementsAcrossRollback()</name><mt>NONE</mt></Context><Context><name>method:supportsOrderByUnrelated()</name><mt>NONE</mt></Context><Context><name>method:supportsOuterJoins()</name><mt>NONE</mt></Context><Context><name>method:supportsPositionedDelete()</name><mt>NONE</mt></Context><Context><name>method:supportsPositionedUpdate()</name><mt>NONE</mt></Context><Context><name>method:supportsRefCursors()</name><mt>ADDED</mt></Context><Context><name>method:supportsResultSetConcurrency(int, int)</name><mt>NONE</mt></Context><Context><name>method:supportsResultSetHoldability(int)</name><mt>NONE</mt></Context><Context><name>method:supportsResultSetType(int)</name><mt>NONE</mt></Context><Context><name>method:supportsSavepoints()</name><mt>NONE</mt></Context><Context><name>method:supportsSchemasInDataManipulation()</name><mt>NONE</mt></Context><Context><name>method:supportsSchemasInIndexDefinitions()</name><mt>NONE</mt></Context><Context><name>method:supportsSchemasInPrivilegeDefinitions()</name><mt>NONE</mt></Context><Context><name>method:supportsSchemasInProcedureCalls()</name><mt>NONE</mt></Context><Context><name>method:supportsSchemasInTableDefinitions()</name><mt>NONE</mt></Context><Context><name>method:supportsSelectForUpdate()</name><mt>NONE</mt></Context><Context><name>method:supportsStatementPooling()</name><mt>NONE</mt></Context><Context><name>method:supportsStoredFunctionsUsingCallSyntax()</name><mt>NONE</mt></Context><Context><name>method:supportsStoredProcedures()</name><mt>NONE</mt></Context><Context><name>method:supportsSubqueriesInComparisons()</name><mt>NONE</mt></Context><Context><name>method:supportsSubqueriesInExists()</name><mt>NONE</mt></Context><Context><name>method:supportsSubqueriesInIns()</name><mt>NONE</mt></Context><Context><name>method:supportsSubqueriesInQuantifieds()</name><mt>NONE</mt></Context><Context><name>method:supportsTableCorrelationNames()</name><mt>NONE</mt></Context><Context><name>method:supportsTransactionIsolationLevel(int)</name><mt>NONE</mt></Context><Context><name>method:supportsTransactions()</name><mt>NONE</mt></Context><Context><name>method:supportsUnion()</name><mt>NONE</mt></Context><Context><name>method:supportsUnionAll()</name><mt>NONE</mt></Context><Context><name>method:updatesAreDetected(int)</name><mt>NONE</mt></Context><Context><name>method:usesLocalFilePerTable()</name><mt>NONE</mt></Context><Context><name>method:usesLocalFiles()</name><mt>NONE</mt></Context><Stat><name>java/sql/DatabaseMetaData.spec</name><mt>CHANGED</mt><Group name="context"><Item name="ADDED" count="2"/><Item name="REMOVED" count="0"/><Item name="CHANGED" count="3"/><Item name="MODIFIED" count="5"/><Item name="TOTAL" count="238"/></Group><Group name="assertion"><Item name="ADDED" count="0"/><Item name="REMOVED" count="0"/><Item name="CHANGED" count="0"/><Item name="MODIFIED" count="0"/><Item name="TOTAL" count="0"/></Group></Stat></Document>