<?xml version="1.0" encoding="UTF-8" standalone="yes"?><Document><name>java/sql/DataTruncation.spec</name><Context><name>class:DataTruncation</name><mt>NONE</mt></Context><Context><name>constructor:DataTruncation(int, boolean, boolean, int, int)</name><mt>NONE</mt></Context><Context><name>constructor:DataTruncation(int, boolean, boolean, int, int, java.lang.Throwable)</name><mt>NONE</mt></Context><Context><name>method:getDataSize()</name><mt>NONE</mt></Context><Context><name>method:getIndex()</name><mt>NONE</mt></Context><Context><name>method:getParameter()</name><mt>NONE</mt></Context><Context><name>method:getRead()</name><mt>NONE</mt></Context><Context><name>method:getTransferSize()</name><mt>NONE</mt></Context><Stat><name>java/sql/DataTruncation.spec</name><mt>NONE</mt><Group name="context"><Item name="ADDED" count="0"/><Item name="REMOVED" count="0"/><Item name="CHANGED" count="0"/><Item name="MODIFIED" count="0"/><Item name="TOTAL" count="8"/></Group><Group name="assertion"><Item name="ADDED" count="0"/><Item name="REMOVED" count="0"/><Item name="CHANGED" count="0"/><Item name="MODIFIED" count="0"/><Item name="TOTAL" count="0"/></Group></Stat></Document>