<?xml version="1.0" encoding="UTF-8" standalone="yes"?><Document><name>java/sql/Date.spec</name><Context><name>class:Date</name><mt>NONE</mt></Context><Context><name>constructor:Date(int, int, int)</name><mt>CHANGED</mt></Context><Context><name>constructor:Date(long)</name><mt>NONE</mt></Context><Context><name>method:getHours()</name><mt>CHANGED</mt></Context><Context><name>method:getMinutes()</name><mt>CHANGED</mt></Context><Context><name>method:getSeconds()</name><mt>CHANGED</mt></Context><Context><name>method:setHours(int)</name><mt>CHANGED</mt></Context><Context><name>method:setMinutes(int)</name><mt>CHANGED</mt></Context><Context><name>method:setSeconds(int)</name><mt>CHANGED</mt></Context><Context><name>method:setTime(long)</name><mt>NONE</mt></Context><Context><name>method:toInstant()</name><mt>ADDED</mt></Context><Context><name>method:toLocalDate()</name><mt>ADDED</mt></Context><Context><name>method:toString()</name><mt>NONE</mt></Context><Context><name>method:valueOf(java.lang.String)</name><mt>NONE</mt></Context><Context><name>method:valueOf(java.time.LocalDate)</name><mt>ADDED</mt></Context><Stat><name>java/sql/Date.spec</name><mt>CHANGED</mt><Group name="context"><Item name="ADDED" count="3"/><Item name="REMOVED" count="0"/><Item name="CHANGED" count="7"/><Item name="MODIFIED" count="10"/><Item name="TOTAL" count="15"/></Group><Group name="assertion"><Item name="ADDED" count="0"/><Item name="REMOVED" count="0"/><Item name="CHANGED" count="0"/><Item name="MODIFIED" count="0"/><Item name="TOTAL" count="0"/></Group></Stat></Document>