<?xml version="1.0" encoding="UTF-8"?><diffreport><diff><table border="0" cellpadding="1" cellspacing="0" width="100%"><tr><td><h3 class="ctxid">class:DriverPropertyInfo [NONE]</h3></td></tr><tr><td><table border="0" cellpadding="5" cellspacing="1" bgcolor="black" width="100%"><tr valign="top"><td bgcolor="#FFFFFF" colspan="1"><div class="description"> <a start_ctx_id="class:DriverPropertyInfo"/><ul class="blockList"><li class="blockList"> <hr/> <br/><pre>public class <span class="strong">DriverPropertyInfo</span>
extends java.lang.Object</pre><div class="block"><p>Driver properties for making a connection. The <code>DriverPropertyInfo</code> class is of interest only to advanced programmers who need to interact with a Driver via the method <code>getDriverProperties</code> to discover and supply properties for connections.                                 </p></div>  </li></ul> </div> <a end_ctx_id="class:DriverPropertyInfo"/> </td></tr></table></td></tr></table><table border="0" cellpadding="1" cellspacing="0" width="100%"><tr><td><h3 class="ctxid">field:name [NONE]</h3></td></tr><tr><td><table border="0" cellpadding="5" cellspacing="1" bgcolor="black" width="100%"><tr valign="top"><td bgcolor="#FFFFFF" colspan="1"> <a start_ctx_id="field:name"/><a name="name"/><ul class="blockList"><li class="blockList"><h4>name</h4><pre>public java.lang.String name</pre><div class="block">The name of the property.    </div></li></ul> <a end_ctx_id="field:name"/>  </td></tr></table></td></tr></table><table border="0" cellpadding="1" cellspacing="0" width="100%"><tr><td><h3 class="ctxid">field:description [NONE]</h3></td></tr><tr><td><table border="0" cellpadding="5" cellspacing="1" bgcolor="black" width="100%"><tr valign="top"><td bgcolor="#FFFFFF" colspan="1"> <a start_ctx_id="field:description"/><a name="description"/><ul class="blockList"><li class="blockList"><h4>description</h4><pre>public java.lang.String description</pre><div class="block">A brief description of the property, which may be null.         </div></li></ul> <a end_ctx_id="field:description"/>  </td></tr></table></td></tr></table><table border="0" cellpadding="1" cellspacing="0" width="100%"><tr><td><h3 class="ctxid">field:required [NONE]</h3></td></tr><tr><td><table border="0" cellpadding="5" cellspacing="1" bgcolor="black" width="100%"><tr valign="top"><td bgcolor="#FFFFFF" colspan="1"> <a start_ctx_id="field:required"/><a name="required"/><ul class="blockList"><li class="blockList"><h4>required</h4><pre>public boolean required</pre><div class="block">The <code>required</code> field is <code>true</code> if a value must be supplied for this property during <code>Driver.connect</code> and <code>false</code> otherwise.                  </div></li></ul> <a end_ctx_id="field:required"/>  </td></tr></table></td></tr></table><table border="0" cellpadding="1" cellspacing="0" width="100%"><tr><td><h3 class="ctxid">field:value [NONE]</h3></td></tr><tr><td><table border="0" cellpadding="5" cellspacing="1" bgcolor="black" width="100%"><tr valign="top"><td bgcolor="#FFFFFF" colspan="1"> <a start_ctx_id="field:value"/><a name="value"/><ul class="blockList"><li class="blockList"><h4>value</h4><pre>public java.lang.String value</pre><div class="block">The <code>value</code> field specifies the current value of the property, based on a combination of the information supplied to the method <code>getPropertyInfo</code>, the Java environment, and the driver-supplied default values. This field may be null if no value is known.                                       </div></li></ul> <a end_ctx_id="field:value"/>  </td></tr></table></td></tr></table><table border="0" cellpadding="1" cellspacing="0" width="100%"><tr><td><h3 class="ctxid">field:choices [NONE]</h3></td></tr><tr><td><table border="0" cellpadding="5" cellspacing="1" bgcolor="black" width="100%"><tr valign="top"><td bgcolor="#FFFFFF" colspan="1"> <a start_ctx_id="field:choices"/><a name="choices"/><ul class="blockListLast"><li class="blockList"><h4>choices</h4><pre>public java.lang.String[] choices</pre><div class="block">An array of possible values if the value for the field <code>DriverPropertyInfo.value</code> may be selected from a particular set of values; otherwise null.                      </div></li></ul> <a end_ctx_id="field:choices"/>  </td></tr></table></td></tr></table><table border="0" cellpadding="1" cellspacing="0" width="100%"><tr><td><h3 class="ctxid">constructor:DriverPropertyInfo(java.lang.String, java.lang.String) [NONE]</h3></td></tr><tr><td><table border="0" cellpadding="5" cellspacing="1" bgcolor="black" width="100%"><tr valign="top"><td bgcolor="#FFFFFF" colspan="1"> <a start_ctx_id="constructor:DriverPropertyInfo(java.lang.String, java.lang.String)"/><a name="DriverPropertyInfo(java.lang.String, java.lang.String)"/><ul class="blockListLast"><li class="blockList"><h4>DriverPropertyInfo</h4><pre>public DriverPropertyInfo(java.lang.String name,
                          java.lang.String value)</pre><div class="block">Constructs a <code>DriverPropertyInfo</code> object with a given name and value. The <code>description</code> and <code>choices</code> are intialized to <code>null</code> and <code>required</code> is initialized to <code>false</code>.                       </div><dl> <dt> <span class="strong">Parameters:</span>   </dt><dd> <code>name</code> - the name of the property       </dd><dd> <code>value</code> - the current value, which may be null         </dd> </dl></li></ul> <a end_ctx_id="constructor:DriverPropertyInfo(java.lang.String, java.lang.String)"/>  </td></tr></table></td></tr></table></diff></diffreport>