<?xml version="1.0" encoding="UTF-8" standalone="yes"?><Document><name>java/sql/DriverPropertyInfo.spec</name><Context><name>class:DriverPropertyInfo</name><mt>NONE</mt></Context><Context><name>constructor:DriverPropertyInfo(java.lang.String, java.lang.String)</name><mt>NONE</mt></Context><Context><name>field:choices</name><mt>NONE</mt></Context><Context><name>field:description</name><mt>NONE</mt></Context><Context><name>field:name</name><mt>NONE</mt></Context><Context><name>field:required</name><mt>NONE</mt></Context><Context><name>field:value</name><mt>NONE</mt></Context><Stat><name>java/sql/DriverPropertyInfo.spec</name><mt>NONE</mt><Group name="context"><Item name="ADDED" count="0"/><Item name="REMOVED" count="0"/><Item name="CHANGED" count="0"/><Item name="MODIFIED" count="0"/><Item name="TOTAL" count="7"/></Group><Group name="assertion"><Item name="ADDED" count="0"/><Item name="REMOVED" count="0"/><Item name="CHANGED" count="0"/><Item name="MODIFIED" count="0"/><Item name="TOTAL" count="0"/></Group></Stat></Document>