<?xml version="1.0" encoding="UTF-8" standalone="yes"?><Document><name>java/sql/DriverAction.spec</name><Context><name>class:DriverAction</name><mt>ADDED</mt></Context><Context><name>method:deregister()</name><mt>ADDED</mt></Context><Stat><name>java/sql/DriverAction.spec</name><mt>ADDED</mt><Group name="context"><Item name="ADDED" count="2"/><Item name="REMOVED" count="0"/><Item name="CHANGED" count="0"/><Item name="MODIFIED" count="2"/><Item name="TOTAL" count="2"/></Group><Group name="assertion"><Item name="ADDED" count="0"/><Item name="REMOVED" count="0"/><Item name="CHANGED" count="0"/><Item name="MODIFIED" count="0"/><Item name="TOTAL" count="0"/></Group></Stat></Document>