<?xml version="1.0" encoding="UTF-8"?><diffreport><diff><table border="0" cellpadding="1" cellspacing="0" width="100%"><tr><td><h3 class="ctxid">class:Driver [CHANGED]</h3></td></tr><tr><td><table border="0" cellpadding="5" cellspacing="1" bgcolor="black" width="100%"><tr valign="top"><td bgcolor="#EEEEEE" colspan="2"><div class="description"> <a start_ctx_id="class:Driver"/><ul class="blockList"><li class="blockList"> <hr/> <br/><pre>public interface <span class="strong">Driver</span></pre><div class="block">The interface that every driver class must implement.<p>The Java SQL framework allows for multiple database drivers.        </p><p>Each driver should supply a class that implements the Driver interface.          </p><p>The DriverManager will try to load as many drivers as it can find and then for any given connection request, it will ask each driver in turn to try to connect to the target URL.                                  </p><p>It is strongly recommended that each Driver class should be small and standalone so that the Driver class can be loaded and queried without bringing in vast quantities of supporting code.                              </p><p>When a Driver class is loaded, it should create an instance of itself and register it with the DriverManager. This means that a user can load and register a driver by calling<span class="diff-html-added">:</span>                               </p><p> <code>Class.forName("foo.bah.Driver")</code> </p><p> <span class="diff-html-added">A</span> <span class="diff-html-added">JDBC</span> <span class="diff-html-added">driver</span> <span class="diff-html-added">may</span> <span class="diff-html-added">create</span> <span class="diff-html-added">a</span> <a href="../../java/sql/DriverAction.html" title="interface in java.sql"><span class="diff-html-added">DriverAction</span></a> <span class="diff-html-added">implementation</span> <span class="diff-html-added">in</span> <span class="diff-html-added">order</span> <span class="diff-html-added">to</span> <span class="diff-html-added">receive</span> <span class="diff-html-added">notifications</span> <span class="diff-html-added">when</span> <a href="../../java/sql/DriverManager.html#deregisterDriver(java.sql.Driver)"><span class="diff-html-added">DriverManager.deregisterDriver(java.sql.Driver)</span></a> <span class="diff-html-added">has</span> <span class="diff-html-added">been</span> <span class="diff-html-added">called.</span>                  </p>       </div><dl> <dt> <span class="strong">See Also: </span>   </dt><dd> <a href="../../java/sql/DriverManager.html" title="class in java.sql"><code>DriverManager</code></a>, <a href="../../java/sql/Connection.html" title="interface in java.sql"><code>Connection</code></a><span class="diff-html-added">,</span> <a href="../../java/sql/DriverAction.html" title="interface in java.sql"><code><span class="diff-html-added">DriverAction</span></code></a>   </dd> </dl>  </li></ul> </div> <a end_ctx_id="class:Driver"/> </td></tr><tr valign="top"><td bgcolor="#CCCCCC" colspan="1"><div class="description"> <a start_ctx_id="class:Driver"/><ul class="blockList"><li class="blockList"> <hr/> <br/><pre>public interface <span class="strong">Driver</span></pre><div class="block">The interface that every driver class must implement.<p>The Java SQL framework allows for multiple database drivers.        </p><p>Each driver should supply a class that implements the Driver interface.          </p><p>The DriverManager will try to load as many drivers as it can find and then for any given connection request, it will ask each driver in turn to try to connect to the target URL.                                  </p><p>It is strongly recommended that each Driver class should be small and standalone so that the Driver class can be loaded and queried without bringing in vast quantities of supporting code.                              </p><p>When a Driver class is loaded, it should create an instance of itself and register it with the DriverManager. This means that a user can load and register a driver by calling<pre>
   
<code>Class.forName("foo.bah.Driver")</code>
 
</pre>                               </p>       </div><dl> <dt> <span class="strong">See Also: </span>   </dt><dd> <a href="../../java/sql/DriverManager.html" title="class in java.sql"><code>DriverManager</code></a>, <a href="../../java/sql/Connection.html" title="interface in java.sql"><code>Connection</code></a>  </dd> </dl>  </li></ul> </div> <a end_ctx_id="class:Driver"/> </td><td bgcolor="#FFFFFF" colspan="1"><div class="description"> <a start_ctx_id="class:Driver"/><ul class="blockList"><li class="blockList"> <hr/> <br/><pre>public interface <span class="strong">Driver</span></pre><div class="block">The interface that every driver class must implement.<p>The Java SQL framework allows for multiple database drivers.        </p><p>Each driver should supply a class that implements the Driver interface.          </p><p>The DriverManager will try to load as many drivers as it can find and then for any given connection request, it will ask each driver in turn to try to connect to the target URL.                                  </p><p>It is strongly recommended that each Driver class should be small and standalone so that the Driver class can be loaded and queried without bringing in vast quantities of supporting code.                              </p><p>When a Driver class is loaded, it should create an instance of itself and register it with the DriverManager. This means that a user can load and register a driver by calling:                               </p><p> <code>Class.forName("foo.bah.Driver")</code> </p><p> A JDBC driver may create a <a href="../../java/sql/DriverAction.html" title="interface in java.sql">DriverAction</a> implementation in order to receive notifications when <a href="../../java/sql/DriverManager.html#deregisterDriver(java.sql.Driver)">DriverManager.deregisterDriver(java.sql.Driver)</a> has been called.                  </p>       </div><dl> <dt> <span class="strong">See Also: </span>   </dt><dd> <a href="../../java/sql/DriverManager.html" title="class in java.sql"><code>DriverManager</code></a>, <a href="../../java/sql/Connection.html" title="interface in java.sql"><code>Connection</code></a>, <a href="../../java/sql/DriverAction.html" title="interface in java.sql"><code>DriverAction</code></a>   </dd> </dl>  </li></ul> </div> <a end_ctx_id="class:Driver"/> </td></tr></table></td></tr></table><table border="0" cellpadding="1" cellspacing="0" width="100%"><tr><td><h3 class="ctxid">method:connect(java.lang.String, java.util.Properties) [CHANGED]</h3></td></tr><tr><td><table border="0" cellpadding="5" cellspacing="1" bgcolor="black" width="100%"><tr valign="top"><td bgcolor="#EEEEEE" colspan="2"> <a start_ctx_id="method:connect(java.lang.String, java.util.Properties)"/><a name="connect(java.lang.String, java.util.Properties)"/><ul class="blockList"><li class="blockList"><h4>connect</h4><pre><a href="../../java/sql/Connection.html" title="interface in java.sql">Connection</a> connect(java.lang.String url,
                   java.util.Properties info)
            throws <a href="../../java/sql/SQLException.html" title="class in java.sql">SQLException</a></pre><div class="block">Attempts to make a database connection to the given URL. The driver should return "null" if it realizes it is the wrong kind of driver to connect to the given URL. This will be common, as when the JDBC driver manager is asked to connect to a given URL it passes the URL to each loaded driver in turn.<p>The driver should throw an <code>SQLException</code> if it is the right driver to connect to the given URL but has trouble connecting to the database.                        </p><p>The <code><span class="diff-html-removed">java.util.</span>Properties</code> argument can be used to pass arbitrary string tag/value pairs as connection arguments. Normally at least "user" and "password" properties should be included in the <code>Properties</code> object.                            </p><p> <b><span class="diff-html-added">Note:</span></b> <span class="diff-html-added">If</span> <span class="diff-html-added">a</span> <span class="diff-html-added">property</span> <span class="diff-html-added">is</span> <span class="diff-html-added">specified</span> <span class="diff-html-added">as</span> <span class="diff-html-added">part</span> <span class="diff-html-added">of</span> <span class="diff-html-added">the</span> <code><span class="diff-html-added">url</span></code> <span class="diff-html-added">and</span> <span class="diff-html-added">is</span> <span class="diff-html-added">also</span> <span class="diff-html-added">specified</span> <span class="diff-html-added">in</span> <span class="diff-html-added">the</span> <code><span class="diff-html-added">Properties</span></code> <span class="diff-html-added">object,</span> <span class="diff-html-added">it</span> <span class="diff-html-added">is</span> <span class="diff-html-added">implementation-defined</span> <span class="diff-html-added">as</span> <span class="diff-html-added">to</span> <span class="diff-html-added">which</span> <span class="diff-html-added">value</span> <span class="diff-html-added">will</span> <span class="diff-html-added">take</span> <span class="diff-html-added">precedence.</span> <span class="diff-html-added">For</span> <span class="diff-html-added">maximum</span> <span class="diff-html-added">portability,</span> <span class="diff-html-added">an</span> <span class="diff-html-added">application</span> <span class="diff-html-added">should</span> <span class="diff-html-added">only</span> <span class="diff-html-added">specify</span> <span class="diff-html-added">a</span> <span class="diff-html-added">property</span> <span class="diff-html-added">once.</span>                                        </p>                                                          </div><dl> <dt> <span class="strong">Parameters:</span>   </dt><dd> <code>url</code> - the URL of the database to which to connect           </dd><dd> <code>info</code> - a list of arbitrary string tag/value pairs as connection arguments. Normally at least a "user" and "password" property should be included.                       </dd> <dt> <span class="strong">Returns:</span>   </dt><dd>a <code>Connection</code> object that represents a connection to the URL         </dd> <dt> <span class="strong">Throws:</span>   </dt><dd> <code><a href="../../java/sql/SQLException.html" title="class in java.sql">SQLException</a></code> - if a database access error occurs <span class="diff-html-added">or</span> <span class="diff-html-added">the</span> <span class="diff-html-added">url</span> <span class="diff-html-added">is</span> <code><span class="diff-html-added">null</span></code>             </dd>   </dl></li></ul> <a end_ctx_id="method:connect(java.lang.String, java.util.Properties)"/>  </td></tr><tr valign="top"><td bgcolor="#CCCCCC" colspan="1"> <a start_ctx_id="method:connect(java.lang.String, java.util.Properties)"/><a name="connect(java.lang.String, java.util.Properties)"/><ul class="blockList"><li class="blockList"><h4>connect</h4><pre><a href="../../java/sql/Connection.html" title="interface in java.sql">Connection</a> connect(java.lang.String url,
                   java.util.Properties info)
            throws <a href="../../java/sql/SQLException.html" title="class in java.sql">SQLException</a></pre><div class="block">Attempts to make a database connection to the given URL. The driver should return "null" if it realizes it is the wrong kind of driver to connect to the given URL. This will be common, as when the JDBC driver manager is asked to connect to a given URL it passes the URL to each loaded driver in turn.<p>The driver should throw an <code>SQLException</code> if it is the right driver to connect to the given URL but has trouble connecting to the database.                        </p><p>The <code>java.util.Properties</code> argument can be used to pass arbitrary string tag/value pairs as connection arguments. Normally at least "user" and "password" properties should be included in the <code>Properties</code> object.                            </p>                                                          </div><dl> <dt> <span class="strong">Parameters:</span>   </dt><dd> <code>url</code> - the URL of the database to which to connect           </dd><dd> <code>info</code> - a list of arbitrary string tag/value pairs as connection arguments. Normally at least a "user" and "password" property should be included.                       </dd> <dt> <span class="strong">Returns:</span>   </dt><dd>a <code>Connection</code> object that represents a connection to the URL         </dd> <dt> <span class="strong">Throws:</span>   </dt><dd> <code><a href="../../java/sql/SQLException.html" title="class in java.sql">SQLException</a></code> - if a database access error occurs        </dd>   </dl></li></ul> <a end_ctx_id="method:connect(java.lang.String, java.util.Properties)"/>  </td><td bgcolor="#FFFFFF" colspan="1"> <a start_ctx_id="method:connect(java.lang.String, java.util.Properties)"/><a name="connect(java.lang.String, java.util.Properties)"/><ul class="blockList"><li class="blockList"><h4>connect</h4><pre><a href="../../java/sql/Connection.html" title="interface in java.sql">Connection</a> connect(java.lang.String url,
                   java.util.Properties info)
            throws <a href="../../java/sql/SQLException.html" title="class in java.sql">SQLException</a></pre><div class="block">Attempts to make a database connection to the given URL. The driver should return "null" if it realizes it is the wrong kind of driver to connect to the given URL. This will be common, as when the JDBC driver manager is asked to connect to a given URL it passes the URL to each loaded driver in turn.<p>The driver should throw an <code>SQLException</code> if it is the right driver to connect to the given URL but has trouble connecting to the database.                        </p><p>The <code>Properties</code> argument can be used to pass arbitrary string tag/value pairs as connection arguments. Normally at least "user" and "password" properties should be included in the <code>Properties</code> object.                            </p><p> <b>Note:</b> If a property is specified as part of the <code>url</code> and is also specified in the <code>Properties</code> object, it is implementation-defined as to which value will take precedence. For maximum portability, an application should only specify a property once.                                        </p>                                                          </div><dl> <dt> <span class="strong">Parameters:</span>   </dt><dd> <code>url</code> - the URL of the database to which to connect           </dd><dd> <code>info</code> - a list of arbitrary string tag/value pairs as connection arguments. Normally at least a "user" and "password" property should be included.                       </dd> <dt> <span class="strong">Returns:</span>   </dt><dd>a <code>Connection</code> object that represents a connection to the URL         </dd> <dt> <span class="strong">Throws:</span>   </dt><dd> <code><a href="../../java/sql/SQLException.html" title="class in java.sql">SQLException</a></code> - if a database access error occurs or the url is <code>null</code>             </dd>   </dl></li></ul> <a end_ctx_id="method:connect(java.lang.String, java.util.Properties)"/>  </td></tr></table></td></tr></table><table border="0" cellpadding="1" cellspacing="0" width="100%"><tr><td><h3 class="ctxid">method:acceptsURL(java.lang.String) [CHANGED]</h3></td></tr><tr><td><table border="0" cellpadding="5" cellspacing="1" bgcolor="black" width="100%"><tr valign="top"><td bgcolor="#EEEEEE" colspan="2"> <a start_ctx_id="method:acceptsURL(java.lang.String)"/><a name="acceptsURL(java.lang.String)"/><ul class="blockList"><li class="blockList"><h4>acceptsURL</h4><pre>boolean acceptsURL(java.lang.String url)
            throws <a href="../../java/sql/SQLException.html" title="class in java.sql">SQLException</a></pre><div class="block">Retrieves whether the driver thinks that it can open a connection to the given URL. Typically drivers will return <code>true</code> if they understand the <span class="diff-html-removed">subprotocol</span><span class="diff-html-added">sub-protocol</span> specified in the URL and <code>false</code> if they do not.                                  </div><dl> <dt> <span class="strong">Parameters:</span>   </dt><dd> <code>url</code> - the URL of the database       </dd> <dt> <span class="strong">Returns:</span>   </dt><dd> <code>true</code> if this driver understands the given URL; <code>false</code> otherwise          </dd> <dt> <span class="strong">Throws:</span>   </dt><dd> <code><a href="../../java/sql/SQLException.html" title="class in java.sql">SQLException</a></code> - if a database access error occurs <span class="diff-html-added">or</span> <span class="diff-html-added">the</span> <span class="diff-html-added">url</span> <span class="diff-html-added">is</span> <code><span class="diff-html-added">null</span></code>             </dd>   </dl></li></ul> <a end_ctx_id="method:acceptsURL(java.lang.String)"/>  </td></tr><tr valign="top"><td bgcolor="#CCCCCC" colspan="1"> <a start_ctx_id="method:acceptsURL(java.lang.String)"/><a name="acceptsURL(java.lang.String)"/><ul class="blockList"><li class="blockList"><h4>acceptsURL</h4><pre>boolean acceptsURL(java.lang.String url)
            throws <a href="../../java/sql/SQLException.html" title="class in java.sql">SQLException</a></pre><div class="block">Retrieves whether the driver thinks that it can open a connection to the given URL. Typically drivers will return <code>true</code> if they understand the subprotocol specified in the URL and <code>false</code> if they do not.                                  </div><dl> <dt> <span class="strong">Parameters:</span>   </dt><dd> <code>url</code> - the URL of the database       </dd> <dt> <span class="strong">Returns:</span>   </dt><dd> <code>true</code> if this driver understands the given URL; <code>false</code> otherwise          </dd> <dt> <span class="strong">Throws:</span>   </dt><dd> <code><a href="../../java/sql/SQLException.html" title="class in java.sql">SQLException</a></code> - if a database access error occurs        </dd>   </dl></li></ul> <a end_ctx_id="method:acceptsURL(java.lang.String)"/>  </td><td bgcolor="#FFFFFF" colspan="1"> <a start_ctx_id="method:acceptsURL(java.lang.String)"/><a name="acceptsURL(java.lang.String)"/><ul class="blockList"><li class="blockList"><h4>acceptsURL</h4><pre>boolean acceptsURL(java.lang.String url)
            throws <a href="../../java/sql/SQLException.html" title="class in java.sql">SQLException</a></pre><div class="block">Retrieves whether the driver thinks that it can open a connection to the given URL. Typically drivers will return <code>true</code> if they understand the sub-protocol specified in the URL and <code>false</code> if they do not.                                  </div><dl> <dt> <span class="strong">Parameters:</span>   </dt><dd> <code>url</code> - the URL of the database       </dd> <dt> <span class="strong">Returns:</span>   </dt><dd> <code>true</code> if this driver understands the given URL; <code>false</code> otherwise          </dd> <dt> <span class="strong">Throws:</span>   </dt><dd> <code><a href="../../java/sql/SQLException.html" title="class in java.sql">SQLException</a></code> - if a database access error occurs or the url is <code>null</code>             </dd>   </dl></li></ul> <a end_ctx_id="method:acceptsURL(java.lang.String)"/>  </td></tr></table></td></tr></table><table border="0" cellpadding="1" cellspacing="0" width="100%"><tr><td><h3 class="ctxid">method:getPropertyInfo(java.lang.String, java.util.Properties) [NONE]</h3></td></tr><tr><td><table border="0" cellpadding="5" cellspacing="1" bgcolor="black" width="100%"><tr valign="top"><td bgcolor="#FFFFFF" colspan="1"> <a start_ctx_id="method:getPropertyInfo(java.lang.String, java.util.Properties)"/><a name="getPropertyInfo(java.lang.String, java.util.Properties)"/><ul class="blockList"><li class="blockList"><h4>getPropertyInfo</h4><pre><a href="../../java/sql/DriverPropertyInfo.html" title="class in java.sql">DriverPropertyInfo</a>[] getPropertyInfo(java.lang.String url,
                                     java.util.Properties info)
                              throws <a href="../../java/sql/SQLException.html" title="class in java.sql">SQLException</a></pre><div class="block">Gets information about the possible properties for this driver.<p> The <code>getPropertyInfo</code> method is intended to allow a generic GUI tool to discover what properties it should prompt a human for in order to get enough information to connect to a database. Note that depending on the values the human has supplied so far, additional values may become necessary, so it may be necessary to iterate though several calls to the <code>getPropertyInfo</code> method.                                                               </p>        </div><dl> <dt> <span class="strong">Parameters:</span>   </dt><dd> <code>url</code> - the URL of the database to which to connect           </dd><dd> <code>info</code> - a proposed list of tag/value pairs that will be sent on connect open               </dd> <dt> <span class="strong">Returns:</span>   </dt><dd>an array of <code>DriverPropertyInfo</code> objects describing possible properties. This array may be an empty array if no properties are required.                   </dd> <dt> <span class="strong">Throws:</span>   </dt><dd> <code><a href="../../java/sql/SQLException.html" title="class in java.sql">SQLException</a></code> - if a database access error occurs        </dd>   </dl></li></ul> <a end_ctx_id="method:getPropertyInfo(java.lang.String, java.util.Properties)"/>  </td></tr></table></td></tr></table><table border="0" cellpadding="1" cellspacing="0" width="100%"><tr><td><h3 class="ctxid">method:getMajorVersion() [NONE]</h3></td></tr><tr><td><table border="0" cellpadding="5" cellspacing="1" bgcolor="black" width="100%"><tr valign="top"><td bgcolor="#FFFFFF" colspan="1"> <a start_ctx_id="method:getMajorVersion()"/><a name="getMajorVersion()"/><ul class="blockList"><li class="blockList"><h4>getMajorVersion</h4><pre>int getMajorVersion()</pre><div class="block">Retrieves the driver's major version number. Initially this should be 1.          </div><dl> <dt> <span class="strong">Returns:</span>   </dt><dd>this driver's major version number    </dd> </dl></li></ul> <a end_ctx_id="method:getMajorVersion()"/>  </td></tr></table></td></tr></table><table border="0" cellpadding="1" cellspacing="0" width="100%"><tr><td><h3 class="ctxid">method:getMinorVersion() [NONE]</h3></td></tr><tr><td><table border="0" cellpadding="5" cellspacing="1" bgcolor="black" width="100%"><tr valign="top"><td bgcolor="#FFFFFF" colspan="1"> <a start_ctx_id="method:getMinorVersion()"/><a name="getMinorVersion()"/><ul class="blockList"><li class="blockList"><h4>getMinorVersion</h4><pre>int getMinorVersion()</pre><div class="block">Gets the driver's minor version number. Initially this should be 0.          </div><dl> <dt> <span class="strong">Returns:</span>   </dt><dd>this driver's minor version number    </dd> </dl></li></ul> <a end_ctx_id="method:getMinorVersion()"/>  </td></tr></table></td></tr></table><table border="0" cellpadding="1" cellspacing="0" width="100%"><tr><td><h3 class="ctxid">method:jdbcCompliant() [CHANGED]</h3></td></tr><tr><td><table border="0" cellpadding="5" cellspacing="1" bgcolor="black" width="100%"><tr valign="top"><td bgcolor="#EEEEEE" colspan="2"> <a start_ctx_id="method:jdbcCompliant()"/><a name="jdbcCompliant()"/><ul class="blockList"><li class="blockList"><h4>jdbcCompliant</h4><pre>boolean jdbcCompliant()</pre><div class="block">Reports whether this driver is a genuine JDBC <span class="diff-html-removed">Compliant</span><sup changeType="diff-removed-tag"><font size="-2"><span class="diff-html-removed">TM</span></font><span class="diff-html-removed"/></sup><span class="diff-html-added">Compliant™</span> driver. A driver may only report <code>true</code> here if it passes the JDBC compliance tests; otherwise it is required to return <code>false</code>.<p> JDBC compliance requires full support for the JDBC API and full support for SQL 92 Entry Level. It is expected that JDBC compliant drivers will be available for all the major commercial databases.                                 </p><p> This method is not intended to encourage the development of non-JDBC compliant drivers, but is a recognition of the fact that some vendors are interested in using the JDBC API and framework for lightweight databases that do not support full database functionality, or for special databases such as document information retrieval where a SQL implementation may not be feasible.                                                           </p>                              </div><dl> <dt> <span class="strong">Returns:</span>   </dt><dd> <code>true</code> if this driver is JDBC Compliant; <code>false</code> otherwise         </dd> </dl></li></ul> <a end_ctx_id="method:jdbcCompliant()"/>  </td></tr><tr valign="top"><td bgcolor="#CCCCCC" colspan="1"> <a start_ctx_id="method:jdbcCompliant()"/><a name="jdbcCompliant()"/><ul class="blockList"><li class="blockList"><h4>jdbcCompliant</h4><pre>boolean jdbcCompliant()</pre><div class="block">Reports whether this driver is a genuine JDBC Compliant<sup changeType="diff-removed-tag"><font size="-2">TM</font></sup> driver. A driver may only report <code>true</code> here if it passes the JDBC compliance tests; otherwise it is required to return <code>false</code>.<p> JDBC compliance requires full support for the JDBC API and full support for SQL 92 Entry Level. It is expected that JDBC compliant drivers will be available for all the major commercial databases.                                 </p><p> This method is not intended to encourage the development of non-JDBC compliant drivers, but is a recognition of the fact that some vendors are interested in using the JDBC API and framework for lightweight databases that do not support full database functionality, or for special databases such as document information retrieval where a SQL implementation may not be feasible.                                                           </p>                              </div><dl> <dt> <span class="strong">Returns:</span>   </dt><dd> <code>true</code> if this driver is JDBC Compliant; <code>false</code> otherwise         </dd> </dl></li></ul> <a end_ctx_id="method:jdbcCompliant()"/>  </td><td bgcolor="#FFFFFF" colspan="1"> <a start_ctx_id="method:jdbcCompliant()"/><a name="jdbcCompliant()"/><ul class="blockList"><li class="blockList"><h4>jdbcCompliant</h4><pre>boolean jdbcCompliant()</pre><div class="block">Reports whether this driver is a genuine JDBC Compliant™ driver. A driver may only report <code>true</code> here if it passes the JDBC compliance tests; otherwise it is required to return <code>false</code>.<p> JDBC compliance requires full support for the JDBC API and full support for SQL 92 Entry Level. It is expected that JDBC compliant drivers will be available for all the major commercial databases.                                 </p><p> This method is not intended to encourage the development of non-JDBC compliant drivers, but is a recognition of the fact that some vendors are interested in using the JDBC API and framework for lightweight databases that do not support full database functionality, or for special databases such as document information retrieval where a SQL implementation may not be feasible.                                                           </p>                              </div><dl> <dt> <span class="strong">Returns:</span>   </dt><dd> <code>true</code> if this driver is JDBC Compliant; <code>false</code> otherwise         </dd> </dl></li></ul> <a end_ctx_id="method:jdbcCompliant()"/>  </td></tr></table></td></tr></table><table border="0" cellpadding="1" cellspacing="0" width="100%"><tr><td><h3 class="ctxid">method:getParentLogger() [NONE]</h3></td></tr><tr><td><table border="0" cellpadding="5" cellspacing="1" bgcolor="black" width="100%"><tr valign="top"><td bgcolor="#FFFFFF" colspan="1"> <a start_ctx_id="method:getParentLogger()"/><a name="getParentLogger()"/><ul class="blockListLast"><li class="blockList"><h4>getParentLogger</h4><pre>java.util.logging.Logger getParentLogger()
                                  throws <a href="../../java/sql/SQLFeatureNotSupportedException.html" title="class in java.sql">SQLFeatureNotSupportedException</a></pre><div class="block">Return the parent Logger of all the Loggers used by this driver. This should be the Logger farthest from the root Logger that is still an ancestor of all of the Loggers used by this driver. Configuring this Logger will affect all of the log messages generated by the driver. In the worst case, this may be the root Logger.                                                           </div><dl> <dt> <span class="strong">Returns:</span>   </dt><dd>the parent Logger for this driver     </dd> <dt> <span class="strong">Throws:</span>   </dt><dd> <code><a href="../../java/sql/SQLFeatureNotSupportedException.html" title="class in java.sql">SQLFeatureNotSupportedException</a></code> - if the driver does not use <code>java.util.logging</code>.         </dd> <dt> <span class="strong">Since:</span>   </dt><dd>1.7</dd>   </dl></li></ul> <a end_ctx_id="method:getParentLogger()"/>  </td></tr></table></td></tr></table></diff></diffreport>