<?xml version="1.0" encoding="UTF-8"?><diffreport><diff><div class="header"><div class="subTitle">java.sql</div><h2 title="Interface DriverAction" class="title">Interface DriverAction </h2></div><div class="contentContainer"><div class="description"> <a start_ctx_id="class:DriverAction"/><ul class="blockList"><li class="blockList"><dl> <dt>Functional Interface: </dt><dd>This is a functional interface and can therefore be used as the assignment target for a lambda expression or method reference.                    </dd> </dl> <hr/> <br/><pre>public interface <span class="strong">DriverAction</span></pre><div class="block">An interface that must be implemented when a <a href="../../java/sql/Driver.html" title="interface in java.sql">Driver</a> wants to be notified by <code>DriverManager</code>.<p> A <code>DriverAction</code> implementation is not intended to be used directly by applications. A JDBC Driver may choose to create its <code>DriverAction</code> implementation in a private class to avoid it being called directly.                                </p><p> The JDBC driver's static initialization block must call <a href="../../java/sql/DriverManager.html#registerDriver(java.sql.Driver, java.sql.DriverAction)">DriverManager.registerDriver(java.sql.Driver, java.sql.DriverAction) </a> in order to inform <code>DriverManager</code> which <code>DriverAction</code> implementation to call when the JDBC driver is de-registered.                         </p>              </div><dl> <dt> <span class="strong">Since:</span>   </dt><dd>1.8</dd> </dl>  </li></ul> </div><div class="summary"> <a end_ctx_id="class:DriverAction"/><ul class="blockList"><li class="blockList"><ul class="blockList"><li class="blockList"> <a name="method_summary"/><h3>Method Summary </h3><table class="overviewSummary" border="0" cellpadding="3" cellspacing="0" summary="Method Summary table, listing methods, and an explanation"> <caption> <span id="t0" class="activeTableTab"><span>All Methods </span><span class="tabEnd"> </span></span><span id="t2" class="tableTab"><span><a>Instance Methods </a></span><span class="tabEnd"> </span></span><span id="t3" class="tableTab"><span><a>Abstract Methods </a></span><span class="tabEnd"> </span></span>   </caption><tbody><tr><th class="colFirst" scope="col">Modifier and Type  </th><th class="colLast" scope="col">Method and Description  </th></tr><tr id="i0" class="altColor"><td class="colFirst"><code>void</code></td><td class="colLast"><code><strong><a href="../../java/sql/DriverAction.html#deregister()">deregister</a></strong>()</code><div class="block">Method called by <a href="../../java/sql/DriverManager.html#deregisterDriver(java.sql.Driver)">DriverManager.deregisterDriver(Driver)</a> to notify the JDBC driver that it was de-registered.            </div></td></tr></tbody> </table> </li></ul></li></ul> </div><div class="details"><ul class="blockList"><li class="blockList"><ul class="blockList"><li class="blockList"> <a name="method_detail"/><h3>Method Detail </h3> <a start_ctx_id="method:deregister()"/><a name="deregister()"/><ul class="blockListLast"><li class="blockList"><h4>deregister</h4><pre>void deregister()</pre><div class="block">Method called by <a href="../../java/sql/DriverManager.html#deregisterDriver(java.sql.Driver)">DriverManager.deregisterDriver(Driver)</a> to notify the JDBC driver that it was de-registered.<p> The <code>deregister</code> method is intended only to be used by JDBC Drivers and not by applications. JDBC drivers are recommended to not implement <code>DriverAction</code> in a public class. If there are active connections to the database at the time that the <code>deregister</code> method is called, it is implementation specific as to whether the connections are closed or allowed to continue. Once this method is called, it is implementation specific as to whether the driver may limit the ability to create new connections to the database, invoke other <code>Driver</code> methods or throw a <code>SQLException</code>. Consult your JDBC driver's documentation for additional information on its behavior.                                                                                                        </p>            </div><dl> <dt> <span class="strong">Since:</span>   </dt><dd>1.8</dd> <dt> <span class="strong">See Also: </span>   </dt><dd> <a href="../../java/sql/DriverManager.html#registerDriver(java.sql.Driver, java.sql.DriverAction)"><code>DriverManager.registerDriver(java.sql.Driver, java.sql.DriverAction) </code></a>, <a href="../../java/sql/DriverManager.html#deregisterDriver(java.sql.Driver)"><code>DriverManager.deregisterDriver(Driver)</code></a>  </dd>  </dl></li></ul>  </li></ul></li></ul></div></div> <a end_ctx_id="method:deregister()"/> <hr/>  </diff></diffreport>