<?xml version="1.0" encoding="UTF-8"?><diffreport><diff><table border="0" cellpadding="1" cellspacing="0" width="100%"><tr><td><h3 class="ctxid">class:DriverManager [NONE]</h3></td></tr><tr><td><table border="0" cellpadding="5" cellspacing="1" bgcolor="black" width="100%"><tr valign="top"><td bgcolor="#FFFFFF" colspan="1"><div class="description"> <a start_ctx_id="class:DriverManager"/><ul class="blockList"><li class="blockList"> <hr/> <br/><pre>public class <span class="strong">DriverManager</span>
extends java.lang.Object</pre><div class="block"><p>The basic service for managing a set of JDBC drivers.<br/> <b>NOTE:</b> The <a href="../../javax/sql/DataSource.html" title="interface in javax.sql"><code>DataSource</code></a> interface, new in the JDBC 2.0 API, provides another way to connect to a data source. The use of a <code>DataSource</code> object is the preferred means of connecting to a data source.                                            </p><p>As part of its initialization, the <code>DriverManager</code> class will attempt to load the driver classes referenced in the "jdbc.drivers" system property. This allows a user to customize the JDBC Drivers used by their applications. For example in your ~/.hotjava/properties file you might specify:<pre>
 
<code>jdbc.drivers=foo.bah.Driver:wombat.sql.Driver:bad.taste.ourDriver</code>
 
</pre>                                          </p><p> The <code>DriverManager</code> methods <code>getConnection</code> and <code>getDrivers</code> have been enhanced to support the Java Standard Edition <a href="../../../technotes/guides/jar/jar.html#Service%20Provider">Service Provider </a> mechanism. JDBC 4.0 Drivers must include the file <code>META-INF/services/java.sql.Driver</code>. This file contains the name of the JDBC drivers implementation of <code>java.sql.Driver</code>. For example, to load the <code>my.sql.Driver</code> class, the <code>META-INF/services/java.sql.Driver</code> file would contain the entry:<pre>
 
<code>my.sql.Driver</code>
 
</pre>                                                   </p><p>Applications no longer need to explictly load JDBC drivers using <code>Class.forName()</code>. Existing programs which currently load JDBC drivers using <code>Class.forName()</code> will continue to work without modification.                         </p><p>When the method <code>getConnection</code> is called, the <code>DriverManager</code> will attempt to locate a suitable driver from amongst those loaded at initialization and those loaded explicitly using the same classloader as the current applet or application.                                  </p><p> Starting with the Java 2 SDK, Standard Edition, version 1.3, a logging stream can be set only if the proper permission has been granted. Normally this will be done with the tool PolicyTool, which can be used to grant <code>permission java.sql.SQLPermission "setLog"  </code>.                                        </p></div><dl> <dt> <span class="strong">See Also: </span>   </dt><dd> <a href="../../java/sql/Driver.html" title="interface in java.sql"><code>Driver</code></a>, <a href="../../java/sql/Connection.html" title="interface in java.sql"><code>Connection</code></a>  </dd> </dl>  </li></ul> </div> <a end_ctx_id="class:DriverManager"/> </td></tr></table></td></tr></table><table border="0" cellpadding="1" cellspacing="0" width="100%"><tr><td><h3 class="ctxid">method:getLogWriter() [NONE]</h3></td></tr><tr><td><table border="0" cellpadding="5" cellspacing="1" bgcolor="black" width="100%"><tr valign="top"><td bgcolor="#FFFFFF" colspan="1"> <a start_ctx_id="method:getLogWriter()"/><a name="getLogWriter()"/><ul class="blockList"><li class="blockList"><h4>getLogWriter</h4><pre>public static java.io.PrintWriter getLogWriter()</pre><div class="block">Retrieves the log writer. The <code>getLogWriter</code> and <code>setLogWriter</code> methods should be used instead of the <code>get/setlogStream</code> methods, which are deprecated.                   </div><dl> <dt> <span class="strong">Returns:</span>   </dt><dd>a <code>java.io.PrintWriter</code> object  </dd> <dt> <span class="strong">Since:</span>   </dt><dd>1.2</dd> <dt> <span class="strong">See Also: </span>   </dt><dd> <a href="../../java/sql/DriverManager.html#setLogWriter(java.io.PrintWriter)"><code>setLogWriter(java.io.PrintWriter)</code></a> </dd>   </dl></li></ul> <a end_ctx_id="method:getLogWriter()"/>  </td></tr></table></td></tr></table><table border="0" cellpadding="1" cellspacing="0" width="100%"><tr><td><h3 class="ctxid">method:setLogWriter(java.io.PrintWriter) [NONE]</h3></td></tr><tr><td><table border="0" cellpadding="5" cellspacing="1" bgcolor="black" width="100%"><tr valign="top"><td bgcolor="#FFFFFF" colspan="1"> <a start_ctx_id="method:setLogWriter(java.io.PrintWriter)"/><a name="setLogWriter(java.io.PrintWriter)"/><ul class="blockList"><li class="blockList"><h4>setLogWriter</h4><pre>public static void setLogWriter(java.io.PrintWriter out)</pre><div class="block">Sets the logging/tracing <code>PrintWriter</code> object that is used by the <code>DriverManager</code> and all drivers.<p> There is a minor versioning problem created by the introduction of the method <code>setLogWriter</code>. The method <code>setLogWriter</code> cannot create a <code>PrintStream</code> object that will be returned by <code>getLogStream</code>---the Java platform does not provide a backward conversion. As a result, a new application that uses <code>setLogWriter</code> and also uses a JDBC 1.0 driver that uses <code>getLogStream</code> will likely not see debugging information written by that driver.                                                                 </p><p> Starting with the Java 2 SDK, Standard Edition, version 1.3 release, this method checks to see that there is an <code>SQLPermission</code> object before setting the logging stream. If a <code>SecurityManager</code> exists and its <code>checkPermission</code> method denies setting the log writer, this method throws a <code>java.lang.SecurityException</code>.                                             </p>             </div><dl> <dt> <span class="strong">Parameters:</span>   </dt><dd> <code>out</code> - the new logging/tracing <code>PrintStream</code> object; <code>null</code> to disable logging and tracing             </dd> <dt> <span class="strong">Throws:</span>   </dt><dd> <code>java.lang.SecurityException</code> - if a security manager exists and its <code>checkPermission</code> method denies setting the log writer                </dd> <dt> <span class="strong">Since:</span>   </dt><dd>1.2</dd> <dt> <span class="strong">See Also: </span>   </dt><dd> <code>SecurityManager.checkPermission(java.security.Permission)</code>, <a href="../../java/sql/DriverManager.html#getLogWriter()"><code>getLogWriter()</code></a>  </dd>    </dl></li></ul> <a end_ctx_id="method:setLogWriter(java.io.PrintWriter)"/>  </td></tr></table></td></tr></table><table border="0" cellpadding="1" cellspacing="0" width="100%"><tr><td><h3 class="ctxid">method:getConnection(java.lang.String, java.util.Properties) [CHANGED]</h3></td></tr><tr><td><table border="0" cellpadding="5" cellspacing="1" bgcolor="black" width="100%"><tr valign="top"><td bgcolor="#EEEEEE" colspan="2"> <a start_ctx_id="method:getConnection(java.lang.String, java.util.Properties)"/><a name="getConnection(java.lang.String, java.util.Properties)"/><ul class="blockList"><li class="blockList"><h4>getConnection</h4><pre>public static <a href="../../java/sql/Connection.html" title="interface in java.sql">Connection</a> getConnection(java.lang.String url,
                                       java.util.Properties info)
                                throws <a href="../../java/sql/SQLException.html" title="class in java.sql">SQLException</a></pre><div class="block">Attempts to establish a connection to the given database URL. The <code>DriverManager</code> attempts to select an appropriate driver from the set of registered JDBC drivers.<p> <b><span class="diff-html-added">Note:</span></b> <span class="diff-html-added">If</span> <span class="diff-html-added">a</span> <span class="diff-html-added">property</span> <span class="diff-html-added">is</span> <span class="diff-html-added">specified</span> <span class="diff-html-added">as</span> <span class="diff-html-added">part</span> <span class="diff-html-added">of</span> <span class="diff-html-added">the</span> <code><span class="diff-html-added">url</span></code> <span class="diff-html-added">and</span> <span class="diff-html-added">is</span> <span class="diff-html-added">also</span> <span class="diff-html-added">specified</span> <span class="diff-html-added">in</span> <span class="diff-html-added">the</span> <code><span class="diff-html-added">Properties</span></code> <span class="diff-html-added">object,</span> <span class="diff-html-added">it</span> <span class="diff-html-added">is</span> <span class="diff-html-added">implementation-defined</span> <span class="diff-html-added">as</span> <span class="diff-html-added">to</span> <span class="diff-html-added">which</span> <span class="diff-html-added">value</span> <span class="diff-html-added">will</span> <span class="diff-html-added">take</span> <span class="diff-html-added">precedence.</span> <span class="diff-html-added">For</span> <span class="diff-html-added">maximum</span> <span class="diff-html-added">portability,</span> <span class="diff-html-added">an</span> <span class="diff-html-added">application</span> <span class="diff-html-added">should</span> <span class="diff-html-added">only</span> <span class="diff-html-added">specify</span> <span class="diff-html-added">a</span> <span class="diff-html-added">property</span> <span class="diff-html-added">once.</span>                                        </p>                        </div><dl> <dt> <span class="strong">Parameters:</span>   </dt><dd> <code>url</code> - a database url of the form <code> jdbc:<em>subprotocol</em>:<em>subname</em> </code>         </dd><dd> <code>info</code> - a list of arbitrary string tag/value pairs as connection arguments; normally at least a "user" and "password" property should be included                       </dd> <dt> <span class="strong">Returns:</span>   </dt><dd>a Connection to the URL    </dd> <dt> <span class="strong">Throws:</span>   </dt><dd> <code><a href="../../java/sql/SQLException.html" title="class in java.sql">SQLException</a></code> - if a database access error occurs <span class="diff-html-added">or</span> <span class="diff-html-added">the</span> <span class="diff-html-added">url</span> <span class="diff-html-added">is</span> <code><span class="diff-html-added">null</span></code>             </dd><dd> <code><a href="../../java/sql/SQLTimeoutException.html" title="class in java.sql"><span class="diff-html-added">SQLTimeoutException</span></a></code> <span class="diff-html-added">-</span> <span class="diff-html-added">when</span> <span class="diff-html-added">the</span> <span class="diff-html-added">driver</span> <span class="diff-html-added">has</span> <span class="diff-html-added">determined</span> <span class="diff-html-added">that</span> <span class="diff-html-added">the</span> <span class="diff-html-added">timeout</span> <span class="diff-html-added">value</span> <span class="diff-html-added">specified</span> <span class="diff-html-added">by</span> <span class="diff-html-added">the</span> <code><span class="diff-html-added">setLoginTimeout</span></code> <span class="diff-html-added">method</span> <span class="diff-html-added">has</span> <span class="diff-html-added">been</span> <span class="diff-html-added">exceeded</span> <span class="diff-html-added">and</span> <span class="diff-html-added">has</span> <span class="diff-html-added">at</span> <span class="diff-html-added">least</span> <span class="diff-html-added">tried</span> <span class="diff-html-added">to</span> <span class="diff-html-added">cancel</span> <span class="diff-html-added">the</span> <span class="diff-html-added">current</span> <span class="diff-html-added">database</span> <span class="diff-html-added">connection</span> <span class="diff-html-added">attempt</span>                               </dd>   </dl></li></ul> <a end_ctx_id="method:getConnection(java.lang.String, java.util.Properties)"/>  </td></tr><tr valign="top"><td bgcolor="#CCCCCC" colspan="1"> <a start_ctx_id="method:getConnection(java.lang.String, java.util.Properties)"/><a name="getConnection(java.lang.String, java.util.Properties)"/><ul class="blockList"><li class="blockList"><h4>getConnection</h4><pre>public static <a href="../../java/sql/Connection.html" title="interface in java.sql">Connection</a> getConnection(java.lang.String url,
                                       java.util.Properties info)
                                throws <a href="../../java/sql/SQLException.html" title="class in java.sql">SQLException</a></pre><div class="block">Attempts to establish a connection to the given database URL. The <code>DriverManager</code> attempts to select an appropriate driver from the set of registered JDBC drivers.                        </div><dl> <dt> <span class="strong">Parameters:</span>   </dt><dd> <code>url</code> - a database url of the form <code> jdbc:<em>subprotocol</em>:<em>subname</em> </code>         </dd><dd> <code>info</code> - a list of arbitrary string tag/value pairs as connection arguments; normally at least a "user" and "password" property should be included                       </dd> <dt> <span class="strong">Returns:</span>   </dt><dd>a Connection to the URL    </dd> <dt> <span class="strong">Throws:</span>   </dt><dd> <code><a href="../../java/sql/SQLException.html" title="class in java.sql">SQLException</a></code> - if a database access error occurs        </dd>   </dl></li></ul> <a end_ctx_id="method:getConnection(java.lang.String, java.util.Properties)"/>  </td><td bgcolor="#FFFFFF" colspan="1"> <a start_ctx_id="method:getConnection(java.lang.String, java.util.Properties)"/><a name="getConnection(java.lang.String, java.util.Properties)"/><ul class="blockList"><li class="blockList"><h4>getConnection</h4><pre>public static <a href="../../java/sql/Connection.html" title="interface in java.sql">Connection</a> getConnection(java.lang.String url,
                                       java.util.Properties info)
                                throws <a href="../../java/sql/SQLException.html" title="class in java.sql">SQLException</a></pre><div class="block">Attempts to establish a connection to the given database URL. The <code>DriverManager</code> attempts to select an appropriate driver from the set of registered JDBC drivers.<p> <b>Note:</b> If a property is specified as part of the <code>url</code> and is also specified in the <code>Properties</code> object, it is implementation-defined as to which value will take precedence. For maximum portability, an application should only specify a property once.                                        </p>                        </div><dl> <dt> <span class="strong">Parameters:</span>   </dt><dd> <code>url</code> - a database url of the form <code> jdbc:<em>subprotocol</em>:<em>subname</em> </code>         </dd><dd> <code>info</code> - a list of arbitrary string tag/value pairs as connection arguments; normally at least a "user" and "password" property should be included                       </dd> <dt> <span class="strong">Returns:</span>   </dt><dd>a Connection to the URL    </dd> <dt> <span class="strong">Throws:</span>   </dt><dd> <code><a href="../../java/sql/SQLException.html" title="class in java.sql">SQLException</a></code> - if a database access error occurs or the url is <code>null</code>             </dd><dd> <code><a href="../../java/sql/SQLTimeoutException.html" title="class in java.sql">SQLTimeoutException</a></code> - when the driver has determined that the timeout value specified by the <code>setLoginTimeout</code> method has been exceeded and has at least tried to cancel the current database connection attempt                               </dd>   </dl></li></ul> <a end_ctx_id="method:getConnection(java.lang.String, java.util.Properties)"/>  </td></tr></table></td></tr></table><table border="0" cellpadding="1" cellspacing="0" width="100%"><tr><td><h3 class="ctxid">method:getConnection(java.lang.String, java.lang.String, java.lang.String) [CHANGED]</h3></td></tr><tr><td><table border="0" cellpadding="5" cellspacing="1" bgcolor="black" width="100%"><tr valign="top"><td bgcolor="#EEEEEE" colspan="2"> <a start_ctx_id="method:getConnection(java.lang.String, java.lang.String, java.lang.String)"/><a name="getConnection(java.lang.String, java.lang.String, java.lang.String)"/><ul class="blockList"><li class="blockList"><h4>getConnection</h4><pre>public static <a href="../../java/sql/Connection.html" title="interface in java.sql">Connection</a> getConnection(java.lang.String url,
                                       java.lang.String user,
                                       java.lang.String password)
                                throws <a href="../../java/sql/SQLException.html" title="class in java.sql">SQLException</a></pre><div class="block">Attempts to establish a connection to the given database URL. The <code>DriverManager</code> attempts to select an appropriate driver from the set of registered JDBC drivers.<p> <b><span class="diff-html-added">Note:</span></b> <span class="diff-html-added">If</span> <span class="diff-html-added">a</span> <span class="diff-html-added">property</span> <span class="diff-html-added">is</span> <span class="diff-html-added">specified</span> <span class="diff-html-added">as</span> <span class="diff-html-added">part</span> <span class="diff-html-added">of</span> <span class="diff-html-added">the</span> <code><span class="diff-html-added">url</span></code> <span class="diff-html-added">and</span> <span class="diff-html-added">is</span> <span class="diff-html-added">also</span> <span class="diff-html-added">specified</span> <span class="diff-html-added">in</span> <span class="diff-html-added">the</span> <code><span class="diff-html-added">Properties</span></code> <span class="diff-html-added">object,</span> <span class="diff-html-added">it</span> <span class="diff-html-added">is</span> <span class="diff-html-added">implementation-defined</span> <span class="diff-html-added">as</span> <span class="diff-html-added">to</span> <span class="diff-html-added">which</span> <span class="diff-html-added">value</span> <span class="diff-html-added">will</span> <span class="diff-html-added">take</span> <span class="diff-html-added">precedence.</span> <span class="diff-html-added">For</span> <span class="diff-html-added">maximum</span> <span class="diff-html-added">portability,</span> <span class="diff-html-added">an</span> <span class="diff-html-added">application</span> <span class="diff-html-added">should</span> <span class="diff-html-added">only</span> <span class="diff-html-added">specify</span> <span class="diff-html-added">a</span> <span class="diff-html-added">property</span> <span class="diff-html-added">once.</span>                                        </p>                        </div><dl> <dt> <span class="strong">Parameters:</span>   </dt><dd> <code>url</code> - a database url of the form <code>jdbc:<em>subprotocol</em>:<em>subname</em></code>         </dd><dd> <code>user</code> - the database user on whose behalf the connection is being made             </dd><dd> <code>password</code> - the user's password     </dd> <dt> <span class="strong">Returns:</span>   </dt><dd>a connection to the URL    </dd> <dt> <span class="strong">Throws:</span>   </dt><dd> <code><a href="../../java/sql/SQLException.html" title="class in java.sql">SQLException</a></code> - if a database access error occurs <span class="diff-html-added">or</span> <span class="diff-html-added">the</span> <span class="diff-html-added">url</span> <span class="diff-html-added">is</span> <code><span class="diff-html-added">null</span></code>             </dd><dd> <code><a href="../../java/sql/SQLTimeoutException.html" title="class in java.sql"><span class="diff-html-added">SQLTimeoutException</span></a></code> <span class="diff-html-added">-</span> <span class="diff-html-added">when</span> <span class="diff-html-added">the</span> <span class="diff-html-added">driver</span> <span class="diff-html-added">has</span> <span class="diff-html-added">determined</span> <span class="diff-html-added">that</span> <span class="diff-html-added">the</span> <span class="diff-html-added">timeout</span> <span class="diff-html-added">value</span> <span class="diff-html-added">specified</span> <span class="diff-html-added">by</span> <span class="diff-html-added">the</span> <code><span class="diff-html-added">setLoginTimeout</span></code> <span class="diff-html-added">method</span> <span class="diff-html-added">has</span> <span class="diff-html-added">been</span> <span class="diff-html-added">exceeded</span> <span class="diff-html-added">and</span> <span class="diff-html-added">has</span> <span class="diff-html-added">at</span> <span class="diff-html-added">least</span> <span class="diff-html-added">tried</span> <span class="diff-html-added">to</span> <span class="diff-html-added">cancel</span> <span class="diff-html-added">the</span> <span class="diff-html-added">current</span> <span class="diff-html-added">database</span> <span class="diff-html-added">connection</span> <span class="diff-html-added">attempt</span>                               </dd>   </dl></li></ul> <a end_ctx_id="method:getConnection(java.lang.String, java.lang.String, java.lang.String)"/>  </td></tr><tr valign="top"><td bgcolor="#CCCCCC" colspan="1"> <a start_ctx_id="method:getConnection(java.lang.String, java.lang.String, java.lang.String)"/><a name="getConnection(java.lang.String, java.lang.String, java.lang.String)"/><ul class="blockList"><li class="blockList"><h4>getConnection</h4><pre>public static <a href="../../java/sql/Connection.html" title="interface in java.sql">Connection</a> getConnection(java.lang.String url,
                                       java.lang.String user,
                                       java.lang.String password)
                                throws <a href="../../java/sql/SQLException.html" title="class in java.sql">SQLException</a></pre><div class="block">Attempts to establish a connection to the given database URL. The <code>DriverManager</code> attempts to select an appropriate driver from the set of registered JDBC drivers.                        </div><dl> <dt> <span class="strong">Parameters:</span>   </dt><dd> <code>url</code> - a database url of the form <code>jdbc:<em>subprotocol</em>:<em>subname</em></code>         </dd><dd> <code>user</code> - the database user on whose behalf the connection is being made             </dd><dd> <code>password</code> - the user's password     </dd> <dt> <span class="strong">Returns:</span>   </dt><dd>a connection to the URL    </dd> <dt> <span class="strong">Throws:</span>   </dt><dd> <code><a href="../../java/sql/SQLException.html" title="class in java.sql">SQLException</a></code> - if a database access error occurs        </dd>   </dl></li></ul> <a end_ctx_id="method:getConnection(java.lang.String, java.lang.String, java.lang.String)"/>  </td><td bgcolor="#FFFFFF" colspan="1"> <a start_ctx_id="method:getConnection(java.lang.String, java.lang.String, java.lang.String)"/><a name="getConnection(java.lang.String, java.lang.String, java.lang.String)"/><ul class="blockList"><li class="blockList"><h4>getConnection</h4><pre>public static <a href="../../java/sql/Connection.html" title="interface in java.sql">Connection</a> getConnection(java.lang.String url,
                                       java.lang.String user,
                                       java.lang.String password)
                                throws <a href="../../java/sql/SQLException.html" title="class in java.sql">SQLException</a></pre><div class="block">Attempts to establish a connection to the given database URL. The <code>DriverManager</code> attempts to select an appropriate driver from the set of registered JDBC drivers.<p> <b>Note:</b> If a property is specified as part of the <code>url</code> and is also specified in the <code>Properties</code> object, it is implementation-defined as to which value will take precedence. For maximum portability, an application should only specify a property once.                                        </p>                        </div><dl> <dt> <span class="strong">Parameters:</span>   </dt><dd> <code>url</code> - a database url of the form <code>jdbc:<em>subprotocol</em>:<em>subname</em></code>         </dd><dd> <code>user</code> - the database user on whose behalf the connection is being made             </dd><dd> <code>password</code> - the user's password     </dd> <dt> <span class="strong">Returns:</span>   </dt><dd>a connection to the URL    </dd> <dt> <span class="strong">Throws:</span>   </dt><dd> <code><a href="../../java/sql/SQLException.html" title="class in java.sql">SQLException</a></code> - if a database access error occurs or the url is <code>null</code>             </dd><dd> <code><a href="../../java/sql/SQLTimeoutException.html" title="class in java.sql">SQLTimeoutException</a></code> - when the driver has determined that the timeout value specified by the <code>setLoginTimeout</code> method has been exceeded and has at least tried to cancel the current database connection attempt                               </dd>   </dl></li></ul> <a end_ctx_id="method:getConnection(java.lang.String, java.lang.String, java.lang.String)"/>  </td></tr></table></td></tr></table><table border="0" cellpadding="1" cellspacing="0" width="100%"><tr><td><h3 class="ctxid">method:getConnection(java.lang.String) [CHANGED]</h3></td></tr><tr><td><table border="0" cellpadding="5" cellspacing="1" bgcolor="black" width="100%"><tr valign="top"><td bgcolor="#EEEEEE" colspan="2"> <a start_ctx_id="method:getConnection(java.lang.String)"/><a name="getConnection(java.lang.String)"/><ul class="blockList"><li class="blockList"><h4>getConnection</h4><pre>public static <a href="../../java/sql/Connection.html" title="interface in java.sql">Connection</a> getConnection(java.lang.String url)
                                throws <a href="../../java/sql/SQLException.html" title="class in java.sql">SQLException</a></pre><div class="block">Attempts to establish a connection to the given database URL. The <code>DriverManager</code> attempts to select an appropriate driver from the set of registered JDBC drivers.                        </div><dl> <dt> <span class="strong">Parameters:</span>   </dt><dd> <code>url</code> - a database url of the form <code> jdbc:<em>subprotocol</em>:<em>subname</em> </code>         </dd> <dt> <span class="strong">Returns:</span>   </dt><dd>a connection to the URL    </dd> <dt> <span class="strong">Throws:</span>   </dt><dd> <code><a href="../../java/sql/SQLException.html" title="class in java.sql">SQLException</a></code> - if a database access error occurs <span class="diff-html-added">or</span> <span class="diff-html-added">the</span> <span class="diff-html-added">url</span> <span class="diff-html-added">is</span> <code><span class="diff-html-added">null</span></code>             </dd><dd> <code><a href="../../java/sql/SQLTimeoutException.html" title="class in java.sql"><span class="diff-html-added">SQLTimeoutException</span></a></code> <span class="diff-html-added">-</span> <span class="diff-html-added">when</span> <span class="diff-html-added">the</span> <span class="diff-html-added">driver</span> <span class="diff-html-added">has</span> <span class="diff-html-added">determined</span> <span class="diff-html-added">that</span> <span class="diff-html-added">the</span> <span class="diff-html-added">timeout</span> <span class="diff-html-added">value</span> <span class="diff-html-added">specified</span> <span class="diff-html-added">by</span> <span class="diff-html-added">the</span> <code><span class="diff-html-added">setLoginTimeout</span></code> <span class="diff-html-added">method</span> <span class="diff-html-added">has</span> <span class="diff-html-added">been</span> <span class="diff-html-added">exceeded</span> <span class="diff-html-added">and</span> <span class="diff-html-added">has</span> <span class="diff-html-added">at</span> <span class="diff-html-added">least</span> <span class="diff-html-added">tried</span> <span class="diff-html-added">to</span> <span class="diff-html-added">cancel</span> <span class="diff-html-added">the</span> <span class="diff-html-added">current</span> <span class="diff-html-added">database</span> <span class="diff-html-added">connection</span> <span class="diff-html-added">attempt</span>                               </dd>   </dl></li></ul> <a end_ctx_id="method:getConnection(java.lang.String)"/>  </td></tr><tr valign="top"><td bgcolor="#CCCCCC" colspan="1"> <a start_ctx_id="method:getConnection(java.lang.String)"/><a name="getConnection(java.lang.String)"/><ul class="blockList"><li class="blockList"><h4>getConnection</h4><pre>public static <a href="../../java/sql/Connection.html" title="interface in java.sql">Connection</a> getConnection(java.lang.String url)
                                throws <a href="../../java/sql/SQLException.html" title="class in java.sql">SQLException</a></pre><div class="block">Attempts to establish a connection to the given database URL. The <code>DriverManager</code> attempts to select an appropriate driver from the set of registered JDBC drivers.                        </div><dl> <dt> <span class="strong">Parameters:</span>   </dt><dd> <code>url</code> - a database url of the form <code> jdbc:<em>subprotocol</em>:<em>subname</em> </code>         </dd> <dt> <span class="strong">Returns:</span>   </dt><dd>a connection to the URL    </dd> <dt> <span class="strong">Throws:</span>   </dt><dd> <code><a href="../../java/sql/SQLException.html" title="class in java.sql">SQLException</a></code> - if a database access error occurs        </dd>   </dl></li></ul> <a end_ctx_id="method:getConnection(java.lang.String)"/>  </td><td bgcolor="#FFFFFF" colspan="1"> <a start_ctx_id="method:getConnection(java.lang.String)"/><a name="getConnection(java.lang.String)"/><ul class="blockList"><li class="blockList"><h4>getConnection</h4><pre>public static <a href="../../java/sql/Connection.html" title="interface in java.sql">Connection</a> getConnection(java.lang.String url)
                                throws <a href="../../java/sql/SQLException.html" title="class in java.sql">SQLException</a></pre><div class="block">Attempts to establish a connection to the given database URL. The <code>DriverManager</code> attempts to select an appropriate driver from the set of registered JDBC drivers.                        </div><dl> <dt> <span class="strong">Parameters:</span>   </dt><dd> <code>url</code> - a database url of the form <code> jdbc:<em>subprotocol</em>:<em>subname</em> </code>         </dd> <dt> <span class="strong">Returns:</span>   </dt><dd>a connection to the URL    </dd> <dt> <span class="strong">Throws:</span>   </dt><dd> <code><a href="../../java/sql/SQLException.html" title="class in java.sql">SQLException</a></code> - if a database access error occurs or the url is <code>null</code>             </dd><dd> <code><a href="../../java/sql/SQLTimeoutException.html" title="class in java.sql">SQLTimeoutException</a></code> - when the driver has determined that the timeout value specified by the <code>setLoginTimeout</code> method has been exceeded and has at least tried to cancel the current database connection attempt                               </dd>   </dl></li></ul> <a end_ctx_id="method:getConnection(java.lang.String)"/>  </td></tr></table></td></tr></table><table border="0" cellpadding="1" cellspacing="0" width="100%"><tr><td><h3 class="ctxid">method:getDriver(java.lang.String) [NONE]</h3></td></tr><tr><td><table border="0" cellpadding="5" cellspacing="1" bgcolor="black" width="100%"><tr valign="top"><td bgcolor="#FFFFFF" colspan="1"> <a start_ctx_id="method:getDriver(java.lang.String)"/><a name="getDriver(java.lang.String)"/><ul class="blockList"><li class="blockList"><h4>getDriver</h4><pre>public static <a href="../../java/sql/Driver.html" title="interface in java.sql">Driver</a> getDriver(java.lang.String url)
                        throws <a href="../../java/sql/SQLException.html" title="class in java.sql">SQLException</a></pre><div class="block">Attempts to locate a driver that understands the given URL. The <code>DriverManager</code> attempts to select an appropriate driver from the set of registered JDBC drivers.                        </div><dl> <dt> <span class="strong">Parameters:</span>   </dt><dd> <code>url</code> - a database URL of the form <code>jdbc:<em>subprotocol</em>:<em>subname</em></code>         </dd> <dt> <span class="strong">Returns:</span>   </dt><dd>a <code>Driver</code> object representing a driver that can connect to the given URL            </dd> <dt> <span class="strong">Throws:</span>   </dt><dd> <code><a href="../../java/sql/SQLException.html" title="class in java.sql">SQLException</a></code> - if a database access error occurs        </dd>   </dl></li></ul> <a end_ctx_id="method:getDriver(java.lang.String)"/>  </td></tr></table></td></tr></table><table border="0" cellpadding="1" cellspacing="0" width="100%"><tr><td><h3 class="ctxid">method:registerDriver(java.sql.Driver) [CHANGED]</h3></td></tr><tr><td><table border="0" cellpadding="5" cellspacing="1" bgcolor="black" width="100%"><tr valign="top"><td bgcolor="#EEEEEE" colspan="2"> <a start_ctx_id="method:registerDriver(java.sql.Driver)"/><a name="registerDriver(java.sql.Driver)"/><ul class="blockList"><li class="blockList"><h4>registerDriver</h4><pre>public static void registerDriver(<a href="../../java/sql/Driver.html" title="interface in java.sql">Driver</a> driver)
                           throws <a href="../../java/sql/SQLException.html" title="class in java.sql">SQLException</a></pre><div class="block">Registers the given driver with the <code>DriverManager</code>. A newly-loaded driver class should call the method <code>registerDriver</code> to make itself known to the <code>DriverManager</code>. <span class="diff-html-added">If</span> <span class="diff-html-added">the</span> <span class="diff-html-added">driver</span> <span class="diff-html-added">had</span> <span class="diff-html-added">previously</span> <span class="diff-html-added">been</span> <span class="diff-html-added">registered,</span> <span class="diff-html-added">no</span> <span class="diff-html-added">action</span> <span class="diff-html-added">is</span> <span class="diff-html-added">taken.</span>                                 </div><dl> <dt> <span class="strong">Parameters:</span>   </dt><dd> <code>driver</code> - the new JDBC Driver that is to be registered with the <code>DriverManager</code>              </dd> <dt> <span class="strong">Throws:</span>   </dt><dd> <code><a href="../../java/sql/SQLException.html" title="class in java.sql">SQLException</a></code> - if a database access error occurs        </dd><dd> <code><span class="diff-html-added">java.lang.NullPointerException</span></code> <span class="diff-html-added">-</span> <span class="diff-html-added">if</span> <code><span class="diff-html-added">driver</span></code> <span class="diff-html-added">is</span> <span class="diff-html-added">null</span>      </dd>  </dl></li></ul> <a end_ctx_id="method:registerDriver(java.sql.Driver)"/>  </td></tr><tr valign="top"><td bgcolor="#CCCCCC" colspan="1"> <a start_ctx_id="method:registerDriver(java.sql.Driver)"/><a name="registerDriver(java.sql.Driver)"/><ul class="blockList"><li class="blockList"><h4>registerDriver</h4><pre>public static void registerDriver(<a href="../../java/sql/Driver.html" title="interface in java.sql">Driver</a> driver)
                           throws <a href="../../java/sql/SQLException.html" title="class in java.sql">SQLException</a></pre><div class="block">Registers the given driver with the <code>DriverManager</code>. A newly-loaded driver class should call the method <code>registerDriver</code> to make itself known to the <code>DriverManager</code>.                      </div><dl> <dt> <span class="strong">Parameters:</span>   </dt><dd> <code>driver</code> - the new JDBC Driver that is to be registered with the <code>DriverManager</code>              </dd> <dt> <span class="strong">Throws:</span>   </dt><dd> <code><a href="../../java/sql/SQLException.html" title="class in java.sql">SQLException</a></code> - if a database access error occurs        </dd>  </dl></li></ul> <a end_ctx_id="method:registerDriver(java.sql.Driver)"/>  </td><td bgcolor="#FFFFFF" colspan="1"> <a start_ctx_id="method:registerDriver(java.sql.Driver)"/><a name="registerDriver(java.sql.Driver)"/><ul class="blockList"><li class="blockList"><h4>registerDriver</h4><pre>public static void registerDriver(<a href="../../java/sql/Driver.html" title="interface in java.sql">Driver</a> driver)
                           throws <a href="../../java/sql/SQLException.html" title="class in java.sql">SQLException</a></pre><div class="block">Registers the given driver with the <code>DriverManager</code>. A newly-loaded driver class should call the method <code>registerDriver</code> to make itself known to the <code>DriverManager</code>. If the driver had previously been registered, no action is taken.                                 </div><dl> <dt> <span class="strong">Parameters:</span>   </dt><dd> <code>driver</code> - the new JDBC Driver that is to be registered with the <code>DriverManager</code>              </dd> <dt> <span class="strong">Throws:</span>   </dt><dd> <code><a href="../../java/sql/SQLException.html" title="class in java.sql">SQLException</a></code> - if a database access error occurs        </dd><dd> <code>java.lang.NullPointerException</code> - if <code>driver</code> is null      </dd>  </dl></li></ul> <a end_ctx_id="method:registerDriver(java.sql.Driver)"/>  </td></tr></table></td></tr></table><table border="0" cellpadding="1" cellspacing="0" width="100%"><tr><td><h3 class="ctxid">method:deregisterDriver(java.sql.Driver) [CHANGED]</h3></td></tr><tr><td><table border="0" cellpadding="5" cellspacing="1" bgcolor="black" width="100%"><tr valign="top"><td bgcolor="#EEEEEE" colspan="2"> <a start_ctx_id="method:deregisterDriver(java.sql.Driver)"/><a name="deregisterDriver(java.sql.Driver)"/><ul class="blockList"><li class="blockList"><h4>deregisterDriver</h4><pre>public static void deregisterDriver(<a href="../../java/sql/Driver.html" title="interface in java.sql">Driver</a> driver)
                             throws <a href="../../java/sql/SQLException.html" title="class in java.sql">SQLException</a></pre><div class="block"><span class="diff-html-removed">Drops</span> <span class="diff-html-removed">a</span><span class="diff-html-added">Removes</span> <span class="diff-html-added">the</span> <span class="diff-html-added">specified</span> driver from the <code>DriverManager</code>'s <span class="diff-html-added">list</span> <span class="diff-html-added">of</span> <span class="diff-html-added">registered</span> <span class="diff-html-added">drivers.</span><p> <span class="diff-html-added">If</span> <span class="diff-html-added">a</span> <code><span class="diff-html-added">null</span></code> <span class="diff-html-added">value</span> <span class="diff-html-added">is</span> <span class="diff-html-added">specified</span> <span class="diff-html-added">for</span> <span class="diff-html-added">the</span> <span class="diff-html-added">driver</span> <span class="diff-html-added">to</span> <span class="diff-html-added">be</span> <span class="diff-html-added">removed,</span> <span class="diff-html-added">then</span> <span class="diff-html-added">no</span> <span class="diff-html-added">action</span> <span class="diff-html-added">is</span> <span class="diff-html-added">taken.</span>                 </p><p> <span class="diff-html-added">If</span> <span class="diff-html-added">a</span> <span class="diff-html-added">security</span> <span class="diff-html-added">manager</span> <span class="diff-html-added">exists</span> <span class="diff-html-added">and</span> <span class="diff-html-added">its</span> <code><span class="diff-html-added">checkPermission</span></code> <span class="diff-html-added">denies</span> <span class="diff-html-added">permission,</span> <span class="diff-html-added">then</span> <span class="diff-html-added">a</span> <code><span class="diff-html-added">SecurityException</span></code> <span class="diff-html-added">will</span> <span class="diff-html-added">be</span> <span class="diff-html-added">thrown.</span>                </p><p> <span class="diff-html-added">If</span> <span class="diff-html-added">the</span> <span class="diff-html-added">specified</span> <span class="diff-html-added">driver</span> <span class="diff-html-added">is</span> <span class="diff-html-added">not</span> <span class="diff-html-added">found</span> <span class="diff-html-added">in</span> <span class="diff-html-added">the</span> <span class="diff-html-added">list</span> <span class="diff-html-added">of</span> <span class="diff-html-added">registered</span> <span class="diff-html-added">drivers,</span> <span class="diff-html-added">then</span> <span class="diff-html-added">no</span> <span class="diff-html-added">action</span> <span class="diff-html-added">is</span> <span class="diff-html-added">taken.</span> <span class="diff-html-added">If</span> <span class="diff-html-added">the</span> <span class="diff-html-added">driver</span> <span class="diff-html-added">was</span> <span class="diff-html-added">found,</span> <span class="diff-html-added">it</span> <span class="diff-html-added">will</span> <span class="diff-html-added">be</span> <span class="diff-html-added">removed</span> <span class="diff-html-added">from</span> <span class="diff-html-added">the</span> list <span class="diff-html-removed">.</span> <span class="diff-html-removed">Applets</span> <span class="diff-html-removed">can</span> <span class="diff-html-removed">only</span><span class="diff-html-added">of</span> <span class="diff-html-added">registered</span> <span class="diff-html-added">drivers.</span>                                    </p><p> <span class="diff-html-added">If</span> <span class="diff-html-added">a</span> <code><span class="diff-html-added">DriverAction</span></code> <span class="diff-html-added">instance</span> <span class="diff-html-added">was</span> <span class="diff-html-added">specified</span> <span class="diff-html-added">when</span> <span class="diff-html-added">the</span> <span class="diff-html-added">JDBC</span> <span class="diff-html-added">driver</span> <span class="diff-html-added">was</span> <span class="diff-html-added">registered,</span> <span class="diff-html-added">its</span> deregister <span class="diff-html-added">method</span> <span class="diff-html-added">will</span> <span class="diff-html-added">be</span> <span class="diff-html-added">called</span> <span class="diff-html-added">prior</span> <span class="diff-html-added">to</span> <span class="diff-html-added">the</span> <span class="diff-html-added">driver</span> <span class="diff-html-added">being</span> <span class="diff-html-added">removed</span> <span class="diff-html-added">from</span> <span class="diff-html-added">the</span> <span class="diff-html-added">list</span> <span class="diff-html-added">of</span> <span class="diff-html-added">registered</span> drivers <span class="diff-html-removed">from</span> <span class="diff-html-removed">their</span> <span class="diff-html-removed">own</span> <span class="diff-html-removed">classloaders</span>.                                  </p>           </div><dl> <dt> <span class="strong">Parameters:</span>   </dt><dd> <code>driver</code> - the JDBC Driver to <span class="diff-html-removed">drop</span><span class="diff-html-added">remove</span>       </dd> <dt> <span class="strong">Throws:</span>   </dt><dd> <code><a href="../../java/sql/SQLException.html" title="class in java.sql">SQLException</a></code> - if a database access error occurs        </dd><dd> <code><span class="diff-html-added">java.lang.SecurityException</span></code> <span class="diff-html-added">-</span> <span class="diff-html-added">if</span> <span class="diff-html-added">a</span> <span class="diff-html-added">security</span> <span class="diff-html-added">manager</span> <span class="diff-html-added">exists</span> <span class="diff-html-added">and</span> <span class="diff-html-added">its</span> <code><span class="diff-html-added">checkPermission</span></code> <span class="diff-html-added">method</span> <span class="diff-html-added">denies</span> <span class="diff-html-added">permission</span> <span class="diff-html-added">to</span> <span class="diff-html-added">deregister</span> <span class="diff-html-added">a</span> <span class="diff-html-added">driver.</span>                 </dd> <dt> <span class="strong"><span class="diff-html-added">See</span> <span class="diff-html-added">Also:</span> </span>   </dt><dd> <code><span class="diff-html-added">SecurityManager.checkPermission(java.security.Permission)</span></code> </dd>   </dl></li></ul> <a end_ctx_id="method:deregisterDriver(java.sql.Driver)"/>  </td></tr><tr valign="top"><td bgcolor="#CCCCCC" colspan="1"> <a start_ctx_id="method:deregisterDriver(java.sql.Driver)"/><a name="deregisterDriver(java.sql.Driver)"/><ul class="blockList"><li class="blockList"><h4>deregisterDriver</h4><pre>public static void deregisterDriver(<a href="../../java/sql/Driver.html" title="interface in java.sql">Driver</a> driver)
                             throws <a href="../../java/sql/SQLException.html" title="class in java.sql">SQLException</a></pre><div class="block">Drops a driver from the <code>DriverManager</code>'s list. Applets can only deregister drivers from their own classloaders.               </div><dl> <dt> <span class="strong">Parameters:</span>   </dt><dd> <code>driver</code> - the JDBC Driver to drop       </dd> <dt> <span class="strong">Throws:</span>   </dt><dd> <code><a href="../../java/sql/SQLException.html" title="class in java.sql">SQLException</a></code> - if a database access error occurs        </dd>  </dl></li></ul> <a end_ctx_id="method:deregisterDriver(java.sql.Driver)"/>  </td><td bgcolor="#FFFFFF" colspan="1"> <a start_ctx_id="method:deregisterDriver(java.sql.Driver)"/><a name="deregisterDriver(java.sql.Driver)"/><ul class="blockList"><li class="blockList"><h4>deregisterDriver</h4><pre>public static void deregisterDriver(<a href="../../java/sql/Driver.html" title="interface in java.sql">Driver</a> driver)
                             throws <a href="../../java/sql/SQLException.html" title="class in java.sql">SQLException</a></pre><div class="block">Removes the specified driver from the <code>DriverManager</code>'s list of registered drivers.<p> If a <code>null</code> value is specified for the driver to be removed, then no action is taken.                 </p><p> If a security manager exists and its <code>checkPermission</code> denies permission, then a <code>SecurityException</code> will be thrown.                </p><p> If the specified driver is not found in the list of registered drivers, then no action is taken. If the driver was found, it will be removed from the list of registered drivers.                                 </p><p> If a <code>DriverAction</code> instance was specified when the JDBC driver was registered, its deregister method will be called prior to the driver being removed from the list of registered drivers.                              </p>          </div><dl> <dt> <span class="strong">Parameters:</span>   </dt><dd> <code>driver</code> - the JDBC Driver to remove       </dd> <dt> <span class="strong">Throws:</span>   </dt><dd> <code><a href="../../java/sql/SQLException.html" title="class in java.sql">SQLException</a></code> - if a database access error occurs        </dd><dd> <code>java.lang.SecurityException</code> - if a security manager exists and its <code>checkPermission</code> method denies permission to deregister a driver.                 </dd> <dt> <span class="strong">See Also: </span>   </dt><dd> <code>SecurityManager.checkPermission(java.security.Permission)</code> </dd>   </dl></li></ul> <a end_ctx_id="method:deregisterDriver(java.sql.Driver)"/>  </td></tr></table></td></tr></table><table border="0" cellpadding="1" cellspacing="0" width="100%"><tr><td><h3 class="ctxid">method:getDrivers() [NONE]</h3></td></tr><tr><td><table border="0" cellpadding="5" cellspacing="1" bgcolor="black" width="100%"><tr valign="top"><td bgcolor="#FFFFFF" colspan="1"> <a start_ctx_id="method:getDrivers()"/><a name="getDrivers()"/><ul class="blockList"><li class="blockList"><h4>getDrivers</h4><pre>public static java.util.Enumeration&lt;<a href="../../java/sql/Driver.html" title="interface in java.sql">Driver</a>&gt; getDrivers()</pre><div class="block">Retrieves an Enumeration with all of the currently loaded JDBC drivers to which the current caller has access.<p> <b>Note:</b> The classname of a driver can be found using <code>d.getClass().getName()</code>           </p>                 </div><dl> <dt> <span class="strong">Returns:</span>   </dt><dd>the list of JDBC Drivers loaded by the caller's class loader          </dd> </dl></li></ul> <a end_ctx_id="method:getDrivers()"/>  </td></tr></table></td></tr></table><table border="0" cellpadding="1" cellspacing="0" width="100%"><tr><td><h3 class="ctxid">method:setLoginTimeout(int) [CHANGED]</h3></td></tr><tr><td><table border="0" cellpadding="5" cellspacing="1" bgcolor="black" width="100%"><tr valign="top"><td bgcolor="#EEEEEE" colspan="2"> <a start_ctx_id="method:setLoginTimeout(int)"/><a name="setLoginTimeout(int)"/><ul class="blockList"><li class="blockList"><h4>setLoginTimeout</h4><pre>public static void setLoginTimeout(int seconds)</pre><div class="block">Sets the maximum time in seconds that a driver will wait while attempting to connect to a database <span class="diff-html-added">once</span> <span class="diff-html-added">the</span> <span class="diff-html-added">driver</span> <span class="diff-html-added">has</span> <span class="diff-html-added">been</span> <span class="diff-html-added">identified</span>.                       </div><dl> <dt> <span class="strong">Parameters:</span>   </dt><dd> <code>seconds</code> - the login time limit in seconds; zero means there is no limit              </dd> <dt> <span class="strong">See Also: </span>   </dt><dd> <a href="../../java/sql/DriverManager.html#getLoginTimeout()"><code>getLoginTimeout()</code></a> </dd>  </dl></li></ul> <a end_ctx_id="method:setLoginTimeout(int)"/>  </td></tr><tr valign="top"><td bgcolor="#CCCCCC" colspan="1"> <a start_ctx_id="method:setLoginTimeout(int)"/><a name="setLoginTimeout(int)"/><ul class="blockList"><li class="blockList"><h4>setLoginTimeout</h4><pre>public static void setLoginTimeout(int seconds)</pre><div class="block">Sets the maximum time in seconds that a driver will wait while attempting to connect to a database.                 </div><dl> <dt> <span class="strong">Parameters:</span>   </dt><dd> <code>seconds</code> - the login time limit in seconds; zero means there is no limit              </dd> <dt> <span class="strong">See Also: </span>   </dt><dd> <a href="../../java/sql/DriverManager.html#getLoginTimeout()"><code>getLoginTimeout()</code></a> </dd>  </dl></li></ul> <a end_ctx_id="method:setLoginTimeout(int)"/>  </td><td bgcolor="#FFFFFF" colspan="1"> <a start_ctx_id="method:setLoginTimeout(int)"/><a name="setLoginTimeout(int)"/><ul class="blockList"><li class="blockList"><h4>setLoginTimeout</h4><pre>public static void setLoginTimeout(int seconds)</pre><div class="block">Sets the maximum time in seconds that a driver will wait while attempting to connect to a database once the driver has been identified.                       </div><dl> <dt> <span class="strong">Parameters:</span>   </dt><dd> <code>seconds</code> - the login time limit in seconds; zero means there is no limit              </dd> <dt> <span class="strong">See Also: </span>   </dt><dd> <a href="../../java/sql/DriverManager.html#getLoginTimeout()"><code>getLoginTimeout()</code></a> </dd>  </dl></li></ul> <a end_ctx_id="method:setLoginTimeout(int)"/>  </td></tr></table></td></tr></table><table border="0" cellpadding="1" cellspacing="0" width="100%"><tr><td><h3 class="ctxid">method:getLoginTimeout() [NONE]</h3></td></tr><tr><td><table border="0" cellpadding="5" cellspacing="1" bgcolor="black" width="100%"><tr valign="top"><td bgcolor="#FFFFFF" colspan="1"> <a start_ctx_id="method:getLoginTimeout()"/><a name="getLoginTimeout()"/><ul class="blockList"><li class="blockList"><h4>getLoginTimeout</h4><pre>public static int getLoginTimeout()</pre><div class="block">Gets the maximum time in seconds that a driver can wait when attempting to log in to a database.                  </div><dl> <dt> <span class="strong">Returns:</span>   </dt><dd>the driver login time limit in seconds      </dd> <dt> <span class="strong">See Also: </span>   </dt><dd> <a href="../../java/sql/DriverManager.html#setLoginTimeout(int)"><code>setLoginTimeout(int)</code></a> </dd>  </dl></li></ul> <a end_ctx_id="method:getLoginTimeout()"/>  </td></tr></table></td></tr></table><table border="0" cellpadding="1" cellspacing="0" width="100%"><tr><td><h3 class="ctxid">method:setLogStream(java.io.PrintStream) [CHANGED]</h3></td></tr><tr><td><table border="0" cellpadding="5" cellspacing="1" bgcolor="black" width="100%"><tr valign="top"><td bgcolor="#EEEEEE" colspan="2"> <a start_ctx_id="method:setLogStream(java.io.PrintStream)"/><a name="setLogStream(java.io.PrintStream)"/><ul class="blockList"><li class="blockList"><h4>setLogStream</h4><pre><span class="diff-html-added">@Deprecated</span>
public static void setLogStream(java.io.PrintStream out)</pre><div class="block"> <span class="strong">Deprecated.</span> <i><span class="diff-html-added">Use</span> <code><span class="diff-html-added">setLogWriter</span></code> </i> </div><div class="block">Sets the logging/tracing PrintStream that is used by the <code>DriverManager</code> and all drivers.<p> In the Java 2 SDK, Standard Edition, version 1.3 release, this method checks to see that there is an <code>SQLPermission</code> object before setting the logging stream. If a <code>SecurityManager</code> exists and its <code>checkPermission</code> method denies setting the log writer, this method throws a <code>java.lang.SecurityException</code>.                                            </p>            </div><dl> <dt> <span class="strong">Parameters:</span>   </dt><dd> <code>out</code> - the new logging/tracing PrintStream; to disable, set to <code>null</code>           </dd> <dt> <span class="strong">Throws:</span>   </dt><dd> <code>java.lang.SecurityException</code> - if a security manager exists and its <code>checkPermission</code> method denies setting the log stream                </dd> <dt> <span class="strong">See Also: </span>   </dt><dd> <code>SecurityManager.checkPermission(java.security.Permission)</code>, <a href="../../java/sql/DriverManager.html#getLogStream()"><code>getLogStream()</code></a>  </dd>   </dl></li></ul> <a end_ctx_id="method:setLogStream(java.io.PrintStream)"/>  </td></tr><tr valign="top"><td bgcolor="#CCCCCC" colspan="1"> <a start_ctx_id="method:setLogStream(java.io.PrintStream)"/><a name="setLogStream(java.io.PrintStream)"/><ul class="blockList"><li class="blockList"><h4>setLogStream</h4><pre>public static void setLogStream(java.io.PrintStream out)</pre><div class="block"> <span class="strong">Deprecated.</span> <i/> </div><div class="block">Sets the logging/tracing PrintStream that is used by the <code>DriverManager</code> and all drivers.<p> In the Java 2 SDK, Standard Edition, version 1.3 release, this method checks to see that there is an <code>SQLPermission</code> object before setting the logging stream. If a <code>SecurityManager</code> exists and its <code>checkPermission</code> method denies setting the log writer, this method throws a <code>java.lang.SecurityException</code>.                                            </p>            </div><dl> <dt> <span class="strong">Parameters:</span>   </dt><dd> <code>out</code> - the new logging/tracing PrintStream; to disable, set to <code>null</code>           </dd> <dt> <span class="strong">Throws:</span>   </dt><dd> <code>java.lang.SecurityException</code> - if a security manager exists and its <code>checkPermission</code> method denies setting the log stream                </dd> <dt> <span class="strong">See Also: </span>   </dt><dd> <code>SecurityManager.checkPermission(java.security.Permission)</code>, <a href="../../java/sql/DriverManager.html#getLogStream()"><code>getLogStream()</code></a>  </dd>   </dl></li></ul> <a end_ctx_id="method:setLogStream(java.io.PrintStream)"/>  </td><td bgcolor="#FFFFFF" colspan="1"> <a start_ctx_id="method:setLogStream(java.io.PrintStream)"/><a name="setLogStream(java.io.PrintStream)"/><ul class="blockList"><li class="blockList"><h4>setLogStream</h4><pre>@Deprecated
public static void setLogStream(java.io.PrintStream out)</pre><div class="block"> <span class="strong">Deprecated.</span> <i>Use <code>setLogWriter</code> </i> </div><div class="block">Sets the logging/tracing PrintStream that is used by the <code>DriverManager</code> and all drivers.<p> In the Java 2 SDK, Standard Edition, version 1.3 release, this method checks to see that there is an <code>SQLPermission</code> object before setting the logging stream. If a <code>SecurityManager</code> exists and its <code>checkPermission</code> method denies setting the log writer, this method throws a <code>java.lang.SecurityException</code>.                                            </p>            </div><dl> <dt> <span class="strong">Parameters:</span>   </dt><dd> <code>out</code> - the new logging/tracing PrintStream; to disable, set to <code>null</code>           </dd> <dt> <span class="strong">Throws:</span>   </dt><dd> <code>java.lang.SecurityException</code> - if a security manager exists and its <code>checkPermission</code> method denies setting the log stream                </dd> <dt> <span class="strong">See Also: </span>   </dt><dd> <code>SecurityManager.checkPermission(java.security.Permission)</code>, <a href="../../java/sql/DriverManager.html#getLogStream()"><code>getLogStream()</code></a>  </dd>   </dl></li></ul> <a end_ctx_id="method:setLogStream(java.io.PrintStream)"/>  </td></tr></table></td></tr></table><table border="0" cellpadding="1" cellspacing="0" width="100%"><tr><td><h3 class="ctxid">method:getLogStream() [CHANGED]</h3></td></tr><tr><td><table border="0" cellpadding="5" cellspacing="1" bgcolor="black" width="100%"><tr valign="top"><td bgcolor="#EEEEEE" colspan="2"> <a start_ctx_id="method:getLogStream()"/><a name="getLogStream()"/><ul class="blockList"><li class="blockList"><h4>getLogStream</h4><pre><span class="diff-html-added">@Deprecated</span>
public static java.io.PrintStream getLogStream()</pre><div class="block"> <span class="strong">Deprecated.</span> <i><span class="diff-html-added">Use</span> <code><span class="diff-html-added">getLogWriter</span></code> </i> </div><div class="block">Retrieves the logging/tracing PrintStream that is used by the <code>DriverManager</code> and all drivers.            </div><dl> <dt> <span class="strong">Returns:</span>   </dt><dd>the logging/tracing PrintStream; if disabled, is <code>null</code>      </dd> <dt> <span class="strong">See Also: </span>   </dt><dd> <a href="../../java/sql/DriverManager.html#setLogStream(java.io.PrintStream)"><code>setLogStream(java.io.PrintStream)</code></a> </dd>  </dl></li></ul> <a end_ctx_id="method:getLogStream()"/>  </td></tr><tr valign="top"><td bgcolor="#CCCCCC" colspan="1"> <a start_ctx_id="method:getLogStream()"/><a name="getLogStream()"/><ul class="blockList"><li class="blockList"><h4>getLogStream</h4><pre>public static java.io.PrintStream getLogStream()</pre><div class="block"> <span class="strong">Deprecated.</span> <i/> </div><div class="block">Retrieves the logging/tracing PrintStream that is used by the <code>DriverManager</code> and all drivers.            </div><dl> <dt> <span class="strong">Returns:</span>   </dt><dd>the logging/tracing PrintStream; if disabled, is <code>null</code>      </dd> <dt> <span class="strong">See Also: </span>   </dt><dd> <a href="../../java/sql/DriverManager.html#setLogStream(java.io.PrintStream)"><code>setLogStream(java.io.PrintStream)</code></a> </dd>  </dl></li></ul> <a end_ctx_id="method:getLogStream()"/>  </td><td bgcolor="#FFFFFF" colspan="1"> <a start_ctx_id="method:getLogStream()"/><a name="getLogStream()"/><ul class="blockList"><li class="blockList"><h4>getLogStream</h4><pre>@Deprecated
public static java.io.PrintStream getLogStream()</pre><div class="block"> <span class="strong">Deprecated.</span> <i>Use <code>getLogWriter</code> </i> </div><div class="block">Retrieves the logging/tracing PrintStream that is used by the <code>DriverManager</code> and all drivers.            </div><dl> <dt> <span class="strong">Returns:</span>   </dt><dd>the logging/tracing PrintStream; if disabled, is <code>null</code>      </dd> <dt> <span class="strong">See Also: </span>   </dt><dd> <a href="../../java/sql/DriverManager.html#setLogStream(java.io.PrintStream)"><code>setLogStream(java.io.PrintStream)</code></a> </dd>  </dl></li></ul> <a end_ctx_id="method:getLogStream()"/>  </td></tr></table></td></tr></table><table border="0" cellpadding="1" cellspacing="0" width="100%"><tr><td><h3 class="ctxid">method:println(java.lang.String) [NONE]</h3></td></tr><tr><td><table border="0" cellpadding="5" cellspacing="1" bgcolor="black" width="100%"><tr valign="top"><td bgcolor="#FFFFFF" colspan="1"> <a start_ctx_id="method:println(java.lang.String)"/><a name="println(java.lang.String)"/><ul class="blockListLast"><li class="blockList"><h4>println</h4><pre>public static void println(java.lang.String message)</pre><div class="block">Prints a message to the current JDBC log stream.        </div><dl> <dt> <span class="strong">Parameters:</span>   </dt><dd> <code>message</code> - a log or tracing message       </dd> </dl></li></ul> <a end_ctx_id="method:println(java.lang.String)"/>  </td></tr></table></td></tr></table><table border="0" cellpadding="1" cellspacing="0" width="100%"><tr><td><h3 class="ctxid">method:registerDriver(java.sql.Driver, java.sql.DriverAction) [ADDED]</h3></td></tr><tr><td><table border="0" cellpadding="5" cellspacing="1" bgcolor="black" width="100%"><tr valign="top"><td bgcolor="#FFFFFF" colspan="1"> <a start_ctx_id="method:registerDriver(java.sql.Driver, java.sql.DriverAction)"><span class="diff-html-added"/></a><a name="registerDriver(java.sql.Driver, java.sql.DriverAction)"/><ul class="blockList"><li class="blockList"><h4><span class="diff-html-added">registerDriver</span></h4><pre><span class="diff-html-added">public</span> <span class="diff-html-added">static void registerDriver(</span><a href="../../java/sql/Driver.html" title="interface in java.sql"><span class="diff-html-added">Driver</span></a><span class="diff-html-added"> driver,</span>
                                  <a href="../../java/sql/DriverAction.html" title="interface in java.sql"><span class="diff-html-added">DriverAction</span></a><span class="diff-html-added"> da)</span>
                           <span class="diff-html-added">throws</span> <a href="../../java/sql/SQLException.html" title="class in java.sql"><span class="diff-html-added">SQLException</span></a></pre><div class="block"><span class="diff-html-added">Registers</span> <span class="diff-html-added">the</span> <span class="diff-html-added">given</span> <span class="diff-html-added">driver</span> <span class="diff-html-added">with</span> <span class="diff-html-added">the</span> <code><span class="diff-html-added">DriverManager</span></code><span class="diff-html-added">.</span> <span class="diff-html-added">A</span> <span class="diff-html-added">newly-loaded</span> <span class="diff-html-added">driver</span> <span class="diff-html-added">class</span> <span class="diff-html-added">should</span> <span class="diff-html-added">call</span> <span class="diff-html-added">the</span> <span class="diff-html-added">method</span> <code><span class="diff-html-added">registerDriver</span></code> <span class="diff-html-added">to</span> <span class="diff-html-added">make</span> <span class="diff-html-added">itself</span> <span class="diff-html-added">known</span> <span class="diff-html-added">to</span> <span class="diff-html-added">the</span> <code><span class="diff-html-added">DriverManager</span></code><span class="diff-html-added">.</span> <span class="diff-html-added">If</span> <span class="diff-html-added">the</span> <span class="diff-html-added">driver</span> <span class="diff-html-added">had</span> <span class="diff-html-added">previously</span> <span class="diff-html-added">been</span> <span class="diff-html-added">registered,</span> <span class="diff-html-added">no</span> <span class="diff-html-added">action</span> <span class="diff-html-added">is</span> <span class="diff-html-added">taken.</span>                                 </div><dl> <dt> <span class="strong"><span class="diff-html-added">Parameters:</span></span>   </dt><dd> <code><span class="diff-html-added">driver</span></code> <span class="diff-html-added">-</span> <span class="diff-html-added">the</span> <span class="diff-html-added">new</span> <span class="diff-html-added">JDBC</span> <span class="diff-html-added">Driver</span> <span class="diff-html-added">that</span> <span class="diff-html-added">is</span> <span class="diff-html-added">to</span> <span class="diff-html-added">be</span> <span class="diff-html-added">registered</span> <span class="diff-html-added">with</span> <span class="diff-html-added">the</span> <code><span class="diff-html-added">DriverManager</span></code>              </dd><dd> <code><span class="diff-html-added">da</span></code> <span class="diff-html-added">-</span> <span class="diff-html-added">the</span> <code><span class="diff-html-added">DriverAction</span></code> <span class="diff-html-added">implementation</span> <span class="diff-html-added">to</span> <span class="diff-html-added">be</span> <span class="diff-html-added">used</span> <span class="diff-html-added">when</span> <code><span class="diff-html-added">DriverManager#deregisterDriver</span></code> <span class="diff-html-added">is</span> <span class="diff-html-added">called</span>            </dd> <dt> <span class="strong"><span class="diff-html-added">Throws:</span></span>   </dt><dd> <code><a href="../../java/sql/SQLException.html" title="class in java.sql"><span class="diff-html-added">SQLException</span></a></code> <span class="diff-html-added">-</span> <span class="diff-html-added">if</span> <span class="diff-html-added">a</span> <span class="diff-html-added">database</span> <span class="diff-html-added">access</span> <span class="diff-html-added">error</span> <span class="diff-html-added">occurs</span>        </dd><dd> <code><span class="diff-html-added">java.lang.NullPointerException</span></code> <span class="diff-html-added">-</span> <span class="diff-html-added">if</span> <code><span class="diff-html-added">driver</span></code> <span class="diff-html-added">is</span> <span class="diff-html-added">null</span>      </dd>  </dl></li></ul> <a end_ctx_id="method:registerDriver(java.sql.Driver, java.sql.DriverAction)"><span class="diff-html-added"/></a>  </td></tr></table></td></tr></table></diff></diffreport>