<?xml version="1.0" encoding="UTF-8"?><diffreport><diff><div class="header"><div class="subTitle">java.sql</div><h2 title="Enum JDBCType" class="title">Enum JDBCType </h2></div><div class="contentContainer"><ul class="inheritance"><li>java.lang.Object</li><li><ul class="inheritance"><li>java.lang.Enum&lt;<a href="../../java/sql/JDBCType.html" title="enum in java.sql">JDBCType</a>&gt;</li><li><ul class="inheritance"><li>java.sql.JDBCType</li></ul></li></ul></li></ul><div class="description"> <a start_ctx_id="class:JDBCType"/><ul class="blockList"><li class="blockList"><dl> <dt>All Implemented Interfaces:  </dt><dd>java.io.Serializable, java.lang.Comparable&lt;<a href="../../java/sql/JDBCType.html" title="enum in java.sql">JDBCType</a>&gt;, <a href="../../java/sql/SQLType.html" title="interface in java.sql">SQLType</a>  </dd> </dl> <hr/> <br/><pre>public enum <span class="strong">JDBCType</span>
extends java.lang.Enum&lt;<a href="../../java/sql/JDBCType.html" title="enum in java.sql">JDBCType</a>&gt;
implements <a href="../../java/sql/SQLType.html" title="interface in java.sql">SQLType</a></pre><div class="block"><p>Defines the constants that are used to identify generic SQL types, called JDBC types.             </p><p/></div><dl> <dt> <span class="strong">Since:</span>   </dt><dd>1.8</dd> <dt> <span class="strong">See Also: </span>   </dt><dd> <a href="../../java/sql/SQLType.html" title="interface in java.sql"><code>SQLType</code></a> </dd>  </dl>  </li></ul> </div><div class="summary"> <a end_ctx_id="class:JDBCType"/><ul class="blockList"><li class="blockList"><ul class="blockList"><li class="blockList"> <a name="enum_constant_summary"/><h3>Enum Constant Summary  </h3><table class="overviewSummary" border="0" cellpadding="3" cellspacing="0" summary="Enum Constant Summary table, listing enum constants, and an explanation"> <caption> <span>Enum Constants </span><span class="tabEnd"> </span>   </caption><tbody><tr><th class="colOne" scope="col">Enum Constant and Description   </th></tr><tr class="altColor"><td class="colOne"><code><strong><a href="../../java/sql/JDBCType.html#ARRAY">ARRAY</a></strong></code><div class="block">Identifies the generic SQL type <code>ARRAY</code>.     </div></td></tr><tr class="rowColor"><td class="colOne"><code><strong><a href="../../java/sql/JDBCType.html#BIGINT">BIGINT</a></strong></code><div class="block">Identifies the generic SQL type <code>BIGINT</code>.     </div></td></tr><tr class="altColor"><td class="colOne"><code><strong><a href="../../java/sql/JDBCType.html#BINARY">BINARY</a></strong></code><div class="block">Identifies the generic SQL type <code>BINARY</code>.     </div></td></tr><tr class="rowColor"><td class="colOne"><code><strong><a href="../../java/sql/JDBCType.html#BIT">BIT</a></strong></code><div class="block">Identifies the generic SQL type <code>BIT</code>.     </div></td></tr><tr class="altColor"><td class="colOne"><code><strong><a href="../../java/sql/JDBCType.html#BLOB">BLOB</a></strong></code><div class="block">Identifies the generic SQL type <code>BLOB</code>.     </div></td></tr><tr class="rowColor"><td class="colOne"><code><strong><a href="../../java/sql/JDBCType.html#BOOLEAN">BOOLEAN</a></strong></code><div class="block">Identifies the generic SQL type <code>BOOLEAN</code>.     </div></td></tr><tr class="altColor"><td class="colOne"><code><strong><a href="../../java/sql/JDBCType.html#CHAR">CHAR</a></strong></code><div class="block">Identifies the generic SQL type <code>CHAR</code>.     </div></td></tr><tr class="rowColor"><td class="colOne"><code><strong><a href="../../java/sql/JDBCType.html#CLOB">CLOB</a></strong></code><div class="block">Identifies the generic SQL type <code>CLOB</code>.     </div></td></tr><tr class="altColor"><td class="colOne"><code><strong><a href="../../java/sql/JDBCType.html#DATALINK">DATALINK</a></strong></code><div class="block">Identifies the generic SQL type <code>DATALINK</code>.     </div></td></tr><tr class="rowColor"><td class="colOne"><code><strong><a href="../../java/sql/JDBCType.html#DATE">DATE</a></strong></code><div class="block">Identifies the generic SQL type <code>DATE</code>.     </div></td></tr><tr class="altColor"><td class="colOne"><code><strong><a href="../../java/sql/JDBCType.html#DECIMAL">DECIMAL</a></strong></code><div class="block">Identifies the generic SQL type <code>DECIMAL</code>.     </div></td></tr><tr class="rowColor"><td class="colOne"><code><strong><a href="../../java/sql/JDBCType.html#DISTINCT">DISTINCT</a></strong></code><div class="block">Identifies the generic SQL type <code>DISTINCT</code>.     </div></td></tr><tr class="altColor"><td class="colOne"><code><strong><a href="../../java/sql/JDBCType.html#DOUBLE">DOUBLE</a></strong></code><div class="block">Identifies the generic SQL type <code>DOUBLE</code>.     </div></td></tr><tr class="rowColor"><td class="colOne"><code><strong><a href="../../java/sql/JDBCType.html#FLOAT">FLOAT</a></strong></code><div class="block">Identifies the generic SQL type <code>FLOAT</code>.     </div></td></tr><tr class="altColor"><td class="colOne"><code><strong><a href="../../java/sql/JDBCType.html#INTEGER">INTEGER</a></strong></code><div class="block">Identifies the generic SQL type <code>INTEGER</code>.     </div></td></tr><tr class="rowColor"><td class="colOne"><code><strong><a href="../../java/sql/JDBCType.html#JAVA_OBJECT">JAVA_OBJECT</a></strong></code><div class="block">Indicates that the SQL type is database-specific and gets mapped to a Java object that can be accessed via the methods getObject and setObject.                       </div></td></tr><tr class="altColor"><td class="colOne"><code><strong><a href="../../java/sql/JDBCType.html#LONGNVARCHAR">LONGNVARCHAR</a></strong></code><div class="block">Identifies the generic SQL type <code>LONGNVARCHAR</code>.     </div></td></tr><tr class="rowColor"><td class="colOne"><code><strong><a href="../../java/sql/JDBCType.html#LONGVARBINARY">LONGVARBINARY</a></strong></code><div class="block">Identifies the generic SQL type <code>LONGVARBINARY</code>.     </div></td></tr><tr class="altColor"><td class="colOne"><code><strong><a href="../../java/sql/JDBCType.html#LONGVARCHAR">LONGVARCHAR</a></strong></code><div class="block">Identifies the generic SQL type <code>LONGVARCHAR</code>.     </div></td></tr><tr class="rowColor"><td class="colOne"><code><strong><a href="../../java/sql/JDBCType.html#NCHAR">NCHAR</a></strong></code><div class="block">Identifies the generic SQL type <code>NCHAR</code>.     </div></td></tr><tr class="altColor"><td class="colOne"><code><strong><a href="../../java/sql/JDBCType.html#NCLOB">NCLOB</a></strong></code><div class="block">Identifies the generic SQL type <code>NCLOB</code>.     </div></td></tr><tr class="rowColor"><td class="colOne"><code><strong><a href="../../java/sql/JDBCType.html#NULL">NULL</a></strong></code><div class="block">Identifies the generic SQL value <code>NULL</code>.     </div></td></tr><tr class="altColor"><td class="colOne"><code><strong><a href="../../java/sql/JDBCType.html#NUMERIC">NUMERIC</a></strong></code><div class="block">Identifies the generic SQL type <code>NUMERIC</code>.     </div></td></tr><tr class="rowColor"><td class="colOne"><code><strong><a href="../../java/sql/JDBCType.html#NVARCHAR">NVARCHAR</a></strong></code><div class="block">Identifies the generic SQL type <code>NVARCHAR</code>.     </div></td></tr><tr class="altColor"><td class="colOne"><code><strong><a href="../../java/sql/JDBCType.html#OTHER">OTHER</a></strong></code><div class="block">Indicates that the SQL type is database-specific and gets mapped to a Java object that can be accessed via the methods getObject and setObject.                       </div></td></tr><tr class="rowColor"><td class="colOne"><code><strong><a href="../../java/sql/JDBCType.html#REAL">REAL</a></strong></code><div class="block">Identifies the generic SQL type <code>REAL</code>.     </div></td></tr><tr class="altColor"><td class="colOne"><code><strong><a href="../../java/sql/JDBCType.html#REF">REF</a></strong></code><div class="block">Identifies the generic SQL type <code>REF</code>.     </div></td></tr><tr class="rowColor"><td class="colOne"><code><strong><a href="../../java/sql/JDBCType.html#REF_CURSOR">REF_CURSOR</a></strong></code><div class="block">Identifies the generic SQL type <code>REF_CURSOR</code>.     </div></td></tr><tr class="altColor"><td class="colOne"><code><strong><a href="../../java/sql/JDBCType.html#ROWID">ROWID</a></strong></code><div class="block">Identifies the SQL type <code>ROWID</code>.    </div></td></tr><tr class="rowColor"><td class="colOne"><code><strong><a href="../../java/sql/JDBCType.html#SMALLINT">SMALLINT</a></strong></code><div class="block">Identifies the generic SQL type <code>SMALLINT</code>.     </div></td></tr><tr class="altColor"><td class="colOne"><code><strong><a href="../../java/sql/JDBCType.html#SQLXML">SQLXML</a></strong></code><div class="block">Identifies the generic SQL type <code>SQLXML</code>.     </div></td></tr><tr class="rowColor"><td class="colOne"><code><strong><a href="../../java/sql/JDBCType.html#STRUCT">STRUCT</a></strong></code><div class="block">Identifies the generic SQL type <code>STRUCT</code>.     </div></td></tr><tr class="altColor"><td class="colOne"><code><strong><a href="../../java/sql/JDBCType.html#TIME">TIME</a></strong></code><div class="block">Identifies the generic SQL type <code>TIME</code>.     </div></td></tr><tr class="rowColor"><td class="colOne"><code><strong><a href="../../java/sql/JDBCType.html#TIME_WITH_TIMEZONE">TIME_WITH_TIMEZONE</a></strong></code><div class="block">Identifies the generic SQL type <code>TIME_WITH_TIMEZONE</code>.     </div></td></tr><tr class="altColor"><td class="colOne"><code><strong><a href="../../java/sql/JDBCType.html#TIMESTAMP">TIMESTAMP</a></strong></code><div class="block">Identifies the generic SQL type <code>TIMESTAMP</code>.     </div></td></tr><tr class="rowColor"><td class="colOne"><code><strong><a href="../../java/sql/JDBCType.html#TIMESTAMP_WITH_TIMEZONE">TIMESTAMP_WITH_TIMEZONE</a></strong></code><div class="block">Identifies the generic SQL type <code>TIMESTAMP_WITH_TIMEZONE</code>.     </div></td></tr><tr class="altColor"><td class="colOne"><code><strong><a href="../../java/sql/JDBCType.html#TINYINT">TINYINT</a></strong></code><div class="block">Identifies the generic SQL type <code>TINYINT</code>.     </div></td></tr><tr class="rowColor"><td class="colOne"><code><strong><a href="../../java/sql/JDBCType.html#VARBINARY">VARBINARY</a></strong></code><div class="block">Identifies the generic SQL type <code>VARBINARY</code>.     </div></td></tr><tr class="altColor"><td class="colOne"><code><strong><a href="../../java/sql/JDBCType.html#VARCHAR">VARCHAR</a></strong></code><div class="block">Identifies the generic SQL type <code>VARCHAR</code>.     </div></td></tr></tbody> </table> </li></ul><ul class="blockList"><li class="blockList"> <a name="method_summary"/><h3>Method Summary </h3><table class="overviewSummary" border="0" cellpadding="3" cellspacing="0" summary="Method Summary table, listing methods, and an explanation"> <caption> <span id="t0" class="activeTableTab"><span>All Methods </span><span class="tabEnd"> </span></span><span id="t1" class="tableTab"><span><a>Static Methods </a></span><span class="tabEnd"> </span></span><span id="t2" class="tableTab"><span><a>Instance Methods </a></span><span class="tabEnd"> </span></span><span id="t4" class="tableTab"><span><a>Concrete Methods </a></span><span class="tabEnd"> </span></span>   </caption><tbody><tr><th class="colFirst" scope="col">Modifier and Type  </th><th class="colLast" scope="col">Method and Description  </th></tr><tr id="i0" class="altColor"><td class="colFirst"><code>java.lang.String</code></td><td class="colLast"><code><strong><a href="../../java/sql/JDBCType.html#getName()">getName</a></strong>()</code><div class="block">Returns the name of the data type.      </div></td></tr><tr id="i1" class="rowColor"><td class="colFirst"><code>java.lang.String</code></td><td class="colLast"><code><strong><a href="../../java/sql/JDBCType.html#getVendor()">getVendor</a></strong>()</code><div class="block">Returns the name of the vendor that supports this data type.          </div></td></tr><tr id="i2" class="altColor"><td class="colFirst"><code>java.lang.Integer</code></td><td class="colLast"><code><strong><a href="../../java/sql/JDBCType.html#getVendorTypeNumber()">getVendorTypeNumber</a></strong>()</code><div class="block">Returns the vendor specific type number for the data type.         </div></td></tr><tr id="i3" class="rowColor"><td class="colFirst"><code>static <a href="../../java/sql/JDBCType.html" title="enum in java.sql">JDBCType</a> </code></td><td class="colLast"><code><strong><a href="../../java/sql/JDBCType.html#valueOf(int)">valueOf</a></strong>(int type)</code><div class="block">Returns the <code>JDBCType</code> that corresponds to the specified <code>Types</code> value         </div></td></tr><tr id="i4" class="altColor"><td class="colFirst"><code>static <a href="../../java/sql/JDBCType.html" title="enum in java.sql">JDBCType</a> </code></td><td class="colLast"><code><strong><a href="../../java/sql/JDBCType.html#valueOf(java.lang.String)">valueOf</a></strong>(java.lang.String name)</code><div class="block">Returns the enum constant of this type with the specified name.          </div></td></tr><tr id="i5" class="rowColor"><td class="colFirst"><code>static <a href="../../java/sql/JDBCType.html" title="enum in java.sql">JDBCType</a>[] </code></td><td class="colLast"><code><strong><a href="../../java/sql/JDBCType.html#values()">values</a></strong>()</code><div class="block">Returns an array containing the constants of this enum type, in the order they are declared.               </div></td></tr></tbody> </table><ul class="blockList"><li class="blockList"> <a name="methods_inherited_from_class_java.lang.Enum"/><h3>Methods inherited from class java.lang.Enum   </h3> <code>clone, compareTo, equals, finalize, getDeclaringClass, hashCode, name, ordinal, toString, valueOf         </code>  </li></ul><ul class="blockList"><li class="blockList"> <a name="methods_inherited_from_class_java.lang.Object"/><h3>Methods inherited from class java.lang.Object   </h3> <code>getClass, notify, notifyAll, wait, wait, wait     </code>  </li></ul> </li></ul></li></ul> </div><div class="details"><ul class="blockList"><li class="blockList"><ul class="blockList"><li class="blockList"> <a name="enum_constant_detail"/><h3>Enum Constant Detail  </h3> <a start_ctx_id="field:BIT"/><a name="BIT"/><ul class="blockList"><li class="blockList"><h4>BIT</h4><pre>public static final <a href="../../java/sql/JDBCType.html" title="enum in java.sql">JDBCType</a> BIT</pre><div class="block">Identifies the generic SQL type <code>BIT</code>.     </div></li></ul> <a end_ctx_id="field:BIT"/> <hr/> <a start_ctx_id="field:TINYINT"/><a name="TINYINT"/><ul class="blockList"><li class="blockList"><h4>TINYINT</h4><pre>public static final <a href="../../java/sql/JDBCType.html" title="enum in java.sql">JDBCType</a> TINYINT</pre><div class="block">Identifies the generic SQL type <code>TINYINT</code>.     </div></li></ul> <a end_ctx_id="field:TINYINT"/> <hr/> <a start_ctx_id="field:SMALLINT"/><a name="SMALLINT"/><ul class="blockList"><li class="blockList"><h4>SMALLINT</h4><pre>public static final <a href="../../java/sql/JDBCType.html" title="enum in java.sql">JDBCType</a> SMALLINT</pre><div class="block">Identifies the generic SQL type <code>SMALLINT</code>.     </div></li></ul> <a end_ctx_id="field:SMALLINT"/> <hr/> <a start_ctx_id="field:INTEGER"/><a name="INTEGER"/><ul class="blockList"><li class="blockList"><h4>INTEGER</h4><pre>public static final <a href="../../java/sql/JDBCType.html" title="enum in java.sql">JDBCType</a> INTEGER</pre><div class="block">Identifies the generic SQL type <code>INTEGER</code>.     </div></li></ul> <a end_ctx_id="field:INTEGER"/> <hr/> <a start_ctx_id="field:BIGINT"/><a name="BIGINT"/><ul class="blockList"><li class="blockList"><h4>BIGINT</h4><pre>public static final <a href="../../java/sql/JDBCType.html" title="enum in java.sql">JDBCType</a> BIGINT</pre><div class="block">Identifies the generic SQL type <code>BIGINT</code>.     </div></li></ul> <a end_ctx_id="field:BIGINT"/> <hr/> <a start_ctx_id="field:FLOAT"/><a name="FLOAT"/><ul class="blockList"><li class="blockList"><h4>FLOAT</h4><pre>public static final <a href="../../java/sql/JDBCType.html" title="enum in java.sql">JDBCType</a> FLOAT</pre><div class="block">Identifies the generic SQL type <code>FLOAT</code>.     </div></li></ul> <a end_ctx_id="field:FLOAT"/> <hr/> <a start_ctx_id="field:REAL"/><a name="REAL"/><ul class="blockList"><li class="blockList"><h4>REAL</h4><pre>public static final <a href="../../java/sql/JDBCType.html" title="enum in java.sql">JDBCType</a> REAL</pre><div class="block">Identifies the generic SQL type <code>REAL</code>.     </div></li></ul> <a end_ctx_id="field:REAL"/> <hr/> <a start_ctx_id="field:DOUBLE"/><a name="DOUBLE"/><ul class="blockList"><li class="blockList"><h4>DOUBLE</h4><pre>public static final <a href="../../java/sql/JDBCType.html" title="enum in java.sql">JDBCType</a> DOUBLE</pre><div class="block">Identifies the generic SQL type <code>DOUBLE</code>.     </div></li></ul> <a end_ctx_id="field:DOUBLE"/> <hr/> <a start_ctx_id="field:NUMERIC"/><a name="NUMERIC"/><ul class="blockList"><li class="blockList"><h4>NUMERIC</h4><pre>public static final <a href="../../java/sql/JDBCType.html" title="enum in java.sql">JDBCType</a> NUMERIC</pre><div class="block">Identifies the generic SQL type <code>NUMERIC</code>.     </div></li></ul> <a end_ctx_id="field:NUMERIC"/> <hr/> <a start_ctx_id="field:DECIMAL"/><a name="DECIMAL"/><ul class="blockList"><li class="blockList"><h4>DECIMAL</h4><pre>public static final <a href="../../java/sql/JDBCType.html" title="enum in java.sql">JDBCType</a> DECIMAL</pre><div class="block">Identifies the generic SQL type <code>DECIMAL</code>.     </div></li></ul> <a end_ctx_id="field:DECIMAL"/> <hr/> <a start_ctx_id="field:CHAR"/><a name="CHAR"/><ul class="blockList"><li class="blockList"><h4>CHAR</h4><pre>public static final <a href="../../java/sql/JDBCType.html" title="enum in java.sql">JDBCType</a> CHAR</pre><div class="block">Identifies the generic SQL type <code>CHAR</code>.     </div></li></ul> <a end_ctx_id="field:CHAR"/> <hr/> <a start_ctx_id="field:VARCHAR"/><a name="VARCHAR"/><ul class="blockList"><li class="blockList"><h4>VARCHAR</h4><pre>public static final <a href="../../java/sql/JDBCType.html" title="enum in java.sql">JDBCType</a> VARCHAR</pre><div class="block">Identifies the generic SQL type <code>VARCHAR</code>.     </div></li></ul> <a end_ctx_id="field:VARCHAR"/> <hr/> <a start_ctx_id="field:LONGVARCHAR"/><a name="LONGVARCHAR"/><ul class="blockList"><li class="blockList"><h4>LONGVARCHAR</h4><pre>public static final <a href="../../java/sql/JDBCType.html" title="enum in java.sql">JDBCType</a> LONGVARCHAR</pre><div class="block">Identifies the generic SQL type <code>LONGVARCHAR</code>.     </div></li></ul> <a end_ctx_id="field:LONGVARCHAR"/> <hr/> <a start_ctx_id="field:DATE"/><a name="DATE"/><ul class="blockList"><li class="blockList"><h4>DATE</h4><pre>public static final <a href="../../java/sql/JDBCType.html" title="enum in java.sql">JDBCType</a> DATE</pre><div class="block">Identifies the generic SQL type <code>DATE</code>.     </div></li></ul> <a end_ctx_id="field:DATE"/> <hr/> <a start_ctx_id="field:TIME"/><a name="TIME"/><ul class="blockList"><li class="blockList"><h4>TIME</h4><pre>public static final <a href="../../java/sql/JDBCType.html" title="enum in java.sql">JDBCType</a> TIME</pre><div class="block">Identifies the generic SQL type <code>TIME</code>.     </div></li></ul> <a end_ctx_id="field:TIME"/> <hr/> <a start_ctx_id="field:TIMESTAMP"/><a name="TIMESTAMP"/><ul class="blockList"><li class="blockList"><h4>TIMESTAMP</h4><pre>public static final <a href="../../java/sql/JDBCType.html" title="enum in java.sql">JDBCType</a> TIMESTAMP</pre><div class="block">Identifies the generic SQL type <code>TIMESTAMP</code>.     </div></li></ul> <a end_ctx_id="field:TIMESTAMP"/> <hr/> <a start_ctx_id="field:BINARY"/><a name="BINARY"/><ul class="blockList"><li class="blockList"><h4>BINARY</h4><pre>public static final <a href="../../java/sql/JDBCType.html" title="enum in java.sql">JDBCType</a> BINARY</pre><div class="block">Identifies the generic SQL type <code>BINARY</code>.     </div></li></ul> <a end_ctx_id="field:BINARY"/> <hr/> <a start_ctx_id="field:VARBINARY"/><a name="VARBINARY"/><ul class="blockList"><li class="blockList"><h4>VARBINARY</h4><pre>public static final <a href="../../java/sql/JDBCType.html" title="enum in java.sql">JDBCType</a> VARBINARY</pre><div class="block">Identifies the generic SQL type <code>VARBINARY</code>.     </div></li></ul> <a end_ctx_id="field:VARBINARY"/> <hr/> <a start_ctx_id="field:LONGVARBINARY"/><a name="LONGVARBINARY"/><ul class="blockList"><li class="blockList"><h4>LONGVARBINARY</h4><pre>public static final <a href="../../java/sql/JDBCType.html" title="enum in java.sql">JDBCType</a> LONGVARBINARY</pre><div class="block">Identifies the generic SQL type <code>LONGVARBINARY</code>.     </div></li></ul> <a end_ctx_id="field:LONGVARBINARY"/> <hr/> <a start_ctx_id="field:NULL"/><a name="NULL"/><ul class="blockList"><li class="blockList"><h4>NULL</h4><pre>public static final <a href="../../java/sql/JDBCType.html" title="enum in java.sql">JDBCType</a> NULL</pre><div class="block">Identifies the generic SQL value <code>NULL</code>.     </div></li></ul> <a end_ctx_id="field:NULL"/> <hr/> <a start_ctx_id="field:OTHER"/><a name="OTHER"/><ul class="blockList"><li class="blockList"><h4>OTHER</h4><pre>public static final <a href="../../java/sql/JDBCType.html" title="enum in java.sql">JDBCType</a> OTHER</pre><div class="block">Indicates that the SQL type is database-specific and gets mapped to a Java object that can be accessed via the methods getObject and setObject.                       </div></li></ul> <a end_ctx_id="field:OTHER"/> <hr/> <a start_ctx_id="field:JAVA_OBJECT"/><a name="JAVA_OBJECT"/><ul class="blockList"><li class="blockList"><h4>JAVA_OBJECT</h4><pre>public static final <a href="../../java/sql/JDBCType.html" title="enum in java.sql">JDBCType</a> JAVA_OBJECT</pre><div class="block">Indicates that the SQL type is database-specific and gets mapped to a Java object that can be accessed via the methods getObject and setObject.                       </div></li></ul> <a end_ctx_id="field:JAVA_OBJECT"/> <hr/> <a start_ctx_id="field:DISTINCT"/><a name="DISTINCT"/><ul class="blockList"><li class="blockList"><h4>DISTINCT</h4><pre>public static final <a href="../../java/sql/JDBCType.html" title="enum in java.sql">JDBCType</a> DISTINCT</pre><div class="block">Identifies the generic SQL type <code>DISTINCT</code>.     </div></li></ul> <a end_ctx_id="field:DISTINCT"/> <hr/> <a start_ctx_id="field:STRUCT"/><a name="STRUCT"/><ul class="blockList"><li class="blockList"><h4>STRUCT</h4><pre>public static final <a href="../../java/sql/JDBCType.html" title="enum in java.sql">JDBCType</a> STRUCT</pre><div class="block">Identifies the generic SQL type <code>STRUCT</code>.     </div></li></ul> <a end_ctx_id="field:STRUCT"/> <hr/> <a start_ctx_id="field:ARRAY"/><a name="ARRAY"/><ul class="blockList"><li class="blockList"><h4>ARRAY</h4><pre>public static final <a href="../../java/sql/JDBCType.html" title="enum in java.sql">JDBCType</a> ARRAY</pre><div class="block">Identifies the generic SQL type <code>ARRAY</code>.     </div></li></ul> <a end_ctx_id="field:ARRAY"/> <hr/> <a start_ctx_id="field:BLOB"/><a name="BLOB"/><ul class="blockList"><li class="blockList"><h4>BLOB</h4><pre>public static final <a href="../../java/sql/JDBCType.html" title="enum in java.sql">JDBCType</a> BLOB</pre><div class="block">Identifies the generic SQL type <code>BLOB</code>.     </div></li></ul> <a end_ctx_id="field:BLOB"/> <hr/> <a start_ctx_id="field:CLOB"/><a name="CLOB"/><ul class="blockList"><li class="blockList"><h4>CLOB</h4><pre>public static final <a href="../../java/sql/JDBCType.html" title="enum in java.sql">JDBCType</a> CLOB</pre><div class="block">Identifies the generic SQL type <code>CLOB</code>.     </div></li></ul> <a end_ctx_id="field:CLOB"/> <hr/> <a start_ctx_id="field:REF"/><a name="REF"/><ul class="blockList"><li class="blockList"><h4>REF</h4><pre>public static final <a href="../../java/sql/JDBCType.html" title="enum in java.sql">JDBCType</a> REF</pre><div class="block">Identifies the generic SQL type <code>REF</code>.     </div></li></ul> <a end_ctx_id="field:REF"/> <hr/> <a start_ctx_id="field:DATALINK"/><a name="DATALINK"/><ul class="blockList"><li class="blockList"><h4>DATALINK</h4><pre>public static final <a href="../../java/sql/JDBCType.html" title="enum in java.sql">JDBCType</a> DATALINK</pre><div class="block">Identifies the generic SQL type <code>DATALINK</code>.     </div></li></ul> <a end_ctx_id="field:DATALINK"/> <hr/> <a start_ctx_id="field:BOOLEAN"/><a name="BOOLEAN"/><ul class="blockList"><li class="blockList"><h4>BOOLEAN</h4><pre>public static final <a href="../../java/sql/JDBCType.html" title="enum in java.sql">JDBCType</a> BOOLEAN</pre><div class="block">Identifies the generic SQL type <code>BOOLEAN</code>.     </div></li></ul> <a end_ctx_id="field:BOOLEAN"/> <hr/> <a start_ctx_id="field:ROWID"/><a name="ROWID"/><ul class="blockList"><li class="blockList"><h4>ROWID</h4><pre>public static final <a href="../../java/sql/JDBCType.html" title="enum in java.sql">JDBCType</a> ROWID</pre><div class="block">Identifies the SQL type <code>ROWID</code>.    </div></li></ul> <a end_ctx_id="field:ROWID"/> <hr/> <a start_ctx_id="field:NCHAR"/><a name="NCHAR"/><ul class="blockList"><li class="blockList"><h4>NCHAR</h4><pre>public static final <a href="../../java/sql/JDBCType.html" title="enum in java.sql">JDBCType</a> NCHAR</pre><div class="block">Identifies the generic SQL type <code>NCHAR</code>.     </div></li></ul> <a end_ctx_id="field:NCHAR"/> <hr/> <a start_ctx_id="field:NVARCHAR"/><a name="NVARCHAR"/><ul class="blockList"><li class="blockList"><h4>NVARCHAR</h4><pre>public static final <a href="../../java/sql/JDBCType.html" title="enum in java.sql">JDBCType</a> NVARCHAR</pre><div class="block">Identifies the generic SQL type <code>NVARCHAR</code>.     </div></li></ul> <a end_ctx_id="field:NVARCHAR"/> <hr/> <a start_ctx_id="field:LONGNVARCHAR"/><a name="LONGNVARCHAR"/><ul class="blockList"><li class="blockList"><h4>LONGNVARCHAR</h4><pre>public static final <a href="../../java/sql/JDBCType.html" title="enum in java.sql">JDBCType</a> LONGNVARCHAR</pre><div class="block">Identifies the generic SQL type <code>LONGNVARCHAR</code>.     </div></li></ul> <a end_ctx_id="field:LONGNVARCHAR"/> <hr/> <a start_ctx_id="field:NCLOB"/><a name="NCLOB"/><ul class="blockList"><li class="blockList"><h4>NCLOB</h4><pre>public static final <a href="../../java/sql/JDBCType.html" title="enum in java.sql">JDBCType</a> NCLOB</pre><div class="block">Identifies the generic SQL type <code>NCLOB</code>.     </div></li></ul> <a end_ctx_id="field:NCLOB"/> <hr/> <a start_ctx_id="field:SQLXML"/><a name="SQLXML"/><ul class="blockList"><li class="blockList"><h4>SQLXML</h4><pre>public static final <a href="../../java/sql/JDBCType.html" title="enum in java.sql">JDBCType</a> SQLXML</pre><div class="block">Identifies the generic SQL type <code>SQLXML</code>.     </div></li></ul> <a end_ctx_id="field:SQLXML"/> <hr/> <a start_ctx_id="field:REF_CURSOR"/><a name="REF_CURSOR"/><ul class="blockList"><li class="blockList"><h4>REF_CURSOR</h4><pre>public static final <a href="../../java/sql/JDBCType.html" title="enum in java.sql">JDBCType</a> REF_CURSOR</pre><div class="block">Identifies the generic SQL type <code>REF_CURSOR</code>.     </div></li></ul> <a end_ctx_id="field:REF_CURSOR"/> <hr/> <a start_ctx_id="field:TIME_WITH_TIMEZONE"/><a name="TIME_WITH_TIMEZONE"/><ul class="blockList"><li class="blockList"><h4>TIME_WITH_TIMEZONE</h4><pre>public static final <a href="../../java/sql/JDBCType.html" title="enum in java.sql">JDBCType</a> TIME_WITH_TIMEZONE</pre><div class="block">Identifies the generic SQL type <code>TIME_WITH_TIMEZONE</code>.     </div></li></ul> <a end_ctx_id="field:TIME_WITH_TIMEZONE"/> <hr/> <a start_ctx_id="field:TIMESTAMP_WITH_TIMEZONE"/><a name="TIMESTAMP_WITH_TIMEZONE"/><ul class="blockListLast"><li class="blockList"><h4>TIMESTAMP_WITH_TIMEZONE</h4><pre>public static final <a href="../../java/sql/JDBCType.html" title="enum in java.sql">JDBCType</a> TIMESTAMP_WITH_TIMEZONE</pre><div class="block">Identifies the generic SQL type <code>TIMESTAMP_WITH_TIMEZONE</code>.     </div></li></ul>                                                                                                                    </li></ul> <a end_ctx_id="field:TIMESTAMP_WITH_TIMEZONE"/> <hr/><ul class="blockList"><li class="blockList"> <a name="method_detail"/><h3>Method Detail </h3> <a start_ctx_id="method:values()"/><a name="values()"/><ul class="blockList"><li class="blockList"><h4>values</h4><pre>public static <a href="../../java/sql/JDBCType.html" title="enum in java.sql">JDBCType</a>[] values()</pre><div class="block">Returns an array containing the constants of this enum type, in the order they are declared. This method may be used to iterate over the constants as follows:<pre>
for (JDBCType c : JDBCType.values())
    System.out.println(c);
</pre>                           </div><dl> <dt> <span class="strong">Returns:</span>   </dt><dd>an array containing the constants of this enum type, in the order they are declared              </dd> </dl></li></ul> <a end_ctx_id="method:values()"/> <hr/> <a start_ctx_id="method:valueOf(java.lang.String)"/><a name="valueOf(java.lang.String)"/><ul class="blockList"><li class="blockList"><h4>valueOf</h4><pre>public static <a href="../../java/sql/JDBCType.html" title="enum in java.sql">JDBCType</a> valueOf(java.lang.String name)</pre><div class="block">Returns the enum constant of this type with the specified name. The string must match <i>exactly</i> an identifier used to declare an enum constant in this type. (Extraneous whitespace characters are not permitted.)                                </div><dl> <dt> <span class="strong">Parameters:</span>   </dt><dd> <code>name</code> - the name of the enum constant to be returned.           </dd> <dt> <span class="strong">Returns:</span>   </dt><dd>the enum constant with the specified name      </dd> <dt> <span class="strong">Throws:</span>   </dt><dd> <code>java.lang.IllegalArgumentException</code> - if this enum type has no constant with the specified name             </dd><dd> <code>java.lang.NullPointerException</code> - if the argument is null       </dd>   </dl></li></ul> <a end_ctx_id="method:valueOf(java.lang.String)"/> <hr/> <a start_ctx_id="method:getName()"/><a name="getName()"/><ul class="blockList"><li class="blockList"><h4>getName</h4><pre>public java.lang.String getName()</pre><div class="block">Returns the name of the data type.      </div><dl> <dt> <strong>Specified by: </strong>   </dt><dd> <code><a href="../../java/sql/SQLType.html#getName()">getName</a></code> in interface <code><a href="../../java/sql/SQLType.html" title="interface in java.sql">SQLType</a></code>  </dd> <dt> <span class="strong">Returns:</span>   </dt><dd>The name of the data type.     </dd>  </dl></li></ul> <a end_ctx_id="method:getName()"/> <hr/> <a start_ctx_id="method:getVendor()"/><a name="getVendor()"/><ul class="blockList"><li class="blockList"><h4>getVendor</h4><pre>public java.lang.String getVendor()</pre><div class="block">Returns the name of the vendor that supports this data type.          </div><dl> <dt> <strong>Specified by: </strong>   </dt><dd> <code><a href="../../java/sql/SQLType.html#getVendor()">getVendor</a></code> in interface <code><a href="../../java/sql/SQLType.html" title="interface in java.sql">SQLType</a></code>  </dd> <dt> <span class="strong">Returns:</span>   </dt><dd>The name of the vendor for this data type which is java.sql for JDBCType.             </dd>  </dl></li></ul> <a end_ctx_id="method:getVendor()"/> <hr/> <a start_ctx_id="method:getVendorTypeNumber()"/><a name="getVendorTypeNumber()"/><ul class="blockList"><li class="blockList"><h4>getVendorTypeNumber</h4><pre>public java.lang.Integer getVendorTypeNumber()</pre><div class="block">Returns the vendor specific type number for the data type.         </div><dl> <dt> <strong>Specified by: </strong>   </dt><dd> <code><a href="../../java/sql/SQLType.html#getVendorTypeNumber()">getVendorTypeNumber</a></code> in interface <code><a href="../../java/sql/SQLType.html" title="interface in java.sql">SQLType</a></code>  </dd> <dt> <span class="strong">Returns:</span>   </dt><dd>An Integer representing the data type. For <code>JDBCType</code>, the value will be the same value as in <code>Types</code> for the data type.                     </dd>  </dl></li></ul> <a end_ctx_id="method:getVendorTypeNumber()"/> <hr/> <a start_ctx_id="method:valueOf(int)"/><a name="valueOf(int)"/><ul class="blockListLast"><li class="blockList"><h4>valueOf</h4><pre>public static <a href="../../java/sql/JDBCType.html" title="enum in java.sql">JDBCType</a> valueOf(int type)</pre><div class="block">Returns the <code>JDBCType</code> that corresponds to the specified <code>Types</code> value         </div><dl> <dt> <span class="strong">Parameters:</span>   </dt><dd> <code>type</code> - <code>Types</code> value    </dd> <dt> <span class="strong">Returns:</span>   </dt><dd>The <code>JDBCType</code> constant  </dd> <dt> <span class="strong">Throws:</span>   </dt><dd> <code>java.lang.IllegalArgumentException</code> - if this enum type has no constant with the specified <code>Types</code> value              </dd> <dt> <span class="strong">See Also: </span>   </dt><dd> <a href="../../java/sql/Types.html" title="class in java.sql"><code>Types</code></a> </dd>    </dl></li></ul>                 </li></ul>  </li></ul></div></div> <a end_ctx_id="method:valueOf(int)"/> <hr/>  </diff></diffreport>