<?xml version="1.0" encoding="UTF-8"?><diffreport><diff><table border="0" cellpadding="1" cellspacing="0" width="100%"><tr><td><h3 class="ctxid">class:NClob [CHANGED]</h3></td></tr><tr><td><table border="0" cellpadding="5" cellspacing="1" bgcolor="black" width="100%"><tr valign="top"><td bgcolor="#EEEEEE" colspan="2"><div class="description"> <a start_ctx_id="class:NClob"/><ul class="blockList"><li class="blockList"><dl> <dt>All Superinterfaces: </dt><dd> <a href="../../java/sql/Clob.html" title="interface in java.sql">Clob</a> </dd> </dl> <hr/> <br/><pre>public interface <span class="strong">NClob</span>
extends <a href="../../java/sql/Clob.html" title="interface in java.sql">Clob</a></pre><div class="block">The mapping in the <span class="diff-html-removed">Java</span><sup changeType="diff-removed-tag"><font size="-2"><span class="diff-html-removed">TM</span></font><span class="diff-html-removed"/></sup><span class="diff-html-added">Java™</span> programming language for the SQL <code>NCLOB</code> type. An SQL <code>NCLOB</code> is a built-in type that stores a Character Large Object using the National Character Set as a column value in a row of a database table.<p>The <code>NClob</code> interface extends the <code>Clob</code> interface which provides provides methods for getting the length of an SQL <code>NCLOB</code> value, for materializing a <code>NCLOB</code> value on the client, and for searching for a substring or <code>NCLOB</code> object within a <code>NCLOB</code> value. A <code>NClob</code> object, just like a <code>Clob</code> object, is valid for the duration of the transaction in which it was created. Methods in the interfaces <a href="../../java/sql/ResultSet.html" title="interface in java.sql"><code>ResultSet</code></a>, <a href="../../java/sql/CallableStatement.html" title="interface in java.sql"><code>CallableStatement</code></a>, and <a href="../../java/sql/PreparedStatement.html" title="interface in java.sql"><code>PreparedStatement</code></a>, such as <code>getNClob</code> and <code>setNClob</code> allow a programmer to access an SQL <code>NCLOB</code> value. In addition, this interface has methods for updating a <code>NCLOB</code> value.                                                                                              </p><p> All methods on the <code>NClob</code> interface must be fully implemented if the JDBC driver supports the data type.                  </p>                                        </div><dl> <dt> <span class="strong">Since:</span>   </dt><dd>1.6</dd> </dl>  </li></ul> </div> <a end_ctx_id="class:NClob"/> </td></tr><tr valign="top"><td bgcolor="#CCCCCC" colspan="1"><div class="description"> <a start_ctx_id="class:NClob"/><ul class="blockList"><li class="blockList"><dl> <dt>All Superinterfaces: </dt><dd> <a href="../../java/sql/Clob.html" title="interface in java.sql">Clob</a> </dd> </dl> <hr/> <br/><pre>public interface <span class="strong">NClob</span>
extends <a href="../../java/sql/Clob.html" title="interface in java.sql">Clob</a></pre><div class="block">The mapping in the Java<sup changeType="diff-removed-tag"><font size="-2">TM</font></sup> programming language for the SQL <code>NCLOB</code> type. An SQL <code>NCLOB</code> is a built-in type that stores a Character Large Object using the National Character Set as a column value in a row of a database table.<p>The <code>NClob</code> interface extends the <code>Clob</code> interface which provides provides methods for getting the length of an SQL <code>NCLOB</code> value, for materializing a <code>NCLOB</code> value on the client, and for searching for a substring or <code>NCLOB</code> object within a <code>NCLOB</code> value. A <code>NClob</code> object, just like a <code>Clob</code> object, is valid for the duration of the transaction in which it was created. Methods in the interfaces <a href="../../java/sql/ResultSet.html" title="interface in java.sql"><code>ResultSet</code></a>, <a href="../../java/sql/CallableStatement.html" title="interface in java.sql"><code>CallableStatement</code></a>, and <a href="../../java/sql/PreparedStatement.html" title="interface in java.sql"><code>PreparedStatement</code></a>, such as <code>getNClob</code> and <code>setNClob</code> allow a programmer to access an SQL <code>NCLOB</code> value. In addition, this interface has methods for updating a <code>NCLOB</code> value.                                                                                              </p><p> All methods on the <code>NClob</code> interface must be fully implemented if the JDBC driver supports the data type.                  </p>                                        </div><dl> <dt> <span class="strong">Since:</span>   </dt><dd>1.6</dd> </dl>  </li></ul> </div> <a end_ctx_id="class:NClob"/> </td><td bgcolor="#FFFFFF" colspan="1"><div class="description"> <a start_ctx_id="class:NClob"/><ul class="blockList"><li class="blockList"><dl> <dt>All Superinterfaces: </dt><dd> <a href="../../java/sql/Clob.html" title="interface in java.sql">Clob</a> </dd> </dl> <hr/> <br/><pre>public interface <span class="strong">NClob</span>
extends <a href="../../java/sql/Clob.html" title="interface in java.sql">Clob</a></pre><div class="block">The mapping in the Java™ programming language for the SQL <code>NCLOB</code> type. An SQL <code>NCLOB</code> is a built-in type that stores a Character Large Object using the National Character Set as a column value in a row of a database table.<p>The <code>NClob</code> interface extends the <code>Clob</code> interface which provides provides methods for getting the length of an SQL <code>NCLOB</code> value, for materializing a <code>NCLOB</code> value on the client, and for searching for a substring or <code>NCLOB</code> object within a <code>NCLOB</code> value. A <code>NClob</code> object, just like a <code>Clob</code> object, is valid for the duration of the transaction in which it was created. Methods in the interfaces <a href="../../java/sql/ResultSet.html" title="interface in java.sql"><code>ResultSet</code></a>, <a href="../../java/sql/CallableStatement.html" title="interface in java.sql"><code>CallableStatement</code></a>, and <a href="../../java/sql/PreparedStatement.html" title="interface in java.sql"><code>PreparedStatement</code></a>, such as <code>getNClob</code> and <code>setNClob</code> allow a programmer to access an SQL <code>NCLOB</code> value. In addition, this interface has methods for updating a <code>NCLOB</code> value.                                                                                              </p><p> All methods on the <code>NClob</code> interface must be fully implemented if the JDBC driver supports the data type.                  </p>                                        </div><dl> <dt> <span class="strong">Since:</span>   </dt><dd>1.6</dd> </dl>  </li></ul> </div> <a end_ctx_id="class:NClob"/> </td></tr></table></td></tr></table></diff></diffreport>