<?xml version="1.0" encoding="UTF-8" standalone="yes"?><Document><name>java/sql/NClob.spec</name><Context><name>class:NClob</name><mt>CHANGED</mt></Context><Stat><name>java/sql/NClob.spec</name><mt>CHANGED</mt><Group name="context"><Item name="ADDED" count="0"/><Item name="REMOVED" count="0"/><Item name="CHANGED" count="1"/><Item name="MODIFIED" count="1"/><Item name="TOTAL" count="1"/></Group><Group name="assertion"><Item name="ADDED" count="0"/><Item name="REMOVED" count="0"/><Item name="CHANGED" count="0"/><Item name="MODIFIED" count="0"/><Item name="TOTAL" count="0"/></Group></Stat></Document>