<?xml version="1.0" encoding="UTF-8" standalone="yes"?><Document><name>java/sql/ResultSet.spec</name><Context><name>class:ResultSet</name><mt>CHANGED</mt></Context><Context><name>field:CLOSE_CURSORS_AT_COMMIT</name><mt>NONE</mt></Context><Context><name>field:CONCUR_READ_ONLY</name><mt>NONE</mt></Context><Context><name>field:CONCUR_UPDATABLE</name><mt>NONE</mt></Context><Context><name>field:FETCH_FORWARD</name><mt>NONE</mt></Context><Context><name>field:FETCH_REVERSE</name><mt>NONE</mt></Context><Context><name>field:FETCH_UNKNOWN</name><mt>NONE</mt></Context><Context><name>field:HOLD_CURSORS_OVER_COMMIT</name><mt>NONE</mt></Context><Context><name>field:TYPE_FORWARD_ONLY</name><mt>NONE</mt></Context><Context><name>field:TYPE_SCROLL_INSENSITIVE</name><mt>NONE</mt></Context><Context><name>field:TYPE_SCROLL_SENSITIVE</name><mt>NONE</mt></Context><Context><name>method:absolute(int)</name><mt>NONE</mt></Context><Context><name>method:afterLast()</name><mt>NONE</mt></Context><Context><name>method:beforeFirst()</name><mt>NONE</mt></Context><Context><name>method:cancelRowUpdates()</name><mt>NONE</mt></Context><Context><name>method:clearWarnings()</name><mt>NONE</mt></Context><Context><name>method:close()</name><mt>NONE</mt></Context><Context><name>method:deleteRow()</name><mt>NONE</mt></Context><Context><name>method:findColumn(java.lang.String)</name><mt>NONE</mt></Context><Context><name>method:first()</name><mt>NONE</mt></Context><Context><name>method:getArray(int)</name><mt>NONE</mt></Context><Context><name>method:getArray(java.lang.String)</name><mt>NONE</mt></Context><Context><name>method:getAsciiStream(int)</name><mt>NONE</mt></Context><Context><name>method:getAsciiStream(java.lang.String)</name><mt>NONE</mt></Context><Context><name>method:getBigDecimal(int)</name><mt>NONE</mt></Context><Context><name>method:getBigDecimal(int, int)</name><mt>CHANGED</mt></Context><Context><name>method:getBigDecimal(java.lang.String)</name><mt>NONE</mt></Context><Context><name>method:getBigDecimal(java.lang.String, int)</name><mt>CHANGED</mt></Context><Context><name>method:getBinaryStream(int)</name><mt>NONE</mt></Context><Context><name>method:getBinaryStream(java.lang.String)</name><mt>NONE</mt></Context><Context><name>method:getBlob(int)</name><mt>NONE</mt></Context><Context><name>method:getBlob(java.lang.String)</name><mt>NONE</mt></Context><Context><name>method:getBoolean(int)</name><mt>NONE</mt></Context><Context><name>method:getBoolean(java.lang.String)</name><mt>NONE</mt></Context><Context><name>method:getByte(int)</name><mt>NONE</mt></Context><Context><name>method:getByte(java.lang.String)</name><mt>NONE</mt></Context><Context><name>method:getBytes(int)</name><mt>NONE</mt></Context><Context><name>method:getBytes(java.lang.String)</name><mt>NONE</mt></Context><Context><name>method:getCharacterStream(int)</name><mt>NONE</mt></Context><Context><name>method:getCharacterStream(java.lang.String)</name><mt>NONE</mt></Context><Context><name>method:getClob(int)</name><mt>NONE</mt></Context><Context><name>method:getClob(java.lang.String)</name><mt>NONE</mt></Context><Context><name>method:getConcurrency()</name><mt>NONE</mt></Context><Context><name>method:getCursorName()</name><mt>NONE</mt></Context><Context><name>method:getDate(int)</name><mt>NONE</mt></Context><Context><name>method:getDate(int, java.util.Calendar)</name><mt>NONE</mt></Context><Context><name>method:getDate(java.lang.String)</name><mt>NONE</mt></Context><Context><name>method:getDate(java.lang.String, java.util.Calendar)</name><mt>NONE</mt></Context><Context><name>method:getDouble(int)</name><mt>NONE</mt></Context><Context><name>method:getDouble(java.lang.String)</name><mt>NONE</mt></Context><Context><name>method:getFetchDirection()</name><mt>NONE</mt></Context><Context><name>method:getFetchSize()</name><mt>NONE</mt></Context><Context><name>method:getFloat(int)</name><mt>NONE</mt></Context><Context><name>method:getFloat(java.lang.String)</name><mt>NONE</mt></Context><Context><name>method:getHoldability()</name><mt>NONE</mt></Context><Context><name>method:getInt(int)</name><mt>NONE</mt></Context><Context><name>method:getInt(java.lang.String)</name><mt>NONE</mt></Context><Context><name>method:getLong(int)</name><mt>NONE</mt></Context><Context><name>method:getLong(java.lang.String)</name><mt>NONE</mt></Context><Context><name>method:getMetaData()</name><mt>NONE</mt></Context><Context><name>method:getNCharacterStream(int)</name><mt>NONE</mt></Context><Context><name>method:getNCharacterStream(java.lang.String)</name><mt>NONE</mt></Context><Context><name>method:getNClob(int)</name><mt>NONE</mt></Context><Context><name>method:getNClob(java.lang.String)</name><mt>NONE</mt></Context><Context><name>method:getNString(int)</name><mt>NONE</mt></Context><Context><name>method:getNString(java.lang.String)</name><mt>NONE</mt></Context><Context><name>method:getObject(int)</name><mt>NONE</mt></Context><Context><name>method:getObject(int, java.lang.Class)</name><mt>CHANGED</mt></Context><Context><name>method:getObject(int, java.util.Map)</name><mt>NONE</mt></Context><Context><name>method:getObject(java.lang.String)</name><mt>NONE</mt></Context><Context><name>method:getObject(java.lang.String, java.lang.Class)</name><mt>CHANGED</mt></Context><Context><name>method:getObject(java.lang.String, java.util.Map)</name><mt>NONE</mt></Context><Context><name>method:getRef(int)</name><mt>NONE</mt></Context><Context><name>method:getRef(java.lang.String)</name><mt>NONE</mt></Context><Context><name>method:getRow()</name><mt>NONE</mt></Context><Context><name>method:getRowId(int)</name><mt>NONE</mt></Context><Context><name>method:getRowId(java.lang.String)</name><mt>NONE</mt></Context><Context><name>method:getSQLXML(int)</name><mt>NONE</mt></Context><Context><name>method:getSQLXML(java.lang.String)</name><mt>NONE</mt></Context><Context><name>method:getShort(int)</name><mt>NONE</mt></Context><Context><name>method:getShort(java.lang.String)</name><mt>NONE</mt></Context><Context><name>method:getStatement()</name><mt>NONE</mt></Context><Context><name>method:getString(int)</name><mt>NONE</mt></Context><Context><name>method:getString(java.lang.String)</name><mt>NONE</mt></Context><Context><name>method:getTime(int)</name><mt>NONE</mt></Context><Context><name>method:getTime(int, java.util.Calendar)</name><mt>NONE</mt></Context><Context><name>method:getTime(java.lang.String)</name><mt>NONE</mt></Context><Context><name>method:getTime(java.lang.String, java.util.Calendar)</name><mt>NONE</mt></Context><Context><name>method:getTimestamp(int)</name><mt>NONE</mt></Context><Context><name>method:getTimestamp(int, java.util.Calendar)</name><mt>NONE</mt></Context><Context><name>method:getTimestamp(java.lang.String)</name><mt>NONE</mt></Context><Context><name>method:getTimestamp(java.lang.String, java.util.Calendar)</name><mt>NONE</mt></Context><Context><name>method:getType()</name><mt>NONE</mt></Context><Context><name>method:getURL(int)</name><mt>NONE</mt></Context><Context><name>method:getURL(java.lang.String)</name><mt>NONE</mt></Context><Context><name>method:getUnicodeStream(int)</name><mt>CHANGED</mt></Context><Context><name>method:getUnicodeStream(java.lang.String)</name><mt>CHANGED</mt></Context><Context><name>method:getWarnings()</name><mt>NONE</mt></Context><Context><name>method:insertRow()</name><mt>NONE</mt></Context><Context><name>method:isAfterLast()</name><mt>NONE</mt></Context><Context><name>method:isBeforeFirst()</name><mt>NONE</mt></Context><Context><name>method:isClosed()</name><mt>NONE</mt></Context><Context><name>method:isFirst()</name><mt>NONE</mt></Context><Context><name>method:isLast()</name><mt>NONE</mt></Context><Context><name>method:last()</name><mt>NONE</mt></Context><Context><name>method:moveToCurrentRow()</name><mt>NONE</mt></Context><Context><name>method:moveToInsertRow()</name><mt>NONE</mt></Context><Context><name>method:next()</name><mt>CHANGED</mt></Context><Context><name>method:previous()</name><mt>NONE</mt></Context><Context><name>method:refreshRow()</name><mt>NONE</mt></Context><Context><name>method:relative(int)</name><mt>NONE</mt></Context><Context><name>method:rowDeleted()</name><mt>NONE</mt></Context><Context><name>method:rowInserted()</name><mt>NONE</mt></Context><Context><name>method:rowUpdated()</name><mt>NONE</mt></Context><Context><name>method:setFetchDirection(int)</name><mt>NONE</mt></Context><Context><name>method:setFetchSize(int)</name><mt>NONE</mt></Context><Context><name>method:updateArray(int, java.sql.Array)</name><mt>NONE</mt></Context><Context><name>method:updateArray(java.lang.String, java.sql.Array)</name><mt>NONE</mt></Context><Context><name>method:updateAsciiStream(int, java.io.InputStream)</name><mt>NONE</mt></Context><Context><name>method:updateAsciiStream(int, java.io.InputStream, int)</name><mt>NONE</mt></Context><Context><name>method:updateAsciiStream(int, java.io.InputStream, long)</name><mt>NONE</mt></Context><Context><name>method:updateAsciiStream(java.lang.String, java.io.InputStream)</name><mt>NONE</mt></Context><Context><name>method:updateAsciiStream(java.lang.String, java.io.InputStream, int)</name><mt>NONE</mt></Context><Context><name>method:updateAsciiStream(java.lang.String, java.io.InputStream, long)</name><mt>NONE</mt></Context><Context><name>method:updateBigDecimal(int, java.math.BigDecimal)</name><mt>NONE</mt></Context><Context><name>method:updateBigDecimal(java.lang.String, java.math.BigDecimal)</name><mt>NONE</mt></Context><Context><name>method:updateBinaryStream(int, java.io.InputStream)</name><mt>NONE</mt></Context><Context><name>method:updateBinaryStream(int, java.io.InputStream, int)</name><mt>NONE</mt></Context><Context><name>method:updateBinaryStream(int, java.io.InputStream, long)</name><mt>NONE</mt></Context><Context><name>method:updateBinaryStream(java.lang.String, java.io.InputStream)</name><mt>NONE</mt></Context><Context><name>method:updateBinaryStream(java.lang.String, java.io.InputStream, int)</name><mt>NONE</mt></Context><Context><name>method:updateBinaryStream(java.lang.String, java.io.InputStream, long)</name><mt>NONE</mt></Context><Context><name>method:updateBlob(int, java.io.InputStream)</name><mt>NONE</mt></Context><Context><name>method:updateBlob(int, java.io.InputStream, long)</name><mt>NONE</mt></Context><Context><name>method:updateBlob(int, java.sql.Blob)</name><mt>NONE</mt></Context><Context><name>method:updateBlob(java.lang.String, java.io.InputStream)</name><mt>NONE</mt></Context><Context><name>method:updateBlob(java.lang.String, java.io.InputStream, long)</name><mt>NONE</mt></Context><Context><name>method:updateBlob(java.lang.String, java.sql.Blob)</name><mt>NONE</mt></Context><Context><name>method:updateBoolean(int, boolean)</name><mt>NONE</mt></Context><Context><name>method:updateBoolean(java.lang.String, boolean)</name><mt>NONE</mt></Context><Context><name>method:updateByte(int, byte)</name><mt>NONE</mt></Context><Context><name>method:updateByte(java.lang.String, byte)</name><mt>NONE</mt></Context><Context><name>method:updateBytes(int, byte[])</name><mt>NONE</mt></Context><Context><name>method:updateBytes(java.lang.String, byte[])</name><mt>NONE</mt></Context><Context><name>method:updateCharacterStream(int, java.io.Reader)</name><mt>NONE</mt></Context><Context><name>method:updateCharacterStream(int, java.io.Reader, int)</name><mt>NONE</mt></Context><Context><name>method:updateCharacterStream(int, java.io.Reader, long)</name><mt>NONE</mt></Context><Context><name>method:updateCharacterStream(java.lang.String, java.io.Reader)</name><mt>NONE</mt></Context><Context><name>method:updateCharacterStream(java.lang.String, java.io.Reader, int)</name><mt>NONE</mt></Context><Context><name>method:updateCharacterStream(java.lang.String, java.io.Reader, long)</name><mt>NONE</mt></Context><Context><name>method:updateClob(int, java.io.Reader)</name><mt>NONE</mt></Context><Context><name>method:updateClob(int, java.io.Reader, long)</name><mt>NONE</mt></Context><Context><name>method:updateClob(int, java.sql.Clob)</name><mt>NONE</mt></Context><Context><name>method:updateClob(java.lang.String, java.io.Reader)</name><mt>NONE</mt></Context><Context><name>method:updateClob(java.lang.String, java.io.Reader, long)</name><mt>NONE</mt></Context><Context><name>method:updateClob(java.lang.String, java.sql.Clob)</name><mt>NONE</mt></Context><Context><name>method:updateDate(int, java.sql.Date)</name><mt>NONE</mt></Context><Context><name>method:updateDate(java.lang.String, java.sql.Date)</name><mt>NONE</mt></Context><Context><name>method:updateDouble(int, double)</name><mt>NONE</mt></Context><Context><name>method:updateDouble(java.lang.String, double)</name><mt>NONE</mt></Context><Context><name>method:updateFloat(int, float)</name><mt>NONE</mt></Context><Context><name>method:updateFloat(java.lang.String, float)</name><mt>NONE</mt></Context><Context><name>method:updateInt(int, int)</name><mt>NONE</mt></Context><Context><name>method:updateInt(java.lang.String, int)</name><mt>NONE</mt></Context><Context><name>method:updateLong(int, long)</name><mt>NONE</mt></Context><Context><name>method:updateLong(java.lang.String, long)</name><mt>NONE</mt></Context><Context><name>method:updateNCharacterStream(int, java.io.Reader)</name><mt>NONE</mt></Context><Context><name>method:updateNCharacterStream(int, java.io.Reader, long)</name><mt>NONE</mt></Context><Context><name>method:updateNCharacterStream(java.lang.String, java.io.Reader)</name><mt>NONE</mt></Context><Context><name>method:updateNCharacterStream(java.lang.String, java.io.Reader, long)</name><mt>NONE</mt></Context><Context><name>method:updateNClob(int, java.io.Reader)</name><mt>NONE</mt></Context><Context><name>method:updateNClob(int, java.io.Reader, long)</name><mt>NONE</mt></Context><Context><name>method:updateNClob(int, java.sql.NClob)</name><mt>NONE</mt></Context><Context><name>method:updateNClob(java.lang.String, java.io.Reader)</name><mt>NONE</mt></Context><Context><name>method:updateNClob(java.lang.String, java.io.Reader, long)</name><mt>NONE</mt></Context><Context><name>method:updateNClob(java.lang.String, java.sql.NClob)</name><mt>NONE</mt></Context><Context><name>method:updateNString(int, java.lang.String)</name><mt>NONE</mt></Context><Context><name>method:updateNString(java.lang.String, java.lang.String)</name><mt>NONE</mt></Context><Context><name>method:updateNull(int)</name><mt>NONE</mt></Context><Context><name>method:updateNull(java.lang.String)</name><mt>NONE</mt></Context><Context><name>method:updateObject(int, java.lang.Object)</name><mt>NONE</mt></Context><Context><name>method:updateObject(int, java.lang.Object, int)</name><mt>NONE</mt></Context><Context><name>method:updateObject(int, java.lang.Object, java.sql.SQLType)</name><mt>ADDED</mt></Context><Context><name>method:updateObject(int, java.lang.Object, java.sql.SQLType, int)</name><mt>ADDED</mt></Context><Context><name>method:updateObject(java.lang.String, java.lang.Object)</name><mt>NONE</mt></Context><Context><name>method:updateObject(java.lang.String, java.lang.Object, int)</name><mt>NONE</mt></Context><Context><name>method:updateObject(java.lang.String, java.lang.Object, java.sql.SQLType)</name><mt>ADDED</mt></Context><Context><name>method:updateObject(java.lang.String, java.lang.Object, java.sql.SQLType, int)</name><mt>ADDED</mt></Context><Context><name>method:updateRef(int, java.sql.Ref)</name><mt>NONE</mt></Context><Context><name>method:updateRef(java.lang.String, java.sql.Ref)</name><mt>NONE</mt></Context><Context><name>method:updateRow()</name><mt>NONE</mt></Context><Context><name>method:updateRowId(int, java.sql.RowId)</name><mt>NONE</mt></Context><Context><name>method:updateRowId(java.lang.String, java.sql.RowId)</name><mt>NONE</mt></Context><Context><name>method:updateSQLXML(int, java.sql.SQLXML)</name><mt>NONE</mt></Context><Context><name>method:updateSQLXML(java.lang.String, java.sql.SQLXML)</name><mt>NONE</mt></Context><Context><name>method:updateShort(int, short)</name><mt>NONE</mt></Context><Context><name>method:updateShort(java.lang.String, short)</name><mt>NONE</mt></Context><Context><name>method:updateString(int, java.lang.String)</name><mt>NONE</mt></Context><Context><name>method:updateString(java.lang.String, java.lang.String)</name><mt>NONE</mt></Context><Context><name>method:updateTime(int, java.sql.Time)</name><mt>NONE</mt></Context><Context><name>method:updateTime(java.lang.String, java.sql.Time)</name><mt>NONE</mt></Context><Context><name>method:updateTimestamp(int, java.sql.Timestamp)</name><mt>NONE</mt></Context><Context><name>method:updateTimestamp(java.lang.String, java.sql.Timestamp)</name><mt>NONE</mt></Context><Context><name>method:wasNull()</name><mt>NONE</mt></Context><Stat><name>java/sql/ResultSet.spec</name><mt>CHANGED</mt><Group name="context"><Item name="ADDED" count="4"/><Item name="REMOVED" count="0"/><Item name="CHANGED" count="8"/><Item name="MODIFIED" count="12"/><Item name="TOTAL" count="204"/></Group><Group name="assertion"><Item name="ADDED" count="0"/><Item name="REMOVED" count="0"/><Item name="CHANGED" count="0"/><Item name="MODIFIED" count="0"/><Item name="TOTAL" count="0"/></Group></Stat></Document>