<?xml version="1.0" encoding="UTF-8" standalone="yes"?><Document><name>java/sql/Savepoint.spec</name><Context><name>class:Savepoint</name><mt>NONE</mt></Context><Context><name>method:getSavepointId()</name><mt>NONE</mt></Context><Context><name>method:getSavepointName()</name><mt>NONE</mt></Context><Stat><name>java/sql/Savepoint.spec</name><mt>NONE</mt><Group name="context"><Item name="ADDED" count="0"/><Item name="REMOVED" count="0"/><Item name="CHANGED" count="0"/><Item name="MODIFIED" count="0"/><Item name="TOTAL" count="3"/></Group><Group name="assertion"><Item name="ADDED" count="0"/><Item name="REMOVED" count="0"/><Item name="CHANGED" count="0"/><Item name="MODIFIED" count="0"/><Item name="TOTAL" count="0"/></Group></Stat></Document>