<?xml version="1.0" encoding="UTF-8"?><diffreport><diff><table border="0" cellpadding="1" cellspacing="0" width="100%"><tr><td><h3 class="ctxid">class:SQLException [NONE]</h3></td></tr><tr><td><table border="0" cellpadding="5" cellspacing="1" bgcolor="black" width="100%"><tr valign="top"><td bgcolor="#FFFFFF" colspan="1"><div class="description"> <a start_ctx_id="class:SQLException"/><ul class="blockList"><li class="blockList"><dl> <dt>All Implemented Interfaces:  </dt><dd>java.io.Serializable, java.lang.Iterable&lt;java.lang.Throwable&gt; </dd> </dl><dl> <dt>Direct Known Subclasses:  </dt><dd> <a href="../../java/sql/BatchUpdateException.html" title="class in java.sql">BatchUpdateException</a>, <a href="../../java/sql/SQLClientInfoException.html" title="class in java.sql">SQLClientInfoException</a>, <a href="../../java/sql/SQLNonTransientException.html" title="class in java.sql">SQLNonTransientException</a>, <a href="../../java/sql/SQLRecoverableException.html" title="class in java.sql">SQLRecoverableException</a>, <a href="../../java/sql/SQLTransientException.html" title="class in java.sql">SQLTransientException</a>, <a href="../../java/sql/SQLWarning.html" title="class in java.sql">SQLWarning</a>      </dd> </dl> <hr/> <br/><pre>public class <span class="strong">SQLException</span>
extends java.lang.Exception
implements java.lang.Iterable&lt;java.lang.Throwable&gt;</pre><div class="block"><p>An exception that provides information on a database access error or other errors.            </p><p>Each <code>SQLException</code> provides several kinds of information:<ul><li> a string describing the error. This is used as the Java Exception message, available via the method <code>getMesasge</code>.                  </li><li> a "SQLstate" string, which follows either the XOPEN SQLstate conventions or the SQL:2003 conventions. The values of the SQLState string are described in the appropriate spec. The <code>DatabaseMetaData</code> method <code>getSQLStateType</code> can be used to discover whether the driver returns the XOPEN type or the SQL:2003 type.                                              </li><li> an integer error code that is specific to each vendor. Normally this will be the actual error code returned by the underlying database.                       </li><li> a chain to a next Exception. This can be used to provide additional error information.               </li><li> the causal relationship, if any for this <code>SQLException</code>.        </li></ul>      </p></div><dl> <dt> <span class="strong">See Also: </span>   </dt><dd> <a href="../../serialized-form.html#java.sql.SQLException">Serialized Form </a> </dd> </dl>  </li></ul> </div> <a end_ctx_id="class:SQLException"/> </td></tr></table></td></tr></table><table border="0" cellpadding="1" cellspacing="0" width="100%"><tr><td><h3 class="ctxid">constructor:SQLException(java.lang.String, java.lang.String, int) [NONE]</h3></td></tr><tr><td><table border="0" cellpadding="5" cellspacing="1" bgcolor="black" width="100%"><tr valign="top"><td bgcolor="#FFFFFF" colspan="1"> <a start_ctx_id="constructor:SQLException(java.lang.String, java.lang.String, int)"/><a name="SQLException(java.lang.String, java.lang.String, int)"/><ul class="blockList"><li class="blockList"><h4>SQLException</h4><pre>public SQLException(java.lang.String reason,
                    java.lang.String SQLState,
                    int vendorCode)</pre><div class="block">Constructs a <code>SQLException</code> object with a given <code>reason</code>, <code>SQLState</code> and <code>vendorCode</code>. The <code>cause</code> is not initialized, and may subsequently be initialized by a call to the <code>Throwable.initCause(java.lang.Throwable)</code> method.<p/>                           </div><dl> <dt> <span class="strong">Parameters:</span>   </dt><dd> <code>reason</code> - a description of the exception       </dd><dd> <code>SQLState</code> - an XOPEN or SQL:2003 code identifying the exception          </dd><dd> <code>vendorCode</code> - a database vendor-specific exception code       </dd> </dl></li></ul> <a end_ctx_id="constructor:SQLException(java.lang.String, java.lang.String, int)"/>  </td></tr></table></td></tr></table><table border="0" cellpadding="1" cellspacing="0" width="100%"><tr><td><h3 class="ctxid">constructor:SQLException(java.lang.String, java.lang.String) [NONE]</h3></td></tr><tr><td><table border="0" cellpadding="5" cellspacing="1" bgcolor="black" width="100%"><tr valign="top"><td bgcolor="#FFFFFF" colspan="1"> <a start_ctx_id="constructor:SQLException(java.lang.String, java.lang.String)"/><a name="SQLException(java.lang.String, java.lang.String)"/><ul class="blockList"><li class="blockList"><h4>SQLException</h4><pre>public SQLException(java.lang.String reason,
                    java.lang.String SQLState)</pre><div class="block">Constructs a <code>SQLException</code> object with a given <code>reason</code> and <code>SQLState</code>. The <code>cause</code> is not initialized, and may subsequently be initialized by a call to the <code>Throwable.initCause(java.lang.Throwable)</code> method. The vendor code is initialized to 0.<p/>                                 </div><dl> <dt> <span class="strong">Parameters:</span>   </dt><dd> <code>reason</code> - a description of the exception       </dd><dd> <code>SQLState</code> - an XOPEN or SQL:2003 code identifying the exception          </dd> </dl></li></ul> <a end_ctx_id="constructor:SQLException(java.lang.String, java.lang.String)"/>  </td></tr></table></td></tr></table><table border="0" cellpadding="1" cellspacing="0" width="100%"><tr><td><h3 class="ctxid">constructor:SQLException(java.lang.String) [NONE]</h3></td></tr><tr><td><table border="0" cellpadding="5" cellspacing="1" bgcolor="black" width="100%"><tr valign="top"><td bgcolor="#FFFFFF" colspan="1"> <a start_ctx_id="constructor:SQLException(java.lang.String)"/><a name="SQLException(java.lang.String)"/><ul class="blockList"><li class="blockList"><h4>SQLException</h4><pre>public SQLException(java.lang.String reason)</pre><div class="block">Constructs a <code>SQLException</code> object with a given <code>reason</code>. The <code>SQLState</code> is initialized to <code>null</code> and the vender code is initialized to 0. The <code>cause</code> is not initialized, and may subsequently be initialized by a call to the <code>Throwable.initCause(java.lang.Throwable)</code> method.<p/>                                      </div><dl> <dt> <span class="strong">Parameters:</span>   </dt><dd> <code>reason</code> - a description of the exception       </dd> </dl></li></ul> <a end_ctx_id="constructor:SQLException(java.lang.String)"/>  </td></tr></table></td></tr></table><table border="0" cellpadding="1" cellspacing="0" width="100%"><tr><td><h3 class="ctxid">constructor:SQLException() [NONE]</h3></td></tr><tr><td><table border="0" cellpadding="5" cellspacing="1" bgcolor="black" width="100%"><tr valign="top"><td bgcolor="#FFFFFF" colspan="1"> <a start_ctx_id="constructor:SQLException()"/><a name="SQLException()"/><ul class="blockList"><li class="blockList"><h4>SQLException</h4><pre>public SQLException()</pre><div class="block">Constructs a <code>SQLException</code> object. The <code>reason</code>, <code>SQLState</code> are initialized to <code>null</code> and the vendor code is initialized to 0. The <code>cause</code> is not initialized, and may subsequently be initialized by a call to the <code>Throwable.initCause(java.lang.Throwable)</code> method.<p/>                                   </div></li></ul> <a end_ctx_id="constructor:SQLException()"/>  </td></tr></table></td></tr></table><table border="0" cellpadding="1" cellspacing="0" width="100%"><tr><td><h3 class="ctxid">constructor:SQLException(java.lang.Throwable) [NONE]</h3></td></tr><tr><td><table border="0" cellpadding="5" cellspacing="1" bgcolor="black" width="100%"><tr valign="top"><td bgcolor="#FFFFFF" colspan="1"> <a start_ctx_id="constructor:SQLException(java.lang.Throwable)"/><a name="SQLException(java.lang.Throwable)"/><ul class="blockList"><li class="blockList"><h4>SQLException</h4><pre>public SQLException(java.lang.Throwable cause)</pre><div class="block">Constructs a <code>SQLException</code> object with a given <code>cause</code>. The <code>SQLState</code> is initialized to <code>null</code> and the vendor code is initialized to 0. The <code>reason</code> is initialized to <code>null</code> if <code>cause==null</code> or to <code>cause.toString()</code> if <code>cause!=null</code>.<p/>                                  </div><dl> <dt> <span class="strong">Parameters:</span>   </dt><dd> <code>cause</code> - the underlying reason for this <code>SQLException</code> (which is saved for later retrieval by the <code>getCause()</code> method); may be null indicating the cause is non-existent or unknown.                            </dd> <dt> <span class="strong">Since:</span>   </dt><dd>1.6</dd>  </dl></li></ul> <a end_ctx_id="constructor:SQLException(java.lang.Throwable)"/>  </td></tr></table></td></tr></table><table border="0" cellpadding="1" cellspacing="0" width="100%"><tr><td><h3 class="ctxid">constructor:SQLException(java.lang.String, java.lang.Throwable) [NONE]</h3></td></tr><tr><td><table border="0" cellpadding="5" cellspacing="1" bgcolor="black" width="100%"><tr valign="top"><td bgcolor="#FFFFFF" colspan="1"> <a start_ctx_id="constructor:SQLException(java.lang.String, java.lang.Throwable)"/><a name="SQLException(java.lang.String, java.lang.Throwable)"/><ul class="blockList"><li class="blockList"><h4>SQLException</h4><pre>public SQLException(java.lang.String reason,
                    java.lang.Throwable cause)</pre><div class="block">Constructs a <code>SQLException</code> object with a given <code>reason</code> and <code>cause</code>. The <code>SQLState</code> is initialized to <code>null</code> and the vendor code is initialized to 0.<p/>                       </div><dl> <dt> <span class="strong">Parameters:</span>   </dt><dd> <code>reason</code> - a description of the exception.       </dd><dd> <code>cause</code> - the underlying reason for this <code>SQLException</code> (which is saved for later retrieval by the <code>getCause()</code> method); may be null indicating the cause is non-existent or unknown.                            </dd> <dt> <span class="strong">Since:</span>   </dt><dd>1.6</dd>  </dl></li></ul> <a end_ctx_id="constructor:SQLException(java.lang.String, java.lang.Throwable)"/>  </td></tr></table></td></tr></table><table border="0" cellpadding="1" cellspacing="0" width="100%"><tr><td><h3 class="ctxid">constructor:SQLException(java.lang.String, java.lang.String, java.lang.Throwable) [NONE]</h3></td></tr><tr><td><table border="0" cellpadding="5" cellspacing="1" bgcolor="black" width="100%"><tr valign="top"><td bgcolor="#FFFFFF" colspan="1"> <a start_ctx_id="constructor:SQLException(java.lang.String, java.lang.String, java.lang.Throwable)"/><a name="SQLException(java.lang.String, java.lang.String, java.lang.Throwable)"/><ul class="blockList"><li class="blockList"><h4>SQLException</h4><pre>public SQLException(java.lang.String reason,
                    java.lang.String sqlState,
                    java.lang.Throwable cause)</pre><div class="block">Constructs a <code>SQLException</code> object with a given <code>reason</code>, <code>SQLState</code> and <code>cause</code>. The vendor code is initialized to 0.<p/>                 </div><dl> <dt> <span class="strong">Parameters:</span>   </dt><dd> <code>reason</code> - a description of the exception.       </dd><dd> <code>sqlState</code> - an XOPEN or SQL:2003 code identifying the exception          </dd><dd> <code>cause</code> - the underlying reason for this <code>SQLException</code> (which is saved for later retrieval by the <code>getCause()</code> method); may be null indicating the cause is non-existent or unknown.                            </dd> <dt> <span class="strong">Since:</span>   </dt><dd>1.6</dd>  </dl></li></ul> <a end_ctx_id="constructor:SQLException(java.lang.String, java.lang.String, java.lang.Throwable)"/>  </td></tr></table></td></tr></table><table border="0" cellpadding="1" cellspacing="0" width="100%"><tr><td><h3 class="ctxid">constructor:SQLException(java.lang.String, java.lang.String, int, java.lang.Throwable) [NONE]</h3></td></tr><tr><td><table border="0" cellpadding="5" cellspacing="1" bgcolor="black" width="100%"><tr valign="top"><td bgcolor="#FFFFFF" colspan="1"> <a start_ctx_id="constructor:SQLException(java.lang.String, java.lang.String, int, java.lang.Throwable)"/><a name="SQLException(java.lang.String, java.lang.String, int, java.lang.Throwable)"/><ul class="blockListLast"><li class="blockList"><h4>SQLException</h4><pre>public SQLException(java.lang.String reason,
                    java.lang.String sqlState,
                    int vendorCode,
                    java.lang.Throwable cause)</pre><div class="block">Constructs a <code>SQLException</code> object with a given <code>reason</code>, <code>SQLState</code>, <code>vendorCode</code> and <code>cause</code>.<p/>           </div><dl> <dt> <span class="strong">Parameters:</span>   </dt><dd> <code>reason</code> - a description of the exception       </dd><dd> <code>sqlState</code> - an XOPEN or SQL:2003 code identifying the exception          </dd><dd> <code>vendorCode</code> - a database vendor-specific exception code       </dd><dd> <code>cause</code> - the underlying reason for this <code>SQLException</code> (which is saved for later retrieval by the <code>getCause()</code> method); may be null indicating the cause is non-existent or unknown.                            </dd> <dt> <span class="strong">Since:</span>   </dt><dd>1.6</dd>  </dl></li></ul> <a end_ctx_id="constructor:SQLException(java.lang.String, java.lang.String, int, java.lang.Throwable)"/>  </td></tr></table></td></tr></table><table border="0" cellpadding="1" cellspacing="0" width="100%"><tr><td><h3 class="ctxid">method:getSQLState() [NONE]</h3></td></tr><tr><td><table border="0" cellpadding="5" cellspacing="1" bgcolor="black" width="100%"><tr valign="top"><td bgcolor="#FFFFFF" colspan="1"> <a start_ctx_id="method:getSQLState()"/><a name="getSQLState()"/><ul class="blockList"><li class="blockList"><h4>getSQLState</h4><pre>public java.lang.String getSQLState()</pre><div class="block">Retrieves the SQLState for this <code>SQLException</code> object.      </div><dl> <dt> <span class="strong">Returns:</span>   </dt><dd>the SQLState value  </dd> </dl></li></ul> <a end_ctx_id="method:getSQLState()"/>  </td></tr></table></td></tr></table><table border="0" cellpadding="1" cellspacing="0" width="100%"><tr><td><h3 class="ctxid">method:getErrorCode() [NONE]</h3></td></tr><tr><td><table border="0" cellpadding="5" cellspacing="1" bgcolor="black" width="100%"><tr valign="top"><td bgcolor="#FFFFFF" colspan="1"> <a start_ctx_id="method:getErrorCode()"/><a name="getErrorCode()"/><ul class="blockList"><li class="blockList"><h4>getErrorCode</h4><pre>public int getErrorCode()</pre><div class="block">Retrieves the vendor-specific exception code for this <code>SQLException</code> object.        </div><dl> <dt> <span class="strong">Returns:</span>   </dt><dd>the vendor's error code   </dd> </dl></li></ul> <a end_ctx_id="method:getErrorCode()"/>  </td></tr></table></td></tr></table><table border="0" cellpadding="1" cellspacing="0" width="100%"><tr><td><h3 class="ctxid">method:getNextException() [NONE]</h3></td></tr><tr><td><table border="0" cellpadding="5" cellspacing="1" bgcolor="black" width="100%"><tr valign="top"><td bgcolor="#FFFFFF" colspan="1"> <a start_ctx_id="method:getNextException()"/><a name="getNextException()"/><ul class="blockList"><li class="blockList"><h4>getNextException</h4><pre>public <a href="../../java/sql/SQLException.html" title="class in java.sql">SQLException</a> getNextException()</pre><div class="block">Retrieves the exception chained to this <code>SQLException</code> object by setNextException(SQLException ex).          </div><dl> <dt> <span class="strong">Returns:</span>   </dt><dd>the next <code>SQLException</code> object in the chain; <code>null</code> if there are none           </dd> <dt> <span class="strong">See Also: </span>   </dt><dd> <a href="../../java/sql/SQLException.html#setNextException(java.sql.SQLException)"><code>setNextException(java.sql.SQLException)</code></a> </dd>  </dl></li></ul> <a end_ctx_id="method:getNextException()"/>  </td></tr></table></td></tr></table><table border="0" cellpadding="1" cellspacing="0" width="100%"><tr><td><h3 class="ctxid">method:setNextException(java.sql.SQLException) [NONE]</h3></td></tr><tr><td><table border="0" cellpadding="5" cellspacing="1" bgcolor="black" width="100%"><tr valign="top"><td bgcolor="#FFFFFF" colspan="1"> <a start_ctx_id="method:setNextException(java.sql.SQLException)"/><a name="setNextException(java.sql.SQLException)"/><ul class="blockList"><li class="blockList"><h4>setNextException</h4><pre>public void setNextException(<a href="../../java/sql/SQLException.html" title="class in java.sql">SQLException</a> ex)</pre><div class="block">Adds an <code>SQLException</code> object to the end of the chain.         </div><dl> <dt> <span class="strong">Parameters:</span>   </dt><dd> <code>ex</code> - the new exception that will be added to the end of the <code>SQLException</code> chain                </dd> <dt> <span class="strong">See Also: </span>   </dt><dd> <a href="../../java/sql/SQLException.html#getNextException()"><code>getNextException()</code></a> </dd>  </dl></li></ul> <a end_ctx_id="method:setNextException(java.sql.SQLException)"/>  </td></tr></table></td></tr></table><table border="0" cellpadding="1" cellspacing="0" width="100%"><tr><td><h3 class="ctxid">method:iterator() [NONE]</h3></td></tr><tr><td><table border="0" cellpadding="5" cellspacing="1" bgcolor="black" width="100%"><tr valign="top"><td bgcolor="#FFFFFF" colspan="1"> <a start_ctx_id="method:iterator()"/><a name="iterator()"/><ul class="blockListLast"><li class="blockList"><h4>iterator</h4><pre>public java.util.Iterator&lt;java.lang.Throwable&gt; iterator()</pre><div class="block">Returns an iterator over the chained SQLExceptions. The iterator will be used to iterate over each SQLException and its underlying cause (if any).                      </div><dl> <dt> <strong>Specified by: </strong>   </dt><dd> <code>iterator</code> in interface <code>java.lang.Iterable&lt;java.lang.Throwable&gt;</code>  </dd> <dt> <span class="strong">Returns:</span>   </dt><dd>an iterator over the chained SQLExceptions and causes in the proper order           </dd> <dt> <span class="strong">Since:</span>   </dt><dd>1.6</dd>   </dl></li></ul> <a end_ctx_id="method:iterator()"/>  </td></tr></table></td></tr></table></diff></diffreport>