<?xml version="1.0" encoding="UTF-8" standalone="yes"?><Document><name>java/sql/SQLException.spec</name><Context><name>class:SQLException</name><mt>NONE</mt></Context><Context><name>constructor:SQLException()</name><mt>NONE</mt></Context><Context><name>constructor:SQLException(java.lang.String)</name><mt>NONE</mt></Context><Context><name>constructor:SQLException(java.lang.String, java.lang.String)</name><mt>NONE</mt></Context><Context><name>constructor:SQLException(java.lang.String, java.lang.String, int)</name><mt>NONE</mt></Context><Context><name>constructor:SQLException(java.lang.String, java.lang.String, int, java.lang.Throwable)</name><mt>NONE</mt></Context><Context><name>constructor:SQLException(java.lang.String, java.lang.String, java.lang.Throwable)</name><mt>NONE</mt></Context><Context><name>constructor:SQLException(java.lang.String, java.lang.Throwable)</name><mt>NONE</mt></Context><Context><name>constructor:SQLException(java.lang.Throwable)</name><mt>NONE</mt></Context><Context><name>method:getErrorCode()</name><mt>NONE</mt></Context><Context><name>method:getNextException()</name><mt>NONE</mt></Context><Context><name>method:getSQLState()</name><mt>NONE</mt></Context><Context><name>method:iterator()</name><mt>NONE</mt></Context><Context><name>method:setNextException(java.sql.SQLException)</name><mt>NONE</mt></Context><Stat><name>java/sql/SQLException.spec</name><mt>NONE</mt><Group name="context"><Item name="ADDED" count="0"/><Item name="REMOVED" count="0"/><Item name="CHANGED" count="0"/><Item name="MODIFIED" count="0"/><Item name="TOTAL" count="14"/></Group><Group name="assertion"><Item name="ADDED" count="0"/><Item name="REMOVED" count="0"/><Item name="CHANGED" count="0"/><Item name="MODIFIED" count="0"/><Item name="TOTAL" count="0"/></Group></Stat></Document>