<?xml version="1.0" encoding="UTF-8"?><diffreport><diff><table border="0" cellpadding="1" cellspacing="0" width="100%"><tr><td><h3 class="ctxid">class:SQLInvalidAuthorizationSpecException [NONE]</h3></td></tr><tr><td><table border="0" cellpadding="5" cellspacing="1" bgcolor="black" width="100%"><tr valign="top"><td bgcolor="#FFFFFF" colspan="1"><div class="description"> <a start_ctx_id="class:SQLInvalidAuthorizationSpecException"/><ul class="blockList"><li class="blockList"><dl> <dt>All Implemented Interfaces:  </dt><dd>java.io.Serializable, java.lang.Iterable&lt;java.lang.Throwable&gt; </dd> </dl> <hr/> <br/><pre>public class <span class="strong">SQLInvalidAuthorizationSpecException</span>
extends <a href="../../java/sql/SQLNonTransientException.html" title="class in java.sql">SQLNonTransientException</a></pre><div class="block">The subclass of <a href="../../java/sql/SQLException.html" title="class in java.sql"><code>SQLException</code></a> thrown when the SQLState class value is '<i>28</i>', or under vendor-specified conditions. This indicates that the authorization credentials presented during connection establishment are not valid.<p> Please consult your driver vendor documentation for the vendor-specified conditions for which this <code>Exception</code> may be thrown.                 </p>                            </div><dl> <dt> <span class="strong">Since:</span>   </dt><dd>1.6</dd> <dt> <span class="strong">See Also: </span>   </dt><dd> <a href="../../serialized-form.html#java.sql.SQLInvalidAuthorizationSpecException">Serialized Form </a> </dd>  </dl>  </li></ul> </div> <a end_ctx_id="class:SQLInvalidAuthorizationSpecException"/> </td></tr></table></td></tr></table><table border="0" cellpadding="1" cellspacing="0" width="100%"><tr><td><h3 class="ctxid">constructor:SQLInvalidAuthorizationSpecException() [NONE]</h3></td></tr><tr><td><table border="0" cellpadding="5" cellspacing="1" bgcolor="black" width="100%"><tr valign="top"><td bgcolor="#FFFFFF" colspan="1"> <a start_ctx_id="constructor:SQLInvalidAuthorizationSpecException()"/><a name="SQLInvalidAuthorizationSpecException()"/><ul class="blockList"><li class="blockList"><h4>SQLInvalidAuthorizationSpecException</h4><pre>public SQLInvalidAuthorizationSpecException()</pre><div class="block">Constructs a <code>SQLInvalidAuthorizationSpecException</code> object. The <code>reason</code>, <code>SQLState</code> are initialized to <code>null</code> and the vendor code is initialized to 0. The <code>cause</code> is not initialized, and may subsequently be initialized by a call to the <code>Throwable.initCause(java.lang.Throwable)</code> method.<p/>                                   </div><dl> <dt> <span class="strong">Since:</span>   </dt><dd>1.6</dd> </dl></li></ul> <a end_ctx_id="constructor:SQLInvalidAuthorizationSpecException()"/>  </td></tr></table></td></tr></table><table border="0" cellpadding="1" cellspacing="0" width="100%"><tr><td><h3 class="ctxid">constructor:SQLInvalidAuthorizationSpecException(java.lang.String) [NONE]</h3></td></tr><tr><td><table border="0" cellpadding="5" cellspacing="1" bgcolor="black" width="100%"><tr valign="top"><td bgcolor="#FFFFFF" colspan="1"> <a start_ctx_id="constructor:SQLInvalidAuthorizationSpecException(java.lang.String)"/><a name="SQLInvalidAuthorizationSpecException(java.lang.String)"/><ul class="blockList"><li class="blockList"><h4>SQLInvalidAuthorizationSpecException</h4><pre>public SQLInvalidAuthorizationSpecException(java.lang.String reason)</pre><div class="block">Constructs a <code>SQLInvalidAuthorizationSpecException</code> object with a given <code>reason</code>. The <code>SQLState</code> is initialized to <code>null</code> and the vender code is initialized to 0. The <code>cause</code> is not initialized, and may subsequently be initialized by a call to the <code>Throwable.initCause(java.lang.Throwable)</code> method.<p/>                                      </div><dl> <dt> <span class="strong">Parameters:</span>   </dt><dd> <code>reason</code> - a description of the exception       </dd> <dt> <span class="strong">Since:</span>   </dt><dd>1.6</dd>  </dl></li></ul> <a end_ctx_id="constructor:SQLInvalidAuthorizationSpecException(java.lang.String)"/>  </td></tr></table></td></tr></table><table border="0" cellpadding="1" cellspacing="0" width="100%"><tr><td><h3 class="ctxid">constructor:SQLInvalidAuthorizationSpecException(java.lang.String, java.lang.String) [NONE]</h3></td></tr><tr><td><table border="0" cellpadding="5" cellspacing="1" bgcolor="black" width="100%"><tr valign="top"><td bgcolor="#FFFFFF" colspan="1"> <a start_ctx_id="constructor:SQLInvalidAuthorizationSpecException(java.lang.String, java.lang.String)"/><a name="SQLInvalidAuthorizationSpecException(java.lang.String, java.lang.String)"/><ul class="blockList"><li class="blockList"><h4>SQLInvalidAuthorizationSpecException</h4><pre>public SQLInvalidAuthorizationSpecException(java.lang.String reason,
                                            java.lang.String SQLState)</pre><div class="block">Constructs a <code>SQLInvalidAuthorizationSpecException</code> object with a given <code>reason</code> and <code>SQLState</code>. The <code>cause</code> is not initialized, and may subsequently be initialized by a call to the <code>Throwable.initCause(java.lang.Throwable)</code> method. The vendor code is initialized to 0.<p/>                                 </div><dl> <dt> <span class="strong">Parameters:</span>   </dt><dd> <code>reason</code> - a description of the exception       </dd><dd> <code>SQLState</code> - an XOPEN or SQL:2003 code identifying the exception          </dd> <dt> <span class="strong">Since:</span>   </dt><dd>1.6</dd>  </dl></li></ul> <a end_ctx_id="constructor:SQLInvalidAuthorizationSpecException(java.lang.String, java.lang.String)"/>  </td></tr></table></td></tr></table><table border="0" cellpadding="1" cellspacing="0" width="100%"><tr><td><h3 class="ctxid">constructor:SQLInvalidAuthorizationSpecException(java.lang.String, java.lang.String, int) [NONE]</h3></td></tr><tr><td><table border="0" cellpadding="5" cellspacing="1" bgcolor="black" width="100%"><tr valign="top"><td bgcolor="#FFFFFF" colspan="1"> <a start_ctx_id="constructor:SQLInvalidAuthorizationSpecException(java.lang.String, java.lang.String, int)"/><a name="SQLInvalidAuthorizationSpecException(java.lang.String, java.lang.String, int)"/><ul class="blockList"><li class="blockList"><h4>SQLInvalidAuthorizationSpecException</h4><pre>public SQLInvalidAuthorizationSpecException(java.lang.String reason,
                                            java.lang.String SQLState,
                                            int vendorCode)</pre><div class="block">Constructs a <code>SQLInvalidAuthorizationSpecException</code> object with a given <code>reason</code>, <code>SQLState</code> and <code>vendorCode</code>. The <code>cause</code> is not initialized, and may subsequently be initialized by a call to the <code>Throwable.initCause(java.lang.Throwable)</code> method.<p/>                           </div><dl> <dt> <span class="strong">Parameters:</span>   </dt><dd> <code>reason</code> - a description of the exception       </dd><dd> <code>SQLState</code> - an XOPEN or SQL:2003 code identifying the exception          </dd><dd> <code>vendorCode</code> - a database vendor specific exception code        </dd> <dt> <span class="strong">Since:</span>   </dt><dd>1.6</dd>  </dl></li></ul> <a end_ctx_id="constructor:SQLInvalidAuthorizationSpecException(java.lang.String, java.lang.String, int)"/>  </td></tr></table></td></tr></table><table border="0" cellpadding="1" cellspacing="0" width="100%"><tr><td><h3 class="ctxid">constructor:SQLInvalidAuthorizationSpecException(java.lang.Throwable) [NONE]</h3></td></tr><tr><td><table border="0" cellpadding="5" cellspacing="1" bgcolor="black" width="100%"><tr valign="top"><td bgcolor="#FFFFFF" colspan="1"> <a start_ctx_id="constructor:SQLInvalidAuthorizationSpecException(java.lang.Throwable)"/><a name="SQLInvalidAuthorizationSpecException(java.lang.Throwable)"/><ul class="blockList"><li class="blockList"><h4>SQLInvalidAuthorizationSpecException</h4><pre>public SQLInvalidAuthorizationSpecException(java.lang.Throwable cause)</pre><div class="block">Constructs a <code>SQLInvalidAuthorizationSpecException</code> object with a given <code>cause</code>. The <code>SQLState</code> is initialized to <code>null</code> and the vendor code is initialized to 0. The <code>reason</code> is initialized to <code>null</code> if <code>cause==null</code> or to <code>cause.toString()</code> if <code>cause!=null</code>.<p/>                                  </div><dl> <dt> <span class="strong">Parameters:</span>   </dt><dd> <code>cause</code> - the underlying reason for this <code>SQLException</code> (which is saved for later retrieval by the <code>getCause()</code> method); may be null indicating the cause is non-existent or unknown.                            </dd> <dt> <span class="strong">Since:</span>   </dt><dd>1.6</dd>  </dl></li></ul> <a end_ctx_id="constructor:SQLInvalidAuthorizationSpecException(java.lang.Throwable)"/>  </td></tr></table></td></tr></table><table border="0" cellpadding="1" cellspacing="0" width="100%"><tr><td><h3 class="ctxid">constructor:SQLInvalidAuthorizationSpecException(java.lang.String, java.lang.Throwable) [NONE]</h3></td></tr><tr><td><table border="0" cellpadding="5" cellspacing="1" bgcolor="black" width="100%"><tr valign="top"><td bgcolor="#FFFFFF" colspan="1"> <a start_ctx_id="constructor:SQLInvalidAuthorizationSpecException(java.lang.String, java.lang.Throwable)"/><a name="SQLInvalidAuthorizationSpecException(java.lang.String, java.lang.Throwable)"/><ul class="blockList"><li class="blockList"><h4>SQLInvalidAuthorizationSpecException</h4><pre>public SQLInvalidAuthorizationSpecException(java.lang.String reason,
                                            java.lang.Throwable cause)</pre><div class="block">Constructs a <code>SQLInvalidAuthorizationSpecException</code> object with a given <code>reason</code> and <code>cause</code>. The <code>SQLState</code> is initialized to <code>null</code> and the vendor code is initialized to 0.<p/>                       </div><dl> <dt> <span class="strong">Parameters:</span>   </dt><dd> <code>reason</code> - a description of the exception.       </dd><dd> <code>cause</code> - the underlying reason for this <code>SQLException</code> (which is saved for later retrieval by the <code>getCause()</code> method); may be null indicating the cause is non-existent or unknown.                            </dd> <dt> <span class="strong">Since:</span>   </dt><dd>1.6</dd>  </dl></li></ul> <a end_ctx_id="constructor:SQLInvalidAuthorizationSpecException(java.lang.String, java.lang.Throwable)"/>  </td></tr></table></td></tr></table><table border="0" cellpadding="1" cellspacing="0" width="100%"><tr><td><h3 class="ctxid">constructor:SQLInvalidAuthorizationSpecException(java.lang.String, java.lang.String, java.lang.Throwable) [NONE]</h3></td></tr><tr><td><table border="0" cellpadding="5" cellspacing="1" bgcolor="black" width="100%"><tr valign="top"><td bgcolor="#FFFFFF" colspan="1"> <a start_ctx_id="constructor:SQLInvalidAuthorizationSpecException(java.lang.String, java.lang.String, java.lang.Throwable)"/><a name="SQLInvalidAuthorizationSpecException(java.lang.String, java.lang.String, java.lang.Throwable)"/><ul class="blockList"><li class="blockList"><h4>SQLInvalidAuthorizationSpecException</h4><pre>public SQLInvalidAuthorizationSpecException(java.lang.String reason,
                                            java.lang.String SQLState,
                                            java.lang.Throwable cause)</pre><div class="block">Constructs a <code>SQLInvalidAuthorizationSpecException</code> object with a given <code>reason</code>, <code>SQLState</code> and <code>cause</code>. The vendor code is initialized to 0.<p/>                 </div><dl> <dt> <span class="strong">Parameters:</span>   </dt><dd> <code>reason</code> - a description of the exception.       </dd><dd> <code>SQLState</code> - an XOPEN or SQL:2003 code identifying the exception          </dd><dd> <code>cause</code> - the underlying reason for this <code>SQLException</code> (which is saved for later retrieval by the <code>getCause()</code> method); may be null indicating the cause is non-existent or unknown.                            </dd> <dt> <span class="strong">Since:</span>   </dt><dd>1.6</dd>  </dl></li></ul> <a end_ctx_id="constructor:SQLInvalidAuthorizationSpecException(java.lang.String, java.lang.String, java.lang.Throwable)"/>  </td></tr></table></td></tr></table><table border="0" cellpadding="1" cellspacing="0" width="100%"><tr><td><h3 class="ctxid">constructor:SQLInvalidAuthorizationSpecException(java.lang.String, java.lang.String, int, java.lang.Throwable) [NONE]</h3></td></tr><tr><td><table border="0" cellpadding="5" cellspacing="1" bgcolor="black" width="100%"><tr valign="top"><td bgcolor="#FFFFFF" colspan="1"> <a start_ctx_id="constructor:SQLInvalidAuthorizationSpecException(java.lang.String, java.lang.String, int, java.lang.Throwable)"/><a name="SQLInvalidAuthorizationSpecException(java.lang.String, java.lang.String, int, java.lang.Throwable)"/><ul class="blockListLast"><li class="blockList"><h4>SQLInvalidAuthorizationSpecException</h4><pre>public SQLInvalidAuthorizationSpecException(java.lang.String reason,
                                            java.lang.String SQLState,
                                            int vendorCode,
                                            java.lang.Throwable cause)</pre><div class="block">Constructs a <code>SQLInvalidAuthorizationSpecException</code> object with a given <code>reason</code>, <code>SQLState</code>, <code>vendorCode</code> and <code>cause</code>.<p/>           </div><dl> <dt> <span class="strong">Parameters:</span>   </dt><dd> <code>reason</code> - a description of the exception       </dd><dd> <code>SQLState</code> - an XOPEN or SQL:2003 code identifying the exception          </dd><dd> <code>vendorCode</code> - a database vendor-specific exception code       </dd><dd> <code>cause</code> - the underlying reason for this <code>SQLException</code> (which is saved for later retrieval by the <code>getCause()</code> method); may be null indicating the cause is non-existent or unknown.                            </dd> <dt> <span class="strong">Since:</span>   </dt><dd>1.6</dd>  </dl></li></ul> <a end_ctx_id="constructor:SQLInvalidAuthorizationSpecException(java.lang.String, java.lang.String, int, java.lang.Throwable)"/>  </td></tr></table></td></tr></table></diff></diffreport>