<?xml version="1.0" encoding="UTF-8"?><diffreport><diff><table border="0" cellpadding="1" cellspacing="0" width="100%"><tr><td><h3 class="ctxid">class:SQLOutput [NONE]</h3></td></tr><tr><td><table border="0" cellpadding="5" cellspacing="1" bgcolor="black" width="100%"><tr valign="top"><td bgcolor="#FFFFFF" colspan="1"><div class="description"> <a start_ctx_id="class:SQLOutput"/><ul class="blockList"><li class="blockList"> <hr/> <br/><pre>public interface <span class="strong">SQLOutput</span></pre><div class="block">The output stream for writing the attributes of a user-defined type back to the database. This interface, used only for custom mapping, is used by the driver, and its methods are never directly invoked by a programmer.<p>When an object of a class implementing the interface <code>SQLData</code> is passed as an argument to an SQL statement, the JDBC driver calls the method <code>SQLData.getSQLType</code> to determine the kind of SQL datum being passed to the database. The driver then creates an instance of <code>SQLOutput</code> and passes it to the method <code>SQLData.writeSQL</code>. The method <code>writeSQL</code> in turn calls the appropriate <code>SQLOutput</code><i>writer</i> methods <code>writeBoolean</code>, <code>writeCharacterStream</code>, and so on) to write data from the <code>SQLData</code> object to the <code>SQLOutput</code> output stream as the representation of an SQL user-defined type.                                                                                       </p>                                    </div><dl> <dt> <span class="strong">Since:</span>   </dt><dd>1.2</dd> </dl>  </li></ul> </div> <a end_ctx_id="class:SQLOutput"/> </td></tr></table></td></tr></table><table border="0" cellpadding="1" cellspacing="0" width="100%"><tr><td><h3 class="ctxid">method:writeString(java.lang.String) [NONE]</h3></td></tr><tr><td><table border="0" cellpadding="5" cellspacing="1" bgcolor="black" width="100%"><tr valign="top"><td bgcolor="#FFFFFF" colspan="1"> <a start_ctx_id="method:writeString(java.lang.String)"/><a name="writeString(java.lang.String)"/><ul class="blockList"><li class="blockList"><h4>writeString</h4><pre>void writeString(java.lang.String x)
          throws <a href="../../java/sql/SQLException.html" title="class in java.sql">SQLException</a></pre><div class="block">Writes the next attribute to the stream as a <code>String</code> in the Java programming language.              </div><dl> <dt> <span class="strong">Parameters:</span>   </dt><dd> <code>x</code> - the value to pass to the database         </dd> <dt> <span class="strong">Throws:</span>   </dt><dd> <code><a href="../../java/sql/SQLException.html" title="class in java.sql">SQLException</a></code> - if a database access error occurs        </dd><dd> <code><a href="../../java/sql/SQLFeatureNotSupportedException.html" title="class in java.sql">SQLFeatureNotSupportedException</a></code> - if the JDBC driver does not support this method           </dd> <dt> <span class="strong">Since:</span>   </dt><dd>1.2</dd>   </dl></li></ul> <a end_ctx_id="method:writeString(java.lang.String)"/>  </td></tr></table></td></tr></table><table border="0" cellpadding="1" cellspacing="0" width="100%"><tr><td><h3 class="ctxid">method:writeBoolean(boolean) [NONE]</h3></td></tr><tr><td><table border="0" cellpadding="5" cellspacing="1" bgcolor="black" width="100%"><tr valign="top"><td bgcolor="#FFFFFF" colspan="1"> <a start_ctx_id="method:writeBoolean(boolean)"/><a name="writeBoolean(boolean)"/><ul class="blockList"><li class="blockList"><h4>writeBoolean</h4><pre>void writeBoolean(boolean x)
           throws <a href="../../java/sql/SQLException.html" title="class in java.sql">SQLException</a></pre><div class="block">Writes the next attribute to the stream as a Java boolean. Writes the next attribute to the stream as a <code>String</code> in the Java programming language.                         </div><dl> <dt> <span class="strong">Parameters:</span>   </dt><dd> <code>x</code> - the value to pass to the database         </dd> <dt> <span class="strong">Throws:</span>   </dt><dd> <code><a href="../../java/sql/SQLException.html" title="class in java.sql">SQLException</a></code> - if a database access error occurs        </dd><dd> <code><a href="../../java/sql/SQLFeatureNotSupportedException.html" title="class in java.sql">SQLFeatureNotSupportedException</a></code> - if the JDBC driver does not support this method           </dd> <dt> <span class="strong">Since:</span>   </dt><dd>1.2</dd>   </dl></li></ul> <a end_ctx_id="method:writeBoolean(boolean)"/>  </td></tr></table></td></tr></table><table border="0" cellpadding="1" cellspacing="0" width="100%"><tr><td><h3 class="ctxid">method:writeByte(byte) [NONE]</h3></td></tr><tr><td><table border="0" cellpadding="5" cellspacing="1" bgcolor="black" width="100%"><tr valign="top"><td bgcolor="#FFFFFF" colspan="1"> <a start_ctx_id="method:writeByte(byte)"/><a name="writeByte(byte)"/><ul class="blockList"><li class="blockList"><h4>writeByte</h4><pre>void writeByte(byte x)
        throws <a href="../../java/sql/SQLException.html" title="class in java.sql">SQLException</a></pre><div class="block">Writes the next attribute to the stream as a Java byte. Writes the next attribute to the stream as a <code>String</code> in the Java programming language.                         </div><dl> <dt> <span class="strong">Parameters:</span>   </dt><dd> <code>x</code> - the value to pass to the database         </dd> <dt> <span class="strong">Throws:</span>   </dt><dd> <code><a href="../../java/sql/SQLException.html" title="class in java.sql">SQLException</a></code> - if a database access error occurs        </dd><dd> <code><a href="../../java/sql/SQLFeatureNotSupportedException.html" title="class in java.sql">SQLFeatureNotSupportedException</a></code> - if the JDBC driver does not support this method           </dd> <dt> <span class="strong">Since:</span>   </dt><dd>1.2</dd>   </dl></li></ul> <a end_ctx_id="method:writeByte(byte)"/>  </td></tr></table></td></tr></table><table border="0" cellpadding="1" cellspacing="0" width="100%"><tr><td><h3 class="ctxid">method:writeShort(short) [NONE]</h3></td></tr><tr><td><table border="0" cellpadding="5" cellspacing="1" bgcolor="black" width="100%"><tr valign="top"><td bgcolor="#FFFFFF" colspan="1"> <a start_ctx_id="method:writeShort(short)"/><a name="writeShort(short)"/><ul class="blockList"><li class="blockList"><h4>writeShort</h4><pre>void writeShort(short x)
         throws <a href="../../java/sql/SQLException.html" title="class in java.sql">SQLException</a></pre><div class="block">Writes the next attribute to the stream as a Java short. Writes the next attribute to the stream as a <code>String</code> in the Java programming language.                         </div><dl> <dt> <span class="strong">Parameters:</span>   </dt><dd> <code>x</code> - the value to pass to the database         </dd> <dt> <span class="strong">Throws:</span>   </dt><dd> <code><a href="../../java/sql/SQLException.html" title="class in java.sql">SQLException</a></code> - if a database access error occurs        </dd><dd> <code><a href="../../java/sql/SQLFeatureNotSupportedException.html" title="class in java.sql">SQLFeatureNotSupportedException</a></code> - if the JDBC driver does not support this method           </dd> <dt> <span class="strong">Since:</span>   </dt><dd>1.2</dd>   </dl></li></ul> <a end_ctx_id="method:writeShort(short)"/>  </td></tr></table></td></tr></table><table border="0" cellpadding="1" cellspacing="0" width="100%"><tr><td><h3 class="ctxid">method:writeInt(int) [NONE]</h3></td></tr><tr><td><table border="0" cellpadding="5" cellspacing="1" bgcolor="black" width="100%"><tr valign="top"><td bgcolor="#FFFFFF" colspan="1"> <a start_ctx_id="method:writeInt(int)"/><a name="writeInt(int)"/><ul class="blockList"><li class="blockList"><h4>writeInt</h4><pre>void writeInt(int x)
       throws <a href="../../java/sql/SQLException.html" title="class in java.sql">SQLException</a></pre><div class="block">Writes the next attribute to the stream as a Java int. Writes the next attribute to the stream as a <code>String</code> in the Java programming language.                         </div><dl> <dt> <span class="strong">Parameters:</span>   </dt><dd> <code>x</code> - the value to pass to the database         </dd> <dt> <span class="strong">Throws:</span>   </dt><dd> <code><a href="../../java/sql/SQLException.html" title="class in java.sql">SQLException</a></code> - if a database access error occurs        </dd><dd> <code><a href="../../java/sql/SQLFeatureNotSupportedException.html" title="class in java.sql">SQLFeatureNotSupportedException</a></code> - if the JDBC driver does not support this method           </dd> <dt> <span class="strong">Since:</span>   </dt><dd>1.2</dd>   </dl></li></ul> <a end_ctx_id="method:writeInt(int)"/>  </td></tr></table></td></tr></table><table border="0" cellpadding="1" cellspacing="0" width="100%"><tr><td><h3 class="ctxid">method:writeLong(long) [NONE]</h3></td></tr><tr><td><table border="0" cellpadding="5" cellspacing="1" bgcolor="black" width="100%"><tr valign="top"><td bgcolor="#FFFFFF" colspan="1"> <a start_ctx_id="method:writeLong(long)"/><a name="writeLong(long)"/><ul class="blockList"><li class="blockList"><h4>writeLong</h4><pre>void writeLong(long x)
        throws <a href="../../java/sql/SQLException.html" title="class in java.sql">SQLException</a></pre><div class="block">Writes the next attribute to the stream as a Java long. Writes the next attribute to the stream as a <code>String</code> in the Java programming language.                         </div><dl> <dt> <span class="strong">Parameters:</span>   </dt><dd> <code>x</code> - the value to pass to the database         </dd> <dt> <span class="strong">Throws:</span>   </dt><dd> <code><a href="../../java/sql/SQLException.html" title="class in java.sql">SQLException</a></code> - if a database access error occurs        </dd><dd> <code><a href="../../java/sql/SQLFeatureNotSupportedException.html" title="class in java.sql">SQLFeatureNotSupportedException</a></code> - if the JDBC driver does not support this method           </dd> <dt> <span class="strong">Since:</span>   </dt><dd>1.2</dd>   </dl></li></ul> <a end_ctx_id="method:writeLong(long)"/>  </td></tr></table></td></tr></table><table border="0" cellpadding="1" cellspacing="0" width="100%"><tr><td><h3 class="ctxid">method:writeFloat(float) [NONE]</h3></td></tr><tr><td><table border="0" cellpadding="5" cellspacing="1" bgcolor="black" width="100%"><tr valign="top"><td bgcolor="#FFFFFF" colspan="1"> <a start_ctx_id="method:writeFloat(float)"/><a name="writeFloat(float)"/><ul class="blockList"><li class="blockList"><h4>writeFloat</h4><pre>void writeFloat(float x)
         throws <a href="../../java/sql/SQLException.html" title="class in java.sql">SQLException</a></pre><div class="block">Writes the next attribute to the stream as a Java float. Writes the next attribute to the stream as a <code>String</code> in the Java programming language.                         </div><dl> <dt> <span class="strong">Parameters:</span>   </dt><dd> <code>x</code> - the value to pass to the database         </dd> <dt> <span class="strong">Throws:</span>   </dt><dd> <code><a href="../../java/sql/SQLException.html" title="class in java.sql">SQLException</a></code> - if a database access error occurs        </dd><dd> <code><a href="../../java/sql/SQLFeatureNotSupportedException.html" title="class in java.sql">SQLFeatureNotSupportedException</a></code> - if the JDBC driver does not support this method           </dd> <dt> <span class="strong">Since:</span>   </dt><dd>1.2</dd>   </dl></li></ul> <a end_ctx_id="method:writeFloat(float)"/>  </td></tr></table></td></tr></table><table border="0" cellpadding="1" cellspacing="0" width="100%"><tr><td><h3 class="ctxid">method:writeDouble(double) [NONE]</h3></td></tr><tr><td><table border="0" cellpadding="5" cellspacing="1" bgcolor="black" width="100%"><tr valign="top"><td bgcolor="#FFFFFF" colspan="1"> <a start_ctx_id="method:writeDouble(double)"/><a name="writeDouble(double)"/><ul class="blockList"><li class="blockList"><h4>writeDouble</h4><pre>void writeDouble(double x)
          throws <a href="../../java/sql/SQLException.html" title="class in java.sql">SQLException</a></pre><div class="block">Writes the next attribute to the stream as a Java double. Writes the next attribute to the stream as a <code>String</code> in the Java programming language.                         </div><dl> <dt> <span class="strong">Parameters:</span>   </dt><dd> <code>x</code> - the value to pass to the database         </dd> <dt> <span class="strong">Throws:</span>   </dt><dd> <code><a href="../../java/sql/SQLException.html" title="class in java.sql">SQLException</a></code> - if a database access error occurs        </dd><dd> <code><a href="../../java/sql/SQLFeatureNotSupportedException.html" title="class in java.sql">SQLFeatureNotSupportedException</a></code> - if the JDBC driver does not support this method           </dd> <dt> <span class="strong">Since:</span>   </dt><dd>1.2</dd>   </dl></li></ul> <a end_ctx_id="method:writeDouble(double)"/>  </td></tr></table></td></tr></table><table border="0" cellpadding="1" cellspacing="0" width="100%"><tr><td><h3 class="ctxid">method:writeBigDecimal(java.math.BigDecimal) [NONE]</h3></td></tr><tr><td><table border="0" cellpadding="5" cellspacing="1" bgcolor="black" width="100%"><tr valign="top"><td bgcolor="#FFFFFF" colspan="1"> <a start_ctx_id="method:writeBigDecimal(java.math.BigDecimal)"/><a name="writeBigDecimal(java.math.BigDecimal)"/><ul class="blockList"><li class="blockList"><h4>writeBigDecimal</h4><pre>void writeBigDecimal(java.math.BigDecimal x)
              throws <a href="../../java/sql/SQLException.html" title="class in java.sql">SQLException</a></pre><div class="block">Writes the next attribute to the stream as a java.math.BigDecimal object. Writes the next attribute to the stream as a <code>String</code> in the Java programming language.                         </div><dl> <dt> <span class="strong">Parameters:</span>   </dt><dd> <code>x</code> - the value to pass to the database         </dd> <dt> <span class="strong">Throws:</span>   </dt><dd> <code><a href="../../java/sql/SQLException.html" title="class in java.sql">SQLException</a></code> - if a database access error occurs        </dd><dd> <code><a href="../../java/sql/SQLFeatureNotSupportedException.html" title="class in java.sql">SQLFeatureNotSupportedException</a></code> - if the JDBC driver does not support this method           </dd> <dt> <span class="strong">Since:</span>   </dt><dd>1.2</dd>   </dl></li></ul> <a end_ctx_id="method:writeBigDecimal(java.math.BigDecimal)"/>  </td></tr></table></td></tr></table><table border="0" cellpadding="1" cellspacing="0" width="100%"><tr><td><h3 class="ctxid">method:writeBytes(byte[]) [NONE]</h3></td></tr><tr><td><table border="0" cellpadding="5" cellspacing="1" bgcolor="black" width="100%"><tr valign="top"><td bgcolor="#FFFFFF" colspan="1"> <a start_ctx_id="method:writeBytes(byte[])"/><a name="writeBytes(byte[])"/><ul class="blockList"><li class="blockList"><h4>writeBytes</h4><pre>void writeBytes(byte[] x)
         throws <a href="../../java/sql/SQLException.html" title="class in java.sql">SQLException</a></pre><div class="block">Writes the next attribute to the stream as an array of bytes. Writes the next attribute to the stream as a <code>String</code> in the Java programming language.                          </div><dl> <dt> <span class="strong">Parameters:</span>   </dt><dd> <code>x</code> - the value to pass to the database         </dd> <dt> <span class="strong">Throws:</span>   </dt><dd> <code><a href="../../java/sql/SQLException.html" title="class in java.sql">SQLException</a></code> - if a database access error occurs        </dd><dd> <code><a href="../../java/sql/SQLFeatureNotSupportedException.html" title="class in java.sql">SQLFeatureNotSupportedException</a></code> - if the JDBC driver does not support this method           </dd> <dt> <span class="strong">Since:</span>   </dt><dd>1.2</dd>   </dl></li></ul> <a end_ctx_id="method:writeBytes(byte[])"/>  </td></tr></table></td></tr></table><table border="0" cellpadding="1" cellspacing="0" width="100%"><tr><td><h3 class="ctxid">method:writeDate(java.sql.Date) [NONE]</h3></td></tr><tr><td><table border="0" cellpadding="5" cellspacing="1" bgcolor="black" width="100%"><tr valign="top"><td bgcolor="#FFFFFF" colspan="1"> <a start_ctx_id="method:writeDate(java.sql.Date)"/><a name="writeDate(java.sql.Date)"/><ul class="blockList"><li class="blockList"><h4>writeDate</h4><pre>void writeDate(<a href="../../java/sql/Date.html" title="class in java.sql">Date</a> x)
        throws <a href="../../java/sql/SQLException.html" title="class in java.sql">SQLException</a></pre><div class="block">Writes the next attribute to the stream as a java.sql.Date object. Writes the next attribute to the stream as a <code>java.sql.Date</code> object in the Java programming language.                          </div><dl> <dt> <span class="strong">Parameters:</span>   </dt><dd> <code>x</code> - the value to pass to the database         </dd> <dt> <span class="strong">Throws:</span>   </dt><dd> <code><a href="../../java/sql/SQLException.html" title="class in java.sql">SQLException</a></code> - if a database access error occurs        </dd><dd> <code><a href="../../java/sql/SQLFeatureNotSupportedException.html" title="class in java.sql">SQLFeatureNotSupportedException</a></code> - if the JDBC driver does not support this method           </dd> <dt> <span class="strong">Since:</span>   </dt><dd>1.2</dd>   </dl></li></ul> <a end_ctx_id="method:writeDate(java.sql.Date)"/>  </td></tr></table></td></tr></table><table border="0" cellpadding="1" cellspacing="0" width="100%"><tr><td><h3 class="ctxid">method:writeTime(java.sql.Time) [NONE]</h3></td></tr><tr><td><table border="0" cellpadding="5" cellspacing="1" bgcolor="black" width="100%"><tr valign="top"><td bgcolor="#FFFFFF" colspan="1"> <a start_ctx_id="method:writeTime(java.sql.Time)"/><a name="writeTime(java.sql.Time)"/><ul class="blockList"><li class="blockList"><h4>writeTime</h4><pre>void writeTime(<a href="../../java/sql/Time.html" title="class in java.sql">Time</a> x)
        throws <a href="../../java/sql/SQLException.html" title="class in java.sql">SQLException</a></pre><div class="block">Writes the next attribute to the stream as a java.sql.Time object. Writes the next attribute to the stream as a <code>java.sql.Date</code> object in the Java programming language.                          </div><dl> <dt> <span class="strong">Parameters:</span>   </dt><dd> <code>x</code> - the value to pass to the database         </dd> <dt> <span class="strong">Throws:</span>   </dt><dd> <code><a href="../../java/sql/SQLException.html" title="class in java.sql">SQLException</a></code> - if a database access error occurs        </dd><dd> <code><a href="../../java/sql/SQLFeatureNotSupportedException.html" title="class in java.sql">SQLFeatureNotSupportedException</a></code> - if the JDBC driver does not support this method           </dd> <dt> <span class="strong">Since:</span>   </dt><dd>1.2</dd>   </dl></li></ul> <a end_ctx_id="method:writeTime(java.sql.Time)"/>  </td></tr></table></td></tr></table><table border="0" cellpadding="1" cellspacing="0" width="100%"><tr><td><h3 class="ctxid">method:writeTimestamp(java.sql.Timestamp) [NONE]</h3></td></tr><tr><td><table border="0" cellpadding="5" cellspacing="1" bgcolor="black" width="100%"><tr valign="top"><td bgcolor="#FFFFFF" colspan="1"> <a start_ctx_id="method:writeTimestamp(java.sql.Timestamp)"/><a name="writeTimestamp(java.sql.Timestamp)"/><ul class="blockList"><li class="blockList"><h4>writeTimestamp</h4><pre>void writeTimestamp(<a href="../../java/sql/Timestamp.html" title="class in java.sql">Timestamp</a> x)
             throws <a href="../../java/sql/SQLException.html" title="class in java.sql">SQLException</a></pre><div class="block">Writes the next attribute to the stream as a java.sql.Timestamp object. Writes the next attribute to the stream as a <code>java.sql.Date</code> object in the Java programming language.                          </div><dl> <dt> <span class="strong">Parameters:</span>   </dt><dd> <code>x</code> - the value to pass to the database         </dd> <dt> <span class="strong">Throws:</span>   </dt><dd> <code><a href="../../java/sql/SQLException.html" title="class in java.sql">SQLException</a></code> - if a database access error occurs        </dd><dd> <code><a href="../../java/sql/SQLFeatureNotSupportedException.html" title="class in java.sql">SQLFeatureNotSupportedException</a></code> - if the JDBC driver does not support this method           </dd> <dt> <span class="strong">Since:</span>   </dt><dd>1.2</dd>   </dl></li></ul> <a end_ctx_id="method:writeTimestamp(java.sql.Timestamp)"/>  </td></tr></table></td></tr></table><table border="0" cellpadding="1" cellspacing="0" width="100%"><tr><td><h3 class="ctxid">method:writeCharacterStream(java.io.Reader) [NONE]</h3></td></tr><tr><td><table border="0" cellpadding="5" cellspacing="1" bgcolor="black" width="100%"><tr valign="top"><td bgcolor="#FFFFFF" colspan="1"> <a start_ctx_id="method:writeCharacterStream(java.io.Reader)"/><a name="writeCharacterStream(java.io.Reader)"/><ul class="blockList"><li class="blockList"><h4>writeCharacterStream</h4><pre>void writeCharacterStream(java.io.Reader x)
                   throws <a href="../../java/sql/SQLException.html" title="class in java.sql">SQLException</a></pre><div class="block">Writes the next attribute to the stream as a stream of Unicode characters.            </div><dl> <dt> <span class="strong">Parameters:</span>   </dt><dd> <code>x</code> - the value to pass to the database         </dd> <dt> <span class="strong">Throws:</span>   </dt><dd> <code><a href="../../java/sql/SQLException.html" title="class in java.sql">SQLException</a></code> - if a database access error occurs        </dd><dd> <code><a href="../../java/sql/SQLFeatureNotSupportedException.html" title="class in java.sql">SQLFeatureNotSupportedException</a></code> - if the JDBC driver does not support this method           </dd> <dt> <span class="strong">Since:</span>   </dt><dd>1.2</dd>   </dl></li></ul> <a end_ctx_id="method:writeCharacterStream(java.io.Reader)"/>  </td></tr></table></td></tr></table><table border="0" cellpadding="1" cellspacing="0" width="100%"><tr><td><h3 class="ctxid">method:writeAsciiStream(java.io.InputStream) [NONE]</h3></td></tr><tr><td><table border="0" cellpadding="5" cellspacing="1" bgcolor="black" width="100%"><tr valign="top"><td bgcolor="#FFFFFF" colspan="1"> <a start_ctx_id="method:writeAsciiStream(java.io.InputStream)"/><a name="writeAsciiStream(java.io.InputStream)"/><ul class="blockList"><li class="blockList"><h4>writeAsciiStream</h4><pre>void writeAsciiStream(java.io.InputStream x)
               throws <a href="../../java/sql/SQLException.html" title="class in java.sql">SQLException</a></pre><div class="block">Writes the next attribute to the stream as a stream of ASCII characters.            </div><dl> <dt> <span class="strong">Parameters:</span>   </dt><dd> <code>x</code> - the value to pass to the database         </dd> <dt> <span class="strong">Throws:</span>   </dt><dd> <code><a href="../../java/sql/SQLException.html" title="class in java.sql">SQLException</a></code> - if a database access error occurs        </dd><dd> <code><a href="../../java/sql/SQLFeatureNotSupportedException.html" title="class in java.sql">SQLFeatureNotSupportedException</a></code> - if the JDBC driver does not support this method           </dd> <dt> <span class="strong">Since:</span>   </dt><dd>1.2</dd>   </dl></li></ul> <a end_ctx_id="method:writeAsciiStream(java.io.InputStream)"/>  </td></tr></table></td></tr></table><table border="0" cellpadding="1" cellspacing="0" width="100%"><tr><td><h3 class="ctxid">method:writeBinaryStream(java.io.InputStream) [NONE]</h3></td></tr><tr><td><table border="0" cellpadding="5" cellspacing="1" bgcolor="black" width="100%"><tr valign="top"><td bgcolor="#FFFFFF" colspan="1"> <a start_ctx_id="method:writeBinaryStream(java.io.InputStream)"/><a name="writeBinaryStream(java.io.InputStream)"/><ul class="blockList"><li class="blockList"><h4>writeBinaryStream</h4><pre>void writeBinaryStream(java.io.InputStream x)
                throws <a href="../../java/sql/SQLException.html" title="class in java.sql">SQLException</a></pre><div class="block">Writes the next attribute to the stream as a stream of uninterpreted bytes.            </div><dl> <dt> <span class="strong">Parameters:</span>   </dt><dd> <code>x</code> - the value to pass to the database         </dd> <dt> <span class="strong">Throws:</span>   </dt><dd> <code><a href="../../java/sql/SQLException.html" title="class in java.sql">SQLException</a></code> - if a database access error occurs        </dd><dd> <code><a href="../../java/sql/SQLFeatureNotSupportedException.html" title="class in java.sql">SQLFeatureNotSupportedException</a></code> - if the JDBC driver does not support this method           </dd> <dt> <span class="strong">Since:</span>   </dt><dd>1.2</dd>   </dl></li></ul> <a end_ctx_id="method:writeBinaryStream(java.io.InputStream)"/>  </td></tr></table></td></tr></table><table border="0" cellpadding="1" cellspacing="0" width="100%"><tr><td><h3 class="ctxid">method:writeObject(java.sql.SQLData) [CHANGED]</h3></td></tr><tr><td><table border="0" cellpadding="5" cellspacing="1" bgcolor="black" width="100%"><tr valign="top"><td bgcolor="#EEEEEE" colspan="2"> <a start_ctx_id="method:writeObject(java.sql.SQLData)"/><a name="writeObject(java.sql.SQLData)"/><ul class="blockList"><li class="blockList"><h4>writeObject</h4><pre>void writeObject(<a href="../../java/sql/SQLData.html" title="interface in java.sql">SQLData</a> x)
          throws <a href="../../java/sql/SQLException.html" title="class in java.sql">SQLException</a></pre><div class="block">Writes to the stream the data contained in the given <code>SQLData</code> object. When the <code>SQLData</code> object is <code>null</code>, this method writes an SQL <code>NULL</code> to the stream. Otherwise, it calls the <code>SQLData.writeSQL</code> method of the given object, which writes the object's attributes to the stream. The implementation of the method <code>SQLData.<span class="diff-html-removed">writeSQ</span><span class="diff-html-added">writeSQL</span></code> calls the appropriate <code>SQLOutput</code> writer method(s) for writing each of the object's attributes in order. The attributes must be read from an <code>SQLInput</code> input stream and written to an <code>SQLOutput</code> output stream in the same order in which they were listed in the SQL definition of the user-defined type.                                                                                                   </div><dl> <dt> <span class="strong">Parameters:</span>   </dt><dd> <code>x</code> - the object representing data of an SQL structured or distinct type             </dd> <dt> <span class="strong">Throws:</span>   </dt><dd> <code><a href="../../java/sql/SQLException.html" title="class in java.sql">SQLException</a></code> - if a database access error occurs        </dd><dd> <code><a href="../../java/sql/SQLFeatureNotSupportedException.html" title="class in java.sql">SQLFeatureNotSupportedException</a></code> - if the JDBC driver does not support this method           </dd> <dt> <span class="strong">Since:</span>   </dt><dd>1.2</dd>   </dl></li></ul> <a end_ctx_id="method:writeObject(java.sql.SQLData)"/>  </td></tr><tr valign="top"><td bgcolor="#CCCCCC" colspan="1"> <a start_ctx_id="method:writeObject(java.sql.SQLData)"/><a name="writeObject(java.sql.SQLData)"/><ul class="blockList"><li class="blockList"><h4>writeObject</h4><pre>void writeObject(<a href="../../java/sql/SQLData.html" title="interface in java.sql">SQLData</a> x)
          throws <a href="../../java/sql/SQLException.html" title="class in java.sql">SQLException</a></pre><div class="block">Writes to the stream the data contained in the given <code>SQLData</code> object. When the <code>SQLData</code> object is <code>null</code>, this method writes an SQL <code>NULL</code> to the stream. Otherwise, it calls the <code>SQLData.writeSQL</code> method of the given object, which writes the object's attributes to the stream. The implementation of the method <code>SQLData.writeSQ</code> calls the appropriate <code>SQLOutput</code> writer method(s) for writing each of the object's attributes in order. The attributes must be read from an <code>SQLInput</code> input stream and written to an <code>SQLOutput</code> output stream in the same order in which they were listed in the SQL definition of the user-defined type.                                                                                                   </div><dl> <dt> <span class="strong">Parameters:</span>   </dt><dd> <code>x</code> - the object representing data of an SQL structured or distinct type             </dd> <dt> <span class="strong">Throws:</span>   </dt><dd> <code><a href="../../java/sql/SQLException.html" title="class in java.sql">SQLException</a></code> - if a database access error occurs        </dd><dd> <code><a href="../../java/sql/SQLFeatureNotSupportedException.html" title="class in java.sql">SQLFeatureNotSupportedException</a></code> - if the JDBC driver does not support this method           </dd> <dt> <span class="strong">Since:</span>   </dt><dd>1.2</dd>   </dl></li></ul> <a end_ctx_id="method:writeObject(java.sql.SQLData)"/>  </td><td bgcolor="#FFFFFF" colspan="1"> <a start_ctx_id="method:writeObject(java.sql.SQLData)"/><a name="writeObject(java.sql.SQLData)"/><ul class="blockList"><li class="blockList"><h4>writeObject</h4><pre>void writeObject(<a href="../../java/sql/SQLData.html" title="interface in java.sql">SQLData</a> x)
          throws <a href="../../java/sql/SQLException.html" title="class in java.sql">SQLException</a></pre><div class="block">Writes to the stream the data contained in the given <code>SQLData</code> object. When the <code>SQLData</code> object is <code>null</code>, this method writes an SQL <code>NULL</code> to the stream. Otherwise, it calls the <code>SQLData.writeSQL</code> method of the given object, which writes the object's attributes to the stream. The implementation of the method <code>SQLData.writeSQL</code> calls the appropriate <code>SQLOutput</code> writer method(s) for writing each of the object's attributes in order. The attributes must be read from an <code>SQLInput</code> input stream and written to an <code>SQLOutput</code> output stream in the same order in which they were listed in the SQL definition of the user-defined type.                                                                                                   </div><dl> <dt> <span class="strong">Parameters:</span>   </dt><dd> <code>x</code> - the object representing data of an SQL structured or distinct type             </dd> <dt> <span class="strong">Throws:</span>   </dt><dd> <code><a href="../../java/sql/SQLException.html" title="class in java.sql">SQLException</a></code> - if a database access error occurs        </dd><dd> <code><a href="../../java/sql/SQLFeatureNotSupportedException.html" title="class in java.sql">SQLFeatureNotSupportedException</a></code> - if the JDBC driver does not support this method           </dd> <dt> <span class="strong">Since:</span>   </dt><dd>1.2</dd>   </dl></li></ul> <a end_ctx_id="method:writeObject(java.sql.SQLData)"/>  </td></tr></table></td></tr></table><table border="0" cellpadding="1" cellspacing="0" width="100%"><tr><td><h3 class="ctxid">method:writeRef(java.sql.Ref) [NONE]</h3></td></tr><tr><td><table border="0" cellpadding="5" cellspacing="1" bgcolor="black" width="100%"><tr valign="top"><td bgcolor="#FFFFFF" colspan="1"> <a start_ctx_id="method:writeRef(java.sql.Ref)"/><a name="writeRef(java.sql.Ref)"/><ul class="blockList"><li class="blockList"><h4>writeRef</h4><pre>void writeRef(<a href="../../java/sql/Ref.html" title="interface in java.sql">Ref</a> x)
       throws <a href="../../java/sql/SQLException.html" title="class in java.sql">SQLException</a></pre><div class="block">Writes an SQL <code>REF</code> value to the stream.       </div><dl> <dt> <span class="strong">Parameters:</span>   </dt><dd> <code>x</code> - a <code>Ref</code> object representing data of an SQL <code>REF</code> value            </dd> <dt> <span class="strong">Throws:</span>   </dt><dd> <code><a href="../../java/sql/SQLException.html" title="class in java.sql">SQLException</a></code> - if a database access error occurs        </dd><dd> <code><a href="../../java/sql/SQLFeatureNotSupportedException.html" title="class in java.sql">SQLFeatureNotSupportedException</a></code> - if the JDBC driver does not support this method           </dd> <dt> <span class="strong">Since:</span>   </dt><dd>1.2</dd>   </dl></li></ul> <a end_ctx_id="method:writeRef(java.sql.Ref)"/>  </td></tr></table></td></tr></table><table border="0" cellpadding="1" cellspacing="0" width="100%"><tr><td><h3 class="ctxid">method:writeBlob(java.sql.Blob) [NONE]</h3></td></tr><tr><td><table border="0" cellpadding="5" cellspacing="1" bgcolor="black" width="100%"><tr valign="top"><td bgcolor="#FFFFFF" colspan="1"> <a start_ctx_id="method:writeBlob(java.sql.Blob)"/><a name="writeBlob(java.sql.Blob)"/><ul class="blockList"><li class="blockList"><h4>writeBlob</h4><pre>void writeBlob(<a href="../../java/sql/Blob.html" title="interface in java.sql">Blob</a> x)
        throws <a href="../../java/sql/SQLException.html" title="class in java.sql">SQLException</a></pre><div class="block">Writes an SQL <code>BLOB</code> value to the stream.       </div><dl> <dt> <span class="strong">Parameters:</span>   </dt><dd> <code>x</code> - a <code>Blob</code> object representing data of an SQL <code>BLOB</code> value            </dd> <dt> <span class="strong">Throws:</span>   </dt><dd> <code><a href="../../java/sql/SQLException.html" title="class in java.sql">SQLException</a></code> - if a database access error occurs        </dd><dd> <code><a href="../../java/sql/SQLFeatureNotSupportedException.html" title="class in java.sql">SQLFeatureNotSupportedException</a></code> - if the JDBC driver does not support this method           </dd> <dt> <span class="strong">Since:</span>   </dt><dd>1.2</dd>   </dl></li></ul> <a end_ctx_id="method:writeBlob(java.sql.Blob)"/>  </td></tr></table></td></tr></table><table border="0" cellpadding="1" cellspacing="0" width="100%"><tr><td><h3 class="ctxid">method:writeClob(java.sql.Clob) [NONE]</h3></td></tr><tr><td><table border="0" cellpadding="5" cellspacing="1" bgcolor="black" width="100%"><tr valign="top"><td bgcolor="#FFFFFF" colspan="1"> <a start_ctx_id="method:writeClob(java.sql.Clob)"/><a name="writeClob(java.sql.Clob)"/><ul class="blockList"><li class="blockList"><h4>writeClob</h4><pre>void writeClob(<a href="../../java/sql/Clob.html" title="interface in java.sql">Clob</a> x)
        throws <a href="../../java/sql/SQLException.html" title="class in java.sql">SQLException</a></pre><div class="block">Writes an SQL <code>CLOB</code> value to the stream.       </div><dl> <dt> <span class="strong">Parameters:</span>   </dt><dd> <code>x</code> - a <code>Clob</code> object representing data of an SQL <code>CLOB</code> value            </dd> <dt> <span class="strong">Throws:</span>   </dt><dd> <code><a href="../../java/sql/SQLException.html" title="class in java.sql">SQLException</a></code> - if a database access error occurs        </dd><dd> <code><a href="../../java/sql/SQLFeatureNotSupportedException.html" title="class in java.sql">SQLFeatureNotSupportedException</a></code> - if the JDBC driver does not support this method           </dd> <dt> <span class="strong">Since:</span>   </dt><dd>1.2</dd>   </dl></li></ul> <a end_ctx_id="method:writeClob(java.sql.Clob)"/>  </td></tr></table></td></tr></table><table border="0" cellpadding="1" cellspacing="0" width="100%"><tr><td><h3 class="ctxid">method:writeStruct(java.sql.Struct) [NONE]</h3></td></tr><tr><td><table border="0" cellpadding="5" cellspacing="1" bgcolor="black" width="100%"><tr valign="top"><td bgcolor="#FFFFFF" colspan="1"> <a start_ctx_id="method:writeStruct(java.sql.Struct)"/><a name="writeStruct(java.sql.Struct)"/><ul class="blockList"><li class="blockList"><h4>writeStruct</h4><pre>void writeStruct(<a href="../../java/sql/Struct.html" title="interface in java.sql">Struct</a> x)
          throws <a href="../../java/sql/SQLException.html" title="class in java.sql">SQLException</a></pre><div class="block">Writes an SQL structured type value to the stream.        </div><dl> <dt> <span class="strong">Parameters:</span>   </dt><dd> <code>x</code> - a <code>Struct</code> object representing data of an SQL structured type            </dd> <dt> <span class="strong">Throws:</span>   </dt><dd> <code><a href="../../java/sql/SQLException.html" title="class in java.sql">SQLException</a></code> - if a database access error occurs        </dd><dd> <code><a href="../../java/sql/SQLFeatureNotSupportedException.html" title="class in java.sql">SQLFeatureNotSupportedException</a></code> - if the JDBC driver does not support this method           </dd> <dt> <span class="strong">Since:</span>   </dt><dd>1.2</dd>   </dl></li></ul> <a end_ctx_id="method:writeStruct(java.sql.Struct)"/>  </td></tr></table></td></tr></table><table border="0" cellpadding="1" cellspacing="0" width="100%"><tr><td><h3 class="ctxid">method:writeArray(java.sql.Array) [NONE]</h3></td></tr><tr><td><table border="0" cellpadding="5" cellspacing="1" bgcolor="black" width="100%"><tr valign="top"><td bgcolor="#FFFFFF" colspan="1"> <a start_ctx_id="method:writeArray(java.sql.Array)"/><a name="writeArray(java.sql.Array)"/><ul class="blockList"><li class="blockList"><h4>writeArray</h4><pre>void writeArray(<a href="../../java/sql/Array.html" title="interface in java.sql">Array</a> x)
         throws <a href="../../java/sql/SQLException.html" title="class in java.sql">SQLException</a></pre><div class="block">Writes an SQL <code>ARRAY</code> value to the stream.       </div><dl> <dt> <span class="strong">Parameters:</span>   </dt><dd> <code>x</code> - an <code>Array</code> object representing data of an SQL <code>ARRAY</code> type            </dd> <dt> <span class="strong">Throws:</span>   </dt><dd> <code><a href="../../java/sql/SQLException.html" title="class in java.sql">SQLException</a></code> - if a database access error occurs        </dd><dd> <code><a href="../../java/sql/SQLFeatureNotSupportedException.html" title="class in java.sql">SQLFeatureNotSupportedException</a></code> - if the JDBC driver does not support this method           </dd> <dt> <span class="strong">Since:</span>   </dt><dd>1.2</dd>   </dl></li></ul> <a end_ctx_id="method:writeArray(java.sql.Array)"/>  </td></tr></table></td></tr></table><table border="0" cellpadding="1" cellspacing="0" width="100%"><tr><td><h3 class="ctxid">method:writeURL(java.net.URL) [NONE]</h3></td></tr><tr><td><table border="0" cellpadding="5" cellspacing="1" bgcolor="black" width="100%"><tr valign="top"><td bgcolor="#FFFFFF" colspan="1"> <a start_ctx_id="method:writeURL(java.net.URL)"/><a name="writeURL(java.net.URL)"/><ul class="blockList"><li class="blockList"><h4>writeURL</h4><pre>void writeURL(java.net.URL x)
       throws <a href="../../java/sql/SQLException.html" title="class in java.sql">SQLException</a></pre><div class="block">Writes a SQL <code>DATALINK</code> value to the stream.       </div><dl> <dt> <span class="strong">Parameters:</span>   </dt><dd> <code>x</code> - a <code>java.net.URL</code> object representing the data of SQL DATALINK type            </dd> <dt> <span class="strong">Throws:</span>   </dt><dd> <code><a href="../../java/sql/SQLException.html" title="class in java.sql">SQLException</a></code> - if a database access error occurs        </dd><dd> <code><a href="../../java/sql/SQLFeatureNotSupportedException.html" title="class in java.sql">SQLFeatureNotSupportedException</a></code> - if the JDBC driver does not support this method           </dd> <dt> <span class="strong">Since:</span>   </dt><dd>1.4</dd>   </dl></li></ul> <a end_ctx_id="method:writeURL(java.net.URL)"/>  </td></tr></table></td></tr></table><table border="0" cellpadding="1" cellspacing="0" width="100%"><tr><td><h3 class="ctxid">method:writeNString(java.lang.String) [NONE]</h3></td></tr><tr><td><table border="0" cellpadding="5" cellspacing="1" bgcolor="black" width="100%"><tr valign="top"><td bgcolor="#FFFFFF" colspan="1"> <a start_ctx_id="method:writeNString(java.lang.String)"/><a name="writeNString(java.lang.String)"/><ul class="blockList"><li class="blockList"><h4>writeNString</h4><pre>void writeNString(java.lang.String x)
           throws <a href="../../java/sql/SQLException.html" title="class in java.sql">SQLException</a></pre><div class="block">Writes the next attribute to the stream as a <code>String</code> in the Java programming language. The driver converts this to a SQL <code>NCHAR</code> or <code>NVARCHAR</code> or <code>LONGNVARCHAR</code> value (depending on the argument's size relative to the driver's limits on <code>NVARCHAR</code> values) when it sends it to the stream.                                               </div><dl> <dt> <span class="strong">Parameters:</span>   </dt><dd> <code>x</code> - the value to pass to the database         </dd> <dt> <span class="strong">Throws:</span>   </dt><dd> <code><a href="../../java/sql/SQLException.html" title="class in java.sql">SQLException</a></code> - if a database access error occurs        </dd><dd> <code><a href="../../java/sql/SQLFeatureNotSupportedException.html" title="class in java.sql">SQLFeatureNotSupportedException</a></code> - if the JDBC driver does not support this method           </dd> <dt> <span class="strong">Since:</span>   </dt><dd>1.6</dd>   </dl></li></ul> <a end_ctx_id="method:writeNString(java.lang.String)"/>  </td></tr></table></td></tr></table><table border="0" cellpadding="1" cellspacing="0" width="100%"><tr><td><h3 class="ctxid">method:writeNClob(java.sql.NClob) [NONE]</h3></td></tr><tr><td><table border="0" cellpadding="5" cellspacing="1" bgcolor="black" width="100%"><tr valign="top"><td bgcolor="#FFFFFF" colspan="1"> <a start_ctx_id="method:writeNClob(java.sql.NClob)"/><a name="writeNClob(java.sql.NClob)"/><ul class="blockList"><li class="blockList"><h4>writeNClob</h4><pre>void writeNClob(<a href="../../java/sql/NClob.html" title="interface in java.sql">NClob</a> x)
         throws <a href="../../java/sql/SQLException.html" title="class in java.sql">SQLException</a></pre><div class="block">Writes an SQL <code>NCLOB</code> value to the stream.       </div><dl> <dt> <span class="strong">Parameters:</span>   </dt><dd> <code>x</code> - a <code>NClob</code> object representing data of an SQL <code>NCLOB</code> value            </dd> <dt> <span class="strong">Throws:</span>   </dt><dd> <code><a href="../../java/sql/SQLException.html" title="class in java.sql">SQLException</a></code> - if a database access error occurs        </dd><dd> <code><a href="../../java/sql/SQLFeatureNotSupportedException.html" title="class in java.sql">SQLFeatureNotSupportedException</a></code> - if the JDBC driver does not support this method           </dd> <dt> <span class="strong">Since:</span>   </dt><dd>1.6</dd>   </dl></li></ul> <a end_ctx_id="method:writeNClob(java.sql.NClob)"/>  </td></tr></table></td></tr></table><table border="0" cellpadding="1" cellspacing="0" width="100%"><tr><td><h3 class="ctxid">method:writeRowId(java.sql.RowId) [NONE]</h3></td></tr><tr><td><table border="0" cellpadding="5" cellspacing="1" bgcolor="black" width="100%"><tr valign="top"><td bgcolor="#FFFFFF" colspan="1"> <a start_ctx_id="method:writeRowId(java.sql.RowId)"/><a name="writeRowId(java.sql.RowId)"/><ul class="blockList"><li class="blockList"><h4>writeRowId</h4><pre>void writeRowId(<a href="../../java/sql/RowId.html" title="interface in java.sql">RowId</a> x)
         throws <a href="../../java/sql/SQLException.html" title="class in java.sql">SQLException</a></pre><div class="block">Writes an SQL <code>ROWID</code> value to the stream.       </div><dl> <dt> <span class="strong">Parameters:</span>   </dt><dd> <code>x</code> - a <code>RowId</code> object representing data of an SQL <code>ROWID</code> value            </dd> <dt> <span class="strong">Throws:</span>   </dt><dd> <code><a href="../../java/sql/SQLException.html" title="class in java.sql">SQLException</a></code> - if a database access error occurs        </dd><dd> <code><a href="../../java/sql/SQLFeatureNotSupportedException.html" title="class in java.sql">SQLFeatureNotSupportedException</a></code> - if the JDBC driver does not support this method           </dd> <dt> <span class="strong">Since:</span>   </dt><dd>1.6</dd>   </dl></li></ul> <a end_ctx_id="method:writeRowId(java.sql.RowId)"/>  </td></tr></table></td></tr></table><table border="0" cellpadding="1" cellspacing="0" width="100%"><tr><td><h3 class="ctxid">method:writeSQLXML(java.sql.SQLXML) [NONE]</h3></td></tr><tr><td><table border="0" cellpadding="5" cellspacing="1" bgcolor="black" width="100%"><tr valign="top"><td bgcolor="#FFFFFF" colspan="1"> <a start_ctx_id="method:writeSQLXML(java.sql.SQLXML)"/><a name="writeSQLXML(java.sql.SQLXML)"/><ul class="blockList"><li class="blockList"><h4>writeSQLXML</h4><pre>void writeSQLXML(<a href="../../java/sql/SQLXML.html" title="interface in java.sql">SQLXML</a> x)
          throws <a href="../../java/sql/SQLException.html" title="class in java.sql">SQLException</a></pre><div class="block">Writes an SQL <code>XML</code> value to the stream.       </div><dl> <dt> <span class="strong">Parameters:</span>   </dt><dd> <code>x</code> - a <code>SQLXML</code> object representing data of an SQL <code>XML</code> value            </dd> <dt> <span class="strong">Throws:</span>   </dt><dd> <code><a href="../../java/sql/SQLException.html" title="class in java.sql">SQLException</a></code> - if a database access error occurs, the <code>java.xml.transform.Result</code>, <code>Writer</code> or <code>OutputStream</code> has not been closed for the <code>SQLXML</code> object or if there is an error processing the XML value. The <code>getCause</code> method of the exception may provide a more detailed exception, for example, if the stream does not contain valid XML.                                                     </dd><dd> <code><a href="../../java/sql/SQLFeatureNotSupportedException.html" title="class in java.sql">SQLFeatureNotSupportedException</a></code> - if the JDBC driver does not support this method           </dd> <dt> <span class="strong">Since:</span>   </dt><dd>1.6</dd>   </dl></li></ul> <a end_ctx_id="method:writeSQLXML(java.sql.SQLXML)"/>  </td></tr></table></td></tr></table><table border="0" cellpadding="1" cellspacing="0" width="100%"><tr><td><h3 class="ctxid">method:writeObject(java.lang.Object, java.sql.SQLType) [ADDED]</h3></td></tr><tr><td><table border="0" cellpadding="5" cellspacing="1" bgcolor="black" width="100%"><tr valign="top"><td bgcolor="#FFFFFF" colspan="1"> <a start_ctx_id="method:writeObject(java.lang.Object, java.sql.SQLType)"><span class="diff-html-added"/></a><a name="writeObject(java.lang.Object, java.sql.SQLType)"/><ul class="blockListLast"><li class="blockList"><h4><span class="diff-html-added">writeObject</span></h4><pre><span class="diff-html-added">default void writeObject(java.lang.Object x,</span>
                         <a href="../../java/sql/SQLType.html" title="interface in java.sql"><span class="diff-html-added">SQLType</span></a><span class="diff-html-added"> targetSqlType)</span>
                  <span class="diff-html-added">throws</span> <a href="../../java/sql/SQLException.html" title="class in java.sql"><span class="diff-html-added">SQLException</span></a></pre><div class="block"><span class="diff-html-added">Writes</span> <span class="diff-html-added">to</span> <span class="diff-html-added">the</span> <span class="diff-html-added">stream</span> <span class="diff-html-added">the</span> <span class="diff-html-added">data</span> <span class="diff-html-added">contained</span> <span class="diff-html-added">in</span> <span class="diff-html-added">the</span> <span class="diff-html-added">given</span> <span class="diff-html-added">object.</span> <span class="diff-html-added">The</span> <span class="diff-html-added">object</span> <span class="diff-html-added">will</span> <span class="diff-html-added">be</span> <span class="diff-html-added">converted</span> <span class="diff-html-added">to</span> <span class="diff-html-added">the</span> <span class="diff-html-added">specified</span> <span class="diff-html-added">targetSqlType</span> <span class="diff-html-added">before</span> <span class="diff-html-added">being</span> <span class="diff-html-added">sent</span> <span class="diff-html-added">to</span> <span class="diff-html-added">the</span> <span class="diff-html-added">stream.</span><p> <span class="diff-html-added">When</span> <span class="diff-html-added">the</span> <code><span class="diff-html-added">object</span></code> <span class="diff-html-added">is</span> <code><span class="diff-html-added">null</span></code><span class="diff-html-added">,</span> <span class="diff-html-added">this</span> <span class="diff-html-added">method</span> <span class="diff-html-added">writes</span> <span class="diff-html-added">an</span> <span class="diff-html-added">SQL</span> <code><span class="diff-html-added">NULL</span></code> <span class="diff-html-added">to</span> <span class="diff-html-added">the</span> <span class="diff-html-added">stream.</span>              </p><p> <span class="diff-html-added">If</span> <span class="diff-html-added">the</span> <span class="diff-html-added">object</span> <span class="diff-html-added">has</span> <span class="diff-html-added">a</span> <span class="diff-html-added">custom</span> <span class="diff-html-added">mapping</span> <span class="diff-html-added">(is</span> <span class="diff-html-added">of</span> <span class="diff-html-added">a</span> <span class="diff-html-added">class</span> <span class="diff-html-added">implementing</span> <span class="diff-html-added">the</span> <span class="diff-html-added">interface</span> <code><span class="diff-html-added">SQLData</span></code><span class="diff-html-added">),</span> <span class="diff-html-added">the</span> <span class="diff-html-added">JDBC</span> <span class="diff-html-added">driver</span> <span class="diff-html-added">should</span> <span class="diff-html-added">call</span> <span class="diff-html-added">the</span> <span class="diff-html-added">method</span> <code><span class="diff-html-added">SQLData.writeSQL</span></code> <span class="diff-html-added">to</span> <span class="diff-html-added">write</span> <span class="diff-html-added">it</span> <span class="diff-html-added">to</span> <span class="diff-html-added">the</span> <span class="diff-html-added">SQL</span> <span class="diff-html-added">data</span> <span class="diff-html-added">stream.</span> <span class="diff-html-added">If,</span> <span class="diff-html-added">on</span> <span class="diff-html-added">the</span> <span class="diff-html-added">other</span> <span class="diff-html-added">hand,</span> <span class="diff-html-added">the</span> <span class="diff-html-added">object</span> <span class="diff-html-added">is</span> <span class="diff-html-added">of</span> <span class="diff-html-added">a</span> <span class="diff-html-added">class</span> <span class="diff-html-added">implementing</span> <code><span class="diff-html-added">Ref</span></code><span class="diff-html-added">,</span> <code><span class="diff-html-added">Blob</span></code><span class="diff-html-added">,</span> <code><span class="diff-html-added">Clob</span></code><span class="diff-html-added">,</span> <code><span class="diff-html-added">NClob</span></code><span class="diff-html-added">,</span> <code><span class="diff-html-added">Struct</span></code><span class="diff-html-added">,</span> <code><span class="diff-html-added">java.net.URL</span></code><span class="diff-html-added">,</span> <span class="diff-html-added">or</span> <code><span class="diff-html-added">Array</span></code><span class="diff-html-added">,</span> <span class="diff-html-added">the</span> <span class="diff-html-added">driver</span> <span class="diff-html-added">should</span> <span class="diff-html-added">pass</span> <span class="diff-html-added">it</span> <span class="diff-html-added">to</span> <span class="diff-html-added">the</span> <span class="diff-html-added">database</span> <span class="diff-html-added">as</span> <span class="diff-html-added">a</span> <span class="diff-html-added">value</span> <span class="diff-html-added">of</span> <span class="diff-html-added">the</span> <span class="diff-html-added">corresponding</span> <span class="diff-html-added">SQL</span> <span class="diff-html-added">type.</span>                                                                   </p><p> <span class="diff-html-added">The</span> <span class="diff-html-added">default</span> <span class="diff-html-added">implementation</span> <span class="diff-html-added">will</span> <span class="diff-html-added">throw</span> <code><span class="diff-html-added">SQLFeatureNotSupportedException</span></code>      </p>                         </div><dl> <dt> <span class="strong"><span class="diff-html-added">Parameters:</span></span>   </dt><dd> <code><span class="diff-html-added">x</span></code> <span class="diff-html-added">-</span> <span class="diff-html-added">the</span> <span class="diff-html-added">object</span> <span class="diff-html-added">containing</span> <span class="diff-html-added">the</span> <span class="diff-html-added">input</span> <span class="diff-html-added">parameter</span> <span class="diff-html-added">value</span>         </dd><dd> <code><span class="diff-html-added">targetSqlType</span></code> <span class="diff-html-added">-</span> <span class="diff-html-added">the</span> <span class="diff-html-added">SQL</span> <span class="diff-html-added">type</span> <span class="diff-html-added">to</span> <span class="diff-html-added">be</span> <span class="diff-html-added">sent</span> <span class="diff-html-added">to</span> <span class="diff-html-added">the</span> <span class="diff-html-added">database.</span>           </dd> <dt> <span class="strong"><span class="diff-html-added">Throws:</span></span>   </dt><dd> <code><a href="../../java/sql/SQLException.html" title="class in java.sql"><span class="diff-html-added">SQLException</span></a></code> <span class="diff-html-added">-</span> <span class="diff-html-added">if</span> <span class="diff-html-added">a</span> <span class="diff-html-added">database</span> <span class="diff-html-added">access</span> <span class="diff-html-added">error</span> <span class="diff-html-added">occurs</span> <span class="diff-html-added">or</span> <span class="diff-html-added">if</span> <span class="diff-html-added">the</span> <span class="diff-html-added">Java</span> <span class="diff-html-added">Object</span> <span class="diff-html-added">specified</span> <span class="diff-html-added">by</span> <span class="diff-html-added">x</span> <span class="diff-html-added">is</span> <span class="diff-html-added">an</span> <span class="diff-html-added">InputStream</span> <span class="diff-html-added">or</span> <span class="diff-html-added">Reader</span> <span class="diff-html-added">object</span> <span class="diff-html-added">and</span> <span class="diff-html-added">the</span> <span class="diff-html-added">value</span> <span class="diff-html-added">of</span> <span class="diff-html-added">the</span> <span class="diff-html-added">scale</span> <span class="diff-html-added">parameter</span> <span class="diff-html-added">is</span> <span class="diff-html-added">less</span> <span class="diff-html-added">than</span> <span class="diff-html-added">zero</span>                                 </dd><dd> <code><a href="../../java/sql/SQLFeatureNotSupportedException.html" title="class in java.sql"><span class="diff-html-added">SQLFeatureNotSupportedException</span></a></code> <span class="diff-html-added">-</span> <span class="diff-html-added">if</span> <span class="diff-html-added">the</span> <span class="diff-html-added">JDBC</span> <span class="diff-html-added">driver</span> <span class="diff-html-added">does</span> <span class="diff-html-added">not</span> <span class="diff-html-added">support</span> <span class="diff-html-added">this</span> <span class="diff-html-added">data</span> <span class="diff-html-added">type</span>            </dd> <dt> <span class="strong"><span class="diff-html-added">Since:</span></span>   </dt><dd><span class="diff-html-added">1.8</span></dd> <dt> <span class="strong"><span class="diff-html-added">See</span> <span class="diff-html-added">Also:</span> </span>   </dt><dd> <a href="../../java/sql/JDBCType.html" title="enum in java.sql"><code><span class="diff-html-added">JDBCType</span></code></a><span class="diff-html-added">,</span> <a href="../../java/sql/SQLType.html" title="interface in java.sql"><code><span class="diff-html-added">SQLType</span></code></a>  </dd>    </dl></li></ul> <a end_ctx_id="method:writeObject(java.lang.Object, java.sql.SQLType)"><span class="diff-html-added"/></a>  </td></tr></table></td></tr></table></diff></diffreport>