<?xml version="1.0" encoding="UTF-8"?><diffreport><diff><table border="0" cellpadding="1" cellspacing="0" width="100%"><tr><td><h3 class="ctxid">class:SQLPermission [CHANGED]</h3></td></tr><tr><td><table border="0" cellpadding="5" cellspacing="1" bgcolor="black" width="100%"><tr valign="top"><td bgcolor="#EEEEEE" colspan="2"><div class="description"> <a start_ctx_id="class:SQLPermission"/><ul class="blockList"><li class="blockList"><dl> <dt>All Implemented Interfaces:  </dt><dd>java.io.Serializable, java.security.Guard </dd> </dl> <hr/> <br/><pre>public final class <span class="strong">SQLPermission</span>
extends java.security.BasicPermission</pre><div class="block">The permission for which the <code>SecurityManager</code> will check when code that is running <span class="diff-html-removed">in</span> <span class="diff-html-removed">an</span> <span class="diff-html-removed">applet,</span> <span class="diff-html-removed">or</span>an application with a <code>SecurityManager</code> enabled, calls the <code><span class="diff-html-added">DriverManager.deregisterDriver</span></code> <span class="diff-html-added">method,</span> <code>DriverManager.setLogWriter</code> method, <code>DriverManager.setLogStream</code> (deprecated) method, <code>SyncFactory.setJNDIContext</code> method, <code>SyncFactory.setLogger</code> method, <code>Connection.setNetworktimeout</code> method, or the <code>Connection.abort</code> method. If there is no <code>SQLPermission</code> object, these methods throw a <code>java.lang.SecurityException</code> as a runtime exception.<p> A <code>SQLPermission</code> object contains a name (also referred to as a "target name") but no actions list; there is either a named permission or there is not. The target name is the name of the permission (see below). The naming convention follows the hierarchical property naming convention. In addition, an asterisk may appear at the end of the name, following a ".", or by itself, to signify a wildcard match. For example: <code>loadLibrary.*</code> <span class="diff-html-removed">or</span> <code changeType="diff-removed-tag"><span class="diff-html-removed">*</span></code> <span class="diff-html-removed">is</span> <span class="diff-html-removed">valid,</span> <span class="diff-html-removed">but</span><span class="diff-html-added">and</span> <code><span class="diff-html-added">*</span></code> <span class="diff-html-added">signify</span> <span class="diff-html-added">a</span> <span class="diff-html-added">wildcard</span> <span class="diff-html-added">match,</span> <span class="diff-html-added">while</span> <code>*loadLibrary</code> <span class="diff-html-removed">or</span><span class="diff-html-added">and</span> <code>a*b</code> <span class="diff-html-removed">is</span><span class="diff-html-added">do</span> not <span class="diff-html-removed">valid</span>.                                                                                          </p><p> The following table lists all the possible <code>SQLPermission</code> target names. The table gives a description of what the permission allows and a discussion of the risks of granting code the permission.                               </p><p><table border="1" cellpadding="5" summary="permission target name, what the permission allows, and associated risks"><tbody><tr><th>Permission Target Name  </th><th>What the Permission Allows   </th><th>Risks of Allowing this Permission    </th></tr><tr><td>setLog</td><td>Setting of the logging stream    </td><td>This is a dangerous permission to grant. The contents of the log may contain usernames and passwords, SQL statements, and SQL data.                     </td></tr><tr><td>callAbort</td><td>Allows the invocation of the <code>Connection</code> method <code>abort</code>       </td><td>Permits an application to terminate a physical connection to a database.          </td></tr><tr><td>setSyncFactory</td><td>Allows the invocation of the <code>SyncFactory</code> methods <code>setJNDIContext</code> and <code>setLogger</code>         </td><td>Permits an application to specify the JNDI context from which the <code>SyncProvider</code> implementations can be retrieved from and the logging object to be used by the <code>SyncProvider</code> implementation.                           </td></tr><tr><td>setNetworkTimeout</td><td>Allows the invocation of the <code>Connection</code> method <code>setNetworkTimeout</code>       </td><td>Permits an application to specify the maximum period a <code>Connection</code> or objects created from the <code>Connection</code> will wait for the database to reply to any one request.                          </td></tr><tr><td> <span class="diff-html-removed">The</span> <span class="diff-html-removed">person</span> <span class="diff-html-removed">running</span><span class="diff-html-added">deregisterDriver</span>   </td><td><span class="diff-html-added">Allows</span> <span class="diff-html-added">the</span> <span class="diff-html-added">invocation</span> <span class="diff-html-added">of</span> <span class="diff-html-added">the</span> <code><span class="diff-html-added">DriverManager</span></code> <span class="diff-html-added">method</span> <code><span class="diff-html-added">deregisterDriver</span></code>       </td><td><span class="diff-html-added">Permits</span> an <span class="diff-html-removed">applet</span> <span class="diff-html-removed">decides</span> <span class="diff-html-removed">what</span> <span class="diff-html-removed">permissions</span><span class="diff-html-added">application</span> to <span class="diff-html-removed">allow</span> <span class="diff-html-removed">and</span> <span class="diff-html-removed">will</span> <span class="diff-html-removed">run</span><span class="diff-html-added">remove</span> <span class="diff-html-added">a</span> <span class="diff-html-added">JDBC</span> <span class="diff-html-added">driver</span> <span class="diff-html-added">from</span> the <code changeType="diff-removed-tag"><span class="diff-html-removed">Policy</span> <span class="diff-html-removed">Tool</span> </code> <span class="diff-html-removed">to</span> <span class="diff-html-removed">create</span> <span class="diff-html-removed">an</span> <code changeType="diff-removed-tag"><span class="diff-html-removed">SQLPermission</span></code> <span class="diff-html-removed">in</span> <span class="diff-html-removed">a</span> <span class="diff-html-removed">policy</span> <span class="diff-html-removed">file.</span> <span class="diff-html-removed">A</span> <span class="diff-html-removed">programmer</span> <span class="diff-html-removed">does</span> <span class="diff-html-removed">not</span> <span class="diff-html-removed">use</span> <span class="diff-html-removed">a</span> <span class="diff-html-removed">constructor</span> <span class="diff-html-removed">directly</span> <span class="diff-html-removed">to</span> <span class="diff-html-removed">create</span> <span class="diff-html-removed">an</span> <span class="diff-html-removed">instance</span><span class="diff-html-added">list</span> of <code changeType="diff-removed-tag"><span class="diff-html-removed">SQLPermission</span></code> <span class="diff-html-removed">but</span> <span class="diff-html-removed">rather</span> <span class="diff-html-removed">uses</span> <span class="diff-html-removed">a</span> <span class="diff-html-removed">tool</span><span class="diff-html-added">registered</span> <span class="diff-html-added">Drivers</span> <span class="diff-html-added">and</span> <span class="diff-html-added">release</span> <span class="diff-html-added">its</span> <span class="diff-html-added">resources</span>.                                                </td></tr></tbody></table></p><p/>                                                       </div><dl> <dt> <span class="strong">Since:</span>   </dt><dd>1.3</dd> <dt> <span class="strong">See Also: </span>   </dt><dd>&lt;code&gt;BasicPermission&lt;/code&gt;, &lt;code&gt;Permission&lt;/code&gt;, &lt;code&gt;Permissions&lt;/code&gt;, &lt;code&gt;PermissionCollection&lt;/code&gt;, &lt;code&gt;SecurityManager&lt;/code&gt;, <a href="../../serialized-form.html#java.sql.SQLPermission">Serialized Form </a>     </dd>  </dl>  </li></ul> </div> <a end_ctx_id="class:SQLPermission"/> </td></tr><tr valign="top"><td bgcolor="#CCCCCC" colspan="1"><div class="description"> <a start_ctx_id="class:SQLPermission"/><ul class="blockList"><li class="blockList"><dl> <dt>All Implemented Interfaces:  </dt><dd>java.io.Serializable, java.security.Guard </dd> </dl> <hr/> <br/><pre>public final class <span class="strong">SQLPermission</span>
extends java.security.BasicPermission</pre><div class="block">The permission for which the <code>SecurityManager</code> will check when code that is running in an applet, or an application with a <code>SecurityManager</code> enabled, calls the <code>DriverManager.setLogWriter</code> method, <code>DriverManager.setLogStream</code> (deprecated) method, <code>SyncFactory.setJNDIContext</code> method, <code>SyncFactory.setLogger</code> method, <code>Connection.setNetworktimeout</code> method, or the <code>Connection.abort</code> method. If there is no <code>SQLPermission</code> object, these methods throw a <code>java.lang.SecurityException</code> as a runtime exception.<p> A <code>SQLPermission</code> object contains a name (also referred to as a "target name") but no actions list; there is either a named permission or there is not. The target name is the name of the permission (see below). The naming convention follows the hierarchical property naming convention. In addition, an asterisk may appear at the end of the name, following a ".", or by itself, to signify a wildcard match. For example: <code>loadLibrary.*</code> or <code changeType="diff-removed-tag">*</code> is valid, but <code>*loadLibrary</code> or <code>a*b</code> is not valid.                                                                                    </p><p> The following table lists all the possible <code>SQLPermission</code> target names. The table gives a description of what the permission allows and a discussion of the risks of granting code the permission.                               </p><p><table border="1" cellpadding="5" summary="permission target name, what the permission allows, and associated risks"><tbody><tr><th>Permission Target Name  </th><th>What the Permission Allows   </th><th>Risks of Allowing this Permission    </th></tr><tr><td>setLog</td><td>Setting of the logging stream    </td><td>This is a dangerous permission to grant. The contents of the log may contain usernames and passwords, SQL statements, and SQL data.                     </td></tr><tr><td>callAbort</td><td>Allows the invocation of the <code>Connection</code> method <code>abort</code>       </td><td>Permits an application to terminate a physical connection to a database.          </td></tr><tr><td>setSyncFactory</td><td>Allows the invocation of the <code>SyncFactory</code> methods <code>setJNDIContext</code> and <code>setLogger</code>         </td><td>Permits an application to specify the JNDI context from which the <code>SyncProvider</code> implementations can be retrieved from and the logging object to be used by the <code>SyncProvider</code> implementation.                           </td></tr><tr><td>setNetworkTimeout</td><td>Allows the invocation of the <code>Connection</code> method <code>setNetworkTimeout</code>       </td><td>Permits an application to specify the maximum period a <code>Connection</code> or objects created from the <code>Connection</code> will wait for the database to reply to any one request.                          </td></tr></tbody></table></p><p> The person running an applet decides what permissions to allow and will run the <code changeType="diff-removed-tag">Policy Tool </code> to create an <code changeType="diff-removed-tag">SQLPermission</code> in a policy file. A programmer does not use a constructor directly to create an instance of <code changeType="diff-removed-tag">SQLPermission</code> but rather uses a tool.                                          </p>                                                      </div><dl> <dt> <span class="strong">Since:</span>   </dt><dd>1.3</dd> <dt> <span class="strong">See Also: </span>   </dt><dd>&lt;code&gt;BasicPermission&lt;/code&gt;, &lt;code&gt;Permission&lt;/code&gt;, &lt;code&gt;Permissions&lt;/code&gt;, &lt;code&gt;PermissionCollection&lt;/code&gt;, &lt;code&gt;SecurityManager&lt;/code&gt;, <a href="../../serialized-form.html#java.sql.SQLPermission">Serialized Form </a>     </dd>  </dl>  </li></ul> </div> <a end_ctx_id="class:SQLPermission"/> </td><td bgcolor="#FFFFFF" colspan="1"><div class="description"> <a start_ctx_id="class:SQLPermission"/><ul class="blockList"><li class="blockList"><dl> <dt>All Implemented Interfaces:  </dt><dd>java.io.Serializable, java.security.Guard </dd> </dl> <hr/> <br/><pre>public final class <span class="strong">SQLPermission</span>
extends java.security.BasicPermission</pre><div class="block">The permission for which the <code>SecurityManager</code> will check when code that is running an application with a <code>SecurityManager</code> enabled, calls the <code>DriverManager.deregisterDriver</code> method, <code>DriverManager.setLogWriter</code> method, <code>DriverManager.setLogStream</code> (deprecated) method, <code>SyncFactory.setJNDIContext</code> method, <code>SyncFactory.setLogger</code> method, <code>Connection.setNetworktimeout</code> method, or the <code>Connection.abort</code> method. If there is no <code>SQLPermission</code> object, these methods throw a <code>java.lang.SecurityException</code> as a runtime exception.<p> A <code>SQLPermission</code> object contains a name (also referred to as a "target name") but no actions list; there is either a named permission or there is not. The target name is the name of the permission (see below). The naming convention follows the hierarchical property naming convention. In addition, an asterisk may appear at the end of the name, following a ".", or by itself, to signify a wildcard match. For example: <code>loadLibrary.*</code> and <code>*</code> signify a wildcard match, while <code>*loadLibrary</code> and <code>a*b</code> do not.                                                                                     </p><p> The following table lists all the possible <code>SQLPermission</code> target names. The table gives a description of what the permission allows and a discussion of the risks of granting code the permission.                               </p><p><table border="1" cellpadding="5" summary="permission target name, what the permission allows, and associated risks"><tbody><tr><th>Permission Target Name  </th><th>What the Permission Allows   </th><th>Risks of Allowing this Permission    </th></tr><tr><td>setLog</td><td>Setting of the logging stream    </td><td>This is a dangerous permission to grant. The contents of the log may contain usernames and passwords, SQL statements, and SQL data.                     </td></tr><tr><td>callAbort</td><td>Allows the invocation of the <code>Connection</code> method <code>abort</code>       </td><td>Permits an application to terminate a physical connection to a database.          </td></tr><tr><td>setSyncFactory</td><td>Allows the invocation of the <code>SyncFactory</code> methods <code>setJNDIContext</code> and <code>setLogger</code>         </td><td>Permits an application to specify the JNDI context from which the <code>SyncProvider</code> implementations can be retrieved from and the logging object to be used by the <code>SyncProvider</code> implementation.                           </td></tr><tr><td>setNetworkTimeout</td><td>Allows the invocation of the <code>Connection</code> method <code>setNetworkTimeout</code>       </td><td>Permits an application to specify the maximum period a <code>Connection</code> or objects created from the <code>Connection</code> will wait for the database to reply to any one request.                          </td></tr><tr><td>deregisterDriver</td><td>Allows the invocation of the <code>DriverManager</code> method <code>deregisterDriver</code>       </td><td>Permits an application to remove a JDBC driver from the list of registered Drivers and release its resources.                 </td></tr></tbody></table></p><p/>                                                    </div><dl> <dt> <span class="strong">Since:</span>   </dt><dd>1.3</dd> <dt> <span class="strong">See Also: </span>   </dt><dd>&lt;code&gt;BasicPermission&lt;/code&gt;, &lt;code&gt;Permission&lt;/code&gt;, &lt;code&gt;Permissions&lt;/code&gt;, &lt;code&gt;PermissionCollection&lt;/code&gt;, &lt;code&gt;SecurityManager&lt;/code&gt;, <a href="../../serialized-form.html#java.sql.SQLPermission">Serialized Form </a>     </dd>  </dl>  </li></ul> </div> <a end_ctx_id="class:SQLPermission"/> </td></tr></table></td></tr></table><table border="0" cellpadding="1" cellspacing="0" width="100%"><tr><td><h3 class="ctxid">constructor:SQLPermission(java.lang.String) [NONE]</h3></td></tr><tr><td><table border="0" cellpadding="5" cellspacing="1" bgcolor="black" width="100%"><tr valign="top"><td bgcolor="#FFFFFF" colspan="1"> <a start_ctx_id="constructor:SQLPermission(java.lang.String)"/><a name="SQLPermission(java.lang.String)"/><ul class="blockList"><li class="blockList"><h4>SQLPermission</h4><pre>public SQLPermission(java.lang.String name)</pre><div class="block">Creates a new <code>SQLPermission</code> object with the specified name. The name is the symbolic name of the <code>SQLPermission</code>.                 </div><dl> <dt> <span class="strong">Parameters:</span>   </dt><dd> <code>name</code> - the name of this <code>SQLPermission</code> object, which must be either <code>setLog</code>, <code>callAbort</code>, <code>setSyncFactory</code>, or <code>setNetworkTimeout</code>                 </dd> <dt> <span class="strong">Throws:</span>   </dt><dd> <code>java.lang.NullPointerException</code> - if <code>name</code> is <code>null</code>.      </dd><dd> <code>java.lang.IllegalArgumentException</code> - if <code>name</code> is empty.      </dd>  </dl></li></ul> <a end_ctx_id="constructor:SQLPermission(java.lang.String)"/>  </td></tr></table></td></tr></table><table border="0" cellpadding="1" cellspacing="0" width="100%"><tr><td><h3 class="ctxid">constructor:SQLPermission(java.lang.String, java.lang.String) [NONE]</h3></td></tr><tr><td><table border="0" cellpadding="5" cellspacing="1" bgcolor="black" width="100%"><tr valign="top"><td bgcolor="#FFFFFF" colspan="1"> <a start_ctx_id="constructor:SQLPermission(java.lang.String, java.lang.String)"/><a name="SQLPermission(java.lang.String, java.lang.String)"/><ul class="blockListLast"><li class="blockList"><h4>SQLPermission</h4><pre>public SQLPermission(java.lang.String name,
                     java.lang.String actions)</pre><div class="block">Creates a new <code>SQLPermission</code> object with the specified name. The name is the symbolic name of the <code>SQLPermission</code>; the actions <code>String</code> is currently unused and should be <code>null</code>.                           </div><dl> <dt> <span class="strong">Parameters:</span>   </dt><dd> <code>name</code> - the name of this <code>SQLPermission</code> object, which must be either <code>setLog</code>, <code>callAbort</code>, <code>setSyncFactory</code>, or <code>setNetworkTimeout</code>                 </dd><dd> <code>actions</code> - should be <code>null</code>     </dd> <dt> <span class="strong">Throws:</span>   </dt><dd> <code>java.lang.NullPointerException</code> - if <code>name</code> is <code>null</code>.      </dd><dd> <code>java.lang.IllegalArgumentException</code> - if <code>name</code> is empty.      </dd>  </dl></li></ul> <a end_ctx_id="constructor:SQLPermission(java.lang.String, java.lang.String)"/>  </td></tr></table></td></tr></table></diff></diffreport>