<?xml version="1.0" encoding="UTF-8"?><diffreport><diff><div class="header"><div class="subTitle">java.sql</div><h2 title="Interface SQLType" class="title">Interface SQLType </h2></div><div class="contentContainer"><div class="description"> <a start_ctx_id="class:SQLType"/><ul class="blockList"><li class="blockList"><dl> <dt>All Known Implementing Classes:   </dt><dd> <a href="../../java/sql/JDBCType.html" title="enum in java.sql">JDBCType</a> </dd> </dl> <hr/> <br/><pre>public interface <span class="strong">SQLType</span></pre><div class="block">An object that is used to identify a generic SQL type, called a JDBC type or a vendor specific data type.                    </div><dl> <dt> <span class="strong">Since:</span>   </dt><dd>1.8</dd> </dl>  </li></ul> </div><div class="summary"> <a end_ctx_id="class:SQLType"/><ul class="blockList"><li class="blockList"><ul class="blockList"><li class="blockList"> <a name="method_summary"/><h3>Method Summary </h3><table class="overviewSummary" border="0" cellpadding="3" cellspacing="0" summary="Method Summary table, listing methods, and an explanation"> <caption> <span id="t0" class="activeTableTab"><span>All Methods </span><span class="tabEnd"> </span></span><span id="t2" class="tableTab"><span><a>Instance Methods </a></span><span class="tabEnd"> </span></span><span id="t3" class="tableTab"><span><a>Abstract Methods </a></span><span class="tabEnd"> </span></span>   </caption><tbody><tr><th class="colFirst" scope="col">Modifier and Type  </th><th class="colLast" scope="col">Method and Description  </th></tr><tr id="i0" class="altColor"><td class="colFirst"><code>java.lang.String</code></td><td class="colLast"><code><strong><a href="../../java/sql/SQLType.html#getName()">getName</a></strong>()</code><div class="block">Returns the <code>SQLType</code> name that represents a SQL data type.         </div></td></tr><tr id="i1" class="rowColor"><td class="colFirst"><code>java.lang.String</code></td><td class="colLast"><code><strong><a href="../../java/sql/SQLType.html#getVendor()">getVendor</a></strong>()</code><div class="block">Returns the name of the vendor that supports this data type.          </div></td></tr><tr id="i2" class="altColor"><td class="colFirst"><code>java.lang.Integer</code></td><td class="colLast"><code><strong><a href="../../java/sql/SQLType.html#getVendorTypeNumber()">getVendorTypeNumber</a></strong>()</code><div class="block">Returns the vendor specific type number for the data type.         </div></td></tr></tbody> </table> </li></ul></li></ul> </div><div class="details"><ul class="blockList"><li class="blockList"><ul class="blockList"><li class="blockList"> <a name="method_detail"/><h3>Method Detail </h3> <a start_ctx_id="method:getName()"/><a name="getName()"/><ul class="blockList"><li class="blockList"><h4>getName</h4><pre>java.lang.String getName()</pre><div class="block">Returns the <code>SQLType</code> name that represents a SQL data type.         </div><dl> <dt> <span class="strong">Returns:</span>   </dt><dd>The name of this <code>SQLType</code>.    </dd> </dl></li></ul> <a end_ctx_id="method:getName()"/> <hr/> <a start_ctx_id="method:getVendor()"/><a name="getVendor()"/><ul class="blockList"><li class="blockList"><h4>getVendor</h4><pre>java.lang.String getVendor()</pre><div class="block">Returns the name of the vendor that supports this data type. The value returned typically is the package name for this vendor.                     </div><dl> <dt> <span class="strong">Returns:</span>   </dt><dd>The name of the vendor for this data type        </dd> </dl></li></ul> <a end_ctx_id="method:getVendor()"/> <hr/> <a start_ctx_id="method:getVendorTypeNumber()"/><a name="getVendorTypeNumber()"/><ul class="blockListLast"><li class="blockList"><h4>getVendorTypeNumber</h4><pre>java.lang.Integer getVendorTypeNumber()</pre><div class="block">Returns the vendor specific type number for the data type.         </div><dl> <dt> <span class="strong">Returns:</span>   </dt><dd>An Integer representing the vendor specific data type       </dd> </dl></li></ul>        </li></ul></li></ul></div></div> <a end_ctx_id="method:getVendorTypeNumber()"/> <hr/>  </diff></diffreport>