<?xml version="1.0" encoding="UTF-8" standalone="yes"?><Document><name>java/sql/SQLXML.spec</name><Context><name>class:SQLXML</name><mt>CHANGED</mt></Context><Context><name>method:free()</name><mt>NONE</mt></Context><Context><name>method:getBinaryStream()</name><mt>NONE</mt></Context><Context><name>method:getCharacterStream()</name><mt>NONE</mt></Context><Context><name>method:getSource(java.lang.Class)</name><mt>CHANGED</mt></Context><Context><name>method:getString()</name><mt>NONE</mt></Context><Context><name>method:setBinaryStream()</name><mt>NONE</mt></Context><Context><name>method:setCharacterStream()</name><mt>NONE</mt></Context><Context><name>method:setResult(java.lang.Class)</name><mt>CHANGED</mt></Context><Context><name>method:setString(java.lang.String)</name><mt>NONE</mt></Context><Stat><name>java/sql/SQLXML.spec</name><mt>CHANGED</mt><Group name="context"><Item name="ADDED" count="0"/><Item name="REMOVED" count="0"/><Item name="CHANGED" count="3"/><Item name="MODIFIED" count="3"/><Item name="TOTAL" count="10"/></Group><Group name="assertion"><Item name="ADDED" count="0"/><Item name="REMOVED" count="0"/><Item name="CHANGED" count="0"/><Item name="MODIFIED" count="0"/><Item name="TOTAL" count="0"/></Group></Stat></Document>