<?xml version="1.0" encoding="UTF-8"?><diffreport><diff><table border="0" cellpadding="1" cellspacing="0" width="100%"><tr><td><h3 class="ctxid">class:Struct [NONE]</h3></td></tr><tr><td><table border="0" cellpadding="5" cellspacing="1" bgcolor="black" width="100%"><tr valign="top"><td bgcolor="#FFFFFF" colspan="1"><div class="description"> <a start_ctx_id="class:Struct"/><ul class="blockList"><li class="blockList"> <hr/> <br/><pre>public interface <span class="strong">Struct</span></pre><div class="block"><p>The standard mapping in the Java programming language for an SQL structured type. A <code>Struct</code> object contains a value for each attribute of the SQL structured type that it represents. By default, an instance of<code>Struct</code> is valid as long as the application has a reference to it.                                              </p><p> All methods on the <code>Struct</code> interface must be fully implemented if the JDBC driver supports the data type.                  </p></div><dl> <dt> <span class="strong">Since:</span>   </dt><dd>1.2</dd> </dl>  </li></ul> </div> <a end_ctx_id="class:Struct"/> </td></tr></table></td></tr></table><table border="0" cellpadding="1" cellspacing="0" width="100%"><tr><td><h3 class="ctxid">method:getSQLTypeName() [NONE]</h3></td></tr><tr><td><table border="0" cellpadding="5" cellspacing="1" bgcolor="black" width="100%"><tr valign="top"><td bgcolor="#FFFFFF" colspan="1"> <a start_ctx_id="method:getSQLTypeName()"/><a name="getSQLTypeName()"/><ul class="blockList"><li class="blockList"><h4>getSQLTypeName</h4><pre>java.lang.String getSQLTypeName()
                         throws <a href="../../java/sql/SQLException.html" title="class in java.sql">SQLException</a></pre><div class="block">Retrieves the SQL type name of the SQL structured type that this <code>Struct</code> object represents.              </div><dl> <dt> <span class="strong">Returns:</span>   </dt><dd>the fully-qualified type name of the SQL structured type for which this <code>Struct</code> object is the generic representation                 </dd> <dt> <span class="strong">Throws:</span>   </dt><dd> <code><a href="../../java/sql/SQLException.html" title="class in java.sql">SQLException</a></code> - if a database access error occurs        </dd><dd> <code><a href="../../java/sql/SQLFeatureNotSupportedException.html" title="class in java.sql">SQLFeatureNotSupportedException</a></code> - if the JDBC driver does not support this method           </dd> <dt> <span class="strong">Since:</span>   </dt><dd>1.2</dd>   </dl></li></ul> <a end_ctx_id="method:getSQLTypeName()"/>  </td></tr></table></td></tr></table><table border="0" cellpadding="1" cellspacing="0" width="100%"><tr><td><h3 class="ctxid">method:getAttributes() [NONE]</h3></td></tr><tr><td><table border="0" cellpadding="5" cellspacing="1" bgcolor="black" width="100%"><tr valign="top"><td bgcolor="#FFFFFF" colspan="1"> <a start_ctx_id="method:getAttributes()"/><a name="getAttributes()"/><ul class="blockList"><li class="blockList"><h4>getAttributes</h4><pre>java.lang.Object[] getAttributes()
                          throws <a href="../../java/sql/SQLException.html" title="class in java.sql">SQLException</a></pre><div class="block">Produces the ordered values of the attributes of the SQL structured type that this <code>Struct</code> object represents. As individual attributes are processed, this method uses the type map associated with the connection for customizations of the type mappings. If there is no entry in the connection's type map that matches the structured type that an attribute represents, the driver uses the standard mapping.<p> Conceptually, this method calls the method <code>getObject</code> on each attribute of the structured type and returns a Java array containing the result.                      </p>                                                              </div><dl> <dt> <span class="strong">Returns:</span>   </dt><dd>an array containing the ordered attribute values      </dd> <dt> <span class="strong">Throws:</span>   </dt><dd> <code><a href="../../java/sql/SQLException.html" title="class in java.sql">SQLException</a></code> - if a database access error occurs        </dd><dd> <code><a href="../../java/sql/SQLFeatureNotSupportedException.html" title="class in java.sql">SQLFeatureNotSupportedException</a></code> - if the JDBC driver does not support this method           </dd> <dt> <span class="strong">Since:</span>   </dt><dd>1.2</dd>   </dl></li></ul> <a end_ctx_id="method:getAttributes()"/>  </td></tr></table></td></tr></table><table border="0" cellpadding="1" cellspacing="0" width="100%"><tr><td><h3 class="ctxid">method:getAttributes(java.util.Map) [NONE]</h3></td></tr><tr><td><table border="0" cellpadding="5" cellspacing="1" bgcolor="black" width="100%"><tr valign="top"><td bgcolor="#FFFFFF" colspan="1"> <a start_ctx_id="method:getAttributes(java.util.Map)"/><a name="getAttributes(java.util.Map)"/><ul class="blockListLast"><li class="blockList"><h4>getAttributes</h4><pre>java.lang.Object[] getAttributes(java.util.Map&lt;java.lang.String,java.lang.Class&lt;?&gt;&gt; map)
                          throws <a href="../../java/sql/SQLException.html" title="class in java.sql">SQLException</a></pre><div class="block">Produces the ordered values of the attributes of the SQL structured type that this <code>Struct</code> object represents. As individual attrbutes are proccessed, this method uses the given type map for customizations of the type mappings. If there is no entry in the given type map that matches the structured type that an attribute represents, the driver uses the standard mapping. This method never uses the type map associated with the connection.<p> Conceptually, this method calls the method <code>getObject</code> on each attribute of the structured type and returns a Java array containing the result.                      </p>                                                                      </div><dl> <dt> <span class="strong">Parameters:</span>   </dt><dd> <code>map</code> - a mapping of SQL type names to Java classes           </dd> <dt> <span class="strong">Returns:</span>   </dt><dd>an array containing the ordered attribute values      </dd> <dt> <span class="strong">Throws:</span>   </dt><dd> <code><a href="../../java/sql/SQLException.html" title="class in java.sql">SQLException</a></code> - if a database access error occurs        </dd><dd> <code><a href="../../java/sql/SQLFeatureNotSupportedException.html" title="class in java.sql">SQLFeatureNotSupportedException</a></code> - if the JDBC driver does not support this method           </dd> <dt> <span class="strong">Since:</span>   </dt><dd>1.2</dd>    </dl></li></ul> <a end_ctx_id="method:getAttributes(java.util.Map)"/>  </td></tr></table></td></tr></table></diff></diffreport>