<?xml version="1.0" encoding="UTF-8" standalone="yes"?><Document><name>java/sql/Timestamp.spec</name><Context><name>class:Timestamp</name><mt>NONE</mt></Context><Context><name>constructor:Timestamp(int, int, int, int, int, int, int)</name><mt>NONE</mt></Context><Context><name>constructor:Timestamp(long)</name><mt>NONE</mt></Context><Context><name>method:after(java.sql.Timestamp)</name><mt>NONE</mt></Context><Context><name>method:before(java.sql.Timestamp)</name><mt>NONE</mt></Context><Context><name>method:compareTo(java.sql.Timestamp)</name><mt>NONE</mt></Context><Context><name>method:compareTo(java.util.Date)</name><mt>NONE</mt></Context><Context><name>method:equals(java.lang.Object)</name><mt>NONE</mt></Context><Context><name>method:equals(java.sql.Timestamp)</name><mt>NONE</mt></Context><Context><name>method:from(java.time.Instant)</name><mt>ADDED</mt></Context><Context><name>method:getNanos()</name><mt>NONE</mt></Context><Context><name>method:getTime()</name><mt>NONE</mt></Context><Context><name>method:hashCode()</name><mt>NONE</mt></Context><Context><name>method:setNanos(int)</name><mt>NONE</mt></Context><Context><name>method:setTime(long)</name><mt>NONE</mt></Context><Context><name>method:toInstant()</name><mt>ADDED</mt></Context><Context><name>method:toLocalDateTime()</name><mt>ADDED</mt></Context><Context><name>method:toString()</name><mt>NONE</mt></Context><Context><name>method:valueOf(java.lang.String)</name><mt>NONE</mt></Context><Context><name>method:valueOf(java.time.LocalDateTime)</name><mt>ADDED</mt></Context><Stat><name>java/sql/Timestamp.spec</name><mt>CHANGED</mt><Group name="context"><Item name="ADDED" count="4"/><Item name="REMOVED" count="0"/><Item name="CHANGED" count="0"/><Item name="MODIFIED" count="4"/><Item name="TOTAL" count="20"/></Group><Group name="assertion"><Item name="ADDED" count="0"/><Item name="REMOVED" count="0"/><Item name="CHANGED" count="0"/><Item name="MODIFIED" count="0"/><Item name="TOTAL" count="0"/></Group></Stat></Document>