<?xml version="1.0" encoding="UTF-8"?><diffreport><diff><table border="0" cellpadding="1" cellspacing="0" width="100%"><tr><td><h3 class="ctxid">class:Time [NONE]</h3></td></tr><tr><td><table border="0" cellpadding="5" cellspacing="1" bgcolor="black" width="100%"><tr valign="top"><td bgcolor="#FFFFFF" colspan="1"><div class="description"> <a start_ctx_id="class:Time"/><ul class="blockList"><li class="blockList"><dl> <dt>All Implemented Interfaces:  </dt><dd>java.io.Serializable, java.lang.Cloneable, java.lang.Comparable&lt;java.util.Date&gt;  </dd> </dl> <hr/> <br/><pre>public class <span class="strong">Time</span>
extends java.util.Date</pre><div class="block"><p>A thin wrapper around the <code>java.util.Date</code> class that allows the JDBC API to identify this as an SQL <code>TIME</code> value. The <code>Time</code> class adds formatting and parsing operations to support the JDBC escape syntax for time values.                                    </p><p>The date components should be set to the "zero epoch" value of January 1, 1970 and should not be accessed.                   </p></div><dl> <dt> <span class="strong">See Also: </span>   </dt><dd> <a href="../../serialized-form.html#java.sql.Time">Serialized Form </a> </dd> </dl>  </li></ul> </div> <a end_ctx_id="class:Time"/> </td></tr></table></td></tr></table><table border="0" cellpadding="1" cellspacing="0" width="100%"><tr><td><h3 class="ctxid">constructor:Time(int, int, int) [NONE]</h3></td></tr><tr><td><table border="0" cellpadding="5" cellspacing="1" bgcolor="black" width="100%"><tr valign="top"><td bgcolor="#FFFFFF" colspan="1"> <a start_ctx_id="constructor:Time(int, int, int)"/><a name="Time(int, int, int)"/><ul class="blockList"><li class="blockList"><h4>Time</h4><pre>@Deprecated
public Time(int hour,
                        int minute,
                        int second)</pre><div class="block"> <span class="strong">Deprecated.</span> <i>Use the constructor that takes a milliseconds value in place of this constructor            </i> </div><div class="block">Constructs a <code>Time</code> object initialized with the given values for the hour, minute, and second. The driver sets the date components to January 1, 1970. Any method that attempts to access the date components of a <code>Time</code> object will throw a <code>java.lang.IllegalArgumentException</code>.<p> The result is undefined if a given argument is out of bounds.            </p>                                         </div><dl> <dt> <span class="strong">Parameters:</span>   </dt><dd> <code>hour</code> - 0 to 23     </dd><dd> <code>minute</code> - 0 to 59     </dd><dd> <code>second</code> - 0 to 59     </dd> </dl></li></ul> <a end_ctx_id="constructor:Time(int, int, int)"/>  </td></tr></table></td></tr></table><table border="0" cellpadding="1" cellspacing="0" width="100%"><tr><td><h3 class="ctxid">constructor:Time(long) [NONE]</h3></td></tr><tr><td><table border="0" cellpadding="5" cellspacing="1" bgcolor="black" width="100%"><tr valign="top"><td bgcolor="#FFFFFF" colspan="1"> <a start_ctx_id="constructor:Time(long)"/><a name="Time(long)"/><ul class="blockListLast"><li class="blockList"><h4>Time</h4><pre>public Time(long time)</pre><div class="block">Constructs a <code>Time</code> object using a milliseconds time value.        </div><dl> <dt> <span class="strong">Parameters:</span>   </dt><dd> <code>time</code> - milliseconds since January 1, 1970, 00:00:00 GMT; a negative number is milliseconds before January 1, 1970, 00:00:00 GMT                    </dd> </dl></li></ul> <a end_ctx_id="constructor:Time(long)"/>  </td></tr></table></td></tr></table><table border="0" cellpadding="1" cellspacing="0" width="100%"><tr><td><h3 class="ctxid">method:setTime(long) [NONE]</h3></td></tr><tr><td><table border="0" cellpadding="5" cellspacing="1" bgcolor="black" width="100%"><tr valign="top"><td bgcolor="#FFFFFF" colspan="1"> <a start_ctx_id="method:setTime(long)"/><a name="setTime(long)"/><ul class="blockList"><li class="blockList"><h4>setTime</h4><pre>public void setTime(long time)</pre><div class="block">Sets a <code>Time</code> object using a milliseconds time value.        </div><dl> <dt> <strong>Overrides:</strong>   </dt><dd> <code>setTime</code> in class <code>java.util.Date</code>  </dd> <dt> <span class="strong">Parameters:</span>   </dt><dd> <code>time</code> - milliseconds since January 1, 1970, 00:00:00 GMT; a negative number is milliseconds before January 1, 1970, 00:00:00 GMT                    </dd>  </dl></li></ul> <a end_ctx_id="method:setTime(long)"/>  </td></tr></table></td></tr></table><table border="0" cellpadding="1" cellspacing="0" width="100%"><tr><td><h3 class="ctxid">method:valueOf(java.lang.String) [NONE]</h3></td></tr><tr><td><table border="0" cellpadding="5" cellspacing="1" bgcolor="black" width="100%"><tr valign="top"><td bgcolor="#FFFFFF" colspan="1"> <a start_ctx_id="method:valueOf(java.lang.String)"/><a name="valueOf(java.lang.String)"/><ul class="blockList"><li class="blockList"><h4>valueOf</h4><pre>public static <a href="../../java/sql/Time.html" title="class in java.sql">Time</a> valueOf(java.lang.String s)</pre><div class="block">Converts a string in JDBC time escape format to a <code>Time</code> value.           </div><dl> <dt> <span class="strong">Parameters:</span>   </dt><dd> <code>s</code> - time in format "hh:mm:ss"      </dd> <dt> <span class="strong">Returns:</span>   </dt><dd>a corresponding <code>Time</code> object   </dd>  </dl></li></ul> <a end_ctx_id="method:valueOf(java.lang.String)"/>  </td></tr></table></td></tr></table><table border="0" cellpadding="1" cellspacing="0" width="100%"><tr><td><h3 class="ctxid">method:toString() [NONE]</h3></td></tr><tr><td><table border="0" cellpadding="5" cellspacing="1" bgcolor="black" width="100%"><tr valign="top"><td bgcolor="#FFFFFF" colspan="1"> <a start_ctx_id="method:toString()"/><a name="toString()"/><ul class="blockList"><li class="blockList"><h4>toString</h4><pre>public java.lang.String toString()</pre><div class="block">Formats a time in JDBC time escape format.       </div><dl> <dt> <strong>Overrides:</strong>   </dt><dd> <code>toString</code> in class <code>java.util.Date</code>  </dd> <dt> <span class="strong">Returns:</span>   </dt><dd>a <code>String</code> in hh:mm:ss format    </dd> <dt> <span class="strong">See Also: </span>   </dt><dd> <code>Date.toLocaleString()</code>, <code>Date.toGMTString()</code>  </dd>   </dl></li></ul> <a end_ctx_id="method:toString()"/>  </td></tr></table></td></tr></table><table border="0" cellpadding="1" cellspacing="0" width="100%"><tr><td><h3 class="ctxid">method:getYear() [NONE]</h3></td></tr><tr><td><table border="0" cellpadding="5" cellspacing="1" bgcolor="black" width="100%"><tr valign="top"><td bgcolor="#FFFFFF" colspan="1"> <a start_ctx_id="method:getYear()"/><a name="getYear()"/><ul class="blockList"><li class="blockList"><h4>getYear</h4><pre>@Deprecated
public int getYear()</pre><div class="block"> <span class="strong">Deprecated.</span> <i/> </div><div class="block">This method is deprecated and should not be used because SQL <code>TIME</code> values do not have a year component.                  </div><dl> <dt> <strong>Overrides:</strong>   </dt><dd> <code>getYear</code> in class <code>java.util.Date</code>  </dd> <dt> <span class="strong">Returns:</span>   </dt><dd>the year represented by this date, minus 1900.       </dd> <dt> <span class="strong">Throws:</span>   </dt><dd> <code>java.lang.IllegalArgumentException</code> - if this method is invoked       </dd> <dt> <span class="strong">See Also: </span>   </dt><dd> <a href="../../java/sql/Time.html#setYear(int)"><code>setYear(int)</code></a> </dd>    </dl></li></ul> <a end_ctx_id="method:getYear()"/>  </td></tr></table></td></tr></table><table border="0" cellpadding="1" cellspacing="0" width="100%"><tr><td><h3 class="ctxid">method:getMonth() [NONE]</h3></td></tr><tr><td><table border="0" cellpadding="5" cellspacing="1" bgcolor="black" width="100%"><tr valign="top"><td bgcolor="#FFFFFF" colspan="1"> <a start_ctx_id="method:getMonth()"/><a name="getMonth()"/><ul class="blockList"><li class="blockList"><h4>getMonth</h4><pre>@Deprecated
public int getMonth()</pre><div class="block"> <span class="strong">Deprecated.</span> <i/> </div><div class="block">This method is deprecated and should not be used because SQL <code>TIME</code> values do not have a month component.                  </div><dl> <dt> <strong>Overrides:</strong>   </dt><dd> <code>getMonth</code> in class <code>java.util.Date</code>  </dd> <dt> <span class="strong">Returns:</span>   </dt><dd>the month represented by this date.     </dd> <dt> <span class="strong">Throws:</span>   </dt><dd> <code>java.lang.IllegalArgumentException</code> - if this method is invoked       </dd> <dt> <span class="strong">See Also: </span>   </dt><dd> <a href="../../java/sql/Time.html#setMonth(int)"><code>setMonth(int)</code></a> </dd>    </dl></li></ul> <a end_ctx_id="method:getMonth()"/>  </td></tr></table></td></tr></table><table border="0" cellpadding="1" cellspacing="0" width="100%"><tr><td><h3 class="ctxid">method:getDay() [NONE]</h3></td></tr><tr><td><table border="0" cellpadding="5" cellspacing="1" bgcolor="black" width="100%"><tr valign="top"><td bgcolor="#FFFFFF" colspan="1"> <a start_ctx_id="method:getDay()"/><a name="getDay()"/><ul class="blockList"><li class="blockList"><h4>getDay</h4><pre>@Deprecated
public int getDay()</pre><div class="block"> <span class="strong">Deprecated.</span> <i/> </div><div class="block">This method is deprecated and should not be used because SQL <code>TIME</code> values do not have a day component.                  </div><dl> <dt> <strong>Overrides:</strong>   </dt><dd> <code>getDay</code> in class <code>java.util.Date</code>  </dd> <dt> <span class="strong">Returns:</span>   </dt><dd>the day of the week represented by this date.        </dd> <dt> <span class="strong">Throws:</span>   </dt><dd> <code>java.lang.IllegalArgumentException</code> - if this method is invoked       </dd> <dt> <span class="strong">See Also: </span>   </dt><dd>&lt;code&gt;Calendar&lt;/code&gt;</dd>    </dl></li></ul> <a end_ctx_id="method:getDay()"/>  </td></tr></table></td></tr></table><table border="0" cellpadding="1" cellspacing="0" width="100%"><tr><td><h3 class="ctxid">method:getDate() [NONE]</h3></td></tr><tr><td><table border="0" cellpadding="5" cellspacing="1" bgcolor="black" width="100%"><tr valign="top"><td bgcolor="#FFFFFF" colspan="1"> <a start_ctx_id="method:getDate()"/><a name="getDate()"/><ul class="blockList"><li class="blockList"><h4>getDate</h4><pre>@Deprecated
public int getDate()</pre><div class="block"> <span class="strong">Deprecated.</span> <i/> </div><div class="block">This method is deprecated and should not be used because SQL <code>TIME</code> values do not have a date component.                  </div><dl> <dt> <strong>Overrides:</strong>   </dt><dd> <code>getDate</code> in class <code>java.util.Date</code>  </dd> <dt> <span class="strong">Returns:</span>   </dt><dd>the day of the month represented by this date.        </dd> <dt> <span class="strong">Throws:</span>   </dt><dd> <code>java.lang.IllegalArgumentException</code> - if this method is invoked       </dd> <dt> <span class="strong">See Also: </span>   </dt><dd> <a href="../../java/sql/Time.html#setDate(int)"><code>setDate(int)</code></a> </dd>    </dl></li></ul> <a end_ctx_id="method:getDate()"/>  </td></tr></table></td></tr></table><table border="0" cellpadding="1" cellspacing="0" width="100%"><tr><td><h3 class="ctxid">method:setYear(int) [NONE]</h3></td></tr><tr><td><table border="0" cellpadding="5" cellspacing="1" bgcolor="black" width="100%"><tr valign="top"><td bgcolor="#FFFFFF" colspan="1"> <a start_ctx_id="method:setYear(int)"/><a name="setYear(int)"/><ul class="blockList"><li class="blockList"><h4>setYear</h4><pre>@Deprecated
public void setYear(int i)</pre><div class="block"> <span class="strong">Deprecated.</span> <i/> </div><div class="block">This method is deprecated and should not be used because SQL <code>TIME</code> values do not have a year component.                  </div><dl> <dt> <strong>Overrides:</strong>   </dt><dd> <code>setYear</code> in class <code>java.util.Date</code>  </dd> <dt> <span class="strong">Parameters:</span>   </dt><dd> <code>i</code> - the year value.     </dd> <dt> <span class="strong">Throws:</span>   </dt><dd> <code>java.lang.IllegalArgumentException</code> - if this method is invoked       </dd> <dt> <span class="strong">See Also: </span>   </dt><dd> <a href="../../java/sql/Time.html#getYear()"><code>getYear()</code></a> </dd>    </dl></li></ul> <a end_ctx_id="method:setYear(int)"/>  </td></tr></table></td></tr></table><table border="0" cellpadding="1" cellspacing="0" width="100%"><tr><td><h3 class="ctxid">method:setMonth(int) [NONE]</h3></td></tr><tr><td><table border="0" cellpadding="5" cellspacing="1" bgcolor="black" width="100%"><tr valign="top"><td bgcolor="#FFFFFF" colspan="1"> <a start_ctx_id="method:setMonth(int)"/><a name="setMonth(int)"/><ul class="blockList"><li class="blockList"><h4>setMonth</h4><pre>@Deprecated
public void setMonth(int i)</pre><div class="block"> <span class="strong">Deprecated.</span> <i/> </div><div class="block">This method is deprecated and should not be used because SQL <code>TIME</code> values do not have a month component.                  </div><dl> <dt> <strong>Overrides:</strong>   </dt><dd> <code>setMonth</code> in class <code>java.util.Date</code>  </dd> <dt> <span class="strong">Parameters:</span>   </dt><dd> <code>i</code> - the month value between 0-11.       </dd> <dt> <span class="strong">Throws:</span>   </dt><dd> <code>java.lang.IllegalArgumentException</code> - if this method is invoked       </dd> <dt> <span class="strong">See Also: </span>   </dt><dd> <a href="../../java/sql/Time.html#getMonth()"><code>getMonth()</code></a> </dd>    </dl></li></ul> <a end_ctx_id="method:setMonth(int)"/>  </td></tr></table></td></tr></table><table border="0" cellpadding="1" cellspacing="0" width="100%"><tr><td><h3 class="ctxid">method:setDate(int) [NONE]</h3></td></tr><tr><td><table border="0" cellpadding="5" cellspacing="1" bgcolor="black" width="100%"><tr valign="top"><td bgcolor="#FFFFFF" colspan="1"> <a start_ctx_id="method:setDate(int)"/><a name="setDate(int)"/><ul class="blockList"><li class="blockList"><h4>setDate</h4><pre>@Deprecated
public void setDate(int i)</pre><div class="block"> <span class="strong">Deprecated.</span> <i/> </div><div class="block">This method is deprecated and should not be used because SQL <code>TIME</code> values do not have a date component.                  </div><dl> <dt> <strong>Overrides:</strong>   </dt><dd> <code>setDate</code> in class <code>java.util.Date</code>  </dd> <dt> <span class="strong">Parameters:</span>   </dt><dd> <code>i</code> - the day of the month value between 1-31.          </dd> <dt> <span class="strong">Throws:</span>   </dt><dd> <code>java.lang.IllegalArgumentException</code> - if this method is invoked       </dd> <dt> <span class="strong">See Also: </span>   </dt><dd> <a href="../../java/sql/Time.html#getDate()"><code>getDate()</code></a> </dd>    </dl></li></ul> <a end_ctx_id="method:setDate(int)"/>  </td></tr></table></td></tr></table><table border="0" cellpadding="1" cellspacing="0" width="100%"><tr><td><h3 class="ctxid">method:valueOf(java.time.LocalTime) [ADDED]</h3></td></tr><tr><td><table border="0" cellpadding="5" cellspacing="1" bgcolor="black" width="100%"><tr valign="top"><td bgcolor="#FFFFFF" colspan="1"> <a start_ctx_id="method:valueOf(java.time.LocalTime)"><span class="diff-html-added"/></a><a name="valueOf(java.time.LocalTime)"/><ul class="blockList"><li class="blockList"><h4><span class="diff-html-added">valueOf</span></h4><pre><span class="diff-html-added">public</span> <span class="diff-html-added">static </span><a href="../../java/sql/Time.html" title="class in java.sql"><span class="diff-html-added">Time</span></a><span class="diff-html-added"> valueOf(java.time.LocalTime time)</span></pre><div class="block"><span class="diff-html-added">Obtains</span> <span class="diff-html-added">an</span> <span class="diff-html-added">instance</span> <span class="diff-html-added">of</span> <code><span class="diff-html-added">Time</span></code> <span class="diff-html-added">from</span> <span class="diff-html-added">a</span> <span class="diff-html-added">&lt;code&gt;LocalTime&lt;/code&gt;</span> <span class="diff-html-added">object</span> <span class="diff-html-added">with</span> <span class="diff-html-added">the</span> <span class="diff-html-added">same</span> <span class="diff-html-added">hour,</span> <span class="diff-html-added">minute</span> <span class="diff-html-added">and</span> <span class="diff-html-added">second</span> <span class="diff-html-added">time</span> <span class="diff-html-added">value</span> <span class="diff-html-added">as</span> <span class="diff-html-added">the</span> <span class="diff-html-added">given</span> <code><span class="diff-html-added">LocalTime</span></code><span class="diff-html-added">.</span>                     </div><dl> <dt> <span class="strong"><span class="diff-html-added">Parameters:</span></span>   </dt><dd> <code><span class="diff-html-added">time</span></code> <span class="diff-html-added">-</span> <span class="diff-html-added">a</span> <code><span class="diff-html-added">LocalTime</span></code> <span class="diff-html-added">to</span> <span class="diff-html-added">convert</span>      </dd> <dt> <span class="strong"><span class="diff-html-added">Returns:</span></span>   </dt><dd><span class="diff-html-added">a</span> <code><span class="diff-html-added">Time</span></code> <span class="diff-html-added">object</span>  </dd> <dt> <span class="strong"><span class="diff-html-added">Throws:</span></span>   </dt><dd> <code><span class="diff-html-added">java.lang.NullPointerException</span></code> <span class="diff-html-added">-</span> <span class="diff-html-added">if</span> <code><span class="diff-html-added">time</span></code> <span class="diff-html-added">is</span> <span class="diff-html-added">null</span>      </dd> <dt> <span class="strong"><span class="diff-html-added">Since:</span></span>   </dt><dd><span class="diff-html-added">1.8</span></dd>    </dl></li></ul> <a end_ctx_id="method:valueOf(java.time.LocalTime)"><span class="diff-html-added"/></a>  </td></tr></table></td></tr></table><table border="0" cellpadding="1" cellspacing="0" width="100%"><tr><td><h3 class="ctxid">method:toLocalTime() [ADDED]</h3></td></tr><tr><td><table border="0" cellpadding="5" cellspacing="1" bgcolor="black" width="100%"><tr valign="top"><td bgcolor="#FFFFFF" colspan="1"> <a start_ctx_id="method:toLocalTime()"><span class="diff-html-added"/></a><a name="toLocalTime()"/><ul class="blockList"><li class="blockList"><h4><span class="diff-html-added">toLocalTime</span></h4><pre><span class="diff-html-added">public java.time.LocalTime toLocalTime()</span></pre><div class="block"><span class="diff-html-added">Converts</span> <span class="diff-html-added">this</span> <code><span class="diff-html-added">Time</span></code> <span class="diff-html-added">object</span> <span class="diff-html-added">to</span> <span class="diff-html-added">a</span> <code><span class="diff-html-added">LocalTime</span></code><span class="diff-html-added">.</span><p> <span class="diff-html-added">The</span> <span class="diff-html-added">conversion</span> <span class="diff-html-added">creates</span> <span class="diff-html-added">a</span> <code><span class="diff-html-added">LocalTime</span></code> <span class="diff-html-added">that</span> <span class="diff-html-added">represents</span> <span class="diff-html-added">the</span> <span class="diff-html-added">same</span> <span class="diff-html-added">hour,</span> <span class="diff-html-added">minute,</span> <span class="diff-html-added">and</span> <span class="diff-html-added">second</span> <span class="diff-html-added">time</span> <span class="diff-html-added">value</span> <span class="diff-html-added">as</span> <span class="diff-html-added">this</span> <code><span class="diff-html-added">Time</span></code><span class="diff-html-added">.</span>                  </p>      </div><dl> <dt> <span class="strong"><span class="diff-html-added">Returns:</span></span>   </dt><dd><span class="diff-html-added">a</span> <code><span class="diff-html-added">LocalTime</span></code> <span class="diff-html-added">object</span> <span class="diff-html-added">representing</span> <span class="diff-html-added">the</span> <span class="diff-html-added">same</span> <span class="diff-html-added">time</span> <span class="diff-html-added">value</span>       </dd> <dt> <span class="strong"><span class="diff-html-added">Since:</span></span>   </dt><dd><span class="diff-html-added">1.8</span></dd>  </dl></li></ul> <a end_ctx_id="method:toLocalTime()"><span class="diff-html-added"/></a>  </td></tr></table></td></tr></table><table border="0" cellpadding="1" cellspacing="0" width="100%"><tr><td><h3 class="ctxid">method:toInstant() [ADDED]</h3></td></tr><tr><td><table border="0" cellpadding="5" cellspacing="1" bgcolor="black" width="100%"><tr valign="top"><td bgcolor="#FFFFFF" colspan="1"> <a start_ctx_id="method:toInstant()"><span class="diff-html-added"/></a><a name="toInstant()"/><ul class="blockListLast"><li class="blockList"><h4><span class="diff-html-added">toInstant</span></h4><pre><span class="diff-html-added">public java.time.Instant toInstant()</span></pre><div class="block"><span class="diff-html-added">This</span> <span class="diff-html-added">method</span> <span class="diff-html-added">always</span> <span class="diff-html-added">throws</span> <span class="diff-html-added">an</span> <span class="diff-html-added">UnsupportedOperationException</span> <span class="diff-html-added">and</span> <span class="diff-html-added">should</span> <span class="diff-html-added">not</span> <span class="diff-html-added">be</span> <span class="diff-html-added">used</span> <span class="diff-html-added">because</span> <span class="diff-html-added">SQL</span> <code><span class="diff-html-added">Time</span></code> <span class="diff-html-added">values</span> <span class="diff-html-added">do</span> <span class="diff-html-added">not</span> <span class="diff-html-added">have</span> <span class="diff-html-added">a</span> <span class="diff-html-added">date</span> <span class="diff-html-added">component.</span>                    </div><dl> <dt> <strong><span class="diff-html-added">Overrides:</span></strong>   </dt><dd> <code><span class="diff-html-added">toInstant</span></code><span class="diff-html-added"> in</span> <span class="diff-html-added">class </span><code><span class="diff-html-added">java.util.Date</span></code>  </dd> <dt> <span class="strong"><span class="diff-html-added">Returns:</span></span>   </dt><dd><span class="diff-html-added">an</span> <span class="diff-html-added">instant</span> <span class="diff-html-added">representing</span> <span class="diff-html-added">the</span> <span class="diff-html-added">same</span> <span class="diff-html-added">point</span> <span class="diff-html-added">on</span> <span class="diff-html-added">the</span> <span class="diff-html-added">time-line</span> <span class="diff-html-added">as</span> <span class="diff-html-added">this</span> <code><span class="diff-html-added">Date</span></code> <span class="diff-html-added">object</span>            </dd> <dt> <span class="strong"><span class="diff-html-added">Throws:</span></span>   </dt><dd> <code><span class="diff-html-added">java.lang.UnsupportedOperationException</span></code> <span class="diff-html-added">-</span> <span class="diff-html-added">if</span> <span class="diff-html-added">this</span> <span class="diff-html-added">method</span> <span class="diff-html-added">is</span> <span class="diff-html-added">invoked</span>       </dd>   </dl></li></ul> <a end_ctx_id="method:toInstant()"><span class="diff-html-added"/></a>  </td></tr></table></td></tr></table></diff></diffreport>