<?xml version="1.0" encoding="UTF-8"?><diffreport><diff><table border="0" cellpadding="1" cellspacing="0" width="100%"><tr><td><h3 class="ctxid">class:Timestamp [NONE]</h3></td></tr><tr><td><table border="0" cellpadding="5" cellspacing="1" bgcolor="black" width="100%"><tr valign="top"><td bgcolor="#FFFFFF" colspan="1"><div class="description"> <a start_ctx_id="class:Timestamp"/><ul class="blockList"><li class="blockList"><dl> <dt>All Implemented Interfaces:  </dt><dd>java.io.Serializable, java.lang.Cloneable, java.lang.Comparable&lt;java.util.Date&gt;  </dd> </dl> <hr/> <br/><pre>public class <span class="strong">Timestamp</span>
extends java.util.Date</pre><div class="block"><p>A thin wrapper around <code>java.util.Date</code> that allows the JDBC API to identify this as an SQL <code>TIMESTAMP</code> value. It adds the ability to hold the SQL <code>TIMESTAMP</code> fractional seconds value, by allowing the specification of fractional seconds to a precision of nanoseconds. A Timestamp also provides formatting and parsing operations to support the JDBC escape syntax for timestamp values.                                                          </p><p>The precision of a Timestamp object is calculated to be either:<ul><li> <code>19  </code>, which is the number of characters in yyyy-mm-dd hh:mm:ss          </li><li> <code> 20 + s     </code>, which is the number of characters in the yyyy-mm-dd hh:mm:ss.[fff...] and <code>s</code> represents the scale of the given Timestamp, its fractional seconds precision.                        </li></ul>          </p><p> <b>Note:</b> This type is a composite of a <code>java.util.Date</code> and a separate nanoseconds value. Only integral seconds are stored in the <code>java.util.Date</code> component. The fractional seconds - the nanos - are separate. The <code>Timestamp.equals(Object)</code> method never returns <code>true</code> when passed an object that isn't an instance of <code>java.sql.Timestamp</code>, because the nanos component of a date is unknown. As a result, the <code>Timestamp.equals(Object)</code> method is not symmetric with respect to the <code>java.util.Date.equals(Object)</code> method. Also, the <code>hashCode</code> method uses the underlying <code>java.util.Date</code> implementation and therefore does not include nanos in its computation.                                                                                          </p><p> Due to the differences between the <code>Timestamp</code> class and the <code>java.util.Date</code> class mentioned above, it is recommended that code not view <code>Timestamp</code> values generically as an instance of <code>java.util.Date</code>. The inheritance relationship between <code>Timestamp</code> and <code>java.util.Date</code> really denotes implementation inheritance, and not type inheritance.                                            </p></div><dl> <dt> <span class="strong">See Also: </span>   </dt><dd> <a href="../../serialized-form.html#java.sql.Timestamp">Serialized Form </a> </dd> </dl>  </li></ul> </div> <a end_ctx_id="class:Timestamp"/> </td></tr></table></td></tr></table><table border="0" cellpadding="1" cellspacing="0" width="100%"><tr><td><h3 class="ctxid">constructor:Timestamp(int, int, int, int, int, int, int) [NONE]</h3></td></tr><tr><td><table border="0" cellpadding="5" cellspacing="1" bgcolor="black" width="100%"><tr valign="top"><td bgcolor="#FFFFFF" colspan="1"> <a start_ctx_id="constructor:Timestamp(int, int, int, int, int, int, int)"/><a name="Timestamp(int, int, int, int, int, int, int)"/><ul class="blockList"><li class="blockList"><h4>Timestamp</h4><pre>@Deprecated
public Timestamp(int year,
                             int month,
                             int date,
                             int hour,
                             int minute,
                             int second,
                             int nano)</pre><div class="block"> <span class="strong">Deprecated.</span> <i>instead use the constructor <code>Timestamp(long millis) </code>    </i> </div><div class="block">Constructs a <code>Timestamp</code> object initialized with the given values.        </div><dl> <dt> <span class="strong">Parameters:</span>   </dt><dd> <code>year</code> - the year minus 1900      </dd><dd> <code>month</code> - 0 to 11     </dd><dd> <code>date</code> - 1 to 31     </dd><dd> <code>hour</code> - 0 to 23     </dd><dd> <code>minute</code> - 0 to 59     </dd><dd> <code>second</code> - 0 to 59     </dd><dd> <code>nano</code> - 0 to 999,999,999     </dd> <dt> <span class="strong">Throws:</span>   </dt><dd> <code>java.lang.IllegalArgumentException</code> - if the nano argument is out of bounds          </dd>  </dl></li></ul> <a end_ctx_id="constructor:Timestamp(int, int, int, int, int, int, int)"/>  </td></tr></table></td></tr></table><table border="0" cellpadding="1" cellspacing="0" width="100%"><tr><td><h3 class="ctxid">constructor:Timestamp(long) [NONE]</h3></td></tr><tr><td><table border="0" cellpadding="5" cellspacing="1" bgcolor="black" width="100%"><tr valign="top"><td bgcolor="#FFFFFF" colspan="1"> <a start_ctx_id="constructor:Timestamp(long)"/><a name="Timestamp(long)"/><ul class="blockListLast"><li class="blockList"><h4>Timestamp</h4><pre>public Timestamp(long time)</pre><div class="block">Constructs a <code>Timestamp</code> object using a milliseconds time value. The integral seconds are stored in the underlying date value; the fractional seconds are stored in the <code>nanos</code> field of the <code>Timestamp</code> object.                               </div><dl> <dt> <span class="strong">Parameters:</span>   </dt><dd> <code>time</code> - milliseconds since January 1, 1970, 00:00:00 GMT. A negative number is the number of milliseconds before January 1, 1970, 00:00:00 GMT.                       </dd> <dt> <span class="strong">See Also: </span>   </dt><dd>&lt;code&gt;Calendar&lt;/code&gt;</dd>  </dl></li></ul> <a end_ctx_id="constructor:Timestamp(long)"/>  </td></tr></table></td></tr></table><table border="0" cellpadding="1" cellspacing="0" width="100%"><tr><td><h3 class="ctxid">method:setTime(long) [NONE]</h3></td></tr><tr><td><table border="0" cellpadding="5" cellspacing="1" bgcolor="black" width="100%"><tr valign="top"><td bgcolor="#FFFFFF" colspan="1"> <a start_ctx_id="method:setTime(long)"/><a name="setTime(long)"/><ul class="blockList"><li class="blockList"><h4>setTime</h4><pre>public void setTime(long time)</pre><div class="block">Sets this <code>Timestamp</code> object to represent a point in time that is <tt>time</tt> milliseconds after January 1, 1970 00:00:00 GMT.                   </div><dl> <dt> <strong>Overrides:</strong>   </dt><dd> <code>setTime</code> in class <code>java.util.Date</code>  </dd> <dt> <span class="strong">Parameters:</span>   </dt><dd> <code>time</code> - the number of milliseconds.      </dd> <dt> <span class="strong">See Also: </span>   </dt><dd> <a href="../../java/sql/Timestamp.html#getTime()"><code>getTime()</code></a>, <a href="../../java/sql/Timestamp.html#Timestamp(long)"><code>Timestamp(long time) </code></a>, &lt;code&gt;Calendar&lt;/code&gt;   </dd>   </dl></li></ul> <a end_ctx_id="method:setTime(long)"/>  </td></tr></table></td></tr></table><table border="0" cellpadding="1" cellspacing="0" width="100%"><tr><td><h3 class="ctxid">method:getTime() [NONE]</h3></td></tr><tr><td><table border="0" cellpadding="5" cellspacing="1" bgcolor="black" width="100%"><tr valign="top"><td bgcolor="#FFFFFF" colspan="1"> <a start_ctx_id="method:getTime()"/><a name="getTime()"/><ul class="blockList"><li class="blockList"><h4>getTime</h4><pre>public long getTime()</pre><div class="block">Returns the number of milliseconds since January 1, 1970, 00:00:00 GMT represented by this <code>Timestamp</code> object.               </div><dl> <dt> <strong>Overrides:</strong>   </dt><dd> <code>getTime</code> in class <code>java.util.Date</code>  </dd> <dt> <span class="strong">Returns:</span>   </dt><dd>the number of milliseconds since January 1, 1970, 00:00:00 GMT represented by this date.             </dd> <dt> <span class="strong">See Also: </span>   </dt><dd> <a href="../../java/sql/Timestamp.html#setTime(long)"><code>setTime(long)</code></a> </dd>   </dl></li></ul> <a end_ctx_id="method:getTime()"/>  </td></tr></table></td></tr></table><table border="0" cellpadding="1" cellspacing="0" width="100%"><tr><td><h3 class="ctxid">method:valueOf(java.lang.String) [NONE]</h3></td></tr><tr><td><table border="0" cellpadding="5" cellspacing="1" bgcolor="black" width="100%"><tr valign="top"><td bgcolor="#FFFFFF" colspan="1"> <a start_ctx_id="method:valueOf(java.lang.String)"/><a name="valueOf(java.lang.String)"/><ul class="blockList"><li class="blockList"><h4>valueOf</h4><pre>public static <a href="../../java/sql/Timestamp.html" title="class in java.sql">Timestamp</a> valueOf(java.lang.String s)</pre><div class="block">Converts a <code>String</code> object in JDBC timestamp escape format to a <code>Timestamp</code> value.            </div><dl> <dt> <span class="strong">Parameters:</span>   </dt><dd> <code>s</code> - timestamp in format <code>yyyy-[m]m-[d]d hh:mm:ss[.f...] </code>. The fractional seconds may be omitted. The leading zero for <code>mm</code> and <code>dd</code> may also be omitted.                       </dd> <dt> <span class="strong">Returns:</span>   </dt><dd>corresponding <code>Timestamp</code> value  </dd> <dt> <span class="strong">Throws:</span>   </dt><dd> <code>java.lang.IllegalArgumentException</code> - if the given argument does not have the format <code>yyyy-[m]m-[d]d hh:mm:ss[.f...] </code>            </dd>   </dl></li></ul> <a end_ctx_id="method:valueOf(java.lang.String)"/>  </td></tr></table></td></tr></table><table border="0" cellpadding="1" cellspacing="0" width="100%"><tr><td><h3 class="ctxid">method:toString() [NONE]</h3></td></tr><tr><td><table border="0" cellpadding="5" cellspacing="1" bgcolor="black" width="100%"><tr valign="top"><td bgcolor="#FFFFFF" colspan="1"> <a start_ctx_id="method:toString()"/><a name="toString()"/><ul class="blockList"><li class="blockList"><h4>toString</h4><pre>public java.lang.String toString()</pre><div class="block">Formats a timestamp in JDBC timestamp escape format. <code>yyyy-mm-dd hh:mm:ss.fffffffff </code>, where <code>ffffffffff</code> indicates nanoseconds.<p/>            </div><dl> <dt> <strong>Overrides:</strong>   </dt><dd> <code>toString</code> in class <code>java.util.Date</code>  </dd> <dt> <span class="strong">Returns:</span>   </dt><dd>a <code>String</code> object in <code>yyyy-mm-dd hh:mm:ss.fffffffff </code> format     </dd> <dt> <span class="strong">See Also: </span>   </dt><dd> <code>Date.toLocaleString()</code>, <code>Date.toGMTString()</code>  </dd>   </dl></li></ul> <a end_ctx_id="method:toString()"/>  </td></tr></table></td></tr></table><table border="0" cellpadding="1" cellspacing="0" width="100%"><tr><td><h3 class="ctxid">method:getNanos() [NONE]</h3></td></tr><tr><td><table border="0" cellpadding="5" cellspacing="1" bgcolor="black" width="100%"><tr valign="top"><td bgcolor="#FFFFFF" colspan="1"> <a start_ctx_id="method:getNanos()"/><a name="getNanos()"/><ul class="blockList"><li class="blockList"><h4>getNanos</h4><pre>public int getNanos()</pre><div class="block">Gets this <code>Timestamp</code> object's <code>nanos</code> value.     </div><dl> <dt> <span class="strong">Returns:</span>   </dt><dd>this <code>Timestamp</code> object's fractional seconds component     </dd> <dt> <span class="strong">See Also: </span>   </dt><dd> <a href="../../java/sql/Timestamp.html#setNanos(int)"><code>setNanos(int)</code></a> </dd>  </dl></li></ul> <a end_ctx_id="method:getNanos()"/>  </td></tr></table></td></tr></table><table border="0" cellpadding="1" cellspacing="0" width="100%"><tr><td><h3 class="ctxid">method:setNanos(int) [NONE]</h3></td></tr><tr><td><table border="0" cellpadding="5" cellspacing="1" bgcolor="black" width="100%"><tr valign="top"><td bgcolor="#FFFFFF" colspan="1"> <a start_ctx_id="method:setNanos(int)"/><a name="setNanos(int)"/><ul class="blockList"><li class="blockList"><h4>setNanos</h4><pre>public void setNanos(int n)</pre><div class="block">Sets this <code>Timestamp</code> object's <code>nanos</code> field to the given value.         </div><dl> <dt> <span class="strong">Parameters:</span>   </dt><dd> <code>n</code> - the new fractional seconds component       </dd> <dt> <span class="strong">Throws:</span>   </dt><dd> <code>java.lang.IllegalArgumentException</code> - if the given argument is greater than 999999999 or less than 0              </dd> <dt> <span class="strong">See Also: </span>   </dt><dd> <a href="../../java/sql/Timestamp.html#getNanos()"><code>getNanos()</code></a> </dd>   </dl></li></ul> <a end_ctx_id="method:setNanos(int)"/>  </td></tr></table></td></tr></table><table border="0" cellpadding="1" cellspacing="0" width="100%"><tr><td><h3 class="ctxid">method:equals(java.sql.Timestamp) [NONE]</h3></td></tr><tr><td><table border="0" cellpadding="5" cellspacing="1" bgcolor="black" width="100%"><tr valign="top"><td bgcolor="#FFFFFF" colspan="1"> <a start_ctx_id="method:equals(java.sql.Timestamp)"/><a name="equals(java.sql.Timestamp)"/><ul class="blockList"><li class="blockList"><h4>equals</h4><pre>public boolean equals(<a href="../../java/sql/Timestamp.html" title="class in java.sql">Timestamp</a> ts)</pre><div class="block">Tests to see if this <code>Timestamp</code> object is equal to the given <code>Timestamp</code> object.             </div><dl> <dt> <span class="strong">Parameters:</span>   </dt><dd> <code>ts</code> - the <code>Timestamp</code> value to compare with        </dd> <dt> <span class="strong">Returns:</span>   </dt><dd> <code>true</code> if the given <code>Timestamp</code> object is equal to this <code>Timestamp</code> object; <code>false</code> otherwise              </dd>  </dl></li></ul> <a end_ctx_id="method:equals(java.sql.Timestamp)"/>  </td></tr></table></td></tr></table><table border="0" cellpadding="1" cellspacing="0" width="100%"><tr><td><h3 class="ctxid">method:equals(java.lang.Object) [NONE]</h3></td></tr><tr><td><table border="0" cellpadding="5" cellspacing="1" bgcolor="black" width="100%"><tr valign="top"><td bgcolor="#FFFFFF" colspan="1"> <a start_ctx_id="method:equals(java.lang.Object)"/><a name="equals(java.lang.Object)"/><ul class="blockList"><li class="blockList"><h4>equals</h4><pre>public boolean equals(java.lang.Object ts)</pre><div class="block">Tests to see if this <code>Timestamp</code> object is equal to the given object. This version of the method <code>equals</code> has been added to fix the incorrect signature of <code>Timestamp.equals(Timestamp)</code> and to preserve backward compatibility with existing class files. Note: This method is not symmetric with respect to the <code>equals(Object)</code> method in the base class.                                                     </div><dl> <dt> <strong>Overrides:</strong>   </dt><dd> <code>equals</code> in class <code>java.util.Date</code>  </dd> <dt> <span class="strong">Parameters:</span>   </dt><dd> <code>ts</code> - the <code>Object</code> value to compare with        </dd> <dt> <span class="strong">Returns:</span>   </dt><dd> <code>true</code> if the given <code>Object</code> is an instance of a <code>Timestamp</code> that is equal to this <code>Timestamp</code> object; <code>false</code> otherwise                    </dd> <dt> <span class="strong">See Also: </span>   </dt><dd> <code>Date.getTime()</code> </dd>    </dl></li></ul> <a end_ctx_id="method:equals(java.lang.Object)"/>  </td></tr></table></td></tr></table><table border="0" cellpadding="1" cellspacing="0" width="100%"><tr><td><h3 class="ctxid">method:before(java.sql.Timestamp) [NONE]</h3></td></tr><tr><td><table border="0" cellpadding="5" cellspacing="1" bgcolor="black" width="100%"><tr valign="top"><td bgcolor="#FFFFFF" colspan="1"> <a start_ctx_id="method:before(java.sql.Timestamp)"/><a name="before(java.sql.Timestamp)"/><ul class="blockList"><li class="blockList"><h4>before</h4><pre>public boolean before(<a href="../../java/sql/Timestamp.html" title="class in java.sql">Timestamp</a> ts)</pre><div class="block">Indicates whether this <code>Timestamp</code> object is earlier than the given <code>Timestamp</code> object.           </div><dl> <dt> <span class="strong">Parameters:</span>   </dt><dd> <code>ts</code> - the <code>Timestamp</code> value to compare with        </dd> <dt> <span class="strong">Returns:</span>   </dt><dd> <code>true</code> if this <code>Timestamp</code> object is earlier; <code>false</code> otherwise         </dd>  </dl></li></ul> <a end_ctx_id="method:before(java.sql.Timestamp)"/>  </td></tr></table></td></tr></table><table border="0" cellpadding="1" cellspacing="0" width="100%"><tr><td><h3 class="ctxid">method:after(java.sql.Timestamp) [NONE]</h3></td></tr><tr><td><table border="0" cellpadding="5" cellspacing="1" bgcolor="black" width="100%"><tr valign="top"><td bgcolor="#FFFFFF" colspan="1"> <a start_ctx_id="method:after(java.sql.Timestamp)"/><a name="after(java.sql.Timestamp)"/><ul class="blockList"><li class="blockList"><h4>after</h4><pre>public boolean after(<a href="../../java/sql/Timestamp.html" title="class in java.sql">Timestamp</a> ts)</pre><div class="block">Indicates whether this <code>Timestamp</code> object is later than the given <code>Timestamp</code> object.           </div><dl> <dt> <span class="strong">Parameters:</span>   </dt><dd> <code>ts</code> - the <code>Timestamp</code> value to compare with        </dd> <dt> <span class="strong">Returns:</span>   </dt><dd> <code>true</code> if this <code>Timestamp</code> object is later; <code>false</code> otherwise         </dd>  </dl></li></ul> <a end_ctx_id="method:after(java.sql.Timestamp)"/>  </td></tr></table></td></tr></table><table border="0" cellpadding="1" cellspacing="0" width="100%"><tr><td><h3 class="ctxid">method:compareTo(java.sql.Timestamp) [NONE]</h3></td></tr><tr><td><table border="0" cellpadding="5" cellspacing="1" bgcolor="black" width="100%"><tr valign="top"><td bgcolor="#FFFFFF" colspan="1"> <a start_ctx_id="method:compareTo(java.sql.Timestamp)"/><a name="compareTo(java.sql.Timestamp)"/><ul class="blockList"><li class="blockList"><h4>compareTo</h4><pre>public int compareTo(<a href="../../java/sql/Timestamp.html" title="class in java.sql">Timestamp</a> ts)</pre><div class="block">Compares this <code>Timestamp</code> object to the given <code>Timestamp</code> object.        </div><dl> <dt> <span class="strong">Parameters:</span>   </dt><dd> <code>ts</code> - the <code>Timestamp</code> object to be compared to this <code>Timestamp</code> object            </dd> <dt> <span class="strong">Returns:</span>   </dt><dd>the value <code>0</code> if the two <code>Timestamp</code> objects are equal; a value less than <code>0</code> if this <code>Timestamp</code> object is before the given argument; and a value greater than <code>0</code> if this <code>Timestamp</code> object is after the given argument.                                      </dd> <dt> <span class="strong">Since:</span>   </dt><dd>1.4</dd>   </dl></li></ul> <a end_ctx_id="method:compareTo(java.sql.Timestamp)"/>  </td></tr></table></td></tr></table><table border="0" cellpadding="1" cellspacing="0" width="100%"><tr><td><h3 class="ctxid">method:compareTo(java.util.Date) [NONE]</h3></td></tr><tr><td><table border="0" cellpadding="5" cellspacing="1" bgcolor="black" width="100%"><tr valign="top"><td bgcolor="#FFFFFF" colspan="1"> <a start_ctx_id="method:compareTo(java.util.Date)"/><a name="compareTo(java.util.Date)"/><ul class="blockList"><li class="blockList"><h4>compareTo</h4><pre>public int compareTo(java.util.Date o)</pre><div class="block">Compares this <code>Timestamp</code> object to the given <code>Date</code> object.        </div><dl> <dt> <strong>Specified by: </strong>   </dt><dd> <code>compareTo</code> in interface <code>java.lang.Comparable&lt;java.util.Date&gt;</code>  </dd> <dt> <strong>Overrides:</strong>   </dt><dd> <code>compareTo</code> in class <code>java.util.Date</code>  </dd> <dt> <span class="strong">Parameters:</span>   </dt><dd> <code>o</code> - the <code>Date</code> to be compared to this <code>Timestamp</code> object           </dd> <dt> <span class="strong">Returns:</span>   </dt><dd>the value <code>0</code> if this <code>Timestamp</code> object and the given object are equal; a value less than <code>0</code> if this <code>Timestamp</code> object is before the given argument; and a value greater than <code>0</code> if this <code>Timestamp</code> object is after the given argument.                                         </dd> <dt> <span class="strong">Since:</span>   </dt><dd>1.5</dd>     </dl></li></ul> <a end_ctx_id="method:compareTo(java.util.Date)"/>  </td></tr></table></td></tr></table><table border="0" cellpadding="1" cellspacing="0" width="100%"><tr><td><h3 class="ctxid">method:hashCode() [NONE]</h3></td></tr><tr><td><table border="0" cellpadding="5" cellspacing="1" bgcolor="black" width="100%"><tr valign="top"><td bgcolor="#FFFFFF" colspan="1"> <a start_ctx_id="method:hashCode()"/><a name="hashCode()"/><ul class="blockList"><li class="blockList"><h4>hashCode</h4><pre>public int hashCode()</pre><div class="block">Returns a hash code value for this object. The result is the exclusive OR of the two halves of the primitive <tt>long</tt> value returned by the <code>Date.getTime()</code> method. That is, the hash code is the value of the expression:<blockquote><pre><code>
 (int)(this.getTime()^(this.getTime() &gt;&gt;&gt; 32))
 </code></pre></blockquote> The <code>hashCode</code> method uses the underlying <code>java.util.Date</code> implementation and therefore does not include nanos in its computation.                                                       </div><dl> <dt> <strong>Overrides:</strong>   </dt><dd> <code>hashCode</code> in class <code>java.util.Date</code>  </dd> <dt> <span class="strong">Returns:</span>   </dt><dd>a hash code value for this object.      </dd> <dt> <span class="strong">See Also: </span>   </dt><dd> <code>Object.equals(java.lang.Object)</code>, <code>System.identityHashCode(java.lang.Object)</code>  </dd>   </dl></li></ul> <a end_ctx_id="method:hashCode()"/>  </td></tr></table></td></tr></table><table border="0" cellpadding="1" cellspacing="0" width="100%"><tr><td><h3 class="ctxid">method:valueOf(java.time.LocalDateTime) [ADDED]</h3></td></tr><tr><td><table border="0" cellpadding="5" cellspacing="1" bgcolor="black" width="100%"><tr valign="top"><td bgcolor="#FFFFFF" colspan="1"> <a start_ctx_id="method:valueOf(java.time.LocalDateTime)"><span class="diff-html-added"/></a><a name="valueOf(java.time.LocalDateTime)"/><ul class="blockList"><li class="blockList"><h4><span class="diff-html-added">valueOf</span></h4><pre><span class="diff-html-added">public</span> <span class="diff-html-added">static </span><a href="../../java/sql/Timestamp.html" title="class in java.sql"><span class="diff-html-added">Timestamp</span></a><span class="diff-html-added"> valueOf(java.time.LocalDateTime dateTime)</span></pre><div class="block"><span class="diff-html-added">Obtains</span> <span class="diff-html-added">an</span> <span class="diff-html-added">instance</span> <span class="diff-html-added">of</span> <code><span class="diff-html-added">Timestamp</span></code> <span class="diff-html-added">from</span> <span class="diff-html-added">a</span> <code><span class="diff-html-added">LocalDateTime</span></code> <span class="diff-html-added">object,</span> <span class="diff-html-added">with</span> <span class="diff-html-added">the</span> <span class="diff-html-added">same</span> <span class="diff-html-added">year,</span> <span class="diff-html-added">month,</span> <span class="diff-html-added">day</span> <span class="diff-html-added">of</span> <span class="diff-html-added">month,</span> <span class="diff-html-added">hours,</span> <span class="diff-html-added">minutes,</span> <span class="diff-html-added">seconds</span> <span class="diff-html-added">and</span> <span class="diff-html-added">nanos</span> <span class="diff-html-added">date-time</span> <span class="diff-html-added">value</span> <span class="diff-html-added">as</span> <span class="diff-html-added">the</span> <span class="diff-html-added">provided</span> <code><span class="diff-html-added">LocalDateTime</span></code><span class="diff-html-added">.</span><p> <span class="diff-html-added">The</span> <span class="diff-html-added">provided</span> <code><span class="diff-html-added">LocalDateTime</span></code> <span class="diff-html-added">is</span> <span class="diff-html-added">interpreted</span> <span class="diff-html-added">as</span> <span class="diff-html-added">the</span> <span class="diff-html-added">local</span> <span class="diff-html-added">date-time</span> <span class="diff-html-added">in</span> <span class="diff-html-added">the</span> <span class="diff-html-added">local</span> <span class="diff-html-added">time</span> <span class="diff-html-added">zone.</span>              </p>                           </div><dl> <dt> <span class="strong"><span class="diff-html-added">Parameters:</span></span>   </dt><dd> <code><span class="diff-html-added">dateTime</span></code> <span class="diff-html-added">-</span> <span class="diff-html-added">a</span> <code><span class="diff-html-added">LocalDateTime</span></code> <span class="diff-html-added">to</span> <span class="diff-html-added">convert</span>      </dd> <dt> <span class="strong"><span class="diff-html-added">Returns:</span></span>   </dt><dd><span class="diff-html-added">a</span> <code><span class="diff-html-added">Timestamp</span></code> <span class="diff-html-added">object</span>  </dd> <dt> <span class="strong"><span class="diff-html-added">Throws:</span></span>   </dt><dd> <code><span class="diff-html-added">java.lang.NullPointerException</span></code> <span class="diff-html-added">-</span> <span class="diff-html-added">if</span> <code><span class="diff-html-added">dateTime</span></code> <span class="diff-html-added">is</span> <span class="diff-html-added">null.</span>      </dd> <dt> <span class="strong"><span class="diff-html-added">Since:</span></span>   </dt><dd><span class="diff-html-added">1.8</span></dd>    </dl></li></ul> <a end_ctx_id="method:valueOf(java.time.LocalDateTime)"><span class="diff-html-added"/></a>  </td></tr></table></td></tr></table><table border="0" cellpadding="1" cellspacing="0" width="100%"><tr><td><h3 class="ctxid">method:toLocalDateTime() [ADDED]</h3></td></tr><tr><td><table border="0" cellpadding="5" cellspacing="1" bgcolor="black" width="100%"><tr valign="top"><td bgcolor="#FFFFFF" colspan="1"> <a start_ctx_id="method:toLocalDateTime()"><span class="diff-html-added"/></a><a name="toLocalDateTime()"/><ul class="blockList"><li class="blockList"><h4><span class="diff-html-added">toLocalDateTime</span></h4><pre><span class="diff-html-added">public java.time.LocalDateTime toLocalDateTime()</span></pre><div class="block"><span class="diff-html-added">Converts</span> <span class="diff-html-added">this</span> <code><span class="diff-html-added">Timestamp</span></code> <span class="diff-html-added">object</span> <span class="diff-html-added">to</span> <span class="diff-html-added">a</span> <code><span class="diff-html-added">LocalDateTime</span></code><span class="diff-html-added">.</span><p> <span class="diff-html-added">The</span> <span class="diff-html-added">conversion</span> <span class="diff-html-added">creates</span> <span class="diff-html-added">a</span> <code><span class="diff-html-added">LocalDateTime</span></code> <span class="diff-html-added">that</span> <span class="diff-html-added">represents</span> <span class="diff-html-added">the</span> <span class="diff-html-added">same</span> <span class="diff-html-added">year,</span> <span class="diff-html-added">month,</span> <span class="diff-html-added">day</span> <span class="diff-html-added">of</span> <span class="diff-html-added">month,</span> <span class="diff-html-added">hours,</span> <span class="diff-html-added">minutes,</span> <span class="diff-html-added">seconds</span> <span class="diff-html-added">and</span> <span class="diff-html-added">nanos</span> <span class="diff-html-added">date-time</span> <span class="diff-html-added">value</span> <span class="diff-html-added">as</span> <span class="diff-html-added">this</span> <code><span class="diff-html-added">Timestamp</span></code> <span class="diff-html-added">in</span> <span class="diff-html-added">the</span> <span class="diff-html-added">local</span> <span class="diff-html-added">time</span> <span class="diff-html-added">zone.</span>                             </p>      </div><dl> <dt> <span class="strong"><span class="diff-html-added">Returns:</span></span>   </dt><dd><span class="diff-html-added">a</span> <code><span class="diff-html-added">LocalDateTime</span></code> <span class="diff-html-added">object</span> <span class="diff-html-added">representing</span> <span class="diff-html-added">the</span> <span class="diff-html-added">same</span> <span class="diff-html-added">date-time</span> <span class="diff-html-added">value</span>       </dd> <dt> <span class="strong"><span class="diff-html-added">Since:</span></span>   </dt><dd><span class="diff-html-added">1.8</span></dd>  </dl></li></ul> <a end_ctx_id="method:toLocalDateTime()"><span class="diff-html-added"/></a>  </td></tr></table></td></tr></table><table border="0" cellpadding="1" cellspacing="0" width="100%"><tr><td><h3 class="ctxid">method:from(java.time.Instant) [ADDED]</h3></td></tr><tr><td><table border="0" cellpadding="5" cellspacing="1" bgcolor="black" width="100%"><tr valign="top"><td bgcolor="#FFFFFF" colspan="1"> <a start_ctx_id="method:from(java.time.Instant)"><span class="diff-html-added"/></a><a name="from(java.time.Instant)"/><ul class="blockList"><li class="blockList"><h4><span class="diff-html-added">from</span></h4><pre><span class="diff-html-added">public</span> <span class="diff-html-added">static </span><a href="../../java/sql/Timestamp.html" title="class in java.sql"><span class="diff-html-added">Timestamp</span></a><span class="diff-html-added"> from(java.time.Instant instant)</span></pre><div class="block"><span class="diff-html-added">Obtains</span> <span class="diff-html-added">an</span> <span class="diff-html-added">instance</span> <span class="diff-html-added">of</span> <code><span class="diff-html-added">Timestamp</span></code> <span class="diff-html-added">from</span> <span class="diff-html-added">an</span> <span class="diff-html-added">&lt;code&gt;Instant&lt;/code&gt;</span> <span class="diff-html-added">object.</span><p> <code><span class="diff-html-added">Instant</span></code> <span class="diff-html-added">can</span> <span class="diff-html-added">store</span> <span class="diff-html-added">points</span> <span class="diff-html-added">on</span> <span class="diff-html-added">the</span> <span class="diff-html-added">time-line</span> <span class="diff-html-added">further</span> <span class="diff-html-added">in</span> <span class="diff-html-added">the</span> <span class="diff-html-added">future</span> <span class="diff-html-added">and</span> <span class="diff-html-added">further</span> <span class="diff-html-added">in</span> <span class="diff-html-added">the</span> <span class="diff-html-added">past</span> <span class="diff-html-added">than</span> <code><span class="diff-html-added">Date</span></code><span class="diff-html-added">.</span> <span class="diff-html-added">In</span> <span class="diff-html-added">this</span> <span class="diff-html-added">scenario,</span> <span class="diff-html-added">this</span> <span class="diff-html-added">method</span> <span class="diff-html-added">will</span> <span class="diff-html-added">throw</span> <span class="diff-html-added">an</span> <span class="diff-html-added">exception.</span>                           </p>        </div><dl> <dt> <span class="strong"><span class="diff-html-added">Parameters:</span></span>   </dt><dd> <code><span class="diff-html-added">instant</span></code> <span class="diff-html-added">-</span> <span class="diff-html-added">the</span> <span class="diff-html-added">instant</span> <span class="diff-html-added">to</span> <span class="diff-html-added">convert</span>      </dd> <dt> <span class="strong"><span class="diff-html-added">Returns:</span></span>   </dt><dd><span class="diff-html-added">an</span> <code><span class="diff-html-added">Timestamp</span></code> <span class="diff-html-added">representing</span> <span class="diff-html-added">the</span> <span class="diff-html-added">same</span> <span class="diff-html-added">point</span> <span class="diff-html-added">on</span> <span class="diff-html-added">the</span> <span class="diff-html-added">time-line</span> <span class="diff-html-added">as</span> <span class="diff-html-added">the</span> <span class="diff-html-added">provided</span> <span class="diff-html-added">instant</span>            </dd> <dt> <span class="strong"><span class="diff-html-added">Throws:</span></span>   </dt><dd> <code><span class="diff-html-added">java.lang.NullPointerException</span></code> <span class="diff-html-added">-</span> <span class="diff-html-added">if</span> <code><span class="diff-html-added">instant</span></code> <span class="diff-html-added">is</span> <span class="diff-html-added">null.</span>      </dd><dd> <code><span class="diff-html-added">java.lang.IllegalArgumentException</span></code> <span class="diff-html-added">-</span> <span class="diff-html-added">if</span> <span class="diff-html-added">the</span> <span class="diff-html-added">instant</span> <span class="diff-html-added">is</span> <span class="diff-html-added">too</span> <span class="diff-html-added">large</span> <span class="diff-html-added">to</span> <span class="diff-html-added">represent</span> <span class="diff-html-added">as</span> <span class="diff-html-added">a</span> <code><span class="diff-html-added">Timesamp</span></code>             </dd> <dt> <span class="strong"><span class="diff-html-added">Since:</span></span>   </dt><dd><span class="diff-html-added">1.8</span></dd>    </dl></li></ul> <a end_ctx_id="method:from(java.time.Instant)"><span class="diff-html-added"/></a>  </td></tr></table></td></tr></table><table border="0" cellpadding="1" cellspacing="0" width="100%"><tr><td><h3 class="ctxid">method:toInstant() [ADDED]</h3></td></tr><tr><td><table border="0" cellpadding="5" cellspacing="1" bgcolor="black" width="100%"><tr valign="top"><td bgcolor="#FFFFFF" colspan="1"> <a start_ctx_id="method:toInstant()"><span class="diff-html-added"/></a><a name="toInstant()"/><ul class="blockListLast"><li class="blockList"><h4><span class="diff-html-added">toInstant</span></h4><pre><span class="diff-html-added">public java.time.Instant toInstant()</span></pre><div class="block"><span class="diff-html-added">Converts</span> <span class="diff-html-added">this</span> <code><span class="diff-html-added">Timestamp</span></code> <span class="diff-html-added">object</span> <span class="diff-html-added">to</span> <span class="diff-html-added">an</span> <code><span class="diff-html-added">Instant</span></code><span class="diff-html-added">.</span><p> <span class="diff-html-added">The</span> <span class="diff-html-added">conversion</span> <span class="diff-html-added">creates</span> <span class="diff-html-added">an</span> <code><span class="diff-html-added">Instant</span></code> <span class="diff-html-added">that</span> <span class="diff-html-added">represents</span> <span class="diff-html-added">the</span> <span class="diff-html-added">same</span> <span class="diff-html-added">point</span> <span class="diff-html-added">on</span> <span class="diff-html-added">the</span> <span class="diff-html-added">time-line</span> <span class="diff-html-added">as</span> <span class="diff-html-added">this</span> <code><span class="diff-html-added">Timestamp</span></code><span class="diff-html-added">.</span>                </p>      </div><dl> <dt> <strong><span class="diff-html-added">Overrides:</span></strong>   </dt><dd> <code><span class="diff-html-added">toInstant</span></code><span class="diff-html-added"> in</span> <span class="diff-html-added">class </span><code><span class="diff-html-added">java.util.Date</span></code>  </dd> <dt> <span class="strong"><span class="diff-html-added">Returns:</span></span>   </dt><dd><span class="diff-html-added">an</span> <span class="diff-html-added">instant</span> <span class="diff-html-added">representing</span> <span class="diff-html-added">the</span> <span class="diff-html-added">same</span> <span class="diff-html-added">point</span> <span class="diff-html-added">on</span> <span class="diff-html-added">the</span> <span class="diff-html-added">time-line</span>        </dd> <dt> <span class="strong"><span class="diff-html-added">Since:</span></span>   </dt><dd><span class="diff-html-added">1.8</span></dd>   </dl></li></ul> <a end_ctx_id="method:toInstant()"><span class="diff-html-added"/></a>  </td></tr></table></td></tr></table></diff></diffreport>