<?xml version="1.0" encoding="UTF-8"?><diffreport><diff><table border="0" cellpadding="1" cellspacing="0" width="100%"><tr><td><h3 class="ctxid">class:Types [NONE]</h3></td></tr><tr><td><table border="0" cellpadding="5" cellspacing="1" bgcolor="black" width="100%"><tr valign="top"><td bgcolor="#FFFFFF" colspan="1"><div class="description"> <a start_ctx_id="class:Types"/><ul class="blockList"><li class="blockList"> <hr/> <br/><pre>public class <span class="strong">Types</span>
extends java.lang.Object</pre><div class="block"><p>The class that defines the constants that are used to identify generic SQL types, called JDBC types.                </p><p> This class is never instantiated.     </p></div>  </li></ul> </div> <a end_ctx_id="class:Types"/> </td></tr></table></td></tr></table><table border="0" cellpadding="1" cellspacing="0" width="100%"><tr><td><h3 class="ctxid">field:BIT [NONE]</h3></td></tr><tr><td><table border="0" cellpadding="5" cellspacing="1" bgcolor="black" width="100%"><tr valign="top"><td bgcolor="#FFFFFF" colspan="1"> <a start_ctx_id="field:BIT"/><a name="BIT"/><ul class="blockList"><li class="blockList"><h4>BIT</h4><pre>public static final int BIT</pre><div class="block"><p>The constant in the Java programming language, sometimes referred to as a type code, that identifies the generic SQL type <code>BIT</code>.                    </p></div><dl> <dt> <span class="strong">See Also: </span>   </dt><dd> <a href="../../constant-values.html#java.sql.Types.BIT">Constant Field Values  </a> </dd> </dl></li></ul> <a end_ctx_id="field:BIT"/>  </td></tr></table></td></tr></table><table border="0" cellpadding="1" cellspacing="0" width="100%"><tr><td><h3 class="ctxid">field:TINYINT [NONE]</h3></td></tr><tr><td><table border="0" cellpadding="5" cellspacing="1" bgcolor="black" width="100%"><tr valign="top"><td bgcolor="#FFFFFF" colspan="1"> <a start_ctx_id="field:TINYINT"/><a name="TINYINT"/><ul class="blockList"><li class="blockList"><h4>TINYINT</h4><pre>public static final int TINYINT</pre><div class="block"><p>The constant in the Java programming language, sometimes referred to as a type code, that identifies the generic SQL type <code>TINYINT</code>.                    </p></div><dl> <dt> <span class="strong">See Also: </span>   </dt><dd> <a href="../../constant-values.html#java.sql.Types.TINYINT">Constant Field Values  </a> </dd> </dl></li></ul> <a end_ctx_id="field:TINYINT"/>  </td></tr></table></td></tr></table><table border="0" cellpadding="1" cellspacing="0" width="100%"><tr><td><h3 class="ctxid">field:SMALLINT [NONE]</h3></td></tr><tr><td><table border="0" cellpadding="5" cellspacing="1" bgcolor="black" width="100%"><tr valign="top"><td bgcolor="#FFFFFF" colspan="1"> <a start_ctx_id="field:SMALLINT"/><a name="SMALLINT"/><ul class="blockList"><li class="blockList"><h4>SMALLINT</h4><pre>public static final int SMALLINT</pre><div class="block"><p>The constant in the Java programming language, sometimes referred to as a type code, that identifies the generic SQL type <code>SMALLINT</code>.                    </p></div><dl> <dt> <span class="strong">See Also: </span>   </dt><dd> <a href="../../constant-values.html#java.sql.Types.SMALLINT">Constant Field Values  </a> </dd> </dl></li></ul> <a end_ctx_id="field:SMALLINT"/>  </td></tr></table></td></tr></table><table border="0" cellpadding="1" cellspacing="0" width="100%"><tr><td><h3 class="ctxid">field:INTEGER [NONE]</h3></td></tr><tr><td><table border="0" cellpadding="5" cellspacing="1" bgcolor="black" width="100%"><tr valign="top"><td bgcolor="#FFFFFF" colspan="1"> <a start_ctx_id="field:INTEGER"/><a name="INTEGER"/><ul class="blockList"><li class="blockList"><h4>INTEGER</h4><pre>public static final int INTEGER</pre><div class="block"><p>The constant in the Java programming language, sometimes referred to as a type code, that identifies the generic SQL type <code>INTEGER</code>.                    </p></div><dl> <dt> <span class="strong">See Also: </span>   </dt><dd> <a href="../../constant-values.html#java.sql.Types.INTEGER">Constant Field Values  </a> </dd> </dl></li></ul> <a end_ctx_id="field:INTEGER"/>  </td></tr></table></td></tr></table><table border="0" cellpadding="1" cellspacing="0" width="100%"><tr><td><h3 class="ctxid">field:BIGINT [NONE]</h3></td></tr><tr><td><table border="0" cellpadding="5" cellspacing="1" bgcolor="black" width="100%"><tr valign="top"><td bgcolor="#FFFFFF" colspan="1"> <a start_ctx_id="field:BIGINT"/><a name="BIGINT"/><ul class="blockList"><li class="blockList"><h4>BIGINT</h4><pre>public static final int BIGINT</pre><div class="block"><p>The constant in the Java programming language, sometimes referred to as a type code, that identifies the generic SQL type <code>BIGINT</code>.                    </p></div><dl> <dt> <span class="strong">See Also: </span>   </dt><dd> <a href="../../constant-values.html#java.sql.Types.BIGINT">Constant Field Values  </a> </dd> </dl></li></ul> <a end_ctx_id="field:BIGINT"/>  </td></tr></table></td></tr></table><table border="0" cellpadding="1" cellspacing="0" width="100%"><tr><td><h3 class="ctxid">field:FLOAT [NONE]</h3></td></tr><tr><td><table border="0" cellpadding="5" cellspacing="1" bgcolor="black" width="100%"><tr valign="top"><td bgcolor="#FFFFFF" colspan="1"> <a start_ctx_id="field:FLOAT"/><a name="FLOAT"/><ul class="blockList"><li class="blockList"><h4>FLOAT</h4><pre>public static final int FLOAT</pre><div class="block"><p>The constant in the Java programming language, sometimes referred to as a type code, that identifies the generic SQL type <code>FLOAT</code>.                    </p></div><dl> <dt> <span class="strong">See Also: </span>   </dt><dd> <a href="../../constant-values.html#java.sql.Types.FLOAT">Constant Field Values  </a> </dd> </dl></li></ul> <a end_ctx_id="field:FLOAT"/>  </td></tr></table></td></tr></table><table border="0" cellpadding="1" cellspacing="0" width="100%"><tr><td><h3 class="ctxid">field:REAL [NONE]</h3></td></tr><tr><td><table border="0" cellpadding="5" cellspacing="1" bgcolor="black" width="100%"><tr valign="top"><td bgcolor="#FFFFFF" colspan="1"> <a start_ctx_id="field:REAL"/><a name="REAL"/><ul class="blockList"><li class="blockList"><h4>REAL</h4><pre>public static final int REAL</pre><div class="block"><p>The constant in the Java programming language, sometimes referred to as a type code, that identifies the generic SQL type <code>REAL</code>.                    </p></div><dl> <dt> <span class="strong">See Also: </span>   </dt><dd> <a href="../../constant-values.html#java.sql.Types.REAL">Constant Field Values  </a> </dd> </dl></li></ul> <a end_ctx_id="field:REAL"/>  </td></tr></table></td></tr></table><table border="0" cellpadding="1" cellspacing="0" width="100%"><tr><td><h3 class="ctxid">field:DOUBLE [NONE]</h3></td></tr><tr><td><table border="0" cellpadding="5" cellspacing="1" bgcolor="black" width="100%"><tr valign="top"><td bgcolor="#FFFFFF" colspan="1"> <a start_ctx_id="field:DOUBLE"/><a name="DOUBLE"/><ul class="blockList"><li class="blockList"><h4>DOUBLE</h4><pre>public static final int DOUBLE</pre><div class="block"><p>The constant in the Java programming language, sometimes referred to as a type code, that identifies the generic SQL type <code>DOUBLE</code>.                    </p></div><dl> <dt> <span class="strong">See Also: </span>   </dt><dd> <a href="../../constant-values.html#java.sql.Types.DOUBLE">Constant Field Values  </a> </dd> </dl></li></ul> <a end_ctx_id="field:DOUBLE"/>  </td></tr></table></td></tr></table><table border="0" cellpadding="1" cellspacing="0" width="100%"><tr><td><h3 class="ctxid">field:NUMERIC [NONE]</h3></td></tr><tr><td><table border="0" cellpadding="5" cellspacing="1" bgcolor="black" width="100%"><tr valign="top"><td bgcolor="#FFFFFF" colspan="1"> <a start_ctx_id="field:NUMERIC"/><a name="NUMERIC"/><ul class="blockList"><li class="blockList"><h4>NUMERIC</h4><pre>public static final int NUMERIC</pre><div class="block"><p>The constant in the Java programming language, sometimes referred to as a type code, that identifies the generic SQL type <code>NUMERIC</code>.                    </p></div><dl> <dt> <span class="strong">See Also: </span>   </dt><dd> <a href="../../constant-values.html#java.sql.Types.NUMERIC">Constant Field Values  </a> </dd> </dl></li></ul> <a end_ctx_id="field:NUMERIC"/>  </td></tr></table></td></tr></table><table border="0" cellpadding="1" cellspacing="0" width="100%"><tr><td><h3 class="ctxid">field:DECIMAL [NONE]</h3></td></tr><tr><td><table border="0" cellpadding="5" cellspacing="1" bgcolor="black" width="100%"><tr valign="top"><td bgcolor="#FFFFFF" colspan="1"> <a start_ctx_id="field:DECIMAL"/><a name="DECIMAL"/><ul class="blockList"><li class="blockList"><h4>DECIMAL</h4><pre>public static final int DECIMAL</pre><div class="block"><p>The constant in the Java programming language, sometimes referred to as a type code, that identifies the generic SQL type <code>DECIMAL</code>.                    </p></div><dl> <dt> <span class="strong">See Also: </span>   </dt><dd> <a href="../../constant-values.html#java.sql.Types.DECIMAL">Constant Field Values  </a> </dd> </dl></li></ul> <a end_ctx_id="field:DECIMAL"/>  </td></tr></table></td></tr></table><table border="0" cellpadding="1" cellspacing="0" width="100%"><tr><td><h3 class="ctxid">field:CHAR [NONE]</h3></td></tr><tr><td><table border="0" cellpadding="5" cellspacing="1" bgcolor="black" width="100%"><tr valign="top"><td bgcolor="#FFFFFF" colspan="1"> <a start_ctx_id="field:CHAR"/><a name="CHAR"/><ul class="blockList"><li class="blockList"><h4>CHAR</h4><pre>public static final int CHAR</pre><div class="block"><p>The constant in the Java programming language, sometimes referred to as a type code, that identifies the generic SQL type <code>CHAR</code>.                    </p></div><dl> <dt> <span class="strong">See Also: </span>   </dt><dd> <a href="../../constant-values.html#java.sql.Types.CHAR">Constant Field Values  </a> </dd> </dl></li></ul> <a end_ctx_id="field:CHAR"/>  </td></tr></table></td></tr></table><table border="0" cellpadding="1" cellspacing="0" width="100%"><tr><td><h3 class="ctxid">field:VARCHAR [NONE]</h3></td></tr><tr><td><table border="0" cellpadding="5" cellspacing="1" bgcolor="black" width="100%"><tr valign="top"><td bgcolor="#FFFFFF" colspan="1"> <a start_ctx_id="field:VARCHAR"/><a name="VARCHAR"/><ul class="blockList"><li class="blockList"><h4>VARCHAR</h4><pre>public static final int VARCHAR</pre><div class="block"><p>The constant in the Java programming language, sometimes referred to as a type code, that identifies the generic SQL type <code>VARCHAR</code>.                    </p></div><dl> <dt> <span class="strong">See Also: </span>   </dt><dd> <a href="../../constant-values.html#java.sql.Types.VARCHAR">Constant Field Values  </a> </dd> </dl></li></ul> <a end_ctx_id="field:VARCHAR"/>  </td></tr></table></td></tr></table><table border="0" cellpadding="1" cellspacing="0" width="100%"><tr><td><h3 class="ctxid">field:LONGVARCHAR [NONE]</h3></td></tr><tr><td><table border="0" cellpadding="5" cellspacing="1" bgcolor="black" width="100%"><tr valign="top"><td bgcolor="#FFFFFF" colspan="1"> <a start_ctx_id="field:LONGVARCHAR"/><a name="LONGVARCHAR"/><ul class="blockList"><li class="blockList"><h4>LONGVARCHAR</h4><pre>public static final int LONGVARCHAR</pre><div class="block"><p>The constant in the Java programming language, sometimes referred to as a type code, that identifies the generic SQL type <code>LONGVARCHAR</code>.                    </p></div><dl> <dt> <span class="strong">See Also: </span>   </dt><dd> <a href="../../constant-values.html#java.sql.Types.LONGVARCHAR">Constant Field Values  </a> </dd> </dl></li></ul> <a end_ctx_id="field:LONGVARCHAR"/>  </td></tr></table></td></tr></table><table border="0" cellpadding="1" cellspacing="0" width="100%"><tr><td><h3 class="ctxid">field:DATE [NONE]</h3></td></tr><tr><td><table border="0" cellpadding="5" cellspacing="1" bgcolor="black" width="100%"><tr valign="top"><td bgcolor="#FFFFFF" colspan="1"> <a start_ctx_id="field:DATE"/><a name="DATE"/><ul class="blockList"><li class="blockList"><h4>DATE</h4><pre>public static final int DATE</pre><div class="block"><p>The constant in the Java programming language, sometimes referred to as a type code, that identifies the generic SQL type <code>DATE</code>.                    </p></div><dl> <dt> <span class="strong">See Also: </span>   </dt><dd> <a href="../../constant-values.html#java.sql.Types.DATE">Constant Field Values  </a> </dd> </dl></li></ul> <a end_ctx_id="field:DATE"/>  </td></tr></table></td></tr></table><table border="0" cellpadding="1" cellspacing="0" width="100%"><tr><td><h3 class="ctxid">field:TIME [NONE]</h3></td></tr><tr><td><table border="0" cellpadding="5" cellspacing="1" bgcolor="black" width="100%"><tr valign="top"><td bgcolor="#FFFFFF" colspan="1"> <a start_ctx_id="field:TIME"/><a name="TIME"/><ul class="blockList"><li class="blockList"><h4>TIME</h4><pre>public static final int TIME</pre><div class="block"><p>The constant in the Java programming language, sometimes referred to as a type code, that identifies the generic SQL type <code>TIME</code>.                    </p></div><dl> <dt> <span class="strong">See Also: </span>   </dt><dd> <a href="../../constant-values.html#java.sql.Types.TIME">Constant Field Values  </a> </dd> </dl></li></ul> <a end_ctx_id="field:TIME"/>  </td></tr></table></td></tr></table><table border="0" cellpadding="1" cellspacing="0" width="100%"><tr><td><h3 class="ctxid">field:TIMESTAMP [NONE]</h3></td></tr><tr><td><table border="0" cellpadding="5" cellspacing="1" bgcolor="black" width="100%"><tr valign="top"><td bgcolor="#FFFFFF" colspan="1"> <a start_ctx_id="field:TIMESTAMP"/><a name="TIMESTAMP"/><ul class="blockList"><li class="blockList"><h4>TIMESTAMP</h4><pre>public static final int TIMESTAMP</pre><div class="block"><p>The constant in the Java programming language, sometimes referred to as a type code, that identifies the generic SQL type <code>TIMESTAMP</code>.                    </p></div><dl> <dt> <span class="strong">See Also: </span>   </dt><dd> <a href="../../constant-values.html#java.sql.Types.TIMESTAMP">Constant Field Values  </a> </dd> </dl></li></ul> <a end_ctx_id="field:TIMESTAMP"/>  </td></tr></table></td></tr></table><table border="0" cellpadding="1" cellspacing="0" width="100%"><tr><td><h3 class="ctxid">field:BINARY [NONE]</h3></td></tr><tr><td><table border="0" cellpadding="5" cellspacing="1" bgcolor="black" width="100%"><tr valign="top"><td bgcolor="#FFFFFF" colspan="1"> <a start_ctx_id="field:BINARY"/><a name="BINARY"/><ul class="blockList"><li class="blockList"><h4>BINARY</h4><pre>public static final int BINARY</pre><div class="block"><p>The constant in the Java programming language, sometimes referred to as a type code, that identifies the generic SQL type <code>BINARY</code>.                    </p></div><dl> <dt> <span class="strong">See Also: </span>   </dt><dd> <a href="../../constant-values.html#java.sql.Types.BINARY">Constant Field Values  </a> </dd> </dl></li></ul> <a end_ctx_id="field:BINARY"/>  </td></tr></table></td></tr></table><table border="0" cellpadding="1" cellspacing="0" width="100%"><tr><td><h3 class="ctxid">field:VARBINARY [NONE]</h3></td></tr><tr><td><table border="0" cellpadding="5" cellspacing="1" bgcolor="black" width="100%"><tr valign="top"><td bgcolor="#FFFFFF" colspan="1"> <a start_ctx_id="field:VARBINARY"/><a name="VARBINARY"/><ul class="blockList"><li class="blockList"><h4>VARBINARY</h4><pre>public static final int VARBINARY</pre><div class="block"><p>The constant in the Java programming language, sometimes referred to as a type code, that identifies the generic SQL type <code>VARBINARY</code>.                    </p></div><dl> <dt> <span class="strong">See Also: </span>   </dt><dd> <a href="../../constant-values.html#java.sql.Types.VARBINARY">Constant Field Values  </a> </dd> </dl></li></ul> <a end_ctx_id="field:VARBINARY"/>  </td></tr></table></td></tr></table><table border="0" cellpadding="1" cellspacing="0" width="100%"><tr><td><h3 class="ctxid">field:LONGVARBINARY [NONE]</h3></td></tr><tr><td><table border="0" cellpadding="5" cellspacing="1" bgcolor="black" width="100%"><tr valign="top"><td bgcolor="#FFFFFF" colspan="1"> <a start_ctx_id="field:LONGVARBINARY"/><a name="LONGVARBINARY"/><ul class="blockList"><li class="blockList"><h4>LONGVARBINARY</h4><pre>public static final int LONGVARBINARY</pre><div class="block"><p>The constant in the Java programming language, sometimes referred to as a type code, that identifies the generic SQL type <code>LONGVARBINARY</code>.                    </p></div><dl> <dt> <span class="strong">See Also: </span>   </dt><dd> <a href="../../constant-values.html#java.sql.Types.LONGVARBINARY">Constant Field Values  </a> </dd> </dl></li></ul> <a end_ctx_id="field:LONGVARBINARY"/>  </td></tr></table></td></tr></table><table border="0" cellpadding="1" cellspacing="0" width="100%"><tr><td><h3 class="ctxid">field:NULL [NONE]</h3></td></tr><tr><td><table border="0" cellpadding="5" cellspacing="1" bgcolor="black" width="100%"><tr valign="top"><td bgcolor="#FFFFFF" colspan="1"> <a start_ctx_id="field:NULL"/><a name="NULL"/><ul class="blockList"><li class="blockList"><h4>NULL</h4><pre>public static final int NULL</pre><div class="block"><p>The constant in the Java programming language that identifies the generic SQL value <code>NULL</code>.             </p></div><dl> <dt> <span class="strong">See Also: </span>   </dt><dd> <a href="../../constant-values.html#java.sql.Types.NULL">Constant Field Values  </a> </dd> </dl></li></ul> <a end_ctx_id="field:NULL"/>  </td></tr></table></td></tr></table><table border="0" cellpadding="1" cellspacing="0" width="100%"><tr><td><h3 class="ctxid">field:OTHER [NONE]</h3></td></tr><tr><td><table border="0" cellpadding="5" cellspacing="1" bgcolor="black" width="100%"><tr valign="top"><td bgcolor="#FFFFFF" colspan="1"> <a start_ctx_id="field:OTHER"/><a name="OTHER"/><ul class="blockList"><li class="blockList"><h4>OTHER</h4><pre>public static final int OTHER</pre><div class="block">The constant in the Java programming language that indicates that the SQL type is database-specific and gets mapped to a Java object that can be accessed via the methods <code>getObject</code> and <code>setObject</code>.                               </div><dl> <dt> <span class="strong">See Also: </span>   </dt><dd> <a href="../../constant-values.html#java.sql.Types.OTHER">Constant Field Values  </a> </dd> </dl></li></ul> <a end_ctx_id="field:OTHER"/>  </td></tr></table></td></tr></table><table border="0" cellpadding="1" cellspacing="0" width="100%"><tr><td><h3 class="ctxid">field:JAVA_OBJECT [NONE]</h3></td></tr><tr><td><table border="0" cellpadding="5" cellspacing="1" bgcolor="black" width="100%"><tr valign="top"><td bgcolor="#FFFFFF" colspan="1"> <a start_ctx_id="field:JAVA_OBJECT"/><a name="JAVA_OBJECT"/><ul class="blockList"><li class="blockList"><h4>JAVA_OBJECT</h4><pre>public static final int JAVA_OBJECT</pre><div class="block">The constant in the Java programming language, sometimes referred to as a type code, that identifies the generic SQL type <code>JAVA_OBJECT</code>.                    </div><dl> <dt> <span class="strong">Since:</span>   </dt><dd>1.2</dd> <dt> <span class="strong">See Also: </span>   </dt><dd> <a href="../../constant-values.html#java.sql.Types.JAVA_OBJECT">Constant Field Values  </a> </dd>  </dl></li></ul> <a end_ctx_id="field:JAVA_OBJECT"/>  </td></tr></table></td></tr></table><table border="0" cellpadding="1" cellspacing="0" width="100%"><tr><td><h3 class="ctxid">field:DISTINCT [NONE]</h3></td></tr><tr><td><table border="0" cellpadding="5" cellspacing="1" bgcolor="black" width="100%"><tr valign="top"><td bgcolor="#FFFFFF" colspan="1"> <a start_ctx_id="field:DISTINCT"/><a name="DISTINCT"/><ul class="blockList"><li class="blockList"><h4>DISTINCT</h4><pre>public static final int DISTINCT</pre><div class="block">The constant in the Java programming language, sometimes referred to as a type code, that identifies the generic SQL type <code>DISTINCT</code>.                    </div><dl> <dt> <span class="strong">Since:</span>   </dt><dd>1.2</dd> <dt> <span class="strong">See Also: </span>   </dt><dd> <a href="../../constant-values.html#java.sql.Types.DISTINCT">Constant Field Values  </a> </dd>  </dl></li></ul> <a end_ctx_id="field:DISTINCT"/>  </td></tr></table></td></tr></table><table border="0" cellpadding="1" cellspacing="0" width="100%"><tr><td><h3 class="ctxid">field:STRUCT [NONE]</h3></td></tr><tr><td><table border="0" cellpadding="5" cellspacing="1" bgcolor="black" width="100%"><tr valign="top"><td bgcolor="#FFFFFF" colspan="1"> <a start_ctx_id="field:STRUCT"/><a name="STRUCT"/><ul class="blockList"><li class="blockList"><h4>STRUCT</h4><pre>public static final int STRUCT</pre><div class="block">The constant in the Java programming language, sometimes referred to as a type code, that identifies the generic SQL type <code>STRUCT</code>.                    </div><dl> <dt> <span class="strong">Since:</span>   </dt><dd>1.2</dd> <dt> <span class="strong">See Also: </span>   </dt><dd> <a href="../../constant-values.html#java.sql.Types.STRUCT">Constant Field Values  </a> </dd>  </dl></li></ul> <a end_ctx_id="field:STRUCT"/>  </td></tr></table></td></tr></table><table border="0" cellpadding="1" cellspacing="0" width="100%"><tr><td><h3 class="ctxid">field:ARRAY [NONE]</h3></td></tr><tr><td><table border="0" cellpadding="5" cellspacing="1" bgcolor="black" width="100%"><tr valign="top"><td bgcolor="#FFFFFF" colspan="1"> <a start_ctx_id="field:ARRAY"/><a name="ARRAY"/><ul class="blockList"><li class="blockList"><h4>ARRAY</h4><pre>public static final int ARRAY</pre><div class="block">The constant in the Java programming language, sometimes referred to as a type code, that identifies the generic SQL type <code>ARRAY</code>.                    </div><dl> <dt> <span class="strong">Since:</span>   </dt><dd>1.2</dd> <dt> <span class="strong">See Also: </span>   </dt><dd> <a href="../../constant-values.html#java.sql.Types.ARRAY">Constant Field Values  </a> </dd>  </dl></li></ul> <a end_ctx_id="field:ARRAY"/>  </td></tr></table></td></tr></table><table border="0" cellpadding="1" cellspacing="0" width="100%"><tr><td><h3 class="ctxid">field:BLOB [NONE]</h3></td></tr><tr><td><table border="0" cellpadding="5" cellspacing="1" bgcolor="black" width="100%"><tr valign="top"><td bgcolor="#FFFFFF" colspan="1"> <a start_ctx_id="field:BLOB"/><a name="BLOB"/><ul class="blockList"><li class="blockList"><h4>BLOB</h4><pre>public static final int BLOB</pre><div class="block">The constant in the Java programming language, sometimes referred to as a type code, that identifies the generic SQL type <code>BLOB</code>.                    </div><dl> <dt> <span class="strong">Since:</span>   </dt><dd>1.2</dd> <dt> <span class="strong">See Also: </span>   </dt><dd> <a href="../../constant-values.html#java.sql.Types.BLOB">Constant Field Values  </a> </dd>  </dl></li></ul> <a end_ctx_id="field:BLOB"/>  </td></tr></table></td></tr></table><table border="0" cellpadding="1" cellspacing="0" width="100%"><tr><td><h3 class="ctxid">field:CLOB [NONE]</h3></td></tr><tr><td><table border="0" cellpadding="5" cellspacing="1" bgcolor="black" width="100%"><tr valign="top"><td bgcolor="#FFFFFF" colspan="1"> <a start_ctx_id="field:CLOB"/><a name="CLOB"/><ul class="blockList"><li class="blockList"><h4>CLOB</h4><pre>public static final int CLOB</pre><div class="block">The constant in the Java programming language, sometimes referred to as a type code, that identifies the generic SQL type <code>CLOB</code>.                    </div><dl> <dt> <span class="strong">Since:</span>   </dt><dd>1.2</dd> <dt> <span class="strong">See Also: </span>   </dt><dd> <a href="../../constant-values.html#java.sql.Types.CLOB">Constant Field Values  </a> </dd>  </dl></li></ul> <a end_ctx_id="field:CLOB"/>  </td></tr></table></td></tr></table><table border="0" cellpadding="1" cellspacing="0" width="100%"><tr><td><h3 class="ctxid">field:REF [NONE]</h3></td></tr><tr><td><table border="0" cellpadding="5" cellspacing="1" bgcolor="black" width="100%"><tr valign="top"><td bgcolor="#FFFFFF" colspan="1"> <a start_ctx_id="field:REF"/><a name="REF"/><ul class="blockList"><li class="blockList"><h4>REF</h4><pre>public static final int REF</pre><div class="block">The constant in the Java programming language, sometimes referred to as a type code, that identifies the generic SQL type <code>REF</code>.                    </div><dl> <dt> <span class="strong">Since:</span>   </dt><dd>1.2</dd> <dt> <span class="strong">See Also: </span>   </dt><dd> <a href="../../constant-values.html#java.sql.Types.REF">Constant Field Values  </a> </dd>  </dl></li></ul> <a end_ctx_id="field:REF"/>  </td></tr></table></td></tr></table><table border="0" cellpadding="1" cellspacing="0" width="100%"><tr><td><h3 class="ctxid">field:DATALINK [NONE]</h3></td></tr><tr><td><table border="0" cellpadding="5" cellspacing="1" bgcolor="black" width="100%"><tr valign="top"><td bgcolor="#FFFFFF" colspan="1"> <a start_ctx_id="field:DATALINK"/><a name="DATALINK"/><ul class="blockList"><li class="blockList"><h4>DATALINK</h4><pre>public static final int DATALINK</pre><div class="block">The constant in the Java programming language, somtimes referred to as a type code, that identifies the generic SQL type <code>DATALINK</code>.                    </div><dl> <dt> <span class="strong">Since:</span>   </dt><dd>1.4</dd> <dt> <span class="strong">See Also: </span>   </dt><dd> <a href="../../constant-values.html#java.sql.Types.DATALINK">Constant Field Values  </a> </dd>  </dl></li></ul> <a end_ctx_id="field:DATALINK"/>  </td></tr></table></td></tr></table><table border="0" cellpadding="1" cellspacing="0" width="100%"><tr><td><h3 class="ctxid">field:BOOLEAN [NONE]</h3></td></tr><tr><td><table border="0" cellpadding="5" cellspacing="1" bgcolor="black" width="100%"><tr valign="top"><td bgcolor="#FFFFFF" colspan="1"> <a start_ctx_id="field:BOOLEAN"/><a name="BOOLEAN"/><ul class="blockList"><li class="blockList"><h4>BOOLEAN</h4><pre>public static final int BOOLEAN</pre><div class="block">The constant in the Java programming language, somtimes referred to as a type code, that identifies the generic SQL type <code>BOOLEAN</code>.                    </div><dl> <dt> <span class="strong">Since:</span>   </dt><dd>1.4</dd> <dt> <span class="strong">See Also: </span>   </dt><dd> <a href="../../constant-values.html#java.sql.Types.BOOLEAN">Constant Field Values  </a> </dd>  </dl></li></ul> <a end_ctx_id="field:BOOLEAN"/>  </td></tr></table></td></tr></table><table border="0" cellpadding="1" cellspacing="0" width="100%"><tr><td><h3 class="ctxid">field:ROWID [NONE]</h3></td></tr><tr><td><table border="0" cellpadding="5" cellspacing="1" bgcolor="black" width="100%"><tr valign="top"><td bgcolor="#FFFFFF" colspan="1"> <a start_ctx_id="field:ROWID"/><a name="ROWID"/><ul class="blockList"><li class="blockList"><h4>ROWID</h4><pre>public static final int ROWID</pre><div class="block">The constant in the Java programming language, sometimes referred to as a type code, that identifies the generic SQL type <code>ROWID</code>                    </div><dl> <dt> <span class="strong">Since:</span>   </dt><dd>1.6</dd> <dt> <span class="strong">See Also: </span>   </dt><dd> <a href="../../constant-values.html#java.sql.Types.ROWID">Constant Field Values  </a> </dd>  </dl></li></ul> <a end_ctx_id="field:ROWID"/>  </td></tr></table></td></tr></table><table border="0" cellpadding="1" cellspacing="0" width="100%"><tr><td><h3 class="ctxid">field:NCHAR [NONE]</h3></td></tr><tr><td><table border="0" cellpadding="5" cellspacing="1" bgcolor="black" width="100%"><tr valign="top"><td bgcolor="#FFFFFF" colspan="1"> <a start_ctx_id="field:NCHAR"/><a name="NCHAR"/><ul class="blockList"><li class="blockList"><h4>NCHAR</h4><pre>public static final int NCHAR</pre><div class="block">The constant in the Java programming language, sometimes referred to as a type code, that identifies the generic SQL type <code>NCHAR</code>                    </div><dl> <dt> <span class="strong">Since:</span>   </dt><dd>1.6</dd> <dt> <span class="strong">See Also: </span>   </dt><dd> <a href="../../constant-values.html#java.sql.Types.NCHAR">Constant Field Values  </a> </dd>  </dl></li></ul> <a end_ctx_id="field:NCHAR"/>  </td></tr></table></td></tr></table><table border="0" cellpadding="1" cellspacing="0" width="100%"><tr><td><h3 class="ctxid">field:NVARCHAR [NONE]</h3></td></tr><tr><td><table border="0" cellpadding="5" cellspacing="1" bgcolor="black" width="100%"><tr valign="top"><td bgcolor="#FFFFFF" colspan="1"> <a start_ctx_id="field:NVARCHAR"/><a name="NVARCHAR"/><ul class="blockList"><li class="blockList"><h4>NVARCHAR</h4><pre>public static final int NVARCHAR</pre><div class="block">The constant in the Java programming language, sometimes referred to as a type code, that identifies the generic SQL type <code>NVARCHAR</code>.                    </div><dl> <dt> <span class="strong">Since:</span>   </dt><dd>1.6</dd> <dt> <span class="strong">See Also: </span>   </dt><dd> <a href="../../constant-values.html#java.sql.Types.NVARCHAR">Constant Field Values  </a> </dd>  </dl></li></ul> <a end_ctx_id="field:NVARCHAR"/>  </td></tr></table></td></tr></table><table border="0" cellpadding="1" cellspacing="0" width="100%"><tr><td><h3 class="ctxid">field:LONGNVARCHAR [NONE]</h3></td></tr><tr><td><table border="0" cellpadding="5" cellspacing="1" bgcolor="black" width="100%"><tr valign="top"><td bgcolor="#FFFFFF" colspan="1"> <a start_ctx_id="field:LONGNVARCHAR"/><a name="LONGNVARCHAR"/><ul class="blockList"><li class="blockList"><h4>LONGNVARCHAR</h4><pre>public static final int LONGNVARCHAR</pre><div class="block">The constant in the Java programming language, sometimes referred to as a type code, that identifies the generic SQL type <code>LONGNVARCHAR</code>.                    </div><dl> <dt> <span class="strong">Since:</span>   </dt><dd>1.6</dd> <dt> <span class="strong">See Also: </span>   </dt><dd> <a href="../../constant-values.html#java.sql.Types.LONGNVARCHAR">Constant Field Values  </a> </dd>  </dl></li></ul> <a end_ctx_id="field:LONGNVARCHAR"/>  </td></tr></table></td></tr></table><table border="0" cellpadding="1" cellspacing="0" width="100%"><tr><td><h3 class="ctxid">field:NCLOB [NONE]</h3></td></tr><tr><td><table border="0" cellpadding="5" cellspacing="1" bgcolor="black" width="100%"><tr valign="top"><td bgcolor="#FFFFFF" colspan="1"> <a start_ctx_id="field:NCLOB"/><a name="NCLOB"/><ul class="blockList"><li class="blockList"><h4>NCLOB</h4><pre>public static final int NCLOB</pre><div class="block">The constant in the Java programming language, sometimes referred to as a type code, that identifies the generic SQL type <code>NCLOB</code>.                    </div><dl> <dt> <span class="strong">Since:</span>   </dt><dd>1.6</dd> <dt> <span class="strong">See Also: </span>   </dt><dd> <a href="../../constant-values.html#java.sql.Types.NCLOB">Constant Field Values  </a> </dd>  </dl></li></ul> <a end_ctx_id="field:NCLOB"/>  </td></tr></table></td></tr></table><table border="0" cellpadding="1" cellspacing="0" width="100%"><tr><td><h3 class="ctxid">field:SQLXML [NONE]</h3></td></tr><tr><td><table border="0" cellpadding="5" cellspacing="1" bgcolor="black" width="100%"><tr valign="top"><td bgcolor="#FFFFFF" colspan="1"> <a start_ctx_id="field:SQLXML"/><a name="SQLXML"/><ul class="blockList"><li class="blockList"><h4>SQLXML</h4><pre>public static final int SQLXML</pre><div class="block">The constant in the Java programming language, sometimes referred to as a type code, that identifies the generic SQL type <code>XML</code>.                    </div><dl> <dt> <span class="strong">Since:</span>   </dt><dd>1.6</dd> <dt> <span class="strong">See Also: </span>   </dt><dd> <a href="../../constant-values.html#java.sql.Types.SQLXML">Constant Field Values  </a> </dd>  </dl></li></ul> <a end_ctx_id="field:SQLXML"/>  </td></tr></table></td></tr></table><table border="0" cellpadding="1" cellspacing="0" width="100%"><tr><td><h3 class="ctxid">field:REF_CURSOR [ADDED]</h3></td></tr><tr><td><table border="0" cellpadding="5" cellspacing="1" bgcolor="black" width="100%"><tr valign="top"><td bgcolor="#FFFFFF" colspan="1"> <a start_ctx_id="field:REF_CURSOR"><span class="diff-html-added"/></a><a name="REF_CURSOR"/><ul class="blockList"><li class="blockList"><h4><span class="diff-html-added">REF_CURSOR</span></h4><pre><span class="diff-html-added">public</span> <span class="diff-html-added">static</span> <span class="diff-html-added">final int</span> <span class="diff-html-added">REF_CURSOR</span></pre><div class="block"><span class="diff-html-added">The</span> <span class="diff-html-added">constant</span> <span class="diff-html-added">in</span> <span class="diff-html-added">the</span> <span class="diff-html-added">Java</span> <span class="diff-html-added">programming</span> <span class="diff-html-added">language,</span> <span class="diff-html-added">sometimes</span> <span class="diff-html-added">referred</span> <span class="diff-html-added">to</span> <span class="diff-html-added">as</span> <span class="diff-html-added">a</span> <span class="diff-html-added">type</span> <span class="diff-html-added">code,</span> <span class="diff-html-added">that</span> <span class="diff-html-added">identifies</span> <span class="diff-html-added">the</span> <span class="diff-html-added">generic</span> <span class="diff-html-added">SQL</span> <span class="diff-html-added">type</span> <code><span class="diff-html-added">REF</span> <span class="diff-html-added">CURSOR</span> </code><span class="diff-html-added">.</span>                    </div><dl> <dt> <span class="strong"><span class="diff-html-added">Since:</span></span>   </dt><dd><span class="diff-html-added">1.8</span></dd> <dt> <span class="strong"><span class="diff-html-added">See</span> <span class="diff-html-added">Also:</span> </span>   </dt><dd> <a href="../../constant-values.html#java.sql.Types.REF_CURSOR"><span class="diff-html-added">Constant</span> <span class="diff-html-added">Field</span> <span class="diff-html-added">Values</span>  </a> </dd>  </dl></li></ul> <a end_ctx_id="field:REF_CURSOR"><span class="diff-html-added"/></a>  </td></tr></table></td></tr></table><table border="0" cellpadding="1" cellspacing="0" width="100%"><tr><td><h3 class="ctxid">field:TIME_WITH_TIMEZONE [ADDED]</h3></td></tr><tr><td><table border="0" cellpadding="5" cellspacing="1" bgcolor="black" width="100%"><tr valign="top"><td bgcolor="#FFFFFF" colspan="1"> <a start_ctx_id="field:TIME_WITH_TIMEZONE"><span class="diff-html-added"/></a><a name="TIME_WITH_TIMEZONE"/><ul class="blockList"><li class="blockList"><h4><span class="diff-html-added">TIME_WITH_TIMEZONE</span></h4><pre><span class="diff-html-added">public</span> <span class="diff-html-added">static</span> <span class="diff-html-added">final int</span> <span class="diff-html-added">TIME_WITH_TIMEZONE</span></pre><div class="block"><span class="diff-html-added">The</span> <span class="diff-html-added">constant</span> <span class="diff-html-added">in</span> <span class="diff-html-added">the</span> <span class="diff-html-added">Java</span> <span class="diff-html-added">programming</span> <span class="diff-html-added">language,</span> <span class="diff-html-added">sometimes</span> <span class="diff-html-added">referred</span> <span class="diff-html-added">to</span> <span class="diff-html-added">as</span> <span class="diff-html-added">a</span> <span class="diff-html-added">type</span> <span class="diff-html-added">code,</span> <span class="diff-html-added">that</span> <span class="diff-html-added">identifies</span> <span class="diff-html-added">the</span> <span class="diff-html-added">generic</span> <span class="diff-html-added">SQL</span> <span class="diff-html-added">type</span> <code><span class="diff-html-added">TIME</span> <span class="diff-html-added">WITH</span> <span class="diff-html-added">TIMEZONE</span>  </code><span class="diff-html-added">.</span>                    </div><dl> <dt> <span class="strong"><span class="diff-html-added">Since:</span></span>   </dt><dd><span class="diff-html-added">1.8</span></dd> <dt> <span class="strong"><span class="diff-html-added">See</span> <span class="diff-html-added">Also:</span> </span>   </dt><dd> <a href="../../constant-values.html#java.sql.Types.TIME_WITH_TIMEZONE"><span class="diff-html-added">Constant</span> <span class="diff-html-added">Field</span> <span class="diff-html-added">Values</span>  </a> </dd>  </dl></li></ul> <a end_ctx_id="field:TIME_WITH_TIMEZONE"><span class="diff-html-added"/></a>  </td></tr></table></td></tr></table><table border="0" cellpadding="1" cellspacing="0" width="100%"><tr><td><h3 class="ctxid">field:TIMESTAMP_WITH_TIMEZONE [ADDED]</h3></td></tr><tr><td><table border="0" cellpadding="5" cellspacing="1" bgcolor="black" width="100%"><tr valign="top"><td bgcolor="#FFFFFF" colspan="1"> <a start_ctx_id="field:TIMESTAMP_WITH_TIMEZONE"><span class="diff-html-added"/></a><a name="TIMESTAMP_WITH_TIMEZONE"/><ul class="blockListLast"><li class="blockList"><h4><span class="diff-html-added">TIMESTAMP_WITH_TIMEZONE</span></h4><pre><span class="diff-html-added">public</span> <span class="diff-html-added">static</span> <span class="diff-html-added">final int</span> <span class="diff-html-added">TIMESTAMP_WITH_TIMEZONE</span></pre><div class="block"><span class="diff-html-added">The</span> <span class="diff-html-added">constant</span> <span class="diff-html-added">in</span> <span class="diff-html-added">the</span> <span class="diff-html-added">Java</span> <span class="diff-html-added">programming</span> <span class="diff-html-added">language,</span> <span class="diff-html-added">sometimes</span> <span class="diff-html-added">referred</span> <span class="diff-html-added">to</span> <span class="diff-html-added">as</span> <span class="diff-html-added">a</span> <span class="diff-html-added">type</span> <span class="diff-html-added">code,</span> <span class="diff-html-added">that</span> <span class="diff-html-added">identifies</span> <span class="diff-html-added">the</span> <span class="diff-html-added">generic</span> <span class="diff-html-added">SQL</span> <span class="diff-html-added">type</span> <code><span class="diff-html-added">TIMESTAMP</span> <span class="diff-html-added">WITH</span> <span class="diff-html-added">TIMEZONE</span>  </code><span class="diff-html-added">.</span>                    </div><dl> <dt> <span class="strong"><span class="diff-html-added">Since:</span></span>   </dt><dd><span class="diff-html-added">1.8</span></dd> <dt> <span class="strong"><span class="diff-html-added">See</span> <span class="diff-html-added">Also:</span> </span>   </dt><dd> <a href="../../constant-values.html#java.sql.Types.TIMESTAMP_WITH_TIMEZONE"><span class="diff-html-added">Constant</span> <span class="diff-html-added">Field</span> <span class="diff-html-added">Values</span>  </a> </dd>  </dl></li></ul> <a end_ctx_id="field:TIMESTAMP_WITH_TIMEZONE"><span class="diff-html-added"/></a>  </td></tr></table></td></tr></table></diff></diffreport>