<?xml version="1.0" encoding="UTF-8" standalone="yes"?><Document><name>java/sql/Wrapper.spec</name><Context><name>class:Wrapper</name><mt>NONE</mt></Context><Context><name>method:isWrapperFor(java.lang.Class)</name><mt>NONE</mt></Context><Context><name>method:unwrap(java.lang.Class)</name><mt>CHANGED</mt></Context><Stat><name>java/sql/Wrapper.spec</name><mt>CHANGED</mt><Group name="context"><Item name="ADDED" count="0"/><Item name="REMOVED" count="0"/><Item name="CHANGED" count="1"/><Item name="MODIFIED" count="1"/><Item name="TOTAL" count="3"/></Group><Group name="assertion"><Item name="ADDED" count="0"/><Item name="REMOVED" count="0"/><Item name="CHANGED" count="0"/><Item name="MODIFIED" count="0"/><Item name="TOTAL" count="0"/></Group></Stat></Document>