<?xml version="1.0" encoding="UTF-8" standalone="yes"?><Document><name>javax/sql/CommonDataSource.spec</name><Context><name>class:CommonDataSource</name><mt>NONE</mt></Context><Context><name>method:getLogWriter()</name><mt>NONE</mt></Context><Context><name>method:getLoginTimeout()</name><mt>NONE</mt></Context><Context><name>method:getParentLogger()</name><mt>ADDED</mt></Context><Context><name>method:setLogWriter(java.io.PrintWriter)</name><mt>NONE</mt></Context><Context><name>method:setLoginTimeout(int)</name><mt>NONE</mt></Context><Stat><name>javax/sql/CommonDataSource.spec</name><mt>CHANGED</mt><Group name="context"><Item count="1" name="ADDED"/><Item count="0" name="REMOVED"/><Item count="0" name="CHANGED"/><Item count="1" name="MODIFIED"/><Item count="6" name="TOTAL"/></Group><Group name="assertion"><Item count="0" name="ADDED"/><Item count="0" name="REMOVED"/><Item count="0" name="CHANGED"/><Item count="0" name="MODIFIED"/><Item count="0" name="TOTAL"/></Group></Stat></Document>