<?xml version="1.0" encoding="UTF-8"?><diffreport><diff><table border="0" cellpadding="1" cellspacing="0" width="100%"><tr><td><h3 class="ctxid">class:ConnectionPoolDataSource [NONE]</h3></td></tr><tr><td><table border="0" cellpadding="5" cellspacing="1" bgcolor="black" width="100%"><tr valign="top"><td bgcolor="#FFFFFF" colspan="1"> <a start_ctx_id="class:ConnectionPoolDataSource"/><dl> <dt><pre>public interface <b>ConnectionPoolDataSource</b></pre>  </dt> <dt>extends <a href="../../javax/sql/CommonDataSource.html" title="interface in javax.sql">CommonDataSource</a>   </dt>  </dl><p> A factory for <code>PooledConnection</code> objects. An object that implements this interface will typically be registered with a naming service that is based on the Java<sup><font size="-2">TM</font></sup> Naming and Directory Interface (JNDI).                              </p><p/><p><dl> <dt> <b>Since:</b>   </dt><dd>1.4</dd> </dl> <a end_ctx_id="class:ConnectionPoolDataSource"/> </p> </td></tr></table></td></tr></table><table border="0" cellpadding="1" cellspacing="0" width="100%"><tr><td><h3 class="ctxid">method:getPooledConnection() [NONE]</h3></td></tr><tr><td><table border="0" cellpadding="5" cellspacing="1" bgcolor="black" width="100%"><tr valign="top"><td bgcolor="#FFFFFF" colspan="1"> <a start_ctx_id="method:getPooledConnection()"/><a name="getPooledConnection()"/><h3> getPooledConnection </h3><pre>

<a href="../../javax/sql/PooledConnection.html" title="interface in javax.sql">PooledConnection</a><b>getPooledConnection</b>()
                                     throws <a href="../../java/sql/SQLException.html" title="class in java.sql">SQLException</a></pre><dl><dd>Attempts to establish a physical database connection that can be used as a pooled connection.<p/>              </dd><dd><dl/></dd><dd><dl> <dt> <b>Returns:</b>   </dt><dd>a <code>PooledConnection</code> object that is a physical connection to the database that this <code>ConnectionPoolDataSource</code> object represents               </dd> <dt> <b>Throws:</b>   </dt><dd> <code><a href="../../java/sql/SQLException.html" title="class in java.sql">SQLException</a></code> - if a database access error occurs        </dd><dd> <code>SQLFeatureNotSupportedException</code> - if the JDBC driver does not support this method           </dd> <dt> <b>Since:</b>   </dt><dd>1.4</dd>   </dl></dd></dl> <a end_ctx_id="method:getPooledConnection()"/>  </td></tr></table></td></tr></table><table border="0" cellpadding="1" cellspacing="0" width="100%"><tr><td><h3 class="ctxid">method:getPooledConnection(java.lang.String, java.lang.String) [NONE]</h3></td></tr><tr><td><table border="0" cellpadding="5" cellspacing="1" bgcolor="black" width="100%"><tr valign="top"><td bgcolor="#FFFFFF" colspan="1"> <a start_ctx_id="method:getPooledConnection(java.lang.String, java.lang.String)"/><a name="getPooledConnection(java.lang.String, java.lang.String)"/><h3> getPooledConnection </h3><pre>

<a href="../../javax/sql/PooledConnection.html" title="interface in javax.sql">PooledConnection</a><b>getPooledConnection</b>(java.lang.String user,
                                     java.lang.String password)
                                     throws <a href="../../java/sql/SQLException.html" title="class in java.sql">SQLException</a></pre><dl><dd>Attempts to establish a physical database connection that can be used as a pooled connection.<p/>              </dd><dd><dl/></dd><dd><dl> <dt> <b>Parameters:</b>   </dt><dd> <code>user</code> - the database user on whose behalf the connection is being made             </dd><dd> <code>password</code> - the user's password     </dd> <dt> <b>Returns:</b>   </dt><dd>a <code>PooledConnection</code> object that is a physical connection to the database that this <code>ConnectionPoolDataSource</code> object represents               </dd> <dt> <b>Throws:</b>   </dt><dd> <code><a href="../../java/sql/SQLException.html" title="class in java.sql">SQLException</a></code> - if a database access error occurs        </dd><dd> <code>SQLFeatureNotSupportedException</code> - if the JDBC driver does not support this method           </dd> <dt> <b>Since:</b>   </dt><dd>1.4</dd>    </dl></dd></dl> <a end_ctx_id="method:getPooledConnection(java.lang.String, java.lang.String)"/>  </td></tr></table></td></tr></table></diff></diffreport>