<?xml version="1.0" encoding="UTF-8" standalone="yes"?><Document><name>javax/sql/ConnectionEvent.spec</name><Context><name>class:ConnectionEvent</name><mt>NONE</mt></Context><Context><name>constructor:ConnectionEvent(javax.sql.PooledConnection)</name><mt>NONE</mt></Context><Context><name>constructor:ConnectionEvent(javax.sql.PooledConnection, java.sql.SQLException)</name><mt>NONE</mt></Context><Context><name>method:getSQLException()</name><mt>NONE</mt></Context><Stat><name>javax/sql/ConnectionEvent.spec</name><mt>NONE</mt><Group name="context"><Item count="0" name="ADDED"/><Item count="0" name="REMOVED"/><Item count="0" name="CHANGED"/><Item count="0" name="MODIFIED"/><Item count="4" name="TOTAL"/></Group><Group name="assertion"><Item count="0" name="ADDED"/><Item count="0" name="REMOVED"/><Item count="0" name="CHANGED"/><Item count="0" name="MODIFIED"/><Item count="0" name="TOTAL"/></Group></Stat></Document>