<?xml version="1.0" encoding="UTF-8" standalone="yes"?><Document><name>javax/sql/ConnectionEventListener.spec</name><Context><name>class:ConnectionEventListener</name><mt>NONE</mt></Context><Context><name>method:connectionClosed(javax.sql.ConnectionEvent)</name><mt>NONE</mt></Context><Context><name>method:connectionErrorOccurred(javax.sql.ConnectionEvent)</name><mt>NONE</mt></Context><Stat><name>javax/sql/ConnectionEventListener.spec</name><mt>NONE</mt><Group name="context"><Item count="0" name="ADDED"/><Item count="0" name="REMOVED"/><Item count="0" name="CHANGED"/><Item count="0" name="MODIFIED"/><Item count="3" name="TOTAL"/></Group><Group name="assertion"><Item count="0" name="ADDED"/><Item count="0" name="REMOVED"/><Item count="0" name="CHANGED"/><Item count="0" name="MODIFIED"/><Item count="0" name="TOTAL"/></Group></Stat></Document>