<?xml version="1.0" encoding="UTF-8"?><diffreport><diff><table border="0" cellpadding="1" cellspacing="0" width="100%"><tr><td><h3 class="ctxid">class:ConnectionEventListener [NONE]</h3></td></tr><tr><td><table border="0" cellpadding="5" cellspacing="1" bgcolor="black" width="100%"><tr valign="top"><td bgcolor="#FFFFFF" colspan="1"> <a start_ctx_id="class:ConnectionEventListener"/><dl> <dt><pre>public interface <b>ConnectionEventListener</b></pre>  </dt> <dt>extends java.util.EventListener </dt>  </dl><p/><p> An object that registers to be notified of events generated by a <code>PooledConnection</code> object.              </p><p> The <code>ConnectionEventListener</code> interface is implemented by a connection pooling component. A connection pooling component will usually be provided by a JDBC driver vendor or another system software vendor. A JDBC driver notifies a <code>ConnectionEventListener</code> object when an application is finished using a pooled connection with which the listener has registered. The notification occurs after the application calls the method <code>close</code> on its representation of a <code>PooledConnection</code> object. A <code>ConnectionEventListener</code> is also notified when a connection error occurs due to the fact that the <code>PooledConnection</code> is unfit for future use---the server has crashed, for example. The listener is notified by the JDBC driver just before the driver throws an <code>SQLException</code> to the application using the <code>PooledConnection</code> object.                                                                                                                    </p><p/><p><dl> <dt> <b>Since:</b>   </dt><dd>1.4</dd> </dl> <a end_ctx_id="class:ConnectionEventListener"/> </p> </td></tr></table></td></tr></table><table border="0" cellpadding="1" cellspacing="0" width="100%"><tr><td><h3 class="ctxid">method:connectionClosed(javax.sql.ConnectionEvent) [NONE]</h3></td></tr><tr><td><table border="0" cellpadding="5" cellspacing="1" bgcolor="black" width="100%"><tr valign="top"><td bgcolor="#FFFFFF" colspan="1"> <a start_ctx_id="method:connectionClosed(javax.sql.ConnectionEvent)"/><a name="connectionClosed(javax.sql.ConnectionEvent)"/><h3> connectionClosed </h3><pre>
void <b>connectionClosed</b>(<a href="../../javax/sql/ConnectionEvent.html" title="class in javax.sql">ConnectionEvent</a> event)</pre><dl><dd>Notifies this <code>ConnectionEventListener</code> that the application has called the method <code>close</code> on its representation of a pooled connection.<p/>                 </dd><dd><dl/></dd><dd><dl> <dt> <b>Parameters:</b>   </dt><dd> <code>event</code> - an event object describing the source of the event           </dd> </dl></dd></dl> <a end_ctx_id="method:connectionClosed(javax.sql.ConnectionEvent)"/>  </td></tr></table></td></tr></table><table border="0" cellpadding="1" cellspacing="0" width="100%"><tr><td><h3 class="ctxid">method:connectionErrorOccurred(javax.sql.ConnectionEvent) [NONE]</h3></td></tr><tr><td><table border="0" cellpadding="5" cellspacing="1" bgcolor="black" width="100%"><tr valign="top"><td bgcolor="#FFFFFF" colspan="1"> <a start_ctx_id="method:connectionErrorOccurred(javax.sql.ConnectionEvent)"/><a name="connectionErrorOccurred(javax.sql.ConnectionEvent)"/><h3> connectionErrorOccurred </h3><pre>
void <b>connectionErrorOccurred</b>(<a href="../../javax/sql/ConnectionEvent.html" title="class in javax.sql">ConnectionEvent</a> event)</pre><dl><dd>Notifies this <code>ConnectionEventListener</code> that a fatal error has occurred and the pooled connection can no longer be used. The driver makes this notification just before it throws the application the <code>SQLException</code> contained in the given <code>ConnectionEvent</code> object.<p/>                                    </dd><dd><dl/></dd><dd><dl> <dt> <b>Parameters:</b>   </dt><dd> <code>event</code> - an event object describing the source of the event and containing the <code>SQLException</code> that the driver is about to throw                      </dd> </dl></dd></dl> <a end_ctx_id="method:connectionErrorOccurred(javax.sql.ConnectionEvent)"/>  </td></tr></table></td></tr></table></diff></diffreport>