<?xml version="1.0" encoding="UTF-8"?><diffreport><diff><table border="0" cellpadding="1" cellspacing="0" width="100%"><tr><td><h3 class="ctxid">class:DataSource [NONE]</h3></td></tr><tr><td><table border="0" cellpadding="5" cellspacing="1" bgcolor="black" width="100%"><tr valign="top"><td bgcolor="#FFFFFF" colspan="1"> <a start_ctx_id="class:DataSource"/><dl> <dt><pre>public interface <b>DataSource</b></pre>  </dt> <dt>extends <a href="../../javax/sql/CommonDataSource.html" title="interface in javax.sql">CommonDataSource</a>, <a href="../../java/sql/Wrapper.html" title="interface in java.sql">Wrapper</a>    </dt>  </dl><p/><p>A factory for connections to the physical data source that this <code>DataSource</code> object represents. An alternative to the <code>DriverManager</code> facility, a <code>DataSource</code> object is the preferred means of getting a connection. An object that implements the <code>DataSource</code> interface will typically be registered with a naming service based on the Java<sup><font size="-2">TM</font></sup> Naming and Directory (JNDI) API.                                                      </p><p> The <code>DataSource</code> interface is implemented by a driver vendor. There are three types of implementations:<ol><li>Basic implementation -- produces a standard <code>Connection</code> object       </li><li>Connection pooling implementation -- produces a <code>Connection</code> object that will automatically participate in connection pooling. This implementation works with a middle-tier connection pooling manager.                       </li><li>Distributed transaction implementation -- produces a <code>Connection</code> object that may be used for distributed transactions and almost always participates in connection pooling. This implementation works with a middle-tier transaction manager and almost always with a connection pooling manager.                                     </li></ol>               </p><p> A <code>DataSource</code> object has properties that can be modified when necessary. For example, if the data source is moved to a different server, the property for the server can be changed. The benefit is that because the data source's properties can be changed, any code accessing that data source does not need to be changed.                                                       </p><p> A driver that is accessed via a <code>DataSource</code> object does not register itself with the <code>DriverManager</code>. Rather, a <code>DataSource</code> object is retrieved though a lookup operation and then used to create a <code>Connection</code> object. With a basic implementation, the connection obtained through a <code>DataSource</code> object is identical to a connection obtained through the <code>DriverManager</code> facility.                                                       </p><p/><p><dl> <dt> <b>Since:</b>   </dt><dd>1.4</dd> </dl> <a end_ctx_id="class:DataSource"/> </p> </td></tr></table></td></tr></table><table border="0" cellpadding="1" cellspacing="0" width="100%"><tr><td><h3 class="ctxid">method:getConnection() [NONE]</h3></td></tr><tr><td><table border="0" cellpadding="5" cellspacing="1" bgcolor="black" width="100%"><tr valign="top"><td bgcolor="#FFFFFF" colspan="1"> <a start_ctx_id="method:getConnection()"/><a name="getConnection()"/><h3> getConnection </h3><pre>

<a href="../../java/sql/Connection.html" title="interface in java.sql">Connection</a><b>getConnection</b>()
                         throws <a href="../../java/sql/SQLException.html" title="class in java.sql">SQLException</a></pre><dl><dd><p>Attempts to establish a connection with the data source that this <code>DataSource</code> object represents.             </p><p/></dd><dd><dl/></dd><dd><dl> <dt> <b>Returns:</b>   </dt><dd>a connection to the data source     </dd> <dt> <b>Throws:</b>   </dt><dd> <code><a href="../../java/sql/SQLException.html" title="class in java.sql">SQLException</a></code> - if a database access error occurs        </dd>  </dl></dd></dl> <a end_ctx_id="method:getConnection()"/>  </td></tr></table></td></tr></table><table border="0" cellpadding="1" cellspacing="0" width="100%"><tr><td><h3 class="ctxid">method:getConnection(java.lang.String, java.lang.String) [NONE]</h3></td></tr><tr><td><table border="0" cellpadding="5" cellspacing="1" bgcolor="black" width="100%"><tr valign="top"><td bgcolor="#FFFFFF" colspan="1"> <a start_ctx_id="method:getConnection(java.lang.String, java.lang.String)"/><a name="getConnection(java.lang.String, java.lang.String)"/><h3> getConnection </h3><pre>

<a href="../../java/sql/Connection.html" title="interface in java.sql">Connection</a><b>getConnection</b>(java.lang.String username,
                         java.lang.String password)
                         throws <a href="../../java/sql/SQLException.html" title="class in java.sql">SQLException</a></pre><dl><dd><p>Attempts to establish a connection with the data source that this <code>DataSource</code> object represents.             </p><p/></dd><dd><dl/></dd><dd><dl> <dt> <b>Parameters:</b>   </dt><dd> <code>username</code> - the database user on whose behalf the connection is being made             </dd><dd> <code>password</code> - the user's password     </dd> <dt> <b>Returns:</b>   </dt><dd>a connection to the data source     </dd> <dt> <b>Throws:</b>   </dt><dd> <code><a href="../../java/sql/SQLException.html" title="class in java.sql">SQLException</a></code> - if a database access error occurs        </dd> <dt> <b>Since:</b>   </dt><dd>1.4</dd>    </dl></dd></dl> <a end_ctx_id="method:getConnection(java.lang.String, java.lang.String)"/>  </td></tr></table></td></tr></table></diff></diffreport>