<?xml version="1.0" encoding="UTF-8" standalone="yes"?><Document><name>javax/sql/PooledConnection.spec</name><Context><name>class:PooledConnection</name><mt>NONE</mt></Context><Context><name>method:addConnectionEventListener(javax.sql.ConnectionEventListener)</name><mt>NONE</mt></Context><Context><name>method:addStatementEventListener(javax.sql.StatementEventListener)</name><mt>NONE</mt></Context><Context><name>method:close()</name><mt>NONE</mt></Context><Context><name>method:getConnection()</name><mt>NONE</mt></Context><Context><name>method:removeConnectionEventListener(javax.sql.ConnectionEventListener)</name><mt>NONE</mt></Context><Context><name>method:removeStatementEventListener(javax.sql.StatementEventListener)</name><mt>NONE</mt></Context><Stat><name>javax/sql/PooledConnection.spec</name><mt>NONE</mt><Group name="context"><Item count="0" name="ADDED"/><Item count="0" name="REMOVED"/><Item count="0" name="CHANGED"/><Item count="0" name="MODIFIED"/><Item count="7" name="TOTAL"/></Group><Group name="assertion"><Item count="0" name="ADDED"/><Item count="0" name="REMOVED"/><Item count="0" name="CHANGED"/><Item count="0" name="MODIFIED"/><Item count="0" name="TOTAL"/></Group></Stat></Document>