<?xml version="1.0" encoding="UTF-8" standalone="yes"?><Document><name>javax/sql/RowSetMetaData.spec</name><Context><name>class:RowSetMetaData</name><mt>NONE</mt></Context><Context><name>method:setAutoIncrement(int, boolean)</name><mt>NONE</mt></Context><Context><name>method:setCaseSensitive(int, boolean)</name><mt>NONE</mt></Context><Context><name>method:setCatalogName(int, java.lang.String)</name><mt>NONE</mt></Context><Context><name>method:setColumnCount(int)</name><mt>NONE</mt></Context><Context><name>method:setColumnDisplaySize(int, int)</name><mt>NONE</mt></Context><Context><name>method:setColumnLabel(int, java.lang.String)</name><mt>NONE</mt></Context><Context><name>method:setColumnName(int, java.lang.String)</name><mt>NONE</mt></Context><Context><name>method:setColumnType(int, int)</name><mt>NONE</mt></Context><Context><name>method:setColumnTypeName(int, java.lang.String)</name><mt>NONE</mt></Context><Context><name>method:setCurrency(int, boolean)</name><mt>NONE</mt></Context><Context><name>method:setNullable(int, int)</name><mt>NONE</mt></Context><Context><name>method:setPrecision(int, int)</name><mt>NONE</mt></Context><Context><name>method:setScale(int, int)</name><mt>NONE</mt></Context><Context><name>method:setSchemaName(int, java.lang.String)</name><mt>NONE</mt></Context><Context><name>method:setSearchable(int, boolean)</name><mt>NONE</mt></Context><Context><name>method:setSigned(int, boolean)</name><mt>NONE</mt></Context><Context><name>method:setTableName(int, java.lang.String)</name><mt>NONE</mt></Context><Stat><name>javax/sql/RowSetMetaData.spec</name><mt>NONE</mt><Group name="context"><Item count="0" name="ADDED"/><Item count="0" name="REMOVED"/><Item count="0" name="CHANGED"/><Item count="0" name="MODIFIED"/><Item count="18" name="TOTAL"/></Group><Group name="assertion"><Item count="0" name="ADDED"/><Item count="0" name="REMOVED"/><Item count="0" name="CHANGED"/><Item count="0" name="MODIFIED"/><Item count="0" name="TOTAL"/></Group></Stat></Document>