<?xml version="1.0" encoding="UTF-8" standalone="yes"?><Document><name>javax/sql/RowSetListener.spec</name><Context><name>class:RowSetListener</name><mt>NONE</mt></Context><Context><name>method:cursorMoved(javax.sql.RowSetEvent)</name><mt>NONE</mt></Context><Context><name>method:rowChanged(javax.sql.RowSetEvent)</name><mt>NONE</mt></Context><Context><name>method:rowSetChanged(javax.sql.RowSetEvent)</name><mt>NONE</mt></Context><Stat><name>javax/sql/RowSetListener.spec</name><mt>NONE</mt><Group name="context"><Item count="0" name="ADDED"/><Item count="0" name="REMOVED"/><Item count="0" name="CHANGED"/><Item count="0" name="MODIFIED"/><Item count="4" name="TOTAL"/></Group><Group name="assertion"><Item count="0" name="ADDED"/><Item count="0" name="REMOVED"/><Item count="0" name="CHANGED"/><Item count="0" name="MODIFIED"/><Item count="0" name="TOTAL"/></Group></Stat></Document>