<?xml version="1.0" encoding="UTF-8"?><diffreport><diff><table border="0" cellpadding="1" cellspacing="0" width="100%"><tr><td><h3 class="ctxid">class:RowSetListener [NONE]</h3></td></tr><tr><td><table border="0" cellpadding="5" cellspacing="1" bgcolor="black" width="100%"><tr valign="top"><td bgcolor="#FFFFFF" colspan="1"> <a start_ctx_id="class:RowSetListener"/><dl> <dt><pre>public interface <b>RowSetListener</b></pre>  </dt> <dt>extends java.util.EventListener </dt>  </dl><p> An interface that must be implemented by a component that wants to be notified when a significant event happens in the life of a <code>RowSet</code> object. A component becomes a listener by being registered with a <code>RowSet</code> object via the method <code>RowSet.addRowSetListener</code>. How a registered component implements this interface determines what it does when it is notified of an event.                                                            </p><p/><p><dl> <dt> <b>Since:</b>   </dt><dd>1.4</dd> </dl> <a end_ctx_id="class:RowSetListener"/> </p> </td></tr></table></td></tr></table><table border="0" cellpadding="1" cellspacing="0" width="100%"><tr><td><h3 class="ctxid">method:rowSetChanged(javax.sql.RowSetEvent) [NONE]</h3></td></tr><tr><td><table border="0" cellpadding="5" cellspacing="1" bgcolor="black" width="100%"><tr valign="top"><td bgcolor="#FFFFFF" colspan="1"> <a start_ctx_id="method:rowSetChanged(javax.sql.RowSetEvent)"/><a name="rowSetChanged(javax.sql.RowSetEvent)"/><h3> rowSetChanged </h3><pre>
void <b>rowSetChanged</b>(<a href="../../javax/sql/RowSetEvent.html" title="class in javax.sql">RowSetEvent</a> event)</pre><dl><dd>Notifies registered listeners that a <code>RowSet</code> object in the given <code>RowSetEvent</code> object has changed its entire contents.<p> The source of the event can be retrieved with the method <code>event.getSource</code>.            </p><p/>                </dd><dd><dl/></dd><dd><dl> <dt> <b>Parameters:</b>   </dt><dd> <code>event</code> - a <code>RowSetEvent</code> object that contains the <code>RowSet</code> object that is the source of the event                 </dd> </dl></dd></dl> <a end_ctx_id="method:rowSetChanged(javax.sql.RowSetEvent)"/>  </td></tr></table></td></tr></table><table border="0" cellpadding="1" cellspacing="0" width="100%"><tr><td><h3 class="ctxid">method:rowChanged(javax.sql.RowSetEvent) [NONE]</h3></td></tr><tr><td><table border="0" cellpadding="5" cellspacing="1" bgcolor="black" width="100%"><tr valign="top"><td bgcolor="#FFFFFF" colspan="1"> <a start_ctx_id="method:rowChanged(javax.sql.RowSetEvent)"/><a name="rowChanged(javax.sql.RowSetEvent)"/><h3> rowChanged </h3><pre>
void <b>rowChanged</b>(<a href="../../javax/sql/RowSetEvent.html" title="class in javax.sql">RowSetEvent</a> event)</pre><dl><dd>Notifies registered listeners that a <code>RowSet</code> object has had a change in one of its rows.<p> The source of the event can be retrieved with the method <code>event.getSource</code>.            </p><p/>               </dd><dd><dl/></dd><dd><dl> <dt> <b>Parameters:</b>   </dt><dd> <code>event</code> - a <code>RowSetEvent</code> object that contains the <code>RowSet</code> object that is the source of the event                 </dd> </dl></dd></dl> <a end_ctx_id="method:rowChanged(javax.sql.RowSetEvent)"/>  </td></tr></table></td></tr></table><table border="0" cellpadding="1" cellspacing="0" width="100%"><tr><td><h3 class="ctxid">method:cursorMoved(javax.sql.RowSetEvent) [NONE]</h3></td></tr><tr><td><table border="0" cellpadding="5" cellspacing="1" bgcolor="black" width="100%"><tr valign="top"><td bgcolor="#FFFFFF" colspan="1"> <a start_ctx_id="method:cursorMoved(javax.sql.RowSetEvent)"/><a name="cursorMoved(javax.sql.RowSetEvent)"/><h3> cursorMoved </h3><pre>
void <b>cursorMoved</b>(<a href="../../javax/sql/RowSetEvent.html" title="class in javax.sql">RowSetEvent</a> event)</pre><dl><dd>Notifies registered listeners that a <code>RowSet</code> object's cursor has moved.<p> The source of the event can be retrieved with the method <code>event.getSource</code>.            </p><p/>         </dd><dd><dl/></dd><dd><dl> <dt> <b>Parameters:</b>   </dt><dd> <code>event</code> - a <code>RowSetEvent</code> object that contains the <code>RowSet</code> object that is the source of the event                 </dd> </dl></dd></dl> <a end_ctx_id="method:cursorMoved(javax.sql.RowSetEvent)"/>  </td></tr></table></td></tr></table></diff></diffreport>