<?xml version="1.0" encoding="UTF-8"?><diffreport><diff><table border="0" cellpadding="1" cellspacing="0" width="100%"><tr><td><h3 class="ctxid">class:RowSetMetaData [NONE]</h3></td></tr><tr><td><table border="0" cellpadding="5" cellspacing="1" bgcolor="black" width="100%"><tr valign="top"><td bgcolor="#FFFFFF" colspan="1"> <a start_ctx_id="class:RowSetMetaData"/><dl> <dt><pre>public interface <b>RowSetMetaData</b></pre>  </dt> <dt>extends <a href="../../java/sql/ResultSetMetaData.html" title="interface in java.sql">ResultSetMetaData</a>   </dt>  </dl><p> An object that contains information about the columns in a <code>RowSet</code> object. This interface is an extension of the <code>ResultSetMetaData</code> interface with methods for setting the values in a <code>RowSetMetaData</code> object. When a <code>RowSetReader</code> object reads data into a <code>RowSet</code> object, it creates a <code>RowSetMetaData</code> object and initializes it using the methods in the <code>RowSetMetaData</code> interface. Then the reader passes the <code>RowSetMetaData</code> object to the rowset.                                                                  </p><p> The methods in this interface are invoked internally when an application calls the method <code>RowSet.execute</code>; an application programmer would not use them directly.                       </p><p/><p><dl> <dt> <b>Since:</b>   </dt><dd>1.4</dd> </dl> <a end_ctx_id="class:RowSetMetaData"/> </p> </td></tr></table></td></tr></table><table border="0" cellpadding="1" cellspacing="0" width="100%"><tr><td><h3 class="ctxid">method:setColumnCount(int) [NONE]</h3></td></tr><tr><td><table border="0" cellpadding="5" cellspacing="1" bgcolor="black" width="100%"><tr valign="top"><td bgcolor="#FFFFFF" colspan="1"> <a start_ctx_id="method:setColumnCount(int)"/><a name="setColumnCount(int)"/><h3> setColumnCount </h3><pre>
void <b>setColumnCount</b>(int columnCount)
                    throws <a href="../../java/sql/SQLException.html" title="class in java.sql">SQLException</a></pre><dl><dd>Sets the number of columns in the <code>RowSet</code> object to the given number.<p/>            </dd><dd><dl/></dd><dd><dl> <dt> <b>Parameters:</b>   </dt><dd> <code>columnCount</code> - the number of columns in the <code>RowSet</code> object          </dd> <dt> <b>Throws:</b>   </dt><dd> <code><a href="../../java/sql/SQLException.html" title="class in java.sql">SQLException</a></code> - if a database access error occurs        </dd>  </dl></dd></dl> <a end_ctx_id="method:setColumnCount(int)"/>  </td></tr></table></td></tr></table><table border="0" cellpadding="1" cellspacing="0" width="100%"><tr><td><h3 class="ctxid">method:setAutoIncrement(int, boolean) [NONE]</h3></td></tr><tr><td><table border="0" cellpadding="5" cellspacing="1" bgcolor="black" width="100%"><tr valign="top"><td bgcolor="#FFFFFF" colspan="1"> <a start_ctx_id="method:setAutoIncrement(int, boolean)"/><a name="setAutoIncrement(int, boolean)"/><h3> setAutoIncrement </h3><pre>
void <b>setAutoIncrement</b>(int columnIndex,
                      boolean property)
                      throws <a href="../../java/sql/SQLException.html" title="class in java.sql">SQLException</a></pre><dl><dd>Sets whether the designated column is automatically numbered, The default is for a <code>RowSet</code> object's columns not to be automatically numbered.<p/>                    </dd><dd><dl/></dd><dd><dl> <dt> <b>Parameters:</b>   </dt><dd> <code>columnIndex</code> - the first column is 1, the second is 2, ...            </dd><dd> <code>property</code> - <code>true</code> if the column is automatically numbered; <code>false</code> if it is not              </dd> <dt> <b>Throws:</b>   </dt><dd> <code><a href="../../java/sql/SQLException.html" title="class in java.sql">SQLException</a></code> - if a database access error occurs        </dd>  </dl></dd></dl> <a end_ctx_id="method:setAutoIncrement(int, boolean)"/>  </td></tr></table></td></tr></table><table border="0" cellpadding="1" cellspacing="0" width="100%"><tr><td><h3 class="ctxid">method:setCaseSensitive(int, boolean) [NONE]</h3></td></tr><tr><td><table border="0" cellpadding="5" cellspacing="1" bgcolor="black" width="100%"><tr valign="top"><td bgcolor="#FFFFFF" colspan="1"> <a start_ctx_id="method:setCaseSensitive(int, boolean)"/><a name="setCaseSensitive(int, boolean)"/><h3> setCaseSensitive </h3><pre>
void <b>setCaseSensitive</b>(int columnIndex,
                      boolean property)
                      throws <a href="../../java/sql/SQLException.html" title="class in java.sql">SQLException</a></pre><dl><dd>Sets whether the designated column is case sensitive. The default is <code>false</code>.<p/>           </dd><dd><dl/></dd><dd><dl> <dt> <b>Parameters:</b>   </dt><dd> <code>columnIndex</code> - the first column is 1, the second is 2, ...            </dd><dd> <code>property</code> - <code>true</code> if the column is case sensitive; <code>false</code> if it is not              </dd> <dt> <b>Throws:</b>   </dt><dd> <code><a href="../../java/sql/SQLException.html" title="class in java.sql">SQLException</a></code> - if a database access error occurs        </dd>  </dl></dd></dl> <a end_ctx_id="method:setCaseSensitive(int, boolean)"/>  </td></tr></table></td></tr></table><table border="0" cellpadding="1" cellspacing="0" width="100%"><tr><td><h3 class="ctxid">method:setSearchable(int, boolean) [NONE]</h3></td></tr><tr><td><table border="0" cellpadding="5" cellspacing="1" bgcolor="black" width="100%"><tr valign="top"><td bgcolor="#FFFFFF" colspan="1"> <a start_ctx_id="method:setSearchable(int, boolean)"/><a name="setSearchable(int, boolean)"/><h3> setSearchable </h3><pre>
void <b>setSearchable</b>(int columnIndex,
                   boolean property)
                   throws <a href="../../java/sql/SQLException.html" title="class in java.sql">SQLException</a></pre><dl><dd>Sets whether the designated column can be used in a where clause. The default is <code>false</code>.<p/>               </dd><dd><dl/></dd><dd><dl> <dt> <b>Parameters:</b>   </dt><dd> <code>columnIndex</code> - the first column is 1, the second is 2, ...            </dd><dd> <code>property</code> - <code>true</code> if the column can be used in a <code>WHERE</code> clause; <code>false</code> if it cannot                 </dd> <dt> <b>Throws:</b>   </dt><dd> <code><a href="../../java/sql/SQLException.html" title="class in java.sql">SQLException</a></code> - if a database access error occurs        </dd>  </dl></dd></dl> <a end_ctx_id="method:setSearchable(int, boolean)"/>  </td></tr></table></td></tr></table><table border="0" cellpadding="1" cellspacing="0" width="100%"><tr><td><h3 class="ctxid">method:setCurrency(int, boolean) [NONE]</h3></td></tr><tr><td><table border="0" cellpadding="5" cellspacing="1" bgcolor="black" width="100%"><tr valign="top"><td bgcolor="#FFFFFF" colspan="1"> <a start_ctx_id="method:setCurrency(int, boolean)"/><a name="setCurrency(int, boolean)"/><h3> setCurrency </h3><pre>
void <b>setCurrency</b>(int columnIndex,
                 boolean property)
                 throws <a href="../../java/sql/SQLException.html" title="class in java.sql">SQLException</a></pre><dl><dd>Sets whether the designated column is a cash value. The default is <code>false</code>.<p/>            </dd><dd><dl/></dd><dd><dl> <dt> <b>Parameters:</b>   </dt><dd> <code>columnIndex</code> - the first column is 1, the second is 2, ...            </dd><dd> <code>property</code> - <code>true</code> if the column is a cash value; <code>false</code> if it is not               </dd> <dt> <b>Throws:</b>   </dt><dd> <code><a href="../../java/sql/SQLException.html" title="class in java.sql">SQLException</a></code> - if a database access error occurs        </dd>  </dl></dd></dl> <a end_ctx_id="method:setCurrency(int, boolean)"/>  </td></tr></table></td></tr></table><table border="0" cellpadding="1" cellspacing="0" width="100%"><tr><td><h3 class="ctxid">method:setNullable(int, int) [NONE]</h3></td></tr><tr><td><table border="0" cellpadding="5" cellspacing="1" bgcolor="black" width="100%"><tr valign="top"><td bgcolor="#FFFFFF" colspan="1"> <a start_ctx_id="method:setNullable(int, int)"/><a name="setNullable(int, int)"/><h3> setNullable </h3><pre>
void <b>setNullable</b>(int columnIndex,
                 int property)
                 throws <a href="../../java/sql/SQLException.html" title="class in java.sql">SQLException</a></pre><dl><dd>Sets whether the designated column's value can be set to <code>NULL</code>. The default is <code>ResultSetMetaData.columnNullableUnknown</code><p/>              </dd><dd><dl/></dd><dd><dl> <dt> <b>Parameters:</b>   </dt><dd> <code>columnIndex</code> - the first column is 1, the second is 2, ...            </dd><dd> <code>property</code> - one of the following constants: <code>ResultSetMetaData.columnNoNulls</code>, <code>ResultSetMetaData.columnNullable</code>, or <code>ResultSetMetaData.columnNullableUnknown</code>           </dd> <dt> <b>Throws:</b>   </dt><dd> <code><a href="../../java/sql/SQLException.html" title="class in java.sql">SQLException</a></code> - if a database access error occurs        </dd>  </dl></dd></dl> <a end_ctx_id="method:setNullable(int, int)"/>  </td></tr></table></td></tr></table><table border="0" cellpadding="1" cellspacing="0" width="100%"><tr><td><h3 class="ctxid">method:setSigned(int, boolean) [NONE]</h3></td></tr><tr><td><table border="0" cellpadding="5" cellspacing="1" bgcolor="black" width="100%"><tr valign="top"><td bgcolor="#FFFFFF" colspan="1"> <a start_ctx_id="method:setSigned(int, boolean)"/><a name="setSigned(int, boolean)"/><h3> setSigned </h3><pre>
void <b>setSigned</b>(int columnIndex,
               boolean property)
               throws <a href="../../java/sql/SQLException.html" title="class in java.sql">SQLException</a></pre><dl><dd>Sets whether the designated column is a signed number. The default is <code>false</code>.<p/>            </dd><dd><dl/></dd><dd><dl> <dt> <b>Parameters:</b>   </dt><dd> <code>columnIndex</code> - the first column is 1, the second is 2, ...            </dd><dd> <code>property</code> - <code>true</code> if the column is a signed number; <code>false</code> if it is not               </dd> <dt> <b>Throws:</b>   </dt><dd> <code><a href="../../java/sql/SQLException.html" title="class in java.sql">SQLException</a></code> - if a database access error occurs        </dd>  </dl></dd></dl> <a end_ctx_id="method:setSigned(int, boolean)"/>  </td></tr></table></td></tr></table><table border="0" cellpadding="1" cellspacing="0" width="100%"><tr><td><h3 class="ctxid">method:setColumnDisplaySize(int, int) [NONE]</h3></td></tr><tr><td><table border="0" cellpadding="5" cellspacing="1" bgcolor="black" width="100%"><tr valign="top"><td bgcolor="#FFFFFF" colspan="1"> <a start_ctx_id="method:setColumnDisplaySize(int, int)"/><a name="setColumnDisplaySize(int, int)"/><h3> setColumnDisplaySize </h3><pre>
void <b>setColumnDisplaySize</b>(int columnIndex,
                          int size)
                          throws <a href="../../java/sql/SQLException.html" title="class in java.sql">SQLException</a></pre><dl><dd>Sets the designated column's normal maximum width in chars to the given <code>int</code>.<p/>            </dd><dd><dl/></dd><dd><dl> <dt> <b>Parameters:</b>   </dt><dd> <code>columnIndex</code> - the first column is 1, the second is 2, ...            </dd><dd> <code>size</code> - the normal maximum number of characters for the designated column            </dd> <dt> <b>Throws:</b>   </dt><dd> <code><a href="../../java/sql/SQLException.html" title="class in java.sql">SQLException</a></code> - if a database access error occurs        </dd>  </dl></dd></dl> <a end_ctx_id="method:setColumnDisplaySize(int, int)"/>  </td></tr></table></td></tr></table><table border="0" cellpadding="1" cellspacing="0" width="100%"><tr><td><h3 class="ctxid">method:setColumnLabel(int, java.lang.String) [NONE]</h3></td></tr><tr><td><table border="0" cellpadding="5" cellspacing="1" bgcolor="black" width="100%"><tr valign="top"><td bgcolor="#FFFFFF" colspan="1"> <a start_ctx_id="method:setColumnLabel(int, java.lang.String)"/><a name="setColumnLabel(int, java.lang.String)"/><h3> setColumnLabel </h3><pre>
void <b>setColumnLabel</b>(int columnIndex,
                    java.lang.String label)
                    throws <a href="../../java/sql/SQLException.html" title="class in java.sql">SQLException</a></pre><dl><dd>Sets the suggested column title for use in printouts and displays, if any, to the given <code>String</code>.<p/>                </dd><dd><dl/></dd><dd><dl> <dt> <b>Parameters:</b>   </dt><dd> <code>columnIndex</code> - the first column is 1, the second is 2, ...            </dd><dd> <code>label</code> - the column title     </dd> <dt> <b>Throws:</b>   </dt><dd> <code><a href="../../java/sql/SQLException.html" title="class in java.sql">SQLException</a></code> - if a database access error occurs        </dd>  </dl></dd></dl> <a end_ctx_id="method:setColumnLabel(int, java.lang.String)"/>  </td></tr></table></td></tr></table><table border="0" cellpadding="1" cellspacing="0" width="100%"><tr><td><h3 class="ctxid">method:setColumnName(int, java.lang.String) [NONE]</h3></td></tr><tr><td><table border="0" cellpadding="5" cellspacing="1" bgcolor="black" width="100%"><tr valign="top"><td bgcolor="#FFFFFF" colspan="1"> <a start_ctx_id="method:setColumnName(int, java.lang.String)"/><a name="setColumnName(int, java.lang.String)"/><h3> setColumnName </h3><pre>
void <b>setColumnName</b>(int columnIndex,
                   java.lang.String columnName)
                   throws <a href="../../java/sql/SQLException.html" title="class in java.sql">SQLException</a></pre><dl><dd>Sets the name of the designated column to the given <code>String</code>.<p/>          </dd><dd><dl/></dd><dd><dl> <dt> <b>Parameters:</b>   </dt><dd> <code>columnIndex</code> - the first column is 1, the second is 2, ...            </dd><dd> <code>columnName</code> - the designated column's name      </dd> <dt> <b>Throws:</b>   </dt><dd> <code><a href="../../java/sql/SQLException.html" title="class in java.sql">SQLException</a></code> - if a database access error occurs        </dd>  </dl></dd></dl> <a end_ctx_id="method:setColumnName(int, java.lang.String)"/>  </td></tr></table></td></tr></table><table border="0" cellpadding="1" cellspacing="0" width="100%"><tr><td><h3 class="ctxid">method:setSchemaName(int, java.lang.String) [NONE]</h3></td></tr><tr><td><table border="0" cellpadding="5" cellspacing="1" bgcolor="black" width="100%"><tr valign="top"><td bgcolor="#FFFFFF" colspan="1"> <a start_ctx_id="method:setSchemaName(int, java.lang.String)"/><a name="setSchemaName(int, java.lang.String)"/><h3> setSchemaName </h3><pre>
void <b>setSchemaName</b>(int columnIndex,
                   java.lang.String schemaName)
                   throws <a href="../../java/sql/SQLException.html" title="class in java.sql">SQLException</a></pre><dl><dd>Sets the name of the designated column's table's schema, if any, to the given <code>String</code>.<p/>              </dd><dd><dl/></dd><dd><dl> <dt> <b>Parameters:</b>   </dt><dd> <code>columnIndex</code> - the first column is 1, the second is 2, ...            </dd><dd> <code>schemaName</code> - the schema name     </dd> <dt> <b>Throws:</b>   </dt><dd> <code><a href="../../java/sql/SQLException.html" title="class in java.sql">SQLException</a></code> - if a database access error occurs        </dd>  </dl></dd></dl> <a end_ctx_id="method:setSchemaName(int, java.lang.String)"/>  </td></tr></table></td></tr></table><table border="0" cellpadding="1" cellspacing="0" width="100%"><tr><td><h3 class="ctxid">method:setPrecision(int, int) [NONE]</h3></td></tr><tr><td><table border="0" cellpadding="5" cellspacing="1" bgcolor="black" width="100%"><tr valign="top"><td bgcolor="#FFFFFF" colspan="1"> <a start_ctx_id="method:setPrecision(int, int)"/><a name="setPrecision(int, int)"/><h3> setPrecision </h3><pre>
void <b>setPrecision</b>(int columnIndex,
                  int precision)
                  throws <a href="../../java/sql/SQLException.html" title="class in java.sql">SQLException</a></pre><dl><dd>Sets the designated column's number of decimal digits to the given <code>int</code>.<p/>           </dd><dd><dl/></dd><dd><dl> <dt> <b>Parameters:</b>   </dt><dd> <code>columnIndex</code> - the first column is 1, the second is 2, ...            </dd><dd> <code>precision</code> - the total number of decimal digits        </dd> <dt> <b>Throws:</b>   </dt><dd> <code><a href="../../java/sql/SQLException.html" title="class in java.sql">SQLException</a></code> - if a database access error occurs        </dd>  </dl></dd></dl> <a end_ctx_id="method:setPrecision(int, int)"/>  </td></tr></table></td></tr></table><table border="0" cellpadding="1" cellspacing="0" width="100%"><tr><td><h3 class="ctxid">method:setScale(int, int) [NONE]</h3></td></tr><tr><td><table border="0" cellpadding="5" cellspacing="1" bgcolor="black" width="100%"><tr valign="top"><td bgcolor="#FFFFFF" colspan="1"> <a start_ctx_id="method:setScale(int, int)"/><a name="setScale(int, int)"/><h3> setScale </h3><pre>
void <b>setScale</b>(int columnIndex,
              int scale)
              throws <a href="../../java/sql/SQLException.html" title="class in java.sql">SQLException</a></pre><dl><dd>Sets the designated column's number of digits to the right of the decimal point to the given <code>int</code>.<p/>                 </dd><dd><dl/></dd><dd><dl> <dt> <b>Parameters:</b>   </dt><dd> <code>columnIndex</code> - the first column is 1, the second is 2, ...            </dd><dd> <code>scale</code> - the number of digits to right of decimal point           </dd> <dt> <b>Throws:</b>   </dt><dd> <code><a href="../../java/sql/SQLException.html" title="class in java.sql">SQLException</a></code> - if a database access error occurs        </dd>  </dl></dd></dl> <a end_ctx_id="method:setScale(int, int)"/>  </td></tr></table></td></tr></table><table border="0" cellpadding="1" cellspacing="0" width="100%"><tr><td><h3 class="ctxid">method:setTableName(int, java.lang.String) [NONE]</h3></td></tr><tr><td><table border="0" cellpadding="5" cellspacing="1" bgcolor="black" width="100%"><tr valign="top"><td bgcolor="#FFFFFF" colspan="1"> <a start_ctx_id="method:setTableName(int, java.lang.String)"/><a name="setTableName(int, java.lang.String)"/><h3> setTableName </h3><pre>
void <b>setTableName</b>(int columnIndex,
                  java.lang.String tableName)
                  throws <a href="../../java/sql/SQLException.html" title="class in java.sql">SQLException</a></pre><dl><dd>Sets the designated column's table name, if any, to the given <code>String</code>.<p/>           </dd><dd><dl/></dd><dd><dl> <dt> <b>Parameters:</b>   </dt><dd> <code>columnIndex</code> - the first column is 1, the second is 2, ...            </dd><dd> <code>tableName</code> - the column's table name      </dd> <dt> <b>Throws:</b>   </dt><dd> <code><a href="../../java/sql/SQLException.html" title="class in java.sql">SQLException</a></code> - if a database access error occurs        </dd>  </dl></dd></dl> <a end_ctx_id="method:setTableName(int, java.lang.String)"/>  </td></tr></table></td></tr></table><table border="0" cellpadding="1" cellspacing="0" width="100%"><tr><td><h3 class="ctxid">method:setCatalogName(int, java.lang.String) [NONE]</h3></td></tr><tr><td><table border="0" cellpadding="5" cellspacing="1" bgcolor="black" width="100%"><tr valign="top"><td bgcolor="#FFFFFF" colspan="1"> <a start_ctx_id="method:setCatalogName(int, java.lang.String)"/><a name="setCatalogName(int, java.lang.String)"/><h3> setCatalogName </h3><pre>
void <b>setCatalogName</b>(int columnIndex,
                    java.lang.String catalogName)
                    throws <a href="../../java/sql/SQLException.html" title="class in java.sql">SQLException</a></pre><dl><dd>Sets the designated column's table's catalog name, if any, to the given <code>String</code>.<p/>            </dd><dd><dl/></dd><dd><dl> <dt> <b>Parameters:</b>   </dt><dd> <code>columnIndex</code> - the first column is 1, the second is 2, ...            </dd><dd> <code>catalogName</code> - the column's catalog name      </dd> <dt> <b>Throws:</b>   </dt><dd> <code><a href="../../java/sql/SQLException.html" title="class in java.sql">SQLException</a></code> - if a database access error occurs        </dd>  </dl></dd></dl> <a end_ctx_id="method:setCatalogName(int, java.lang.String)"/>  </td></tr></table></td></tr></table><table border="0" cellpadding="1" cellspacing="0" width="100%"><tr><td><h3 class="ctxid">method:setColumnType(int, int) [NONE]</h3></td></tr><tr><td><table border="0" cellpadding="5" cellspacing="1" bgcolor="black" width="100%"><tr valign="top"><td bgcolor="#FFFFFF" colspan="1"> <a start_ctx_id="method:setColumnType(int, int)"/><a name="setColumnType(int, int)"/><h3> setColumnType </h3><pre>
void <b>setColumnType</b>(int columnIndex,
                   int SQLType)
                   throws <a href="../../java/sql/SQLException.html" title="class in java.sql">SQLException</a></pre><dl><dd>Sets the designated column's SQL type to the one given.<p/>         </dd><dd><dl/></dd><dd><dl> <dt> <b>Parameters:</b>   </dt><dd> <code>columnIndex</code> - the first column is 1, the second is 2, ...            </dd><dd> <code>SQLType</code> - the column's SQL type      </dd> <dt> <b>Throws:</b>   </dt><dd> <code><a href="../../java/sql/SQLException.html" title="class in java.sql">SQLException</a></code> - if a database access error occurs        </dd> <dt> <b>See Also: </b>   </dt><dd> <a href="../../java/sql/Types.html" title="class in java.sql"><code>Types</code></a> </dd>   </dl></dd></dl> <a end_ctx_id="method:setColumnType(int, int)"/>  </td></tr></table></td></tr></table><table border="0" cellpadding="1" cellspacing="0" width="100%"><tr><td><h3 class="ctxid">method:setColumnTypeName(int, java.lang.String) [NONE]</h3></td></tr><tr><td><table border="0" cellpadding="5" cellspacing="1" bgcolor="black" width="100%"><tr valign="top"><td bgcolor="#FFFFFF" colspan="1"> <a start_ctx_id="method:setColumnTypeName(int, java.lang.String)"/><a name="setColumnTypeName(int, java.lang.String)"/><h3> setColumnTypeName </h3><pre>
void <b>setColumnTypeName</b>(int columnIndex,
                       java.lang.String typeName)
                       throws <a href="../../java/sql/SQLException.html" title="class in java.sql">SQLException</a></pre><dl><dd>Sets the designated column's type name that is specific to the data source, if any, to the given <code>String</code>.<p/>                  </dd><dd><dl/></dd><dd><dl> <dt> <b>Parameters:</b>   </dt><dd> <code>columnIndex</code> - the first column is 1, the second is 2, ...            </dd><dd> <code>typeName</code> - data source specific type name.       </dd> <dt> <b>Throws:</b>   </dt><dd> <code><a href="../../java/sql/SQLException.html" title="class in java.sql">SQLException</a></code> - if a database access error occurs        </dd>  </dl></dd></dl> <a end_ctx_id="method:setColumnTypeName(int, java.lang.String)"/>  </td></tr></table></td></tr></table></diff></diffreport>