<?xml version="1.0" encoding="UTF-8" standalone="yes"?><Document><name>javax/sql/RowSetInternal.spec</name><Context><name>class:RowSetInternal</name><mt>NONE</mt></Context><Context><name>method:getConnection()</name><mt>NONE</mt></Context><Context><name>method:getOriginal()</name><mt>NONE</mt></Context><Context><name>method:getOriginalRow()</name><mt>NONE</mt></Context><Context><name>method:getParams()</name><mt>NONE</mt></Context><Context><name>method:setMetaData(javax.sql.RowSetMetaData)</name><mt>NONE</mt></Context><Stat><name>javax/sql/RowSetInternal.spec</name><mt>NONE</mt><Group name="context"><Item count="0" name="ADDED"/><Item count="0" name="REMOVED"/><Item count="0" name="CHANGED"/><Item count="0" name="MODIFIED"/><Item count="6" name="TOTAL"/></Group><Group name="assertion"><Item count="0" name="ADDED"/><Item count="0" name="REMOVED"/><Item count="0" name="CHANGED"/><Item count="0" name="MODIFIED"/><Item count="0" name="TOTAL"/></Group></Stat></Document>