<?xml version="1.0" encoding="UTF-8"?><diffreport><diff><table border="0" cellpadding="1" cellspacing="0" width="100%"><tr><td><h3 class="ctxid">class:RowSetInternal [NONE]</h3></td></tr><tr><td><table border="0" cellpadding="5" cellspacing="1" bgcolor="black" width="100%"><tr valign="top"><td bgcolor="#FFFFFF" colspan="1"> <a start_ctx_id="class:RowSetInternal"/><dl> <dt><pre>public interface <b>RowSetInternal</b></pre>  </dt> </dl><p> The interface that a <code>RowSet</code> object implements in order to present itself to a <code>RowSetReader</code> or <code>RowSetWriter</code> object. The <code>RowSetInternal</code> interface contains methods that let the reader or writer access and modify the internal state of the rowset.                                      </p><p/><p><dl> <dt> <b>Since:</b>   </dt><dd>1.4</dd> </dl> <a end_ctx_id="class:RowSetInternal"/> </p> </td></tr></table></td></tr></table><table border="0" cellpadding="1" cellspacing="0" width="100%"><tr><td><h3 class="ctxid">method:getParams() [NONE]</h3></td></tr><tr><td><table border="0" cellpadding="5" cellspacing="1" bgcolor="black" width="100%"><tr valign="top"><td bgcolor="#FFFFFF" colspan="1"> <a start_ctx_id="method:getParams()"/><a name="getParams()"/><h3> getParams </h3><pre>
java.lang.Object[] <b>getParams</b>()
                             throws <a href="../../java/sql/SQLException.html" title="class in java.sql">SQLException</a></pre><dl><dd>Retrieves the parameters that have been set for this <code>RowSet</code> object's command.<p/>           </dd><dd><dl> <dt> <b>Returns:</b>   </dt><dd>an array of the current parameter values for this <code>RowSet</code> object's command           </dd> <dt> <b>Throws:</b>   </dt><dd> <code><a href="../../java/sql/SQLException.html" title="class in java.sql">SQLException</a></code> - if a database access error occurs        </dd>  </dl></dd></dl> <a end_ctx_id="method:getParams()"/>  </td></tr></table></td></tr></table><table border="0" cellpadding="1" cellspacing="0" width="100%"><tr><td><h3 class="ctxid">method:getConnection() [NONE]</h3></td></tr><tr><td><table border="0" cellpadding="5" cellspacing="1" bgcolor="black" width="100%"><tr valign="top"><td bgcolor="#FFFFFF" colspan="1"> <a start_ctx_id="method:getConnection()"/><a name="getConnection()"/><h3> getConnection </h3><pre>

<a href="../../java/sql/Connection.html" title="interface in java.sql">Connection</a><b>getConnection</b>()
                         throws <a href="../../java/sql/SQLException.html" title="class in java.sql">SQLException</a></pre><dl><dd>Retrieves the <code>Connection</code> object that was passed to this <code>RowSet</code> object.<p/>          </dd><dd><dl> <dt> <b>Returns:</b>   </dt><dd>the <code>Connection</code> object passed to the rowset or <code>null</code> if none was passed            </dd> <dt> <b>Throws:</b>   </dt><dd> <code><a href="../../java/sql/SQLException.html" title="class in java.sql">SQLException</a></code> - if a database access error occurs        </dd>  </dl></dd></dl> <a end_ctx_id="method:getConnection()"/>  </td></tr></table></td></tr></table><table border="0" cellpadding="1" cellspacing="0" width="100%"><tr><td><h3 class="ctxid">method:setMetaData(javax.sql.RowSetMetaData) [NONE]</h3></td></tr><tr><td><table border="0" cellpadding="5" cellspacing="1" bgcolor="black" width="100%"><tr valign="top"><td bgcolor="#FFFFFF" colspan="1"> <a start_ctx_id="method:setMetaData(javax.sql.RowSetMetaData)"/><a name="setMetaData(javax.sql.RowSetMetaData)"/><h3> setMetaData </h3><pre>
void <b>setMetaData</b>(<a href="../../javax/sql/RowSetMetaData.html" title="interface in javax.sql">RowSetMetaData</a> md)
                 throws <a href="../../java/sql/SQLException.html" title="class in java.sql">SQLException</a></pre><dl><dd>Sets the given <code>RowSetMetaData</code> object as the <code>RowSetMetaData</code> object for this <code>RowSet</code> object. The <code>RowSetReader</code> object associated with the rowset will use <code>RowSetMetaData</code> methods to set the values giving information about the rowset's columns.<p/>                                 </dd><dd><dl> <dt> <b>Parameters:</b>   </dt><dd> <code>md</code> - the <code>RowSetMetaData</code> object that will be set with information about the rowset's columns               </dd> <dt> <b>Throws:</b>   </dt><dd> <code><a href="../../java/sql/SQLException.html" title="class in java.sql">SQLException</a></code> - if a database access error occurs        </dd>  </dl></dd></dl> <a end_ctx_id="method:setMetaData(javax.sql.RowSetMetaData)"/>  </td></tr></table></td></tr></table><table border="0" cellpadding="1" cellspacing="0" width="100%"><tr><td><h3 class="ctxid">method:getOriginal() [NONE]</h3></td></tr><tr><td><table border="0" cellpadding="5" cellspacing="1" bgcolor="black" width="100%"><tr valign="top"><td bgcolor="#FFFFFF" colspan="1"> <a start_ctx_id="method:getOriginal()"/><a name="getOriginal()"/><h3> getOriginal </h3><pre>

<a href="../../java/sql/ResultSet.html" title="interface in java.sql">ResultSet</a><b>getOriginal</b>()
                      throws <a href="../../java/sql/SQLException.html" title="class in java.sql">SQLException</a></pre><dl><dd>Retrieves a <code>ResultSet</code> object containing the original value of this <code>RowSet</code> object.<p> The cursor is positioned before the first row in the result set. Only rows contained in the result set returned by the method <code>getOriginal</code> are said to have an original value.                               </p><p/>           </dd><dd><dl> <dt> <b>Returns:</b>   </dt><dd>the original value of the rowset     </dd> <dt> <b>Throws:</b>   </dt><dd> <code><a href="../../java/sql/SQLException.html" title="class in java.sql">SQLException</a></code> - if a database access error occurs        </dd>  </dl></dd></dl> <a end_ctx_id="method:getOriginal()"/>  </td></tr></table></td></tr></table><table border="0" cellpadding="1" cellspacing="0" width="100%"><tr><td><h3 class="ctxid">method:getOriginalRow() [NONE]</h3></td></tr><tr><td><table border="0" cellpadding="5" cellspacing="1" bgcolor="black" width="100%"><tr valign="top"><td bgcolor="#FFFFFF" colspan="1"> <a start_ctx_id="method:getOriginalRow()"/><a name="getOriginalRow()"/><h3> getOriginalRow </h3><pre>

<a href="../../java/sql/ResultSet.html" title="interface in java.sql">ResultSet</a><b>getOriginalRow</b>()
                         throws <a href="../../java/sql/SQLException.html" title="class in java.sql">SQLException</a></pre><dl><dd>Retrieves a <code>ResultSet</code> object containing the original value of the current row only. If the current row has no original value, an empty result set is returned. If there is no current row, an exception is thrown.<p/>                                    </dd><dd><dl> <dt> <b>Returns:</b>   </dt><dd>the original value of the current row as a <code>ResultSet</code> object          </dd> <dt> <b>Throws:</b>   </dt><dd> <code><a href="../../java/sql/SQLException.html" title="class in java.sql">SQLException</a></code> - if a database access error occurs or this method is called while the cursor is on the insert row, before the first row, or after the last row                              </dd>  </dl></dd></dl> <a end_ctx_id="method:getOriginalRow()"/>  </td></tr></table></td></tr></table></diff></diffreport>