<?xml version="1.0" encoding="UTF-8" standalone="yes"?><Document><name>javax/sql/StatementEventListener.spec</name><Context><name>class:StatementEventListener</name><mt>NONE</mt></Context><Context><name>method:statementClosed(javax.sql.StatementEvent)</name><mt>NONE</mt></Context><Context><name>method:statementErrorOccurred(javax.sql.StatementEvent)</name><mt>NONE</mt></Context><Stat><name>javax/sql/StatementEventListener.spec</name><mt>NONE</mt><Group name="context"><Item count="0" name="ADDED"/><Item count="0" name="REMOVED"/><Item count="0" name="CHANGED"/><Item count="0" name="MODIFIED"/><Item count="3" name="TOTAL"/></Group><Group name="assertion"><Item count="0" name="ADDED"/><Item count="0" name="REMOVED"/><Item count="0" name="CHANGED"/><Item count="0" name="MODIFIED"/><Item count="0" name="TOTAL"/></Group></Stat></Document>