<?xml version="1.0" encoding="UTF-8" standalone="yes"?><Document><name>javax/sql/StatementEvent.spec</name><Context><name>class:StatementEvent</name><mt>NONE</mt></Context><Context><name>constructor:StatementEvent(javax.sql.PooledConnection, java.sql.PreparedStatement)</name><mt>NONE</mt></Context><Context><name>constructor:StatementEvent(javax.sql.PooledConnection, java.sql.PreparedStatement, java.sql.SQLException)</name><mt>NONE</mt></Context><Context><name>method:getSQLException()</name><mt>NONE</mt></Context><Context><name>method:getStatement()</name><mt>NONE</mt></Context><Stat><name>javax/sql/StatementEvent.spec</name><mt>NONE</mt><Group name="context"><Item count="0" name="ADDED"/><Item count="0" name="REMOVED"/><Item count="0" name="CHANGED"/><Item count="0" name="MODIFIED"/><Item count="5" name="TOTAL"/></Group><Group name="assertion"><Item count="0" name="ADDED"/><Item count="0" name="REMOVED"/><Item count="0" name="CHANGED"/><Item count="0" name="MODIFIED"/><Item count="0" name="TOTAL"/></Group></Stat></Document>