<?xml version="1.0" encoding="UTF-8"?><diffreport><diff><table border="0" cellpadding="1" cellspacing="0" width="100%"><tr><td><h3 class="ctxid">class:XADataSource [NONE]</h3></td></tr><tr><td><table border="0" cellpadding="5" cellspacing="1" bgcolor="black" width="100%"><tr valign="top"><td bgcolor="#FFFFFF" colspan="1"> <a start_ctx_id="class:XADataSource"/><dl> <dt><pre>public interface <b>XADataSource</b></pre>  </dt> <dt>extends <a href="../../javax/sql/CommonDataSource.html" title="interface in javax.sql">CommonDataSource</a>   </dt>  </dl><p> A factory for <code>XAConnection</code> objects that is used internally. An object that implements the <code>XADataSource</code> interface is typically registered with a naming service that uses the Java Naming and Directory Interface<sup><font size="-3">TM</font></sup> (JNDI).                                </p><p/><p><dl> <dt> <b>Since:</b>   </dt><dd>1.4</dd> </dl> <a end_ctx_id="class:XADataSource"/> </p> </td></tr></table></td></tr></table><table border="0" cellpadding="1" cellspacing="0" width="100%"><tr><td><h3 class="ctxid">method:getXAConnection() [NONE]</h3></td></tr><tr><td><table border="0" cellpadding="5" cellspacing="1" bgcolor="black" width="100%"><tr valign="top"><td bgcolor="#FFFFFF" colspan="1"> <a start_ctx_id="method:getXAConnection()"/><a name="getXAConnection()"/><h3> getXAConnection </h3><pre>

<a href="../../javax/sql/XAConnection.html" title="interface in javax.sql">XAConnection</a><b>getXAConnection</b>()
                             throws <a href="../../java/sql/SQLException.html" title="class in java.sql">SQLException</a></pre><dl><dd>Attempts to establish a physical database connection that can be used in a distributed transaction.<p/>              </dd><dd><dl/></dd><dd><dl> <dt> <b>Returns:</b>   </dt><dd>an <code>XAConnection</code> object, which represents a physical connection to a data source, that can be used in a distributed transaction                   </dd> <dt> <b>Throws:</b>   </dt><dd> <code><a href="../../java/sql/SQLException.html" title="class in java.sql">SQLException</a></code> - if a database access error occurs        </dd><dd> <code><a href="../../java/sql/SQLFeatureNotSupportedException.html" title="class in java.sql">SQLFeatureNotSupportedException</a></code> - if the JDBC driver does not support this method           </dd> <dt> <b>Since:</b>   </dt><dd>1.4</dd>   </dl></dd></dl> <a end_ctx_id="method:getXAConnection()"/>  </td></tr></table></td></tr></table><table border="0" cellpadding="1" cellspacing="0" width="100%"><tr><td><h3 class="ctxid">method:getXAConnection(java.lang.String, java.lang.String) [NONE]</h3></td></tr><tr><td><table border="0" cellpadding="5" cellspacing="1" bgcolor="black" width="100%"><tr valign="top"><td bgcolor="#FFFFFF" colspan="1"> <a start_ctx_id="method:getXAConnection(java.lang.String, java.lang.String)"/><a name="getXAConnection(java.lang.String, java.lang.String)"/><h3> getXAConnection </h3><pre>

<a href="../../javax/sql/XAConnection.html" title="interface in javax.sql">XAConnection</a><b>getXAConnection</b>(java.lang.String user,
                             java.lang.String password)
                             throws <a href="../../java/sql/SQLException.html" title="class in java.sql">SQLException</a></pre><dl><dd>Attempts to establish a physical database connection, using the given user name and password. The connection that is returned is one that can be used in a distributed transaction.<p/>                            </dd><dd><dl/></dd><dd><dl> <dt> <b>Parameters:</b>   </dt><dd> <code>user</code> - the database user on whose behalf the connection is being made             </dd><dd> <code>password</code> - the user's password     </dd> <dt> <b>Returns:</b>   </dt><dd>an <code>XAConnection</code> object, which represents a physical connection to a data source, that can be used in a distributed transaction                   </dd> <dt> <b>Throws:</b>   </dt><dd> <code><a href="../../java/sql/SQLException.html" title="class in java.sql">SQLException</a></code> - if a database access error occurs        </dd><dd> <code><a href="../../java/sql/SQLFeatureNotSupportedException.html" title="class in java.sql">SQLFeatureNotSupportedException</a></code> - if the JDBC driver does not support this method           </dd> <dt> <b>Since:</b>   </dt><dd>1.4</dd>    </dl></dd></dl> <a end_ctx_id="method:getXAConnection(java.lang.String, java.lang.String)"/>  </td></tr></table></td></tr></table></diff></diffreport>