<?xml version="1.0" encoding="UTF-8"?><diffreport><diff><table border="0" cellpadding="1" cellspacing="0" width="100%"><tr><td><h3 class="ctxid">class:Diagnostic.Kind [NONE]</h3></td></tr><tr><td><table border="0" cellpadding="5" cellspacing="1" bgcolor="black" width="100%"><tr valign="top"><td bgcolor="#FFFFFF" colspan="1"><div class="description"> <a start_ctx_id="class:Diagnostic.Kind"/><ul class="blockList"><li class="blockList"><dl> <dt>All Implemented Interfaces:  </dt><dd> <a href="../../java/io/Serializable.html" title="interface in java.io">Serializable</a>, <a href="../../java/lang/Comparable.html" title="interface in java.lang">Comparable</a>&lt;<a href="../../javax/tools/Diagnostic.Kind.html" title="enum in javax.tools">Diagnostic.Kind</a>&gt;  </dd> </dl><dl> <dt>Enclosing interface: </dt><dd> <a href="../../javax/tools/Diagnostic.html" title="interface in javax.tools">Diagnostic</a>&lt;<a href="../../javax/tools/Diagnostic.html" title="type parameter in Diagnostic">S</a>&gt; </dd> </dl> <hr/> <br/><pre>public static enum <span class="strong">Diagnostic.Kind</span>
extends <a href="../../java/lang/Enum.html" title="class in java.lang">Enum</a>&lt;<a href="../../javax/tools/Diagnostic.Kind.html" title="enum in javax.tools">Diagnostic.Kind</a>&gt;</pre><div class="block">Kinds of diagnostics, for example, error or warning.       </div>  </li></ul> </div> <a end_ctx_id="class:Diagnostic.Kind"/> </td></tr></table></td></tr></table><table border="0" cellpadding="1" cellspacing="0" width="100%"><tr><td><h3 class="ctxid">field:ERROR [NONE]</h3></td></tr><tr><td><table border="0" cellpadding="5" cellspacing="1" bgcolor="black" width="100%"><tr valign="top"><td bgcolor="#FFFFFF" colspan="1"> <a start_ctx_id="field:ERROR"/><a name="ERROR"/><ul class="blockList"><li class="blockList"><h4>ERROR</h4><pre>public static final <a href="../../javax/tools/Diagnostic.Kind.html" title="enum in javax.tools">Diagnostic.Kind</a> ERROR</pre><div class="block">Problem which prevents the tool's normal completion.      </div></li></ul> <a end_ctx_id="field:ERROR"/>  </td></tr></table></td></tr></table><table border="0" cellpadding="1" cellspacing="0" width="100%"><tr><td><h3 class="ctxid">field:WARNING [NONE]</h3></td></tr><tr><td><table border="0" cellpadding="5" cellspacing="1" bgcolor="black" width="100%"><tr valign="top"><td bgcolor="#FFFFFF" colspan="1"> <a start_ctx_id="field:WARNING"/><a name="WARNING"/><ul class="blockList"><li class="blockList"><h4>WARNING</h4><pre>public static final <a href="../../javax/tools/Diagnostic.Kind.html" title="enum in javax.tools">Diagnostic.Kind</a> WARNING</pre><div class="block">Problem which does not usually prevent the tool from completing normally.          </div></li></ul> <a end_ctx_id="field:WARNING"/>  </td></tr></table></td></tr></table><table border="0" cellpadding="1" cellspacing="0" width="100%"><tr><td><h3 class="ctxid">field:MANDATORY_WARNING [NONE]</h3></td></tr><tr><td><table border="0" cellpadding="5" cellspacing="1" bgcolor="black" width="100%"><tr valign="top"><td bgcolor="#FFFFFF" colspan="1"> <a start_ctx_id="field:MANDATORY_WARNING"/><a name="MANDATORY_WARNING"/><ul class="blockList"><li class="blockList"><h4>MANDATORY_WARNING</h4><pre>public static final <a href="../../javax/tools/Diagnostic.Kind.html" title="enum in javax.tools">Diagnostic.Kind</a> MANDATORY_WARNING</pre><div class="block">Problem similar to a warning, but is mandated by the tool's specification. For example, the Java™ Language Specification, 3rd Ed. mandates warnings on certain unchecked operations and the use of deprecated methods.                               </div></li></ul> <a end_ctx_id="field:MANDATORY_WARNING"/>  </td></tr></table></td></tr></table><table border="0" cellpadding="1" cellspacing="0" width="100%"><tr><td><h3 class="ctxid">field:NOTE [NONE]</h3></td></tr><tr><td><table border="0" cellpadding="5" cellspacing="1" bgcolor="black" width="100%"><tr valign="top"><td bgcolor="#FFFFFF" colspan="1"> <a start_ctx_id="field:NOTE"/><a name="NOTE"/><ul class="blockList"><li class="blockList"><h4>NOTE</h4><pre>public static final <a href="../../javax/tools/Diagnostic.Kind.html" title="enum in javax.tools">Diagnostic.Kind</a> NOTE</pre><div class="block">Informative message from the tool.    </div></li></ul> <a end_ctx_id="field:NOTE"/>  </td></tr></table></td></tr></table><table border="0" cellpadding="1" cellspacing="0" width="100%"><tr><td><h3 class="ctxid">field:OTHER [NONE]</h3></td></tr><tr><td><table border="0" cellpadding="5" cellspacing="1" bgcolor="black" width="100%"><tr valign="top"><td bgcolor="#FFFFFF" colspan="1"> <a start_ctx_id="field:OTHER"/><a name="OTHER"/><ul class="blockListLast"><li class="blockList"><h4>OTHER</h4><pre>public static final <a href="../../javax/tools/Diagnostic.Kind.html" title="enum in javax.tools">Diagnostic.Kind</a> OTHER</pre><div class="block">Diagnostic which does not fit within the other kinds.        </div></li></ul> <a end_ctx_id="field:OTHER"/>  </td></tr></table></td></tr></table><table border="0" cellpadding="1" cellspacing="0" width="100%"><tr><td><h3 class="ctxid">method:values() [NONE]</h3></td></tr><tr><td><table border="0" cellpadding="5" cellspacing="1" bgcolor="black" width="100%"><tr valign="top"><td bgcolor="#FFFFFF" colspan="1"> <a start_ctx_id="method:values()"/><a name="values()"/><ul class="blockList"><li class="blockList"><h4>values</h4><pre>public static <a href="../../javax/tools/Diagnostic.Kind.html" title="enum in javax.tools">Diagnostic.Kind</a>[] values()</pre><div class="block">Returns an array containing the constants of this enum type, in the order they are declared. This method may be used to iterate over the constants as follows:<pre>
for (Diagnostic.Kind c : Diagnostic.Kind.values())
    System.out.println(c);
</pre>                           </div><dl> <dt> <span class="strong">Returns:</span>   </dt><dd>an array containing the constants of this enum type, in the order they are declared              </dd> </dl></li></ul> <a end_ctx_id="method:values()"/>  </td></tr></table></td></tr></table><table border="0" cellpadding="1" cellspacing="0" width="100%"><tr><td><h3 class="ctxid">method:valueOf(java.lang.String) [NONE]</h3></td></tr><tr><td><table border="0" cellpadding="5" cellspacing="1" bgcolor="black" width="100%"><tr valign="top"><td bgcolor="#FFFFFF" colspan="1"> <a start_ctx_id="method:valueOf(java.lang.String)"/><a name="valueOf(java.lang.String)"/><ul class="blockListLast"><li class="blockList"><h4>valueOf</h4><pre>public static <a href="../../javax/tools/Diagnostic.Kind.html" title="enum in javax.tools">Diagnostic.Kind</a> valueOf(<a href="../../java/lang/String.html" title="class in java.lang">String</a> name)</pre><div class="block">Returns the enum constant of this type with the specified name. The string must match <i>exactly</i> an identifier used to declare an enum constant in this type. (Extraneous whitespace characters are not permitted.)                                </div><dl> <dt> <span class="strong">Parameters:</span>   </dt><dd> <code>name</code> - the name of the enum constant to be returned.           </dd> <dt> <span class="strong">Returns:</span>   </dt><dd>the enum constant with the specified name      </dd> <dt> <span class="strong">Throws:</span>   </dt><dd> <code><a href="../../java/lang/IllegalArgumentException.html" title="class in java.lang">IllegalArgumentException</a></code> - if this enum type has no constant with the specified name             </dd><dd> <code><a href="../../java/lang/NullPointerException.html" title="class in java.lang">NullPointerException</a></code> - if the argument is null       </dd>   </dl></li></ul> <a end_ctx_id="method:valueOf(java.lang.String)"/>  </td></tr></table></td></tr></table></diff></diffreport>