<?xml version="1.0" encoding="UTF-8"?><diffreport><diff><table border="0" cellpadding="1" cellspacing="0" width="100%"><tr><td><h3 class="ctxid">class:DiagnosticListener [CHANGED]</h3></td></tr><tr><td><table border="0" cellpadding="5" cellspacing="1" bgcolor="black" width="100%"><tr valign="top"><td bgcolor="#EEEEEE" colspan="2"><div class="description"> <a start_ctx_id="class:DiagnosticListener"/><ul class="blockList"><li class="blockList"><dl> <dt> <span class="strong">Type Parameters: </span>   </dt><dd> <code>S</code> - the type of source objects used by diagnostics received by this listener              </dd> </dl><dl> <dt>All Known Implementing Classes:   </dt><dd> <a href="../../javax/tools/DiagnosticCollector.html" title="class in javax.tools">DiagnosticCollector</a> </dd> </dl><dl> <dt><span class="diff-html-added">Functional</span> <span class="diff-html-added">Interface:</span> </dt><dd><span class="diff-html-added">This</span> <span class="diff-html-added">is</span> <span class="diff-html-added">a</span> <span class="diff-html-added">functional</span> <span class="diff-html-added">interface</span> <span class="diff-html-added">and</span> <span class="diff-html-added">can</span> <span class="diff-html-added">therefore</span> <span class="diff-html-added">be</span> <span class="diff-html-added">used</span> <span class="diff-html-added">as</span> <span class="diff-html-added">the</span> <span class="diff-html-added">assignment</span> <span class="diff-html-added">target</span> <span class="diff-html-added">for</span> <span class="diff-html-added">a</span> <span class="diff-html-added">lambda</span> <span class="diff-html-added">expression</span> <span class="diff-html-added">or</span> <span class="diff-html-added">method</span> <span class="diff-html-added">reference.</span>                    </dd> </dl> <hr/> <br/><pre>public interface <span class="strong">DiagnosticListener&lt;S&gt;</span></pre><div class="block">Interface for receiving diagnostics from tools.     </div><dl> <dt> <span class="strong">Since:</span>   </dt><dd>1.6</dd> </dl>  </li></ul> </div> <a end_ctx_id="class:DiagnosticListener"/> </td></tr><tr valign="top"><td bgcolor="#CCCCCC" colspan="1"><div class="description"> <a start_ctx_id="class:DiagnosticListener"/><ul class="blockList"><li class="blockList"><dl> <dt> <span class="strong">Type Parameters: </span>   </dt><dd> <code>S</code> - the type of source objects used by diagnostics received by this listener              </dd> </dl><dl> <dt>All Known Implementing Classes:   </dt><dd> <a href="../../javax/tools/DiagnosticCollector.html" title="class in javax.tools">DiagnosticCollector</a> </dd> </dl> <hr/> <br/><pre>public interface <span class="strong">DiagnosticListener&lt;S&gt;</span></pre><div class="block">Interface for receiving diagnostics from tools.     </div><dl> <dt> <span class="strong">Since:</span>   </dt><dd>1.6</dd> </dl>  </li></ul> </div> <a end_ctx_id="class:DiagnosticListener"/> </td><td bgcolor="#FFFFFF" colspan="1"><div class="description"> <a start_ctx_id="class:DiagnosticListener"/><ul class="blockList"><li class="blockList"><dl> <dt> <span class="strong">Type Parameters: </span>   </dt><dd> <code>S</code> - the type of source objects used by diagnostics received by this listener              </dd> </dl><dl> <dt>All Known Implementing Classes:   </dt><dd> <a href="../../javax/tools/DiagnosticCollector.html" title="class in javax.tools">DiagnosticCollector</a> </dd> </dl><dl> <dt>Functional Interface: </dt><dd>This is a functional interface and can therefore be used as the assignment target for a lambda expression or method reference.                    </dd> </dl> <hr/> <br/><pre>public interface <span class="strong">DiagnosticListener&lt;S&gt;</span></pre><div class="block">Interface for receiving diagnostics from tools.     </div><dl> <dt> <span class="strong">Since:</span>   </dt><dd>1.6</dd> </dl>  </li></ul> </div> <a end_ctx_id="class:DiagnosticListener"/> </td></tr></table></td></tr></table><table border="0" cellpadding="1" cellspacing="0" width="100%"><tr><td><h3 class="ctxid">method:report(javax.tools.Diagnostic) [NONE]</h3></td></tr><tr><td><table border="0" cellpadding="5" cellspacing="1" bgcolor="black" width="100%"><tr valign="top"><td bgcolor="#FFFFFF" colspan="1"> <a start_ctx_id="method:report(javax.tools.Diagnostic)"/><a name="report(javax.tools.Diagnostic)"/><ul class="blockListLast"><li class="blockList"><h4>report</h4><pre>void report(<a href="../../javax/tools/Diagnostic.html" title="interface in javax.tools">Diagnostic</a>&lt;? extends <a href="../../javax/tools/DiagnosticListener.html" title="type parameter in DiagnosticListener">S</a>&gt; diagnostic)</pre><div class="block">Invoked when a problem is found.     </div><dl> <dt> <span class="strong">Parameters:</span>   </dt><dd> <code>diagnostic</code> - a diagnostic representing the problem that was found          </dd> <dt> <span class="strong">Throws:</span>   </dt><dd> <code><a href="../../java/lang/NullPointerException.html" title="class in java.lang">NullPointerException</a></code> - if the diagnostic argument is <code>null</code> and the implementation cannot handle <code>null</code> arguments               </dd>  </dl></li></ul> <a end_ctx_id="method:report(javax.tools.Diagnostic)"/>  </td></tr></table></td></tr></table></diff></diffreport>