<?xml version="1.0" encoding="UTF-8"?><diffreport><diff><table border="0" cellpadding="1" cellspacing="0" width="100%"><tr><td><h3 class="ctxid">class:DiagnosticCollector [NONE]</h3></td></tr><tr><td><table border="0" cellpadding="5" cellspacing="1" bgcolor="black" width="100%"><tr valign="top"><td bgcolor="#FFFFFF" colspan="1"><div class="description"> <a start_ctx_id="class:DiagnosticCollector"/><ul class="blockList"><li class="blockList"><dl> <dt> <span class="strong">Type Parameters: </span>   </dt><dd> <code>S</code> - the type of source objects used by diagnostics received by this object              </dd> </dl><dl> <dt>All Implemented Interfaces:  </dt><dd> <a href="../../javax/tools/DiagnosticListener.html" title="interface in javax.tools">DiagnosticListener</a>&lt;S&gt; </dd> </dl> <hr/> <br/><pre>public final class <span class="strong">DiagnosticCollector&lt;S&gt;</span>
extends <a href="../../java/lang/Object.html" title="class in java.lang">Object</a>
implements <a href="../../javax/tools/DiagnosticListener.html" title="interface in javax.tools">DiagnosticListener</a>&lt;S&gt;</pre><div class="block">Provides an easy way to collect diagnostics in a list.         </div><dl> <dt> <span class="strong">Since:</span>   </dt><dd>1.6</dd> </dl>  </li></ul> </div> <a end_ctx_id="class:DiagnosticCollector"/> </td></tr></table></td></tr></table><table border="0" cellpadding="1" cellspacing="0" width="100%"><tr><td><h3 class="ctxid">constructor:DiagnosticCollector() [NONE]</h3></td></tr><tr><td><table border="0" cellpadding="5" cellspacing="1" bgcolor="black" width="100%"><tr valign="top"><td bgcolor="#FFFFFF" colspan="1"> <a start_ctx_id="constructor:DiagnosticCollector()"/><a name="DiagnosticCollector()"/><ul class="blockListLast"><li class="blockList"><h4>DiagnosticCollector</h4><pre>public DiagnosticCollector()</pre></li></ul> <a end_ctx_id="constructor:DiagnosticCollector()"/>  </td></tr></table></td></tr></table><table border="0" cellpadding="1" cellspacing="0" width="100%"><tr><td><h3 class="ctxid">method:report(javax.tools.Diagnostic) [NONE]</h3></td></tr><tr><td><table border="0" cellpadding="5" cellspacing="1" bgcolor="black" width="100%"><tr valign="top"><td bgcolor="#FFFFFF" colspan="1"> <a start_ctx_id="method:report(javax.tools.Diagnostic)"/><a name="report(javax.tools.Diagnostic)"/><ul class="blockList"><li class="blockList"><h4>report</h4><pre>public void report(<a href="../../javax/tools/Diagnostic.html" title="interface in javax.tools">Diagnostic</a>&lt;? extends <a href="../../javax/tools/DiagnosticCollector.html" title="type parameter in DiagnosticCollector">S</a>&gt; diagnostic)</pre><div class="block"> <span class="strong">Description copied from interface: <code><a href="../../javax/tools/DiagnosticListener.html#report(javax.tools.Diagnostic)">DiagnosticListener</a></code>   </span> </div><div class="block">Invoked when a problem is found.     </div><dl> <dt> <span class="strong">Specified by: </span>   </dt><dd> <code><a href="../../javax/tools/DiagnosticListener.html#report(javax.tools.Diagnostic)">report</a></code> in interface <code><a href="../../javax/tools/DiagnosticListener.html" title="interface in javax.tools">DiagnosticListener</a>&lt;<a href="../../javax/tools/DiagnosticCollector.html" title="type parameter in DiagnosticCollector">S</a>&gt;</code>  </dd> <dt> <span class="strong">Parameters:</span>   </dt><dd> <code>diagnostic</code> - a diagnostic representing the problem that was found          </dd>  </dl></li></ul> <a end_ctx_id="method:report(javax.tools.Diagnostic)"/>  </td></tr></table></td></tr></table><table border="0" cellpadding="1" cellspacing="0" width="100%"><tr><td><h3 class="ctxid">method:getDiagnostics() [NONE]</h3></td></tr><tr><td><table border="0" cellpadding="5" cellspacing="1" bgcolor="black" width="100%"><tr valign="top"><td bgcolor="#FFFFFF" colspan="1"> <a start_ctx_id="method:getDiagnostics()"/><a name="getDiagnostics()"/><ul class="blockListLast"><li class="blockList"><h4>getDiagnostics</h4><pre>public <a href="../../java/util/List.html" title="interface in java.util">List</a>&lt;<a href="../../javax/tools/Diagnostic.html" title="interface in javax.tools">Diagnostic</a>&lt;? extends <a href="../../javax/tools/DiagnosticCollector.html" title="type parameter in DiagnosticCollector">S</a>&gt;&gt; getDiagnostics()</pre><div class="block">Gets a list view of diagnostics collected by this object.         </div><dl> <dt> <span class="strong">Returns:</span>   </dt><dd>a list view of diagnostics    </dd> </dl></li></ul> <a end_ctx_id="method:getDiagnostics()"/>  </td></tr></table></td></tr></table></diff></diffreport>