<?xml version="1.0" encoding="UTF-8"?><diffreport><diff><table border="0" cellpadding="1" cellspacing="0" width="100%"><tr><td><h3 class="ctxid">class:Diagnostic [NONE]</h3></td></tr><tr><td><table border="0" cellpadding="5" cellspacing="1" bgcolor="black" width="100%"><tr valign="top"><td bgcolor="#FFFFFF" colspan="1"><div class="description"> <a start_ctx_id="class:Diagnostic"/><ul class="blockList"><li class="blockList"><dl> <dt> <span class="strong">Type Parameters: </span>   </dt><dd> <code>S</code> - the type of source object used by this diagnostic           </dd> </dl> <hr/> <br/><pre>public interface <span class="strong">Diagnostic&lt;S&gt;</span></pre><div class="block">Interface for diagnostics from tools. A diagnostic usually reports a problem at a specific position in a source file. However, not all diagnostics are associated with a position or a file.<p>A position is a zero-based character offset from the beginning of a file. Negative values (except <a href="../../javax/tools/Diagnostic.html#NOPOS"><code>NOPOS</code></a>) are not valid positions.                    </p><p>Line and column numbers begin at 1. Negative values (except <a href="../../javax/tools/Diagnostic.html#NOPOS"><code>NOPOS</code></a>) and 0 are not valid line or column numbers.                   </p>                              </div><dl> <dt> <span class="strong">Since:</span>   </dt><dd>1.6</dd> </dl>  </li></ul> </div> <a end_ctx_id="class:Diagnostic"/> </td></tr></table></td></tr></table><table border="0" cellpadding="1" cellspacing="0" width="100%"><tr><td><h3 class="ctxid">field:NOPOS [NONE]</h3></td></tr><tr><td><table border="0" cellpadding="5" cellspacing="1" bgcolor="black" width="100%"><tr valign="top"><td bgcolor="#FFFFFF" colspan="1"> <a start_ctx_id="field:NOPOS"/><a name="NOPOS"/><ul class="blockListLast"><li class="blockList"><h4>NOPOS</h4><pre>static final long NOPOS</pre><div class="block">Used to signal that no position is available.       </div><dl> <dt> <span class="strong">See Also: </span>   </dt><dd> <a href="../../constant-values.html#javax.tools.Diagnostic.NOPOS">Constant Field Values  </a> </dd> </dl></li></ul> <a end_ctx_id="field:NOPOS"/>  </td></tr></table></td></tr></table><table border="0" cellpadding="1" cellspacing="0" width="100%"><tr><td><h3 class="ctxid">method:getKind() [NONE]</h3></td></tr><tr><td><table border="0" cellpadding="5" cellspacing="1" bgcolor="black" width="100%"><tr valign="top"><td bgcolor="#FFFFFF" colspan="1"> <a start_ctx_id="method:getKind()"/><a name="getKind()"/><ul class="blockList"><li class="blockList"><h4>getKind</h4><pre><a href="../../javax/tools/Diagnostic.Kind.html" title="enum in javax.tools">Diagnostic.Kind</a> getKind()</pre><div class="block">Gets the kind of this diagnostic, for example, error or warning.          </div><dl> <dt> <span class="strong">Returns:</span>   </dt><dd>the kind of this diagnostic    </dd> </dl></li></ul> <a end_ctx_id="method:getKind()"/>  </td></tr></table></td></tr></table><table border="0" cellpadding="1" cellspacing="0" width="100%"><tr><td><h3 class="ctxid">method:getSource() [NONE]</h3></td></tr><tr><td><table border="0" cellpadding="5" cellspacing="1" bgcolor="black" width="100%"><tr valign="top"><td bgcolor="#FFFFFF" colspan="1"> <a start_ctx_id="method:getSource()"/><a name="getSource()"/><ul class="blockList"><li class="blockList"><h4>getSource</h4><pre><a href="../../javax/tools/Diagnostic.html" title="type parameter in Diagnostic">S</a> getSource()</pre><div class="block">Gets the source object associated with this diagnostic.       </div><dl> <dt> <span class="strong">Returns:</span>   </dt><dd>the source object associated with this diagnostic. <code>null</code> if no source object is associated with the diagnostic.                </dd> </dl></li></ul> <a end_ctx_id="method:getSource()"/>  </td></tr></table></td></tr></table><table border="0" cellpadding="1" cellspacing="0" width="100%"><tr><td><h3 class="ctxid">method:getPosition() [NONE]</h3></td></tr><tr><td><table border="0" cellpadding="5" cellspacing="1" bgcolor="black" width="100%"><tr valign="top"><td bgcolor="#FFFFFF" colspan="1"> <a start_ctx_id="method:getPosition()"/><a name="getPosition()"/><ul class="blockList"><li class="blockList"><h4>getPosition</h4><pre>long getPosition()</pre><div class="block">Gets a character offset from the beginning of the source object associated with this diagnostic that indicates the location of the problem. In addition, the following must be true:<p> <code>getStartPostion() &lt;= getPosition()  </code> </p><p> <code>getPosition() &lt;= getEndPosition()  </code> </p>                            </div><dl> <dt> <span class="strong">Returns:</span>   </dt><dd>character offset from beginning of source; <a href="../../javax/tools/Diagnostic.html#NOPOS"><code>NOPOS</code></a> if <a href="../../javax/tools/Diagnostic.html#getSource()"><code>getSource()</code></a> would return <code>null</code> or if no location is suitable                 </dd> </dl></li></ul> <a end_ctx_id="method:getPosition()"/>  </td></tr></table></td></tr></table><table border="0" cellpadding="1" cellspacing="0" width="100%"><tr><td><h3 class="ctxid">method:getStartPosition() [NONE]</h3></td></tr><tr><td><table border="0" cellpadding="5" cellspacing="1" bgcolor="black" width="100%"><tr valign="top"><td bgcolor="#FFFFFF" colspan="1"> <a start_ctx_id="method:getStartPosition()"/><a name="getStartPosition()"/><ul class="blockList"><li class="blockList"><h4>getStartPosition</h4><pre>long getStartPosition()</pre><div class="block">Gets the character offset from the beginning of the file associated with this diagnostic that indicates the start of the problem.                    </div><dl> <dt> <span class="strong">Returns:</span>   </dt><dd>offset from beginning of file; <a href="../../javax/tools/Diagnostic.html#NOPOS"><code>NOPOS</code></a> if and only if <a href="../../javax/tools/Diagnostic.html#getPosition()"><code>getPosition()</code></a> returns <a href="../../javax/tools/Diagnostic.html#NOPOS"><code>NOPOS</code></a>            </dd> </dl></li></ul> <a end_ctx_id="method:getStartPosition()"/>  </td></tr></table></td></tr></table><table border="0" cellpadding="1" cellspacing="0" width="100%"><tr><td><h3 class="ctxid">method:getEndPosition() [NONE]</h3></td></tr><tr><td><table border="0" cellpadding="5" cellspacing="1" bgcolor="black" width="100%"><tr valign="top"><td bgcolor="#FFFFFF" colspan="1"> <a start_ctx_id="method:getEndPosition()"/><a name="getEndPosition()"/><ul class="blockList"><li class="blockList"><h4>getEndPosition</h4><pre>long getEndPosition()</pre><div class="block">Gets the character offset from the beginning of the file associated with this diagnostic that indicates the end of the problem.                    </div><dl> <dt> <span class="strong">Returns:</span>   </dt><dd>offset from beginning of file; <a href="../../javax/tools/Diagnostic.html#NOPOS"><code>NOPOS</code></a> if and only if <a href="../../javax/tools/Diagnostic.html#getPosition()"><code>getPosition()</code></a> returns <a href="../../javax/tools/Diagnostic.html#NOPOS"><code>NOPOS</code></a>            </dd> </dl></li></ul> <a end_ctx_id="method:getEndPosition()"/>  </td></tr></table></td></tr></table><table border="0" cellpadding="1" cellspacing="0" width="100%"><tr><td><h3 class="ctxid">method:getLineNumber() [NONE]</h3></td></tr><tr><td><table border="0" cellpadding="5" cellspacing="1" bgcolor="black" width="100%"><tr valign="top"><td bgcolor="#FFFFFF" colspan="1"> <a start_ctx_id="method:getLineNumber()"/><a name="getLineNumber()"/><ul class="blockList"><li class="blockList"><h4>getLineNumber</h4><pre>long getLineNumber()</pre><div class="block">Gets the line number of the character offset returned by <a href="../../javax/tools/Diagnostic.html#getPosition()">getPosition()</a>.          </div><dl> <dt> <span class="strong">Returns:</span>   </dt><dd>a line number or <a href="../../javax/tools/Diagnostic.html#NOPOS"><code>NOPOS</code></a> if and only if <a href="../../javax/tools/Diagnostic.html#getPosition()"><code>getPosition()</code></a> returns <a href="../../javax/tools/Diagnostic.html#NOPOS"><code>NOPOS</code></a>           </dd> </dl></li></ul> <a end_ctx_id="method:getLineNumber()"/>  </td></tr></table></td></tr></table><table border="0" cellpadding="1" cellspacing="0" width="100%"><tr><td><h3 class="ctxid">method:getColumnNumber() [NONE]</h3></td></tr><tr><td><table border="0" cellpadding="5" cellspacing="1" bgcolor="black" width="100%"><tr valign="top"><td bgcolor="#FFFFFF" colspan="1"> <a start_ctx_id="method:getColumnNumber()"/><a name="getColumnNumber()"/><ul class="blockList"><li class="blockList"><h4>getColumnNumber</h4><pre>long getColumnNumber()</pre><div class="block">Gets the column number of the character offset returned by <a href="../../javax/tools/Diagnostic.html#getPosition()">getPosition()</a>.          </div><dl> <dt> <span class="strong">Returns:</span>   </dt><dd>a column number or <a href="../../javax/tools/Diagnostic.html#NOPOS"><code>NOPOS</code></a> if and only if <a href="../../javax/tools/Diagnostic.html#getPosition()"><code>getPosition()</code></a> returns <a href="../../javax/tools/Diagnostic.html#NOPOS"><code>NOPOS</code></a>           </dd> </dl></li></ul> <a end_ctx_id="method:getColumnNumber()"/>  </td></tr></table></td></tr></table><table border="0" cellpadding="1" cellspacing="0" width="100%"><tr><td><h3 class="ctxid">method:getCode() [NONE]</h3></td></tr><tr><td><table border="0" cellpadding="5" cellspacing="1" bgcolor="black" width="100%"><tr valign="top"><td bgcolor="#FFFFFF" colspan="1"> <a start_ctx_id="method:getCode()"/><a name="getCode()"/><ul class="blockList"><li class="blockList"><h4>getCode</h4><pre><a href="../../java/lang/String.html" title="class in java.lang">String</a> getCode()</pre><div class="block">Gets a diagnostic code indicating the type of diagnostic. The code is implementation-dependent and might be <code>null</code>.                </div><dl> <dt> <span class="strong">Returns:</span>   </dt><dd>a diagnostic code  </dd> </dl></li></ul> <a end_ctx_id="method:getCode()"/>  </td></tr></table></td></tr></table><table border="0" cellpadding="1" cellspacing="0" width="100%"><tr><td><h3 class="ctxid">method:getMessage(java.util.Locale) [NONE]</h3></td></tr><tr><td><table border="0" cellpadding="5" cellspacing="1" bgcolor="black" width="100%"><tr valign="top"><td bgcolor="#FFFFFF" colspan="1"> <a start_ctx_id="method:getMessage(java.util.Locale)"/><a name="getMessage(java.util.Locale)"/><ul class="blockListLast"><li class="blockList"><h4>getMessage</h4><pre><a href="../../java/lang/String.html" title="class in java.lang">String</a> getMessage(<a href="../../java/util/Locale.html" title="class in java.util">Locale</a> locale)</pre><div class="block">Gets a localized message for the given locale. The actual message is implementation-dependent. If the locale is <code>null</code> use the default locale.                     </div><dl> <dt> <span class="strong">Parameters:</span>   </dt><dd> <code>locale</code> - a locale; might be <code>null</code>       </dd> <dt> <span class="strong">Returns:</span>   </dt><dd>a localized message  </dd>  </dl></li></ul> <a end_ctx_id="method:getMessage(java.util.Locale)"/>  </td></tr></table></td></tr></table></diff></diffreport>