<?xml version="1.0" encoding="UTF-8" standalone="yes"?><Document><name>javax/tools/Diagnostic.Kind.spec</name><Context><name>class:Diagnostic.Kind</name><mt>NONE</mt></Context><Context><name>field:ERROR</name><mt>NONE</mt></Context><Context><name>field:MANDATORY_WARNING</name><mt>NONE</mt></Context><Context><name>field:NOTE</name><mt>NONE</mt></Context><Context><name>field:OTHER</name><mt>NONE</mt></Context><Context><name>field:WARNING</name><mt>NONE</mt></Context><Context><name>method:valueOf(java.lang.String)</name><mt>NONE</mt></Context><Context><name>method:values()</name><mt>NONE</mt></Context><Stat><name>javax/tools/Diagnostic.Kind.spec</name><mt>NONE</mt><Group name="context"><Item name="ADDED" count="0"/><Item name="REMOVED" count="0"/><Item name="CHANGED" count="0"/><Item name="MODIFIED" count="0"/><Item name="TOTAL" count="8"/></Group><Group name="assertion"><Item name="ADDED" count="0"/><Item name="REMOVED" count="0"/><Item name="CHANGED" count="0"/><Item name="MODIFIED" count="0"/><Item name="TOTAL" count="0"/></Group></Stat></Document>