<?xml version="1.0" encoding="UTF-8" standalone="yes"?><Document><name>javax/tools/Diagnostic.spec</name><Context><name>class:Diagnostic</name><mt>NONE</mt></Context><Context><name>field:NOPOS</name><mt>NONE</mt></Context><Context><name>method:getCode()</name><mt>NONE</mt></Context><Context><name>method:getColumnNumber()</name><mt>NONE</mt></Context><Context><name>method:getEndPosition()</name><mt>NONE</mt></Context><Context><name>method:getKind()</name><mt>NONE</mt></Context><Context><name>method:getLineNumber()</name><mt>NONE</mt></Context><Context><name>method:getMessage(java.util.Locale)</name><mt>NONE</mt></Context><Context><name>method:getPosition()</name><mt>NONE</mt></Context><Context><name>method:getSource()</name><mt>NONE</mt></Context><Context><name>method:getStartPosition()</name><mt>NONE</mt></Context><Stat><name>javax/tools/Diagnostic.spec</name><mt>NONE</mt><Group name="context"><Item name="ADDED" count="0"/><Item name="REMOVED" count="0"/><Item name="CHANGED" count="0"/><Item name="MODIFIED" count="0"/><Item name="TOTAL" count="11"/></Group><Group name="assertion"><Item name="ADDED" count="0"/><Item name="REMOVED" count="0"/><Item name="CHANGED" count="0"/><Item name="MODIFIED" count="0"/><Item name="TOTAL" count="0"/></Group></Stat></Document>