<?xml version="1.0" encoding="UTF-8" standalone="yes"?><Document><name>javax/tools/DiagnosticCollector.spec</name><Context><name>class:DiagnosticCollector</name><mt>NONE</mt></Context><Context><name>constructor:DiagnosticCollector()</name><mt>NONE</mt></Context><Context><name>method:getDiagnostics()</name><mt>NONE</mt></Context><Context><name>method:report(javax.tools.Diagnostic)</name><mt>NONE</mt></Context><Stat><name>javax/tools/DiagnosticCollector.spec</name><mt>NONE</mt><Group name="context"><Item name="ADDED" count="0"/><Item name="REMOVED" count="0"/><Item name="CHANGED" count="0"/><Item name="MODIFIED" count="0"/><Item name="TOTAL" count="4"/></Group><Group name="assertion"><Item name="ADDED" count="0"/><Item name="REMOVED" count="0"/><Item name="CHANGED" count="0"/><Item name="MODIFIED" count="0"/><Item name="TOTAL" count="0"/></Group></Stat></Document>