<?xml version="1.0" encoding="UTF-8"?><diffreport><diff><div style="background-color: #EEEEEE"><div style="padding: 6px; margin-top: 2px; margin-bottom: 6px; margin-left: 6px; margin-right: 6px; text-align: justify; font-size: 80%; font-family: Helvetica, Arial, sans-serif; font-weight: normal;"> Please note that the specifications and other information contained herein are not final and are subject to change. The information is being made available to you solely for purpose of evaluation.                               </div></div><div class="header"><div class="subTitle">compact3</div><div class="subTitle">javax.tools</div><h2 title="Enum DocumentationTool.Location" class="title">Enum DocumentationTool.Location </h2></div><div class="contentContainer"><ul class="inheritance"><li> <a href="../../java/lang/Object.html" title="class in java.lang">java.lang.Object</a> </li><li><ul class="inheritance"><li> <a href="../../java/lang/Enum.html" title="class in java.lang">java.lang.Enum</a>&lt;<a href="../../javax/tools/DocumentationTool.Location.html" title="enum in javax.tools">DocumentationTool.Location</a>&gt; </li><li><ul class="inheritance"><li>javax.tools.DocumentationTool.Location</li></ul></li></ul></li></ul><div class="description"> <a start_ctx_id="class:DocumentationTool.Location"/><ul class="blockList"><li class="blockList"><dl> <dt>All Implemented Interfaces:  </dt><dd> <a href="../../java/io/Serializable.html" title="interface in java.io">Serializable</a>, <a href="../../java/lang/Comparable.html" title="interface in java.lang">Comparable</a>&lt;<a href="../../javax/tools/DocumentationTool.Location.html" title="enum in javax.tools">DocumentationTool.Location</a>&gt;, <a href="../../javax/tools/JavaFileManager.Location.html" title="interface in javax.tools">JavaFileManager.Location</a>   </dd> </dl><dl> <dt>Enclosing interface: </dt><dd> <a href="../../javax/tools/DocumentationTool.html" title="interface in javax.tools">DocumentationTool</a> </dd> </dl> <hr/> <br/><pre>public static enum <span class="strong">DocumentationTool.Location</span>
extends <a href="../../java/lang/Enum.html" title="class in java.lang">Enum</a>&lt;<a href="../../javax/tools/DocumentationTool.Location.html" title="enum in javax.tools">DocumentationTool.Location</a>&gt;
implements <a href="../../javax/tools/JavaFileManager.Location.html" title="interface in javax.tools">JavaFileManager.Location</a></pre><div class="block">Locations specific to <a href="../../javax/tools/DocumentationTool.html" title="interface in javax.tools"><code>DocumentationTool</code></a>.   </div><dl> <dt> <span class="strong">See Also: </span>   </dt><dd> <a href="../../javax/tools/StandardLocation.html" title="enum in javax.tools"><code>StandardLocation</code></a> </dd> </dl>  </li></ul> </div><div class="summary"> <a end_ctx_id="class:DocumentationTool.Location"/><ul class="blockList"><li class="blockList"><ul class="blockList"><li class="blockList"> <a name="enum_constant_summary"/><h3>Enum Constant Summary  </h3><table class="overviewSummary" border="0" cellpadding="3" cellspacing="0" summary="Enum Constant Summary table, listing enum constants, and an explanation"> <caption> <span>Enum Constants </span><span class="tabEnd"> </span>   </caption><tbody><tr><th class="colOne" scope="col">Enum Constant and Description   </th></tr><tr class="altColor"><td class="colOne"><code><span class="strong"><a href="../../javax/tools/DocumentationTool.Location.html#DOCLET_PATH">DOCLET_PATH</a></span></code><div class="block">Location to search for doclets.    </div></td></tr><tr class="rowColor"><td class="colOne"><code><span class="strong"><a href="../../javax/tools/DocumentationTool.Location.html#DOCUMENTATION_OUTPUT">DOCUMENTATION_OUTPUT</a></span></code><div class="block">Location of new documentation files.    </div></td></tr><tr class="altColor"><td class="colOne"><code><span class="strong"><a href="../../javax/tools/DocumentationTool.Location.html#TAGLET_PATH">TAGLET_PATH</a></span></code><div class="block">Location to search for taglets.    </div></td></tr></tbody> </table> </li></ul><ul class="blockList"><li class="blockList"> <a name="method_summary"/><h3>Method Summary </h3><table class="overviewSummary" border="0" cellpadding="3" cellspacing="0" summary="Method Summary table, listing methods, and an explanation"> <caption> <span id="t0" class="activeTableTab"><span>All Methods </span><span class="tabEnd"> </span></span><span id="t1" class="tableTab"><span><a>Static Methods </a></span><span class="tabEnd"> </span></span><span id="t2" class="tableTab"><span><a>Instance Methods </a></span><span class="tabEnd"> </span></span><span id="t4" class="tableTab"><span><a>Concrete Methods </a></span><span class="tabEnd"> </span></span>   </caption><tbody><tr><th class="colFirst" scope="col">Modifier and Type  </th><th class="colLast" scope="col">Method and Description  </th></tr><tr id="i0" class="altColor"><td class="colFirst"><code><a href="../../java/lang/String.html" title="class in java.lang">String</a></code></td><td class="colLast"><code><span class="strong"><a href="../../javax/tools/DocumentationTool.Location.html#getName()">getName</a></span>()</code><div class="block">Gets the name of this location.     </div></td></tr><tr id="i1" class="rowColor"><td class="colFirst"><code>boolean</code></td><td class="colLast"><code><span class="strong"><a href="../../javax/tools/DocumentationTool.Location.html#isOutputLocation()">isOutputLocation</a></span>()</code><div class="block">Determines if this is an output location.      </div></td></tr><tr id="i2" class="altColor"><td class="colFirst"><code>static <a href="../../javax/tools/DocumentationTool.Location.html" title="enum in javax.tools">DocumentationTool.Location</a> </code></td><td class="colLast"><code><span class="strong"><a href="../../javax/tools/DocumentationTool.Location.html#valueOf(java.lang.String)">valueOf</a></span>(<a href="../../java/lang/String.html" title="class in java.lang">String</a> name)</code><div class="block">Returns the enum constant of this type with the specified name.          </div></td></tr><tr id="i3" class="rowColor"><td class="colFirst"><code>static <a href="../../javax/tools/DocumentationTool.Location.html" title="enum in javax.tools">DocumentationTool.Location</a>[] </code></td><td class="colLast"><code><span class="strong"><a href="../../javax/tools/DocumentationTool.Location.html#values()">values</a></span>()</code><div class="block">Returns an array containing the constants of this enum type, in the order they are declared.               </div></td></tr></tbody> </table><ul class="blockList"><li class="blockList"> <a name="methods_inherited_from_class_java.lang.Enum"/><h3>Methods inherited from class java.lang.<a href="../../java/lang/Enum.html" title="class in java.lang">Enum</a>   </h3> <code><a href="../../java/lang/Enum.html#clone()">clone</a>, <a href="../../java/lang/Enum.html#compareTo(E)">compareTo</a>, <a href="../../java/lang/Enum.html#equals(java.lang.Object)">equals</a>, <a href="../../java/lang/Enum.html#finalize()">finalize</a>, <a href="../../java/lang/Enum.html#getDeclaringClass()">getDeclaringClass</a>, <a href="../../java/lang/Enum.html#hashCode()">hashCode</a>, <a href="../../java/lang/Enum.html#name()">name</a>, <a href="../../java/lang/Enum.html#ordinal()">ordinal</a>, <a href="../../java/lang/Enum.html#toString()">toString</a>, <a href="../../java/lang/Enum.html#valueOf(java.lang.Class,%20java.lang.String)">valueOf</a>         </code>  </li></ul><ul class="blockList"><li class="blockList"> <a name="methods_inherited_from_class_java.lang.Object"/><h3>Methods inherited from class java.lang.<a href="../../java/lang/Object.html" title="class in java.lang">Object</a>   </h3> <code><a href="../../java/lang/Object.html#getClass()">getClass</a>, <a href="../../java/lang/Object.html#notify()">notify</a>, <a href="../../java/lang/Object.html#notifyAll()">notifyAll</a>, <a href="../../java/lang/Object.html#wait()">wait</a>, <a href="../../java/lang/Object.html#wait(long)">wait</a>, <a href="../../java/lang/Object.html#wait(long,%20int)">wait</a>     </code>  </li></ul> </li></ul></li></ul> </div><div class="details"><ul class="blockList"><li class="blockList"><ul class="blockList"><li class="blockList"> <a name="enum_constant_detail"/><h3>Enum Constant Detail  </h3> <a start_ctx_id="field:DOCUMENTATION_OUTPUT"/><a name="DOCUMENTATION_OUTPUT"/><ul class="blockList"><li class="blockList"><h4>DOCUMENTATION_OUTPUT</h4><pre>public static final <a href="../../javax/tools/DocumentationTool.Location.html" title="enum in javax.tools">DocumentationTool.Location</a> DOCUMENTATION_OUTPUT</pre><div class="block">Location of new documentation files.    </div></li></ul> <a end_ctx_id="field:DOCUMENTATION_OUTPUT"/> <hr/> <a start_ctx_id="field:DOCLET_PATH"/><a name="DOCLET_PATH"/><ul class="blockList"><li class="blockList"><h4>DOCLET_PATH</h4><pre>public static final <a href="../../javax/tools/DocumentationTool.Location.html" title="enum in javax.tools">DocumentationTool.Location</a> DOCLET_PATH</pre><div class="block">Location to search for doclets.    </div></li></ul> <a end_ctx_id="field:DOCLET_PATH"/> <hr/> <a start_ctx_id="field:TAGLET_PATH"/><a name="TAGLET_PATH"/><ul class="blockListLast"><li class="blockList"><h4>TAGLET_PATH</h4><pre>public static final <a href="../../javax/tools/DocumentationTool.Location.html" title="enum in javax.tools">DocumentationTool.Location</a> TAGLET_PATH</pre><div class="block">Location to search for taglets.    </div></li></ul>        </li></ul> <a end_ctx_id="field:TAGLET_PATH"/> <hr/><ul class="blockList"><li class="blockList"> <a name="method_detail"/><h3>Method Detail </h3> <a start_ctx_id="method:values()"/><a name="values()"/><ul class="blockList"><li class="blockList"><h4>values</h4><pre>public static <a href="../../javax/tools/DocumentationTool.Location.html" title="enum in javax.tools">DocumentationTool.Location</a>[] values()</pre><div class="block">Returns an array containing the constants of this enum type, in the order they are declared. This method may be used to iterate over the constants as follows:<pre>
for (DocumentationTool.Location c : DocumentationTool.Location.values())
    System.out.println(c);
</pre>                           </div><dl> <dt> <span class="strong">Returns:</span>   </dt><dd>an array containing the constants of this enum type, in the order they are declared              </dd> </dl></li></ul> <a end_ctx_id="method:values()"/> <hr/> <a start_ctx_id="method:valueOf(java.lang.String)"/><a name="valueOf(java.lang.String)"/><ul class="blockList"><li class="blockList"><h4>valueOf</h4><pre>public static <a href="../../javax/tools/DocumentationTool.Location.html" title="enum in javax.tools">DocumentationTool.Location</a> valueOf(<a href="../../java/lang/String.html" title="class in java.lang">String</a> name)</pre><div class="block">Returns the enum constant of this type with the specified name. The string must match <i>exactly</i> an identifier used to declare an enum constant in this type. (Extraneous whitespace characters are not permitted.)                                </div><dl> <dt> <span class="strong">Parameters:</span>   </dt><dd> <code>name</code> - the name of the enum constant to be returned.           </dd> <dt> <span class="strong">Returns:</span>   </dt><dd>the enum constant with the specified name      </dd> <dt> <span class="strong">Throws:</span>   </dt><dd> <code><a href="../../java/lang/IllegalArgumentException.html" title="class in java.lang">IllegalArgumentException</a></code> - if this enum type has no constant with the specified name             </dd><dd> <code><a href="../../java/lang/NullPointerException.html" title="class in java.lang">NullPointerException</a></code> - if the argument is null       </dd>   </dl></li></ul> <a end_ctx_id="method:valueOf(java.lang.String)"/> <hr/> <a start_ctx_id="method:getName()"/><a name="getName()"/><ul class="blockList"><li class="blockList"><h4>getName</h4><pre>public <a href="../../java/lang/String.html" title="class in java.lang">String</a> getName()</pre><div class="block"> <span class="strong">Description copied from interface: <code><a href="../../javax/tools/JavaFileManager.Location.html#getName()">JavaFileManager.Location</a></code>   </span> </div><div class="block">Gets the name of this location.     </div><dl> <dt> <span class="strong">Specified by: </span>   </dt><dd> <code><a href="../../javax/tools/JavaFileManager.Location.html#getName()">getName</a></code> in interface <code><a href="../../javax/tools/JavaFileManager.Location.html" title="interface in javax.tools">JavaFileManager.Location</a></code>  </dd> <dt> <span class="strong">Returns:</span>   </dt><dd>a name </dd>  </dl></li></ul> <a end_ctx_id="method:getName()"/> <hr/> <a start_ctx_id="method:isOutputLocation()"/><a name="isOutputLocation()"/><ul class="blockListLast"><li class="blockList"><h4>isOutputLocation</h4><pre>public boolean isOutputLocation()</pre><div class="block"> <span class="strong">Description copied from interface: <code><a href="../../javax/tools/JavaFileManager.Location.html#isOutputLocation()">JavaFileManager.Location</a></code>   </span> </div><div class="block">Determines if this is an output location. An output location is a location that is conventionally used for output.                  </div><dl> <dt> <span class="strong">Specified by: </span>   </dt><dd> <code><a href="../../javax/tools/JavaFileManager.Location.html#isOutputLocation()">isOutputLocation</a></code> in interface <code><a href="../../javax/tools/JavaFileManager.Location.html" title="interface in javax.tools">JavaFileManager.Location</a></code>  </dd> <dt> <span class="strong">Returns:</span>   </dt><dd>true if this is an output location, false otherwise        </dd>  </dl></li></ul>           </li></ul>  </li></ul></div></div> <a end_ctx_id="method:isOutputLocation()"/> <hr/><p class="legalCopy"> <small><font size="-1"><a href="http://bugreport.sun.com/bugreport/">Submit a bug or feature    </a> <br/>For further API reference and developer documentation, see <a href="" target="_blank">Java SE Documentation  </a>. That documentation contains more detailed, developer-targeted descriptions, with conceptual overviews, definitions of terms, workarounds, and working code examples.<br/> Copyright © 1993, 2013, Oracle and/or its affiliates. All rights reserved.                                        </font> <br/> <strong>DRAFT ea-b110</strong>  </small> </p>  </diff></diffreport>