<?xml version="1.0" encoding="UTF-8"?><diffreport><diff><div style="background-color: #EEEEEE"><div style="padding: 6px; margin-top: 2px; margin-bottom: 6px; margin-left: 6px; margin-right: 6px; text-align: justify; font-size: 80%; font-family: Helvetica, Arial, sans-serif; font-weight: normal;"> Please note that the specifications and other information contained herein are not final and are subject to change. The information is being made available to you solely for purpose of evaluation.                               </div></div><div class="header"><div class="subTitle">compact3</div><div class="subTitle">javax.tools</div><h2 title="Interface DocumentationTool.DocumentationTask" class="title">Interface DocumentationTool.DocumentationTask </h2></div><div class="contentContainer"><div class="description"> <a start_ctx_id="class:DocumentationTool.DocumentationTask"/><ul class="blockList"><li class="blockList"><dl> <dt>All Superinterfaces: </dt><dd> <a href="../../java/util/concurrent/Callable.html" title="interface in java.util.concurrent">Callable</a>&lt;<a href="../../java/lang/Boolean.html" title="class in java.lang">Boolean</a>&gt; </dd> </dl><dl> <dt>Enclosing interface: </dt><dd> <a href="../../javax/tools/DocumentationTool.html" title="interface in javax.tools">DocumentationTool</a> </dd> </dl> <hr/> <br/><pre>public static interface <span class="strong">DocumentationTool.DocumentationTask</span>
extends <a href="../../java/util/concurrent/Callable.html" title="interface in java.util.concurrent">Callable</a>&lt;<a href="../../java/lang/Boolean.html" title="class in java.lang">Boolean</a>&gt;</pre><div class="block">Interface representing a future for a documentation task. The task has not yet started. To start the task, call the <a href="../../javax/tools/DocumentationTool.DocumentationTask.html#call()">call</a> method.<p>Before calling the call method, additional aspects of the task can be configured, for example, by calling the <a href="../../javax/tools/DocumentationTool.DocumentationTask.html#setLocale(java.util.Locale)">setLocale</a> method.                   </p>                     </div>  </li></ul> </div><div class="summary"> <a end_ctx_id="class:DocumentationTool.DocumentationTask"/><ul class="blockList"><li class="blockList"><ul class="blockList"><li class="blockList"> <a name="method_summary"/><h3>Method Summary </h3><table class="overviewSummary" border="0" cellpadding="3" cellspacing="0" summary="Method Summary table, listing methods, and an explanation"> <caption> <span id="t0" class="activeTableTab"><span>All Methods </span><span class="tabEnd"> </span></span><span id="t2" class="tableTab"><span><a>Instance Methods </a></span><span class="tabEnd"> </span></span><span id="t3" class="tableTab"><span><a>Abstract Methods </a></span><span class="tabEnd"> </span></span>   </caption><tbody><tr><th class="colFirst" scope="col">Modifier and Type  </th><th class="colLast" scope="col">Method and Description  </th></tr><tr id="i0" class="altColor"><td class="colFirst"><code><a href="../../java/lang/Boolean.html" title="class in java.lang">Boolean</a></code></td><td class="colLast"><code><span class="strong"><a href="../../javax/tools/DocumentationTool.DocumentationTask.html#call()">call</a></span>()</code><div class="block">Performs this documentation task.   </div></td></tr><tr id="i1" class="rowColor"><td class="colFirst"><code>void</code></td><td class="colLast"><code><span class="strong"><a href="../../javax/tools/DocumentationTool.DocumentationTask.html#setLocale(java.util.Locale)">setLocale</a></span>(<a href="../../java/util/Locale.html" title="class in java.util">Locale</a> locale)</code><div class="block">Set the locale to be applied when formatting diagnostics and other localized data.            </div></td></tr></tbody> </table> </li></ul></li></ul> </div><div class="details"><ul class="blockList"><li class="blockList"><ul class="blockList"><li class="blockList"> <a name="method_detail"/><h3>Method Detail </h3> <a start_ctx_id="method:setLocale(java.util.Locale)"/><a name="setLocale(java.util.Locale)"/><ul class="blockList"><li class="blockList"><h4>setLocale</h4><pre>void setLocale(<a href="../../java/util/Locale.html" title="class in java.util">Locale</a> locale)</pre><div class="block">Set the locale to be applied when formatting diagnostics and other localized data.            </div><dl> <dt> <span class="strong">Parameters:</span>   </dt><dd> <code>locale</code> - the locale to apply; <code>null</code> means apply no locale           </dd> <dt> <span class="strong">Throws:</span>   </dt><dd> <code><a href="../../java/lang/IllegalStateException.html" title="class in java.lang">IllegalStateException</a></code> - if the task has started       </dd>  </dl></li></ul> <a end_ctx_id="method:setLocale(java.util.Locale)"/> <hr/> <a start_ctx_id="method:call()"/><a name="call()"/><ul class="blockListLast"><li class="blockList"><h4>call</h4><pre><a href="../../java/lang/Boolean.html" title="class in java.lang">Boolean</a> call()</pre><div class="block">Performs this documentation task. The task may only be performed once. Subsequent calls to this method throw IllegalStateException.                 </div><dl> <dt> <span class="strong">Specified by: </span>   </dt><dd> <code><a href="../../java/util/concurrent/Callable.html#call()">call</a></code> in interface <code><a href="../../java/util/concurrent/Callable.html" title="interface in java.util.concurrent">Callable</a>&lt;<a href="../../java/lang/Boolean.html" title="class in java.lang">Boolean</a>&gt;</code>  </dd> <dt> <span class="strong">Returns:</span>   </dt><dd>true if and only all the files were processed without errors; false otherwise            </dd> <dt> <span class="strong">Throws:</span>   </dt><dd> <code><a href="../../java/lang/RuntimeException.html" title="class in java.lang">RuntimeException</a></code> - if an unrecoverable error occurred in a user-supplied component. The <a href="../../java/lang/Throwable.html#getCause()">cause</a> will be the error in user code.                    </dd><dd> <code><a href="../../java/lang/IllegalStateException.html" title="class in java.lang">IllegalStateException</a></code> - if called more than once       </dd>   </dl></li></ul>     </li></ul></li></ul></div></div> <a end_ctx_id="method:call()"/> <hr/><p class="legalCopy"> <small><font size="-1"><a href="http://bugreport.sun.com/bugreport/">Submit a bug or feature    </a> <br/>For further API reference and developer documentation, see <a href="" target="_blank">Java SE Documentation  </a>. That documentation contains more detailed, developer-targeted descriptions, with conceptual overviews, definitions of terms, workarounds, and working code examples.<br/> Copyright © 1993, 2013, Oracle and/or its affiliates. All rights reserved.                                        </font> <br/> <strong>DRAFT ea-b110</strong>  </small> </p>  </diff></diffreport>