<?xml version="1.0" encoding="UTF-8" standalone="yes"?><Document><name>javax/tools/DocumentationTool.Location.spec</name><Context><name>class:DocumentationTool.Location</name><mt>ADDED</mt></Context><Context><name>field:DOCLET_PATH</name><mt>ADDED</mt></Context><Context><name>field:DOCUMENTATION_OUTPUT</name><mt>ADDED</mt></Context><Context><name>field:TAGLET_PATH</name><mt>ADDED</mt></Context><Context><name>method:getName()</name><mt>ADDED</mt></Context><Context><name>method:isOutputLocation()</name><mt>ADDED</mt></Context><Context><name>method:valueOf(java.lang.String)</name><mt>ADDED</mt></Context><Context><name>method:values()</name><mt>ADDED</mt></Context><Stat><name>javax/tools/DocumentationTool.Location.spec</name><mt>ADDED</mt><Group name="context"><Item name="ADDED" count="8"/><Item name="REMOVED" count="0"/><Item name="CHANGED" count="0"/><Item name="MODIFIED" count="8"/><Item name="TOTAL" count="8"/></Group><Group name="assertion"><Item name="ADDED" count="0"/><Item name="REMOVED" count="0"/><Item name="CHANGED" count="0"/><Item name="MODIFIED" count="0"/><Item name="TOTAL" count="0"/></Group></Stat></Document>