<?xml version="1.0" encoding="UTF-8"?><diffreport><diff><div style="background-color: #EEEEEE"><div style="padding: 6px; margin-top: 2px; margin-bottom: 6px; margin-left: 6px; margin-right: 6px; text-align: justify; font-size: 80%; font-family: Helvetica, Arial, sans-serif; font-weight: normal;"> Please note that the specifications and other information contained herein are not final and are subject to change. The information is being made available to you solely for purpose of evaluation.                               </div></div><div class="header"><div class="subTitle">compact3</div><div class="subTitle">javax.tools</div><h2 title="Interface DocumentationTool" class="title">Interface DocumentationTool </h2></div><div class="contentContainer"><div class="description"> <a start_ctx_id="class:DocumentationTool"/><ul class="blockList"><li class="blockList"><dl> <dt>All Superinterfaces: </dt><dd> <a href="../../javax/tools/OptionChecker.html" title="interface in javax.tools">OptionChecker</a>, <a href="../../javax/tools/Tool.html" title="interface in javax.tools">Tool</a>  </dd> </dl> <hr/> <br/><pre>public interface <span class="strong">DocumentationTool</span>
extends <a href="../../javax/tools/Tool.html" title="interface in javax.tools">Tool</a>, <a href="../../javax/tools/OptionChecker.html" title="interface in javax.tools">OptionChecker</a></pre><div class="block">Interface to invoke Java™ programming language documentation tools from programs.         </div>  </li></ul> </div><div class="summary"> <a end_ctx_id="class:DocumentationTool"/><ul class="blockList"><li class="blockList"><ul class="blockList"><li class="blockList"> <a name="nested_class_summary"/><h3>Nested Class Summary  </h3><table class="overviewSummary" border="0" cellpadding="3" cellspacing="0" summary="Nested Class Summary table, listing nested classes, and an explanation"> <caption> <span>Nested Classes </span><span class="tabEnd"> </span>   </caption><tbody><tr><th class="colFirst" scope="col">Modifier and Type  </th><th class="colLast" scope="col">Interface and Description  </th></tr><tr class="altColor"><td class="colFirst"><code>static interface  </code></td><td class="colLast"><code><span class="strong"><a href="../../javax/tools/DocumentationTool.DocumentationTask.html" title="interface in javax.tools">DocumentationTool.DocumentationTask</a></span></code><div class="block">Interface representing a future for a documentation task.       </div></td></tr><tr class="rowColor"><td class="colFirst"><code>static class  </code></td><td class="colLast"><code><span class="strong"><a href="../../javax/tools/DocumentationTool.Location.html" title="enum in javax.tools">DocumentationTool.Location</a></span></code><div class="block">Locations specific to <a href="../../javax/tools/DocumentationTool.html" title="interface in javax.tools"><code>DocumentationTool</code></a>.   </div></td></tr></tbody> </table> </li></ul><ul class="blockList"><li class="blockList"> <a name="method_summary"/><h3>Method Summary </h3><table class="overviewSummary" border="0" cellpadding="3" cellspacing="0" summary="Method Summary table, listing methods, and an explanation"> <caption> <span id="t0" class="activeTableTab"><span>All Methods </span><span class="tabEnd"> </span></span><span id="t2" class="tableTab"><span><a>Instance Methods </a></span><span class="tabEnd"> </span></span><span id="t3" class="tableTab"><span><a>Abstract Methods </a></span><span class="tabEnd"> </span></span>   </caption><tbody><tr><th class="colFirst" scope="col">Modifier and Type  </th><th class="colLast" scope="col">Method and Description  </th></tr><tr id="i0" class="altColor"><td class="colFirst"><code><a href="../../javax/tools/StandardJavaFileManager.html" title="interface in javax.tools">StandardJavaFileManager</a></code></td><td class="colLast"><code><span class="strong"><a href="../../javax/tools/DocumentationTool.html#getStandardFileManager(javax.tools.DiagnosticListener,%20java.util.Locale,%20java.nio.charset.Charset)">getStandardFileManager</a></span>(<a href="../../javax/tools/DiagnosticListener.html" title="interface in javax.tools">DiagnosticListener</a>&lt;? super <a href="../../javax/tools/JavaFileObject.html" title="interface in javax.tools">JavaFileObject</a>&gt; diagnosticListener, <a href="../../java/util/Locale.html" title="class in java.util">Locale</a> locale, <a href="../../java/nio/charset/Charset.html" title="class in java.nio.charset">Charset</a> charset)    </code><div class="block">Gets a new instance of the standard file manager implementation for this tool.            </div></td></tr><tr id="i1" class="rowColor"><td class="colFirst"><code><a href="../../javax/tools/DocumentationTool.DocumentationTask.html" title="interface in javax.tools">DocumentationTool.DocumentationTask</a></code></td><td class="colLast"><code><span class="strong"><a href="../../javax/tools/DocumentationTool.html#getTask(java.io.Writer,%20javax.tools.JavaFileManager,%20javax.tools.DiagnosticListener,%20java.lang.Class,%20java.lang.Iterable,%20java.lang.Iterable)">getTask</a></span>(<a href="../../java/io/Writer.html" title="class in java.io">Writer</a> out, <a href="../../javax/tools/JavaFileManager.html" title="interface in javax.tools">JavaFileManager</a> fileManager, <a href="../../javax/tools/DiagnosticListener.html" title="interface in javax.tools">DiagnosticListener</a>&lt;? super <a href="../../javax/tools/JavaFileObject.html" title="interface in javax.tools">JavaFileObject</a>&gt; diagnosticListener, <a href="../../java/lang/Class.html" title="class in java.lang">Class</a>&lt;?&gt; docletClass, <a href="../../java/lang/Iterable.html" title="interface in java.lang">Iterable</a>&lt;<a href="../../java/lang/String.html" title="class in java.lang">String</a>&gt; options, <a href="../../java/lang/Iterable.html" title="interface in java.lang">Iterable</a>&lt;? extends <a href="../../javax/tools/JavaFileObject.html" title="interface in javax.tools">JavaFileObject</a>&gt; compilationUnits)         </code><div class="block">Creates a future for a documentation task with the given components and arguments.            </div></td></tr></tbody> </table><ul class="blockList"><li class="blockList"> <a name="methods_inherited_from_class_javax.tools.Tool"/><h3>Methods inherited from interface javax.tools.<a href="../../javax/tools/Tool.html" title="interface in javax.tools">Tool</a>   </h3> <code><a href="../../javax/tools/Tool.html#getSourceVersions()">getSourceVersions</a>, <a href="../../javax/tools/Tool.html#run(java.io.InputStream,%20java.io.OutputStream,%20java.io.OutputStream,%20java.lang.String...)">run</a> </code>  </li></ul><ul class="blockList"><li class="blockList"> <a name="methods_inherited_from_class_javax.tools.OptionChecker"/><h3>Methods inherited from interface javax.tools.<a href="../../javax/tools/OptionChecker.html" title="interface in javax.tools">OptionChecker</a>   </h3> <code><a href="../../javax/tools/OptionChecker.html#isSupportedOption(java.lang.String)">isSupportedOption</a></code>  </li></ul> </li></ul></li></ul> </div><div class="details"><ul class="blockList"><li class="blockList"><ul class="blockList"><li class="blockList"> <a name="method_detail"/><h3>Method Detail </h3> <a start_ctx_id="method:getTask(java.io.Writer, javax.tools.JavaFileManager, javax.tools.DiagnosticListener, java.lang.Class, java.lang.Iterable, java.lang.Iterable)"/><a name="getTask(java.io.Writer, javax.tools.JavaFileManager, javax.tools.DiagnosticListener, java.lang.Class, java.lang.Iterable, java.lang.Iterable)"/><ul class="blockList"><li class="blockList"><h4>getTask</h4><pre><a href="../../javax/tools/DocumentationTool.DocumentationTask.html" title="interface in javax.tools">DocumentationTool.DocumentationTask</a> getTask(<a href="../../java/io/Writer.html" title="class in java.io">Writer</a> out,
                                            <a href="../../javax/tools/JavaFileManager.html" title="interface in javax.tools">JavaFileManager</a> fileManager,
                                            <a href="../../javax/tools/DiagnosticListener.html" title="interface in javax.tools">DiagnosticListener</a>&lt;? super <a href="../../javax/tools/JavaFileObject.html" title="interface in javax.tools">JavaFileObject</a>&gt; diagnosticListener,
                                            <a href="../../java/lang/Class.html" title="class in java.lang">Class</a>&lt;?&gt; docletClass,
                                            <a href="../../java/lang/Iterable.html" title="interface in java.lang">Iterable</a>&lt;<a href="../../java/lang/String.html" title="class in java.lang">String</a>&gt; options,
                                            <a href="../../java/lang/Iterable.html" title="interface in java.lang">Iterable</a>&lt;? extends <a href="../../javax/tools/JavaFileObject.html" title="interface in javax.tools">JavaFileObject</a>&gt; compilationUnits)</pre><div class="block">Creates a future for a documentation task with the given components and arguments. The task might not have completed as described in the DocumentationTask interface.<p>If a file manager is provided, it must be able to handle all locations defined in <a href="../../javax/tools/DocumentationTool.Location.html" title="enum in javax.tools"><code>DocumentationTool.Location</code></a>, as well as <a href="../../javax/tools/StandardLocation.html#SOURCE_PATH"><code>StandardLocation.SOURCE_PATH</code></a>, <a href="../../javax/tools/StandardLocation.html#CLASS_PATH"><code>StandardLocation.CLASS_PATH</code></a>, and <a href="../../javax/tools/StandardLocation.html#PLATFORM_CLASS_PATH"><code>StandardLocation.PLATFORM_CLASS_PATH</code></a>.                       </p>                        </div><dl> <dt> <span class="strong">Parameters:</span>   </dt><dd> <code>out</code> - a Writer for additional output from the tool; use <code>System.err</code> if <code>null</code>              </dd><dd> <code>fileManager</code> - a file manager; if <code>null</code> use the tool's standard filemanager            </dd><dd> <code>diagnosticListener</code> - a diagnostic listener; if <code>null</code> use the tool's default method for reporting diagnostics               </dd><dd> <code>docletClass</code> - a class providing the necessary methods required of a doclet            </dd><dd> <code>options</code> - documentation tool options and doclet options, <code>null</code> means no options            </dd><dd> <code>compilationUnits</code> - the compilation units to compile, <code>null</code> means no compilation units            </dd> <dt> <span class="strong">Returns:</span>   </dt><dd>an object representing the compilation    </dd> <dt> <span class="strong">Throws:</span>   </dt><dd> <code><a href="../../java/lang/RuntimeException.html" title="class in java.lang">RuntimeException</a></code> - if an unrecoverable error occurred in a user supplied component. The <a href="../../java/lang/Throwable.html#getCause()">cause</a> will be the error in user code.                     </dd><dd> <code><a href="../../java/lang/IllegalArgumentException.html" title="class in java.lang">IllegalArgumentException</a></code> - if any of the given compilation units are of other kind than <a href="../../javax/tools/JavaFileObject.Kind.html#SOURCE">source</a>               </dd>   </dl></li></ul> <a end_ctx_id="method:getTask(java.io.Writer, javax.tools.JavaFileManager, javax.tools.DiagnosticListener, java.lang.Class, java.lang.Iterable, java.lang.Iterable)"/> <hr/> <a start_ctx_id="method:getStandardFileManager(javax.tools.DiagnosticListener, java.util.Locale, java.nio.charset.Charset)"/><a name="getStandardFileManager(javax.tools.DiagnosticListener, java.util.Locale, java.nio.charset.Charset)"/><ul class="blockListLast"><li class="blockList"><h4>getStandardFileManager</h4><pre><a href="../../javax/tools/StandardJavaFileManager.html" title="interface in javax.tools">StandardJavaFileManager</a> getStandardFileManager(<a href="../../javax/tools/DiagnosticListener.html" title="interface in javax.tools">DiagnosticListener</a>&lt;? super <a href="../../javax/tools/JavaFileObject.html" title="interface in javax.tools">JavaFileObject</a>&gt; diagnosticListener,
                                               <a href="../../java/util/Locale.html" title="class in java.util">Locale</a> locale,
                                               <a href="../../java/nio/charset/Charset.html" title="class in java.nio.charset">Charset</a> charset)</pre><div class="block">Gets a new instance of the standard file manager implementation for this tool. The file manager will use the given diagnostic listener for producing any non-fatal diagnostics. Fatal errors will be signaled with the appropriate exceptions.<p>The standard file manager will be automatically reopened if it is accessed after calls to <code>flush</code> or <code>close</code>. The standard file manager must be usable with other tools.                           </p>                                   </div><dl> <dt> <span class="strong">Parameters:</span>   </dt><dd> <code>diagnosticListener</code> - a diagnostic listener for non-fatal diagnostics; if <code>null</code> use the compiler's default method for reporting diagnostics                  </dd><dd> <code>locale</code> - the locale to apply when formatting diagnostics; <code>null</code> means the <a href="../../java/util/Locale.html#getDefault()">default locale </a>.             </dd><dd> <code>charset</code> - the character set used for decoding bytes; if <code>null</code> use the platform default               </dd> <dt> <span class="strong">Returns:</span>   </dt><dd>the standard file manager   </dd>  </dl></li></ul>     </li></ul></li></ul></div></div> <a end_ctx_id="method:getStandardFileManager(javax.tools.DiagnosticListener, java.util.Locale, java.nio.charset.Charset)"/> <hr/><p class="legalCopy"> <small><font size="-1"><a href="http://bugreport.sun.com/bugreport/">Submit a bug or feature    </a> <br/>For further API reference and developer documentation, see <a href="" target="_blank">Java SE Documentation  </a>. That documentation contains more detailed, developer-targeted descriptions, with conceptual overviews, definitions of terms, workarounds, and working code examples.<br/> Copyright © 1993, 2013, Oracle and/or its affiliates. All rights reserved.                                        </font> <br/> <strong>DRAFT ea-b110</strong>  </small> </p>  </diff></diffreport>