<?xml version="1.0" encoding="UTF-8" standalone="yes"?><Document><name>javax/tools/DocumentationTool.DocumentationTask.spec</name><Context><name>class:DocumentationTool.DocumentationTask</name><mt>ADDED</mt></Context><Context><name>method:call()</name><mt>ADDED</mt></Context><Context><name>method:setLocale(java.util.Locale)</name><mt>ADDED</mt></Context><Stat><name>javax/tools/DocumentationTool.DocumentationTask.spec</name><mt>ADDED</mt><Group name="context"><Item name="ADDED" count="3"/><Item name="REMOVED" count="0"/><Item name="CHANGED" count="0"/><Item name="MODIFIED" count="3"/><Item name="TOTAL" count="3"/></Group><Group name="assertion"><Item name="ADDED" count="0"/><Item name="REMOVED" count="0"/><Item name="CHANGED" count="0"/><Item name="MODIFIED" count="0"/><Item name="TOTAL" count="0"/></Group></Stat></Document>