<?xml version="1.0" encoding="UTF-8" standalone="yes"?><Document><name>javax/tools/FileObject.spec</name><Context><name>class:FileObject</name><mt>NONE</mt></Context><Context><name>method:delete()</name><mt>NONE</mt></Context><Context><name>method:getCharContent(boolean)</name><mt>NONE</mt></Context><Context><name>method:getLastModified()</name><mt>NONE</mt></Context><Context><name>method:getName()</name><mt>NONE</mt></Context><Context><name>method:openInputStream()</name><mt>NONE</mt></Context><Context><name>method:openOutputStream()</name><mt>NONE</mt></Context><Context><name>method:openReader(boolean)</name><mt>NONE</mt></Context><Context><name>method:openWriter()</name><mt>NONE</mt></Context><Context><name>method:toUri()</name><mt>NONE</mt></Context><Stat><name>javax/tools/FileObject.spec</name><mt>NONE</mt><Group name="context"><Item name="ADDED" count="0"/><Item name="REMOVED" count="0"/><Item name="CHANGED" count="0"/><Item name="MODIFIED" count="0"/><Item name="TOTAL" count="10"/></Group><Group name="assertion"><Item name="ADDED" count="0"/><Item name="REMOVED" count="0"/><Item name="CHANGED" count="0"/><Item name="MODIFIED" count="0"/><Item name="TOTAL" count="0"/></Group></Stat></Document>