<?xml version="1.0" encoding="UTF-8"?><diffreport><diff><table border="0" cellpadding="1" cellspacing="0" width="100%"><tr><td><h3 class="ctxid">class:ForwardingFileObject [NONE]</h3></td></tr><tr><td><table border="0" cellpadding="5" cellspacing="1" bgcolor="black" width="100%"><tr valign="top"><td bgcolor="#FFFFFF" colspan="1"><div class="description"> <a start_ctx_id="class:ForwardingFileObject"/><ul class="blockList"><li class="blockList"><dl> <dt> <span class="strong">Type Parameters: </span>   </dt><dd> <code>F</code> - the kind of file object forwarded to by this object            </dd> </dl><dl> <dt>All Implemented Interfaces:  </dt><dd> <a href="../../javax/tools/FileObject.html" title="interface in javax.tools">FileObject</a> </dd> </dl><dl> <dt>Direct Known Subclasses:  </dt><dd> <a href="../../javax/tools/ForwardingJavaFileObject.html" title="class in javax.tools">ForwardingJavaFileObject</a> </dd> </dl> <hr/> <br/><pre>public class <span class="strong">ForwardingFileObject&lt;F extends <a href="../../javax/tools/FileObject.html" title="interface in javax.tools">FileObject</a>&gt;</span>
extends <a href="../../java/lang/Object.html" title="class in java.lang">Object</a>
implements <a href="../../javax/tools/FileObject.html" title="interface in javax.tools">FileObject</a></pre><div class="block">Forwards calls to a given file object. Subclasses of this class might override some of these methods and might also provide additional fields and methods.                        </div><dl> <dt> <span class="strong">Since:</span>   </dt><dd>1.6</dd> </dl>  </li></ul> </div> <a end_ctx_id="class:ForwardingFileObject"/> </td></tr></table></td></tr></table><table border="0" cellpadding="1" cellspacing="0" width="100%"><tr><td><h3 class="ctxid">field:fileObject [NONE]</h3></td></tr><tr><td><table border="0" cellpadding="5" cellspacing="1" bgcolor="black" width="100%"><tr valign="top"><td bgcolor="#FFFFFF" colspan="1"> <a start_ctx_id="field:fileObject"/><a name="fileObject"/><ul class="blockListLast"><li class="blockList"><h4>fileObject</h4><pre>protected final <a href="../../javax/tools/ForwardingFileObject.html" title="type parameter in ForwardingFileObject">F</a> extends <a href="../../javax/tools/FileObject.html" title="interface in javax.tools">FileObject</a> fileObject</pre><div class="block">The file object which all methods are delegated to.        </div></li></ul> <a end_ctx_id="field:fileObject"/>  </td></tr></table></td></tr></table><table border="0" cellpadding="1" cellspacing="0" width="100%"><tr><td><h3 class="ctxid">method:toUri() [NONE]</h3></td></tr><tr><td><table border="0" cellpadding="5" cellspacing="1" bgcolor="black" width="100%"><tr valign="top"><td bgcolor="#FFFFFF" colspan="1"> <a start_ctx_id="method:toUri()"/><a name="toUri()"/><ul class="blockList"><li class="blockList"><h4>toUri</h4><pre>public <a href="../../java/net/URI.html" title="class in java.net">URI</a> toUri()</pre><div class="block"> <span class="strong">Description copied from interface: <code><a href="../../javax/tools/FileObject.html#toUri()">FileObject</a></code>   </span> </div><div class="block">Returns a URI identifying this file object.      </div><dl> <dt> <span class="strong">Specified by: </span>   </dt><dd> <code><a href="../../javax/tools/FileObject.html#toUri()">toUri</a></code> in interface <code><a href="../../javax/tools/FileObject.html" title="interface in javax.tools">FileObject</a></code>  </dd> <dt> <span class="strong">Returns:</span>   </dt><dd>a URI </dd>  </dl></li></ul> <a end_ctx_id="method:toUri()"/>  </td></tr></table></td></tr></table><table border="0" cellpadding="1" cellspacing="0" width="100%"><tr><td><h3 class="ctxid">method:getName() [NONE]</h3></td></tr><tr><td><table border="0" cellpadding="5" cellspacing="1" bgcolor="black" width="100%"><tr valign="top"><td bgcolor="#FFFFFF" colspan="1"> <a start_ctx_id="method:getName()"/><a name="getName()"/><ul class="blockList"><li class="blockList"><h4>getName</h4><pre>public <a href="../../java/lang/String.html" title="class in java.lang">String</a> getName()</pre><div class="block"> <span class="strong">Description copied from interface: <code><a href="../../javax/tools/FileObject.html#getName()">FileObject</a></code>   </span> </div><div class="block">Gets a user-friendly name for this file object. The exact value returned is not specified but implementations should take care to preserve names as given by the user. For example, if the user writes the filename <code>"BobsApp\Test.java"</code> on the command line, this method should return <code>"BobsApp\Test.java"</code> whereas the <a href="../../javax/tools/FileObject.html#toUri()">toUri</a> method might return <code>file:///C:/Documents%20and%20Settings/UncleBob/BobsApp/Test.java</code>.                                                    </div><dl> <dt> <span class="strong">Specified by: </span>   </dt><dd> <code><a href="../../javax/tools/FileObject.html#getName()">getName</a></code> in interface <code><a href="../../javax/tools/FileObject.html" title="interface in javax.tools">FileObject</a></code>  </dd> <dt> <span class="strong">Returns:</span>   </dt><dd>a user-friendly name  </dd>  </dl></li></ul> <a end_ctx_id="method:getName()"/>  </td></tr></table></td></tr></table><table border="0" cellpadding="1" cellspacing="0" width="100%"><tr><td><h3 class="ctxid">method:openInputStream() [NONE]</h3></td></tr><tr><td><table border="0" cellpadding="5" cellspacing="1" bgcolor="black" width="100%"><tr valign="top"><td bgcolor="#FFFFFF" colspan="1"> <a start_ctx_id="method:openInputStream()"/><a name="openInputStream()"/><ul class="blockList"><li class="blockList"><h4>openInputStream</h4><pre>public <a href="../../java/io/InputStream.html" title="class in java.io">InputStream</a> openInputStream()
                            throws <a href="../../java/io/IOException.html" title="class in java.io">IOException</a></pre><div class="block"> <span class="strong">Description copied from interface: <code><a href="../../javax/tools/FileObject.html#openInputStream()">FileObject</a></code>   </span> </div><div class="block">Gets an InputStream for this file object.      </div><dl> <dt> <span class="strong">Specified by: </span>   </dt><dd> <code><a href="../../javax/tools/FileObject.html#openInputStream()">openInputStream</a></code> in interface <code><a href="../../javax/tools/FileObject.html" title="interface in javax.tools">FileObject</a></code>  </dd> <dt> <span class="strong">Returns:</span>   </dt><dd>an InputStream </dd> <dt> <span class="strong">Throws:</span>   </dt><dd> <code><a href="../../java/lang/IllegalStateException.html" title="class in java.lang">IllegalStateException</a></code> - if this file object was opened for writing and does not support reading               </dd><dd> <code><a href="../../java/lang/UnsupportedOperationException.html" title="class in java.lang">UnsupportedOperationException</a></code> - if this kind of file object does not support byte access             </dd><dd> <code><a href="../../java/io/IOException.html" title="class in java.io">IOException</a></code> - if an I/O error occurred       </dd>   </dl></li></ul> <a end_ctx_id="method:openInputStream()"/>  </td></tr></table></td></tr></table><table border="0" cellpadding="1" cellspacing="0" width="100%"><tr><td><h3 class="ctxid">method:openOutputStream() [NONE]</h3></td></tr><tr><td><table border="0" cellpadding="5" cellspacing="1" bgcolor="black" width="100%"><tr valign="top"><td bgcolor="#FFFFFF" colspan="1"> <a start_ctx_id="method:openOutputStream()"/><a name="openOutputStream()"/><ul class="blockList"><li class="blockList"><h4>openOutputStream</h4><pre>public <a href="../../java/io/OutputStream.html" title="class in java.io">OutputStream</a> openOutputStream()
                              throws <a href="../../java/io/IOException.html" title="class in java.io">IOException</a></pre><div class="block"> <span class="strong">Description copied from interface: <code><a href="../../javax/tools/FileObject.html#openOutputStream()">FileObject</a></code>   </span> </div><div class="block">Gets an OutputStream for this file object.      </div><dl> <dt> <span class="strong">Specified by: </span>   </dt><dd> <code><a href="../../javax/tools/FileObject.html#openOutputStream()">openOutputStream</a></code> in interface <code><a href="../../javax/tools/FileObject.html" title="interface in javax.tools">FileObject</a></code>  </dd> <dt> <span class="strong">Returns:</span>   </dt><dd>an OutputStream </dd> <dt> <span class="strong">Throws:</span>   </dt><dd> <code><a href="../../java/lang/IllegalStateException.html" title="class in java.lang">IllegalStateException</a></code> - if this file object was opened for reading and does not support writing               </dd><dd> <code><a href="../../java/lang/UnsupportedOperationException.html" title="class in java.lang">UnsupportedOperationException</a></code> - if this kind of file object does not support byte access             </dd><dd> <code><a href="../../java/io/IOException.html" title="class in java.io">IOException</a></code> - if an I/O error occurred       </dd>   </dl></li></ul> <a end_ctx_id="method:openOutputStream()"/>  </td></tr></table></td></tr></table><table border="0" cellpadding="1" cellspacing="0" width="100%"><tr><td><h3 class="ctxid">method:openReader(boolean) [NONE]</h3></td></tr><tr><td><table border="0" cellpadding="5" cellspacing="1" bgcolor="black" width="100%"><tr valign="top"><td bgcolor="#FFFFFF" colspan="1"> <a start_ctx_id="method:openReader(boolean)"/><a name="openReader(boolean)"/><ul class="blockList"><li class="blockList"><h4>openReader</h4><pre>public <a href="../../java/io/Reader.html" title="class in java.io">Reader</a> openReader(boolean ignoreEncodingErrors)
                  throws <a href="../../java/io/IOException.html" title="class in java.io">IOException</a></pre><div class="block"> <span class="strong">Description copied from interface: <code><a href="../../javax/tools/FileObject.html#openReader(boolean)">FileObject</a></code>   </span> </div><div class="block">Gets a reader for this object. The returned reader will replace bytes that cannot be decoded with the default translation character. In addition, the reader may report a diagnostic unless <code>ignoreEncodingErrors</code> is true.                                </div><dl> <dt> <span class="strong">Specified by: </span>   </dt><dd> <code><a href="../../javax/tools/FileObject.html#openReader(boolean)">openReader</a></code> in interface <code><a href="../../javax/tools/FileObject.html" title="interface in javax.tools">FileObject</a></code>  </dd> <dt> <span class="strong">Parameters:</span>   </dt><dd> <code>ignoreEncodingErrors</code> - ignore encoding errors if true       </dd> <dt> <span class="strong">Returns:</span>   </dt><dd>a Reader </dd> <dt> <span class="strong">Throws:</span>   </dt><dd> <code><a href="../../java/lang/IllegalStateException.html" title="class in java.lang">IllegalStateException</a></code> - if this file object was opened for writing and does not support reading               </dd><dd> <code><a href="../../java/lang/UnsupportedOperationException.html" title="class in java.lang">UnsupportedOperationException</a></code> - if this kind of file object does not support character access             </dd><dd> <code><a href="../../java/io/IOException.html" title="class in java.io">IOException</a></code> - if an I/O error occurred       </dd>    </dl></li></ul> <a end_ctx_id="method:openReader(boolean)"/>  </td></tr></table></td></tr></table><table border="0" cellpadding="1" cellspacing="0" width="100%"><tr><td><h3 class="ctxid">method:getCharContent(boolean) [NONE]</h3></td></tr><tr><td><table border="0" cellpadding="5" cellspacing="1" bgcolor="black" width="100%"><tr valign="top"><td bgcolor="#FFFFFF" colspan="1"> <a start_ctx_id="method:getCharContent(boolean)"/><a name="getCharContent(boolean)"/><ul class="blockList"><li class="blockList"><h4>getCharContent</h4><pre>public <a href="../../java/lang/CharSequence.html" title="interface in java.lang">CharSequence</a> getCharContent(boolean ignoreEncodingErrors)
                            throws <a href="../../java/io/IOException.html" title="class in java.io">IOException</a></pre><div class="block"> <span class="strong">Description copied from interface: <code><a href="../../javax/tools/FileObject.html#getCharContent(boolean)">FileObject</a></code>   </span> </div><div class="block">Gets the character content of this file object, if available. Any byte that cannot be decoded will be replaced by the default translation character. In addition, a diagnostic may be reported unless <code>ignoreEncodingErrors</code> is true.                                  </div><dl> <dt> <span class="strong">Specified by: </span>   </dt><dd> <code><a href="../../javax/tools/FileObject.html#getCharContent(boolean)">getCharContent</a></code> in interface <code><a href="../../javax/tools/FileObject.html" title="interface in javax.tools">FileObject</a></code>  </dd> <dt> <span class="strong">Parameters:</span>   </dt><dd> <code>ignoreEncodingErrors</code> - ignore encoding errors if true       </dd> <dt> <span class="strong">Returns:</span>   </dt><dd>a CharSequence if available; <code>null</code> otherwise     </dd> <dt> <span class="strong">Throws:</span>   </dt><dd> <code><a href="../../java/lang/IllegalStateException.html" title="class in java.lang">IllegalStateException</a></code> - if this file object was opened for writing and does not support reading               </dd><dd> <code><a href="../../java/lang/UnsupportedOperationException.html" title="class in java.lang">UnsupportedOperationException</a></code> - if this kind of file object does not support character access             </dd><dd> <code><a href="../../java/io/IOException.html" title="class in java.io">IOException</a></code> - if an I/O error occurred       </dd>    </dl></li></ul> <a end_ctx_id="method:getCharContent(boolean)"/>  </td></tr></table></td></tr></table><table border="0" cellpadding="1" cellspacing="0" width="100%"><tr><td><h3 class="ctxid">method:openWriter() [NONE]</h3></td></tr><tr><td><table border="0" cellpadding="5" cellspacing="1" bgcolor="black" width="100%"><tr valign="top"><td bgcolor="#FFFFFF" colspan="1"> <a start_ctx_id="method:openWriter()"/><a name="openWriter()"/><ul class="blockList"><li class="blockList"><h4>openWriter</h4><pre>public <a href="../../java/io/Writer.html" title="class in java.io">Writer</a> openWriter()
                  throws <a href="../../java/io/IOException.html" title="class in java.io">IOException</a></pre><div class="block"> <span class="strong">Description copied from interface: <code><a href="../../javax/tools/FileObject.html#openWriter()">FileObject</a></code>   </span> </div><div class="block">Gets a Writer for this file object.      </div><dl> <dt> <span class="strong">Specified by: </span>   </dt><dd> <code><a href="../../javax/tools/FileObject.html#openWriter()">openWriter</a></code> in interface <code><a href="../../javax/tools/FileObject.html" title="interface in javax.tools">FileObject</a></code>  </dd> <dt> <span class="strong">Returns:</span>   </dt><dd>a Writer </dd> <dt> <span class="strong">Throws:</span>   </dt><dd> <code><a href="../../java/lang/IllegalStateException.html" title="class in java.lang">IllegalStateException</a></code> - if this file object was opened for reading and does not support writing               </dd><dd> <code><a href="../../java/lang/UnsupportedOperationException.html" title="class in java.lang">UnsupportedOperationException</a></code> - if this kind of file object does not support character access             </dd><dd> <code><a href="../../java/io/IOException.html" title="class in java.io">IOException</a></code> - if an I/O error occurred       </dd>   </dl></li></ul> <a end_ctx_id="method:openWriter()"/>  </td></tr></table></td></tr></table><table border="0" cellpadding="1" cellspacing="0" width="100%"><tr><td><h3 class="ctxid">method:getLastModified() [NONE]</h3></td></tr><tr><td><table border="0" cellpadding="5" cellspacing="1" bgcolor="black" width="100%"><tr valign="top"><td bgcolor="#FFFFFF" colspan="1"> <a start_ctx_id="method:getLastModified()"/><a name="getLastModified()"/><ul class="blockList"><li class="blockList"><h4>getLastModified</h4><pre>public long getLastModified()</pre><div class="block"> <span class="strong">Description copied from interface: <code><a href="../../javax/tools/FileObject.html#getLastModified()">FileObject</a></code>   </span> </div><div class="block">Gets the time this file object was last modified. The time is measured in milliseconds since the epoch (00:00:00 GMT, January 1, 1970).                      </div><dl> <dt> <span class="strong">Specified by: </span>   </dt><dd> <code><a href="../../javax/tools/FileObject.html#getLastModified()">getLastModified</a></code> in interface <code><a href="../../javax/tools/FileObject.html" title="interface in javax.tools">FileObject</a></code>  </dd> <dt> <span class="strong">Returns:</span>   </dt><dd>the time this file object was last modified; or 0 if the file object does not exist, if an I/O error occurred, or if the operation is not supported                            </dd>  </dl></li></ul> <a end_ctx_id="method:getLastModified()"/>  </td></tr></table></td></tr></table><table border="0" cellpadding="1" cellspacing="0" width="100%"><tr><td><h3 class="ctxid">method:delete() [NONE]</h3></td></tr><tr><td><table border="0" cellpadding="5" cellspacing="1" bgcolor="black" width="100%"><tr valign="top"><td bgcolor="#FFFFFF" colspan="1"> <a start_ctx_id="method:delete()"/><a name="delete()"/><ul class="blockListLast"><li class="blockList"><h4>delete</h4><pre>public boolean delete()</pre><div class="block"> <span class="strong">Description copied from interface: <code><a href="../../javax/tools/FileObject.html#delete()">FileObject</a></code>   </span> </div><div class="block">Deletes this file object. In case of errors, returns false.         </div><dl> <dt> <span class="strong">Specified by: </span>   </dt><dd> <code><a href="../../javax/tools/FileObject.html#delete()">delete</a></code> in interface <code><a href="../../javax/tools/FileObject.html" title="interface in javax.tools">FileObject</a></code>  </dd> <dt> <span class="strong">Returns:</span>   </dt><dd>true if and only if this file object is successfully deleted; false otherwise            </dd>  </dl></li></ul> <a end_ctx_id="method:delete()"/>  </td></tr></table></td></tr></table></diff></diffreport>