<?xml version="1.0" encoding="UTF-8"?><diffreport><diff><table border="0" cellpadding="1" cellspacing="0" width="100%"><tr><td><h3 class="ctxid">class:ForwardingJavaFileManager [NONE]</h3></td></tr><tr><td><table border="0" cellpadding="5" cellspacing="1" bgcolor="black" width="100%"><tr valign="top"><td bgcolor="#FFFFFF" colspan="1"><div class="description"> <a start_ctx_id="class:ForwardingJavaFileManager"/><ul class="blockList"><li class="blockList"><dl> <dt> <span class="strong">Type Parameters: </span>   </dt><dd> <code>M</code> - the kind of file manager forwarded to by this object            </dd> </dl><dl> <dt>All Implemented Interfaces:  </dt><dd> <a href="../../java/io/Closeable.html" title="interface in java.io">Closeable</a>, <a href="../../java/io/Flushable.html" title="interface in java.io">Flushable</a>, <a href="../../java/lang/AutoCloseable.html" title="interface in java.lang">AutoCloseable</a>, <a href="../../javax/tools/JavaFileManager.html" title="interface in javax.tools">JavaFileManager</a>, <a href="../../javax/tools/OptionChecker.html" title="interface in javax.tools">OptionChecker</a>     </dd> </dl> <hr/> <br/><pre>public class <span class="strong">ForwardingJavaFileManager&lt;M extends <a href="../../javax/tools/JavaFileManager.html" title="interface in javax.tools">JavaFileManager</a>&gt;</span>
extends <a href="../../java/lang/Object.html" title="class in java.lang">Object</a>
implements <a href="../../javax/tools/JavaFileManager.html" title="interface in javax.tools">JavaFileManager</a></pre><div class="block">Forwards calls to a given file manager. Subclasses of this class might override some of these methods and might also provide additional fields and methods.                        </div><dl> <dt> <span class="strong">Since:</span>   </dt><dd>1.6</dd> </dl>  </li></ul> </div> <a end_ctx_id="class:ForwardingJavaFileManager"/> </td></tr></table></td></tr></table><table border="0" cellpadding="1" cellspacing="0" width="100%"><tr><td><h3 class="ctxid">field:fileManager [NONE]</h3></td></tr><tr><td><table border="0" cellpadding="5" cellspacing="1" bgcolor="black" width="100%"><tr valign="top"><td bgcolor="#FFFFFF" colspan="1"> <a start_ctx_id="field:fileManager"/><a name="fileManager"/><ul class="blockListLast"><li class="blockList"><h4>fileManager</h4><pre>protected final <a href="../../javax/tools/ForwardingJavaFileManager.html" title="type parameter in ForwardingJavaFileManager">M</a> extends <a href="../../javax/tools/JavaFileManager.html" title="interface in javax.tools">JavaFileManager</a> fileManager</pre><div class="block">The file manager which all methods are delegated to.        </div></li></ul> <a end_ctx_id="field:fileManager"/>  </td></tr></table></td></tr></table><table border="0" cellpadding="1" cellspacing="0" width="100%"><tr><td><h3 class="ctxid">method:getClassLoader(javax.tools.JavaFileManager.Location) [NONE]</h3></td></tr><tr><td><table border="0" cellpadding="5" cellspacing="1" bgcolor="black" width="100%"><tr valign="top"><td bgcolor="#FFFFFF" colspan="1"> <a start_ctx_id="method:getClassLoader(javax.tools.JavaFileManager.Location)"/><a name="getClassLoader(javax.tools.JavaFileManager.Location)"/><ul class="blockList"><li class="blockList"><h4>getClassLoader</h4><pre>public <a href="../../java/lang/ClassLoader.html" title="class in java.lang">ClassLoader</a> getClassLoader(<a href="../../javax/tools/JavaFileManager.Location.html" title="interface in javax.tools">JavaFileManager.Location</a> location)</pre><div class="block"> <span class="strong">Description copied from interface: <code><a href="../../javax/tools/JavaFileManager.html#getClassLoader(javax.tools.JavaFileManager.Location)">JavaFileManager</a></code>   </span> </div><div class="block">Gets a class loader for loading plug-ins from the given location. For example, to load annotation processors, a compiler will request a class loader for the <a href="../../javax/tools/StandardLocation.html#ANNOTATION_PROCESSOR_PATH"><code>ANNOTATION_PROCESSOR_PATH</code></a> location.                           </div><dl> <dt> <span class="strong">Specified by: </span>   </dt><dd> <code><a href="../../javax/tools/JavaFileManager.html#getClassLoader(javax.tools.JavaFileManager.Location)">getClassLoader</a></code> in interface <code><a href="../../javax/tools/JavaFileManager.html" title="interface in javax.tools">JavaFileManager</a></code>  </dd> <dt> <span class="strong">Parameters:</span>   </dt><dd> <code>location</code> - a location    </dd> <dt> <span class="strong">Returns:</span>   </dt><dd>a class loader for the given location; or <code>null</code> if loading plug-ins from the given location is disabled or if the location is not known                        </dd> <dt> <span class="strong">Throws:</span>   </dt><dd> <code><a href="../../java/lang/SecurityException.html" title="class in java.lang">SecurityException</a></code> - if a class loader can not be created in the current security context               </dd><dd> <code><a href="../../java/lang/IllegalStateException.html" title="class in java.lang">IllegalStateException</a></code> - if <a href="../../javax/tools/JavaFileManager.html#close()"><code>JavaFileManager.close()</code></a> has been called and this file manager cannot be reopened              </dd>    </dl></li></ul> <a end_ctx_id="method:getClassLoader(javax.tools.JavaFileManager.Location)"/>  </td></tr></table></td></tr></table><table border="0" cellpadding="1" cellspacing="0" width="100%"><tr><td><h3 class="ctxid">method:list(javax.tools.JavaFileManager.Location, java.lang.String, java.util.Set, boolean) [NONE]</h3></td></tr><tr><td><table border="0" cellpadding="5" cellspacing="1" bgcolor="black" width="100%"><tr valign="top"><td bgcolor="#FFFFFF" colspan="1"> <a start_ctx_id="method:list(javax.tools.JavaFileManager.Location, java.lang.String, java.util.Set, boolean)"/><a name="list(javax.tools.JavaFileManager.Location, java.lang.String, java.util.Set, boolean)"/><ul class="blockList"><li class="blockList"><h4>list</h4><pre>public <a href="../../java/lang/Iterable.html" title="interface in java.lang">Iterable</a>&lt;<a href="../../javax/tools/JavaFileObject.html" title="interface in javax.tools">JavaFileObject</a>&gt; list(<a href="../../javax/tools/JavaFileManager.Location.html" title="interface in javax.tools">JavaFileManager.Location</a> location,
                                     <a href="../../java/lang/String.html" title="class in java.lang">String</a> packageName,
                                     <a href="../../java/util/Set.html" title="interface in java.util">Set</a>&lt;<a href="../../javax/tools/JavaFileObject.Kind.html" title="enum in javax.tools">JavaFileObject.Kind</a>&gt; kinds,
                                     boolean recurse)
                              throws <a href="../../java/io/IOException.html" title="class in java.io">IOException</a></pre><div class="block"> <span class="strong">Description copied from interface: <code><a href="../../javax/tools/JavaFileManager.html#list(javax.tools.JavaFileManager.Location,%20java.lang.String,%20java.util.Set,%20boolean)">JavaFileManager</a></code>   </span> </div><div class="block">Lists all file objects matching the given criteria in the given location. List file objects in "subpackages" if recurse is true.<p>Note: even if the given location is unknown to this file manager, it may not return <code>null</code>. Also, an unknown location may not cause an exception.                         </p>                    </div><dl> <dt> <span class="strong">Specified by: </span>   </dt><dd> <code><a href="../../javax/tools/JavaFileManager.html#list(javax.tools.JavaFileManager.Location,%20java.lang.String,%20java.util.Set,%20boolean)">list</a></code> in interface <code><a href="../../javax/tools/JavaFileManager.html" title="interface in javax.tools">JavaFileManager</a></code>  </dd> <dt> <span class="strong">Parameters:</span>   </dt><dd> <code>location</code> - a location    </dd><dd> <code>packageName</code> - a package name     </dd><dd> <code>kinds</code> - return objects only of these kinds        </dd><dd> <code>recurse</code> - if true include "subpackages"      </dd> <dt> <span class="strong">Returns:</span>   </dt><dd>an Iterable of file objects matching the given criteria        </dd> <dt> <span class="strong">Throws:</span>   </dt><dd> <code><a href="../../java/io/IOException.html" title="class in java.io">IOException</a></code> - if an I/O error occurred, or if <a href="../../javax/tools/JavaFileManager.html#close()"><code>JavaFileManager.close()</code></a> has been called and this file manager cannot be reopened                    </dd><dd> <code><a href="../../java/lang/IllegalStateException.html" title="class in java.lang">IllegalStateException</a></code> - if <a href="../../javax/tools/JavaFileManager.html#close()"><code>JavaFileManager.close()</code></a> has been called and this file manager cannot be reopened              </dd>    </dl></li></ul> <a end_ctx_id="method:list(javax.tools.JavaFileManager.Location, java.lang.String, java.util.Set, boolean)"/>  </td></tr></table></td></tr></table><table border="0" cellpadding="1" cellspacing="0" width="100%"><tr><td><h3 class="ctxid">method:inferBinaryName(javax.tools.JavaFileManager.Location, javax.tools.JavaFileObject) [NONE]</h3></td></tr><tr><td><table border="0" cellpadding="5" cellspacing="1" bgcolor="black" width="100%"><tr valign="top"><td bgcolor="#FFFFFF" colspan="1"> <a start_ctx_id="method:inferBinaryName(javax.tools.JavaFileManager.Location, javax.tools.JavaFileObject)"/><a name="inferBinaryName(javax.tools.JavaFileManager.Location, javax.tools.JavaFileObject)"/><ul class="blockList"><li class="blockList"><h4>inferBinaryName</h4><pre>public <a href="../../java/lang/String.html" title="class in java.lang">String</a> inferBinaryName(<a href="../../javax/tools/JavaFileManager.Location.html" title="interface in javax.tools">JavaFileManager.Location</a> location,
                              <a href="../../javax/tools/JavaFileObject.html" title="interface in javax.tools">JavaFileObject</a> file)</pre><div class="block"> <span class="strong">Description copied from interface: <code><a href="../../javax/tools/JavaFileManager.html#inferBinaryName(javax.tools.JavaFileManager.Location,%20javax.tools.JavaFileObject)">JavaFileManager</a></code>   </span> </div><div class="block">Infers a binary name of a file object based on a location. The binary name returned might not be a valid binary name according to <cite>The Java™ Language Specification   </cite>.                         </div><dl> <dt> <span class="strong">Specified by: </span>   </dt><dd> <code><a href="../../javax/tools/JavaFileManager.html#inferBinaryName(javax.tools.JavaFileManager.Location,%20javax.tools.JavaFileObject)">inferBinaryName</a></code> in interface <code><a href="../../javax/tools/JavaFileManager.html" title="interface in javax.tools">JavaFileManager</a></code>  </dd> <dt> <span class="strong">Parameters:</span>   </dt><dd> <code>location</code> - a location    </dd><dd> <code>file</code> - a file object     </dd> <dt> <span class="strong">Returns:</span>   </dt><dd>a binary name or <code>null</code> the file object is not found in the given location              </dd> <dt> <span class="strong">Throws:</span>   </dt><dd> <code><a href="../../java/lang/IllegalStateException.html" title="class in java.lang">IllegalStateException</a></code> - if <a href="../../javax/tools/JavaFileManager.html#close()"><code>JavaFileManager.close()</code></a> has been called and this file manager cannot be reopened              </dd>    </dl></li></ul> <a end_ctx_id="method:inferBinaryName(javax.tools.JavaFileManager.Location, javax.tools.JavaFileObject)"/>  </td></tr></table></td></tr></table><table border="0" cellpadding="1" cellspacing="0" width="100%"><tr><td><h3 class="ctxid">method:isSameFile(javax.tools.FileObject, javax.tools.FileObject) [NONE]</h3></td></tr><tr><td><table border="0" cellpadding="5" cellspacing="1" bgcolor="black" width="100%"><tr valign="top"><td bgcolor="#FFFFFF" colspan="1"> <a start_ctx_id="method:isSameFile(javax.tools.FileObject, javax.tools.FileObject)"/><a name="isSameFile(javax.tools.FileObject, javax.tools.FileObject)"/><ul class="blockList"><li class="blockList"><h4>isSameFile</h4><pre>public boolean isSameFile(<a href="../../javax/tools/FileObject.html" title="interface in javax.tools">FileObject</a> a,
                          <a href="../../javax/tools/FileObject.html" title="interface in javax.tools">FileObject</a> b)</pre><div class="block"> <span class="strong">Description copied from interface: <code><a href="../../javax/tools/JavaFileManager.html#isSameFile(javax.tools.FileObject,%20javax.tools.FileObject)">JavaFileManager</a></code>   </span> </div><div class="block">Compares two file objects and return true if they represent the same underlying object.             </div><dl> <dt> <span class="strong">Specified by: </span>   </dt><dd> <code><a href="../../javax/tools/JavaFileManager.html#isSameFile(javax.tools.FileObject,%20javax.tools.FileObject)">isSameFile</a></code> in interface <code><a href="../../javax/tools/JavaFileManager.html" title="interface in javax.tools">JavaFileManager</a></code>  </dd> <dt> <span class="strong">Parameters:</span>   </dt><dd> <code>a</code> - a file object     </dd><dd> <code>b</code> - a file object     </dd> <dt> <span class="strong">Returns:</span>   </dt><dd>true if the given file objects represent the same underlying object          </dd> <dt> <span class="strong">Throws:</span>   </dt><dd> <code><a href="../../java/lang/IllegalArgumentException.html" title="class in java.lang">IllegalArgumentException</a></code> - if either of the arguments were created with another file manager and this file manager does not support foreign file objects                       </dd>    </dl></li></ul> <a end_ctx_id="method:isSameFile(javax.tools.FileObject, javax.tools.FileObject)"/>  </td></tr></table></td></tr></table><table border="0" cellpadding="1" cellspacing="0" width="100%"><tr><td><h3 class="ctxid">method:handleOption(java.lang.String, java.util.Iterator) [NONE]</h3></td></tr><tr><td><table border="0" cellpadding="5" cellspacing="1" bgcolor="black" width="100%"><tr valign="top"><td bgcolor="#FFFFFF" colspan="1"> <a start_ctx_id="method:handleOption(java.lang.String, java.util.Iterator)"/><a name="handleOption(java.lang.String, java.util.Iterator)"/><ul class="blockList"><li class="blockList"><h4>handleOption</h4><pre>public boolean handleOption(<a href="../../java/lang/String.html" title="class in java.lang">String</a> current,
                            <a href="../../java/util/Iterator.html" title="interface in java.util">Iterator</a>&lt;<a href="../../java/lang/String.html" title="class in java.lang">String</a>&gt; remaining)</pre><div class="block"> <span class="strong">Description copied from interface: <code><a href="../../javax/tools/JavaFileManager.html#handleOption(java.lang.String,%20java.util.Iterator)">JavaFileManager</a></code>   </span> </div><div class="block">Handles one option. If <code>current</code> is an option to this file manager it will consume any arguments to that option from <code>remaining</code> and return true, otherwise return false.                           </div><dl> <dt> <span class="strong">Specified by: </span>   </dt><dd> <code><a href="../../javax/tools/JavaFileManager.html#handleOption(java.lang.String,%20java.util.Iterator)">handleOption</a></code> in interface <code><a href="../../javax/tools/JavaFileManager.html" title="interface in javax.tools">JavaFileManager</a></code>  </dd> <dt> <span class="strong">Parameters:</span>   </dt><dd> <code>current</code> - current option    </dd><dd> <code>remaining</code> - remaining options    </dd> <dt> <span class="strong">Returns:</span>   </dt><dd>true if this option was handled by this file manager, false otherwise           </dd> <dt> <span class="strong">Throws:</span>   </dt><dd> <code><a href="../../java/lang/IllegalArgumentException.html" title="class in java.lang">IllegalArgumentException</a></code> - if this option to this file manager is used incorrectly            </dd><dd> <code><a href="../../java/lang/IllegalStateException.html" title="class in java.lang">IllegalStateException</a></code> - if <a href="../../javax/tools/JavaFileManager.html#close()"><code>JavaFileManager.close()</code></a> has been called and this file manager cannot be reopened              </dd>    </dl></li></ul> <a end_ctx_id="method:handleOption(java.lang.String, java.util.Iterator)"/>  </td></tr></table></td></tr></table><table border="0" cellpadding="1" cellspacing="0" width="100%"><tr><td><h3 class="ctxid">method:hasLocation(javax.tools.JavaFileManager.Location) [NONE]</h3></td></tr><tr><td><table border="0" cellpadding="5" cellspacing="1" bgcolor="black" width="100%"><tr valign="top"><td bgcolor="#FFFFFF" colspan="1"> <a start_ctx_id="method:hasLocation(javax.tools.JavaFileManager.Location)"/><a name="hasLocation(javax.tools.JavaFileManager.Location)"/><ul class="blockList"><li class="blockList"><h4>hasLocation</h4><pre>public boolean hasLocation(<a href="../../javax/tools/JavaFileManager.Location.html" title="interface in javax.tools">JavaFileManager.Location</a> location)</pre><div class="block"> <span class="strong">Description copied from interface: <code><a href="../../javax/tools/JavaFileManager.html#hasLocation(javax.tools.JavaFileManager.Location)">JavaFileManager</a></code>   </span> </div><div class="block">Determines if a location is known to this file manager.         </div><dl> <dt> <span class="strong">Specified by: </span>   </dt><dd> <code><a href="../../javax/tools/JavaFileManager.html#hasLocation(javax.tools.JavaFileManager.Location)">hasLocation</a></code> in interface <code><a href="../../javax/tools/JavaFileManager.html" title="interface in javax.tools">JavaFileManager</a></code>  </dd> <dt> <span class="strong">Parameters:</span>   </dt><dd> <code>location</code> - a location    </dd> <dt> <span class="strong">Returns:</span>   </dt><dd>true if the location is known     </dd>   </dl></li></ul> <a end_ctx_id="method:hasLocation(javax.tools.JavaFileManager.Location)"/>  </td></tr></table></td></tr></table><table border="0" cellpadding="1" cellspacing="0" width="100%"><tr><td><h3 class="ctxid">method:isSupportedOption(java.lang.String) [NONE]</h3></td></tr><tr><td><table border="0" cellpadding="5" cellspacing="1" bgcolor="black" width="100%"><tr valign="top"><td bgcolor="#FFFFFF" colspan="1"> <a start_ctx_id="method:isSupportedOption(java.lang.String)"/><a name="isSupportedOption(java.lang.String)"/><ul class="blockList"><li class="blockList"><h4>isSupportedOption</h4><pre>public int isSupportedOption(<a href="../../java/lang/String.html" title="class in java.lang">String</a> option)</pre><div class="block"> <span class="strong">Description copied from interface: <code><a href="../../javax/tools/OptionChecker.html#isSupportedOption(java.lang.String)">OptionChecker</a></code>   </span> </div><div class="block">Determines if the given option is supported and if so, the number of arguments the option takes.                </div><dl> <dt> <span class="strong">Specified by: </span>   </dt><dd> <code><a href="../../javax/tools/OptionChecker.html#isSupportedOption(java.lang.String)">isSupportedOption</a></code> in interface <code><a href="../../javax/tools/OptionChecker.html" title="interface in javax.tools">OptionChecker</a></code>  </dd> <dt> <span class="strong">Parameters:</span>   </dt><dd> <code>option</code> - an option    </dd> <dt> <span class="strong">Returns:</span>   </dt><dd>the number of arguments the given option takes or -1 if the option is not supported               </dd>   </dl></li></ul> <a end_ctx_id="method:isSupportedOption(java.lang.String)"/>  </td></tr></table></td></tr></table><table border="0" cellpadding="1" cellspacing="0" width="100%"><tr><td><h3 class="ctxid">method:getJavaFileForInput(javax.tools.JavaFileManager.Location, java.lang.String, javax.tools.JavaFileObject.Kind) [NONE]</h3></td></tr><tr><td><table border="0" cellpadding="5" cellspacing="1" bgcolor="black" width="100%"><tr valign="top"><td bgcolor="#FFFFFF" colspan="1"> <a start_ctx_id="method:getJavaFileForInput(javax.tools.JavaFileManager.Location, java.lang.String, javax.tools.JavaFileObject.Kind)"/><a name="getJavaFileForInput(javax.tools.JavaFileManager.Location, java.lang.String, javax.tools.JavaFileObject.Kind)"/><ul class="blockList"><li class="blockList"><h4>getJavaFileForInput</h4><pre>public <a href="../../javax/tools/JavaFileObject.html" title="interface in javax.tools">JavaFileObject</a> getJavaFileForInput(<a href="../../javax/tools/JavaFileManager.Location.html" title="interface in javax.tools">JavaFileManager.Location</a> location,
                                          <a href="../../java/lang/String.html" title="class in java.lang">String</a> className,
                                          <a href="../../javax/tools/JavaFileObject.Kind.html" title="enum in javax.tools">JavaFileObject.Kind</a> kind)
                                   throws <a href="../../java/io/IOException.html" title="class in java.io">IOException</a></pre><div class="block"> <span class="strong">Description copied from interface: <code><a href="../../javax/tools/JavaFileManager.html#getJavaFileForInput(javax.tools.JavaFileManager.Location,%20java.lang.String,%20javax.tools.JavaFileObject.Kind)">JavaFileManager</a></code>   </span> </div><div class="block">Gets a <a href="../../javax/tools/JavaFileObject.html" title="interface in javax.tools">file object </a> for input representing the specified class of the specified kind in the given location.                </div><dl> <dt> <span class="strong">Specified by: </span>   </dt><dd> <code><a href="../../javax/tools/JavaFileManager.html#getJavaFileForInput(javax.tools.JavaFileManager.Location,%20java.lang.String,%20javax.tools.JavaFileObject.Kind)">getJavaFileForInput</a></code> in interface <code><a href="../../javax/tools/JavaFileManager.html" title="interface in javax.tools">JavaFileManager</a></code>  </dd> <dt> <span class="strong">Parameters:</span>   </dt><dd> <code>location</code> - a location    </dd><dd> <code>className</code> - the name of a class       </dd><dd> <code>kind</code> - the kind of file, must be one of <a href="../../javax/tools/JavaFileObject.Kind.html#SOURCE"><code>SOURCE</code></a> or <a href="../../javax/tools/JavaFileObject.Kind.html#CLASS"><code>CLASS</code></a>             </dd> <dt> <span class="strong">Returns:</span>   </dt><dd>a file object, might return <code>null</code> if the file does not exist           </dd> <dt> <span class="strong">Throws:</span>   </dt><dd> <code><a href="../../java/lang/IllegalArgumentException.html" title="class in java.lang">IllegalArgumentException</a></code> - if the location is not known to this file manager and the file manager does not support unknown locations, or if the kind is not valid                            </dd><dd> <code><a href="../../java/lang/IllegalStateException.html" title="class in java.lang">IllegalStateException</a></code> - if <a href="../../javax/tools/JavaFileManager.html#close()"><code>JavaFileManager.close()</code></a> has been called and this file manager cannot be reopened              </dd><dd> <code><a href="../../java/io/IOException.html" title="class in java.io">IOException</a></code> - if an I/O error occurred, or if <a href="../../javax/tools/JavaFileManager.html#close()"><code>JavaFileManager.close()</code></a> has been called and this file manager cannot be reopened                    </dd>    </dl></li></ul> <a end_ctx_id="method:getJavaFileForInput(javax.tools.JavaFileManager.Location, java.lang.String, javax.tools.JavaFileObject.Kind)"/>  </td></tr></table></td></tr></table><table border="0" cellpadding="1" cellspacing="0" width="100%"><tr><td><h3 class="ctxid">method:getJavaFileForOutput(javax.tools.JavaFileManager.Location, java.lang.String, javax.tools.JavaFileObject.Kind, javax.tools.FileObject) [NONE]</h3></td></tr><tr><td><table border="0" cellpadding="5" cellspacing="1" bgcolor="black" width="100%"><tr valign="top"><td bgcolor="#FFFFFF" colspan="1"> <a start_ctx_id="method:getJavaFileForOutput(javax.tools.JavaFileManager.Location, java.lang.String, javax.tools.JavaFileObject.Kind, javax.tools.FileObject)"/><a name="getJavaFileForOutput(javax.tools.JavaFileManager.Location, java.lang.String, javax.tools.JavaFileObject.Kind, javax.tools.FileObject)"/><ul class="blockList"><li class="blockList"><h4>getJavaFileForOutput</h4><pre>public <a href="../../javax/tools/JavaFileObject.html" title="interface in javax.tools">JavaFileObject</a> getJavaFileForOutput(<a href="../../javax/tools/JavaFileManager.Location.html" title="interface in javax.tools">JavaFileManager.Location</a> location,
                                           <a href="../../java/lang/String.html" title="class in java.lang">String</a> className,
                                           <a href="../../javax/tools/JavaFileObject.Kind.html" title="enum in javax.tools">JavaFileObject.Kind</a> kind,
                                           <a href="../../javax/tools/FileObject.html" title="interface in javax.tools">FileObject</a> sibling)
                                    throws <a href="../../java/io/IOException.html" title="class in java.io">IOException</a></pre><div class="block"> <span class="strong">Description copied from interface: <code><a href="../../javax/tools/JavaFileManager.html#getJavaFileForOutput(javax.tools.JavaFileManager.Location,%20java.lang.String,%20javax.tools.JavaFileObject.Kind,%20javax.tools.FileObject)">JavaFileManager</a></code>   </span> </div><div class="block">Gets a <a href="../../javax/tools/JavaFileObject.html" title="interface in javax.tools">file object </a> for output representing the specified class of the specified kind in the given location.<p>Optionally, this file manager might consider the sibling as a hint for where to place the output. The exact semantics of this hint is unspecified. The JDK compiler, javac, for example, will place class files in the same directories as originating source files unless a class file output directory is provided. To facilitate this behavior, javac might provide the originating source file as sibling when calling this method.                                                                   </p>                </div><dl> <dt> <span class="strong">Specified by: </span>   </dt><dd> <code><a href="../../javax/tools/JavaFileManager.html#getJavaFileForOutput(javax.tools.JavaFileManager.Location,%20java.lang.String,%20javax.tools.JavaFileObject.Kind,%20javax.tools.FileObject)">getJavaFileForOutput</a></code> in interface <code><a href="../../javax/tools/JavaFileManager.html" title="interface in javax.tools">JavaFileManager</a></code>  </dd> <dt> <span class="strong">Parameters:</span>   </dt><dd> <code>location</code> - a location    </dd><dd> <code>className</code> - the name of a class       </dd><dd> <code>kind</code> - the kind of file, must be one of <a href="../../javax/tools/JavaFileObject.Kind.html#SOURCE"><code>SOURCE</code></a> or <a href="../../javax/tools/JavaFileObject.Kind.html#CLASS"><code>CLASS</code></a>             </dd><dd> <code>sibling</code> - a file object to be used as hint for placement; might be <code>null</code>               </dd> <dt> <span class="strong">Returns:</span>   </dt><dd>a file object for output    </dd> <dt> <span class="strong">Throws:</span>   </dt><dd> <code><a href="../../java/lang/IllegalArgumentException.html" title="class in java.lang">IllegalArgumentException</a></code> - if sibling is not known to this file manager, or if the location is not known to this file manager and the file manager does not support unknown locations, or if the kind is not valid                                      </dd><dd> <code><a href="../../java/lang/IllegalStateException.html" title="class in java.lang">IllegalStateException</a></code> - <a href="../../javax/tools/JavaFileManager.html#close()"><code>JavaFileManager.close()</code></a> has been called and this file manager cannot be reopened             </dd><dd> <code><a href="../../java/io/IOException.html" title="class in java.io">IOException</a></code> - if an I/O error occurred, or if <a href="../../javax/tools/JavaFileManager.html#close()"><code>JavaFileManager.close()</code></a> has been called and this file manager cannot be reopened                    </dd>    </dl></li></ul> <a end_ctx_id="method:getJavaFileForOutput(javax.tools.JavaFileManager.Location, java.lang.String, javax.tools.JavaFileObject.Kind, javax.tools.FileObject)"/>  </td></tr></table></td></tr></table><table border="0" cellpadding="1" cellspacing="0" width="100%"><tr><td><h3 class="ctxid">method:getFileForInput(javax.tools.JavaFileManager.Location, java.lang.String, java.lang.String) [NONE]</h3></td></tr><tr><td><table border="0" cellpadding="5" cellspacing="1" bgcolor="black" width="100%"><tr valign="top"><td bgcolor="#FFFFFF" colspan="1"> <a start_ctx_id="method:getFileForInput(javax.tools.JavaFileManager.Location, java.lang.String, java.lang.String)"/><a name="getFileForInput(javax.tools.JavaFileManager.Location, java.lang.String, java.lang.String)"/><ul class="blockList"><li class="blockList"><h4>getFileForInput</h4><pre>public <a href="../../javax/tools/FileObject.html" title="interface in javax.tools">FileObject</a> getFileForInput(<a href="../../javax/tools/JavaFileManager.Location.html" title="interface in javax.tools">JavaFileManager.Location</a> location,
                                  <a href="../../java/lang/String.html" title="class in java.lang">String</a> packageName,
                                  <a href="../../java/lang/String.html" title="class in java.lang">String</a> relativeName)
                           throws <a href="../../java/io/IOException.html" title="class in java.io">IOException</a></pre><div class="block"> <span class="strong">Description copied from interface: <code><a href="../../javax/tools/JavaFileManager.html#getFileForInput(javax.tools.JavaFileManager.Location,%20java.lang.String,%20java.lang.String)">JavaFileManager</a></code>   </span> </div><div class="block">Gets a <a href="../../javax/tools/FileObject.html" title="interface in javax.tools">file object </a> for input representing the specified <a href="JavaFileManager.html#relative_name">relative name </a> in the specified package in the given location.<p>If the returned object represents a <a href="../../javax/tools/JavaFileObject.Kind.html#SOURCE">source</a> or <a href="../../javax/tools/JavaFileObject.Kind.html#CLASS">class</a> file, it must be an instance of <a href="../../javax/tools/JavaFileObject.html" title="interface in javax.tools"><code>JavaFileObject</code></a>.                </p><p>Informally, the file object returned by this method is located in the concatenation of the location, package name, and relative name. For example, to locate the properties file "resources/compiler.properties" in the package "com.sun.tools.javac" in the <a href="../../javax/tools/StandardLocation.html#SOURCE_PATH">SOURCE_PATH</a> location, this method might be called like so:<pre>getFileForInput(SOURCE_PATH, "com.sun.tools.javac", "resources/compiler.properties");</pre>                                           </p><p>If the call was executed on Windows, with SOURCE_PATH set to <code>"C:\Documents and Settings\UncleBob\src\share\classes"</code>, a valid result would be a file object representing the file <code>"C:\Documents and Settings\UncleBob\src\share\classes\com\sun\tools\javac\resources\compiler.properties"</code>.                       </p>                </div><dl> <dt> <span class="strong">Specified by: </span>   </dt><dd> <code><a href="../../javax/tools/JavaFileManager.html#getFileForInput(javax.tools.JavaFileManager.Location,%20java.lang.String,%20java.lang.String)">getFileForInput</a></code> in interface <code><a href="../../javax/tools/JavaFileManager.html" title="interface in javax.tools">JavaFileManager</a></code>  </dd> <dt> <span class="strong">Parameters:</span>   </dt><dd> <code>location</code> - a location    </dd><dd> <code>packageName</code> - a package name     </dd><dd> <code>relativeName</code> - a relative name     </dd> <dt> <span class="strong">Returns:</span>   </dt><dd>a file object, might return <code>null</code> if the file does not exist           </dd> <dt> <span class="strong">Throws:</span>   </dt><dd> <code><a href="../../java/lang/IllegalArgumentException.html" title="class in java.lang">IllegalArgumentException</a></code> - if the location is not known to this file manager and the file manager does not support unknown locations, or if <code>relativeName</code> is not valid                           </dd><dd> <code><a href="../../java/lang/IllegalStateException.html" title="class in java.lang">IllegalStateException</a></code> - if <a href="../../javax/tools/JavaFileManager.html#close()"><code>JavaFileManager.close()</code></a> has been called and this file manager cannot be reopened              </dd><dd> <code><a href="../../java/io/IOException.html" title="class in java.io">IOException</a></code> - if an I/O error occurred, or if <a href="../../javax/tools/JavaFileManager.html#close()"><code>JavaFileManager.close()</code></a> has been called and this file manager cannot be reopened                    </dd>    </dl></li></ul> <a end_ctx_id="method:getFileForInput(javax.tools.JavaFileManager.Location, java.lang.String, java.lang.String)"/>  </td></tr></table></td></tr></table><table border="0" cellpadding="1" cellspacing="0" width="100%"><tr><td><h3 class="ctxid">method:getFileForOutput(javax.tools.JavaFileManager.Location, java.lang.String, java.lang.String, javax.tools.FileObject) [NONE]</h3></td></tr><tr><td><table border="0" cellpadding="5" cellspacing="1" bgcolor="black" width="100%"><tr valign="top"><td bgcolor="#FFFFFF" colspan="1"> <a start_ctx_id="method:getFileForOutput(javax.tools.JavaFileManager.Location, java.lang.String, java.lang.String, javax.tools.FileObject)"/><a name="getFileForOutput(javax.tools.JavaFileManager.Location, java.lang.String, java.lang.String, javax.tools.FileObject)"/><ul class="blockList"><li class="blockList"><h4>getFileForOutput</h4><pre>public <a href="../../javax/tools/FileObject.html" title="interface in javax.tools">FileObject</a> getFileForOutput(<a href="../../javax/tools/JavaFileManager.Location.html" title="interface in javax.tools">JavaFileManager.Location</a> location,
                                   <a href="../../java/lang/String.html" title="class in java.lang">String</a> packageName,
                                   <a href="../../java/lang/String.html" title="class in java.lang">String</a> relativeName,
                                   <a href="../../javax/tools/FileObject.html" title="interface in javax.tools">FileObject</a> sibling)
                            throws <a href="../../java/io/IOException.html" title="class in java.io">IOException</a></pre><div class="block"> <span class="strong">Description copied from interface: <code><a href="../../javax/tools/JavaFileManager.html#getFileForOutput(javax.tools.JavaFileManager.Location,%20java.lang.String,%20java.lang.String,%20javax.tools.FileObject)">JavaFileManager</a></code>   </span> </div><div class="block">Gets a <a href="../../javax/tools/FileObject.html" title="interface in javax.tools">file object </a> for output representing the specified <a href="JavaFileManager.html#relative_name">relative name </a> in the specified package in the given location.<p>Optionally, this file manager might consider the sibling as a hint for where to place the output. The exact semantics of this hint is unspecified. The JDK compiler, javac, for example, will place class files in the same directories as originating source files unless a class file output directory is provided. To facilitate this behavior, javac might provide the originating source file as sibling when calling this method.                                                                   </p><p>If the returned object represents a <a href="../../javax/tools/JavaFileObject.Kind.html#SOURCE">source</a> or <a href="../../javax/tools/JavaFileObject.Kind.html#CLASS">class</a> file, it must be an instance of <a href="../../javax/tools/JavaFileObject.html" title="interface in javax.tools"><code>JavaFileObject</code></a>.                </p><p>Informally, the file object returned by this method is located in the concatenation of the location, package name, and relative name or next to the sibling argument. See <a href="../../javax/tools/JavaFileManager.html#getFileForInput(javax.tools.JavaFileManager.Location,%20java.lang.String,%20java.lang.String)"><code>getFileForInput</code></a> for an example.                               </p>                </div><dl> <dt> <span class="strong">Specified by: </span>   </dt><dd> <code><a href="../../javax/tools/JavaFileManager.html#getFileForOutput(javax.tools.JavaFileManager.Location,%20java.lang.String,%20java.lang.String,%20javax.tools.FileObject)">getFileForOutput</a></code> in interface <code><a href="../../javax/tools/JavaFileManager.html" title="interface in javax.tools">JavaFileManager</a></code>  </dd> <dt> <span class="strong">Parameters:</span>   </dt><dd> <code>location</code> - a location    </dd><dd> <code>packageName</code> - a package name     </dd><dd> <code>relativeName</code> - a relative name     </dd><dd> <code>sibling</code> - a file object to be used as hint for placement; might be <code>null</code>               </dd> <dt> <span class="strong">Returns:</span>   </dt><dd>a file object  </dd> <dt> <span class="strong">Throws:</span>   </dt><dd> <code><a href="../../java/lang/IllegalArgumentException.html" title="class in java.lang">IllegalArgumentException</a></code> - if sibling is not known to this file manager, or if the location is not known to this file manager and the file manager does not support unknown locations, or if <code>relativeName</code> is not valid                                     </dd><dd> <code><a href="../../java/lang/IllegalStateException.html" title="class in java.lang">IllegalStateException</a></code> - if <a href="../../javax/tools/JavaFileManager.html#close()"><code>JavaFileManager.close()</code></a> has been called and this file manager cannot be reopened              </dd><dd> <code><a href="../../java/io/IOException.html" title="class in java.io">IOException</a></code> - if an I/O error occurred, or if <a href="../../javax/tools/JavaFileManager.html#close()"><code>JavaFileManager.close()</code></a> has been called and this file manager cannot be reopened                    </dd>    </dl></li></ul> <a end_ctx_id="method:getFileForOutput(javax.tools.JavaFileManager.Location, java.lang.String, java.lang.String, javax.tools.FileObject)"/>  </td></tr></table></td></tr></table><table border="0" cellpadding="1" cellspacing="0" width="100%"><tr><td><h3 class="ctxid">method:flush() [NONE]</h3></td></tr><tr><td><table border="0" cellpadding="5" cellspacing="1" bgcolor="black" width="100%"><tr valign="top"><td bgcolor="#FFFFFF" colspan="1"> <a start_ctx_id="method:flush()"/><a name="flush()"/><ul class="blockList"><li class="blockList"><h4>flush</h4><pre>public void flush()
           throws <a href="../../java/io/IOException.html" title="class in java.io">IOException</a></pre><div class="block"> <span class="strong">Description copied from interface: <code><a href="../../javax/tools/JavaFileManager.html#flush()">JavaFileManager</a></code>   </span> </div><div class="block">Flushes any resources opened for output by this file manager directly or indirectly. Flushing a closed file manager has no effect.                    </div><dl> <dt> <span class="strong">Specified by: </span>   </dt><dd> <code><a href="../../java/io/Flushable.html#flush()">flush</a></code> in interface <code><a href="../../java/io/Flushable.html" title="interface in java.io">Flushable</a></code>  </dd> <dt> <span class="strong">Specified by: </span>   </dt><dd> <code><a href="../../javax/tools/JavaFileManager.html#flush()">flush</a></code> in interface <code><a href="../../javax/tools/JavaFileManager.html" title="interface in javax.tools">JavaFileManager</a></code>  </dd> <dt> <span class="strong">Throws:</span>   </dt><dd> <code><a href="../../java/io/IOException.html" title="class in java.io">IOException</a></code> - if an I/O error occurred       </dd> <dt> <span class="strong">See Also: </span>   </dt><dd> <a href="../../javax/tools/JavaFileManager.html#close()"><code>JavaFileManager.close()</code></a> </dd>    </dl></li></ul> <a end_ctx_id="method:flush()"/>  </td></tr></table></td></tr></table><table border="0" cellpadding="1" cellspacing="0" width="100%"><tr><td><h3 class="ctxid">method:close() [NONE]</h3></td></tr><tr><td><table border="0" cellpadding="5" cellspacing="1" bgcolor="black" width="100%"><tr valign="top"><td bgcolor="#FFFFFF" colspan="1"> <a start_ctx_id="method:close()"/><a name="close()"/><ul class="blockListLast"><li class="blockList"><h4>close</h4><pre>public void close()
           throws <a href="../../java/io/IOException.html" title="class in java.io">IOException</a></pre><div class="block"> <span class="strong">Description copied from interface: <code><a href="../../javax/tools/JavaFileManager.html#close()">JavaFileManager</a></code>   </span> </div><div class="block">Releases any resources opened by this file manager directly or indirectly. This might render this file manager useless and the effect of subsequent calls to methods on this object or any objects obtained through this object is undefined unless explicitly allowed. However, closing a file manager which has already been closed has no effect.                                                     </div><dl> <dt> <span class="strong">Specified by: </span>   </dt><dd> <code><a href="../../java/io/Closeable.html#close()">close</a></code> in interface <code><a href="../../java/io/Closeable.html" title="interface in java.io">Closeable</a></code>  </dd> <dt> <span class="strong">Specified by: </span>   </dt><dd> <code><a href="../../java/lang/AutoCloseable.html#close()">close</a></code> in interface <code><a href="../../java/lang/AutoCloseable.html" title="interface in java.lang">AutoCloseable</a></code>  </dd> <dt> <span class="strong">Specified by: </span>   </dt><dd> <code><a href="../../javax/tools/JavaFileManager.html#close()">close</a></code> in interface <code><a href="../../javax/tools/JavaFileManager.html" title="interface in javax.tools">JavaFileManager</a></code>  </dd> <dt> <span class="strong">Throws:</span>   </dt><dd> <code><a href="../../java/io/IOException.html" title="class in java.io">IOException</a></code> - if an I/O error occurred       </dd> <dt> <span class="strong">See Also: </span>   </dt><dd> <a href="../../javax/tools/JavaFileManager.html#flush()"><code>JavaFileManager.flush()</code></a> </dd>     </dl></li></ul> <a end_ctx_id="method:close()"/>  </td></tr></table></td></tr></table></diff></diffreport>