<?xml version="1.0" encoding="UTF-8"?><diffreport><diff><table border="0" cellpadding="1" cellspacing="0" width="100%"><tr><td><h3 class="ctxid">class:ForwardingJavaFileObject [NONE]</h3></td></tr><tr><td><table border="0" cellpadding="5" cellspacing="1" bgcolor="black" width="100%"><tr valign="top"><td bgcolor="#FFFFFF" colspan="1"><div class="description"> <a start_ctx_id="class:ForwardingJavaFileObject"/><ul class="blockList"><li class="blockList"><dl> <dt> <span class="strong">Type Parameters: </span>   </dt><dd> <code>F</code> - the kind of file object forwarded to by this object            </dd> </dl><dl> <dt>All Implemented Interfaces:  </dt><dd> <a href="../../javax/tools/FileObject.html" title="interface in javax.tools">FileObject</a>, <a href="../../javax/tools/JavaFileObject.html" title="interface in javax.tools">JavaFileObject</a>  </dd> </dl> <hr/> <br/><pre>public class <span class="strong">ForwardingJavaFileObject&lt;F extends <a href="../../javax/tools/JavaFileObject.html" title="interface in javax.tools">JavaFileObject</a>&gt;</span>
extends <a href="../../javax/tools/ForwardingFileObject.html" title="class in javax.tools">ForwardingFileObject</a>&lt;F&gt;
implements <a href="../../javax/tools/JavaFileObject.html" title="interface in javax.tools">JavaFileObject</a></pre><div class="block">Forwards calls to a given file object. Subclasses of this class might override some of these methods and might also provide additional fields and methods.                        </div><dl> <dt> <span class="strong">Since:</span>   </dt><dd>1.6</dd> </dl>  </li></ul> </div> <a end_ctx_id="class:ForwardingJavaFileObject"/> </td></tr></table></td></tr></table><table border="0" cellpadding="1" cellspacing="0" width="100%"><tr><td><h3 class="ctxid">method:getKind() [NONE]</h3></td></tr><tr><td><table border="0" cellpadding="5" cellspacing="1" bgcolor="black" width="100%"><tr valign="top"><td bgcolor="#FFFFFF" colspan="1"> <a start_ctx_id="method:getKind()"/><a name="getKind()"/><ul class="blockList"><li class="blockList"><h4>getKind</h4><pre>public <a href="../../javax/tools/JavaFileObject.Kind.html" title="enum in javax.tools">JavaFileObject.Kind</a> getKind()</pre><div class="block"> <span class="strong">Description copied from interface: <code><a href="../../javax/tools/JavaFileObject.html#getKind()">JavaFileObject</a></code>   </span> </div><div class="block">Gets the kind of this file object.      </div><dl> <dt> <span class="strong">Specified by: </span>   </dt><dd> <code><a href="../../javax/tools/JavaFileObject.html#getKind()">getKind</a></code> in interface <code><a href="../../javax/tools/JavaFileObject.html" title="interface in javax.tools">JavaFileObject</a></code>  </dd> <dt> <span class="strong">Returns:</span>   </dt><dd>the kind </dd>  </dl></li></ul> <a end_ctx_id="method:getKind()"/>  </td></tr></table></td></tr></table><table border="0" cellpadding="1" cellspacing="0" width="100%"><tr><td><h3 class="ctxid">method:isNameCompatible(java.lang.String, javax.tools.JavaFileObject.Kind) [NONE]</h3></td></tr><tr><td><table border="0" cellpadding="5" cellspacing="1" bgcolor="black" width="100%"><tr valign="top"><td bgcolor="#FFFFFF" colspan="1"> <a start_ctx_id="method:isNameCompatible(java.lang.String, javax.tools.JavaFileObject.Kind)"/><a name="isNameCompatible(java.lang.String, javax.tools.JavaFileObject.Kind)"/><ul class="blockList"><li class="blockList"><h4>isNameCompatible</h4><pre>public boolean isNameCompatible(<a href="../../java/lang/String.html" title="class in java.lang">String</a> simpleName,
                                <a href="../../javax/tools/JavaFileObject.Kind.html" title="enum in javax.tools">JavaFileObject.Kind</a> kind)</pre><div class="block"> <span class="strong">Description copied from interface: <code><a href="../../javax/tools/JavaFileObject.html#isNameCompatible(java.lang.String,%20javax.tools.JavaFileObject.Kind)">JavaFileObject</a></code>   </span> </div><div class="block">Checks if this file object is compatible with the specified simple name and kind. A simple name is a single identifier (not qualified) as defined in <cite>The Java™ Language Specification   </cite>, section 6.2 "Names and Identifiers".                               </div><dl> <dt> <span class="strong">Specified by: </span>   </dt><dd> <code><a href="../../javax/tools/JavaFileObject.html#isNameCompatible(java.lang.String,%20javax.tools.JavaFileObject.Kind)">isNameCompatible</a></code> in interface <code><a href="../../javax/tools/JavaFileObject.html" title="interface in javax.tools">JavaFileObject</a></code>  </dd> <dt> <span class="strong">Parameters:</span>   </dt><dd> <code>simpleName</code> - a simple name of a class        </dd><dd> <code>kind</code> - a kind    </dd> <dt> <span class="strong">Returns:</span>   </dt><dd> <code>true</code> if this file object is compatible; false otherwise         </dd>   </dl></li></ul> <a end_ctx_id="method:isNameCompatible(java.lang.String, javax.tools.JavaFileObject.Kind)"/>  </td></tr></table></td></tr></table><table border="0" cellpadding="1" cellspacing="0" width="100%"><tr><td><h3 class="ctxid">method:getNestingKind() [NONE]</h3></td></tr><tr><td><table border="0" cellpadding="5" cellspacing="1" bgcolor="black" width="100%"><tr valign="top"><td bgcolor="#FFFFFF" colspan="1"> <a start_ctx_id="method:getNestingKind()"/><a name="getNestingKind()"/><ul class="blockList"><li class="blockList"><h4>getNestingKind</h4><pre>public <a href="../../javax/lang/model/element/NestingKind.html" title="enum in javax.lang.model.element">NestingKind</a> getNestingKind()</pre><div class="block"> <span class="strong">Description copied from interface: <code><a href="../../javax/tools/JavaFileObject.html#getNestingKind()">JavaFileObject</a></code>   </span> </div><div class="block">Provides a hint about the nesting level of the class represented by this file object. This method may return <a href="../../javax/lang/model/element/NestingKind.html#MEMBER"><code>NestingKind.MEMBER</code></a> to mean <a href="../../javax/lang/model/element/NestingKind.html#LOCAL"><code>NestingKind.LOCAL</code></a> or <a href="../../javax/lang/model/element/NestingKind.html#ANONYMOUS"><code>NestingKind.ANONYMOUS</code></a>. If the nesting level is not known or this file object does not represent a class file this method returns <code>null</code>.                                             </div><dl> <dt> <span class="strong">Specified by: </span>   </dt><dd> <code><a href="../../javax/tools/JavaFileObject.html#getNestingKind()">getNestingKind</a></code> in interface <code><a href="../../javax/tools/JavaFileObject.html" title="interface in javax.tools">JavaFileObject</a></code>  </dd> <dt> <span class="strong">Returns:</span>   </dt><dd>the nesting kind, or <code>null</code> if the nesting kind is not known           </dd>  </dl></li></ul> <a end_ctx_id="method:getNestingKind()"/>  </td></tr></table></td></tr></table><table border="0" cellpadding="1" cellspacing="0" width="100%"><tr><td><h3 class="ctxid">method:getAccessLevel() [NONE]</h3></td></tr><tr><td><table border="0" cellpadding="5" cellspacing="1" bgcolor="black" width="100%"><tr valign="top"><td bgcolor="#FFFFFF" colspan="1"> <a start_ctx_id="method:getAccessLevel()"/><a name="getAccessLevel()"/><ul class="blockListLast"><li class="blockList"><h4>getAccessLevel</h4><pre>public <a href="../../javax/lang/model/element/Modifier.html" title="enum in javax.lang.model.element">Modifier</a> getAccessLevel()</pre><div class="block"> <span class="strong">Description copied from interface: <code><a href="../../javax/tools/JavaFileObject.html#getAccessLevel()">JavaFileObject</a></code>   </span> </div><div class="block">Provides a hint about the access level of the class represented by this file object. If the access level is not known or if this file object does not represent a class file this method returns <code>null</code>.                                    </div><dl> <dt> <span class="strong">Specified by: </span>   </dt><dd> <code><a href="../../javax/tools/JavaFileObject.html#getAccessLevel()">getAccessLevel</a></code> in interface <code><a href="../../javax/tools/JavaFileObject.html" title="interface in javax.tools">JavaFileObject</a></code>  </dd> <dt> <span class="strong">Returns:</span>   </dt><dd>the access level  </dd>  </dl></li></ul> <a end_ctx_id="method:getAccessLevel()"/>  </td></tr></table></td></tr></table></diff></diffreport>