<?xml version="1.0" encoding="UTF-8" standalone="yes"?><Document><name>javax/tools/ForwardingJavaFileManager.spec</name><Context><name>class:ForwardingJavaFileManager</name><mt>NONE</mt></Context><Context><name>field:fileManager</name><mt>NONE</mt></Context><Context><name>method:close()</name><mt>NONE</mt></Context><Context><name>method:flush()</name><mt>NONE</mt></Context><Context><name>method:getClassLoader(javax.tools.JavaFileManager.Location)</name><mt>NONE</mt></Context><Context><name>method:getFileForInput(javax.tools.JavaFileManager.Location, java.lang.String, java.lang.String)</name><mt>NONE</mt></Context><Context><name>method:getFileForOutput(javax.tools.JavaFileManager.Location, java.lang.String, java.lang.String, javax.tools.FileObject)</name><mt>NONE</mt></Context><Context><name>method:getJavaFileForInput(javax.tools.JavaFileManager.Location, java.lang.String, javax.tools.JavaFileObject.Kind)</name><mt>NONE</mt></Context><Context><name>method:getJavaFileForOutput(javax.tools.JavaFileManager.Location, java.lang.String, javax.tools.JavaFileObject.Kind, javax.tools.FileObject)</name><mt>NONE</mt></Context><Context><name>method:handleOption(java.lang.String, java.util.Iterator)</name><mt>NONE</mt></Context><Context><name>method:hasLocation(javax.tools.JavaFileManager.Location)</name><mt>NONE</mt></Context><Context><name>method:inferBinaryName(javax.tools.JavaFileManager.Location, javax.tools.JavaFileObject)</name><mt>NONE</mt></Context><Context><name>method:isSameFile(javax.tools.FileObject, javax.tools.FileObject)</name><mt>NONE</mt></Context><Context><name>method:isSupportedOption(java.lang.String)</name><mt>NONE</mt></Context><Context><name>method:list(javax.tools.JavaFileManager.Location, java.lang.String, java.util.Set, boolean)</name><mt>NONE</mt></Context><Stat><name>javax/tools/ForwardingJavaFileManager.spec</name><mt>NONE</mt><Group name="context"><Item name="ADDED" count="0"/><Item name="REMOVED" count="0"/><Item name="CHANGED" count="0"/><Item name="MODIFIED" count="0"/><Item name="TOTAL" count="15"/></Group><Group name="assertion"><Item name="ADDED" count="0"/><Item name="REMOVED" count="0"/><Item name="CHANGED" count="0"/><Item name="MODIFIED" count="0"/><Item name="TOTAL" count="0"/></Group></Stat></Document>