<?xml version="1.0" encoding="UTF-8" standalone="yes"?><Document><name>javax/tools/JavaFileObject.Kind.spec</name><Context><name>class:JavaFileObject.Kind</name><mt>NONE</mt></Context><Context><name>field:CLASS</name><mt>NONE</mt></Context><Context><name>field:HTML</name><mt>NONE</mt></Context><Context><name>field:OTHER</name><mt>NONE</mt></Context><Context><name>field:SOURCE</name><mt>NONE</mt></Context><Context><name>field:extension</name><mt>NONE</mt></Context><Context><name>method:valueOf(java.lang.String)</name><mt>NONE</mt></Context><Context><name>method:values()</name><mt>NONE</mt></Context><Stat><name>javax/tools/JavaFileObject.Kind.spec</name><mt>NONE</mt><Group name="context"><Item name="ADDED" count="0"/><Item name="REMOVED" count="0"/><Item name="CHANGED" count="0"/><Item name="MODIFIED" count="0"/><Item name="TOTAL" count="8"/></Group><Group name="assertion"><Item name="ADDED" count="0"/><Item name="REMOVED" count="0"/><Item name="CHANGED" count="0"/><Item name="MODIFIED" count="0"/><Item name="TOTAL" count="0"/></Group></Stat></Document>