<?xml version="1.0" encoding="UTF-8" standalone="yes"?><Document><name>javax/tools/JavaFileObject.spec</name><Context><name>class:JavaFileObject</name><mt>NONE</mt></Context><Context><name>method:getAccessLevel()</name><mt>NONE</mt></Context><Context><name>method:getKind()</name><mt>NONE</mt></Context><Context><name>method:getNestingKind()</name><mt>NONE</mt></Context><Context><name>method:isNameCompatible(java.lang.String, javax.tools.JavaFileObject.Kind)</name><mt>NONE</mt></Context><Stat><name>javax/tools/JavaFileObject.spec</name><mt>NONE</mt><Group name="context"><Item name="ADDED" count="0"/><Item name="REMOVED" count="0"/><Item name="CHANGED" count="0"/><Item name="MODIFIED" count="0"/><Item name="TOTAL" count="5"/></Group><Group name="assertion"><Item name="ADDED" count="0"/><Item name="REMOVED" count="0"/><Item name="CHANGED" count="0"/><Item name="MODIFIED" count="0"/><Item name="TOTAL" count="0"/></Group></Stat></Document>