<?xml version="1.0" encoding="UTF-8"?><diffreport><diff><table border="0" cellpadding="1" cellspacing="0" width="100%"><tr><td><h3 class="ctxid">class:JavaFileObject.Kind [NONE]</h3></td></tr><tr><td><table border="0" cellpadding="5" cellspacing="1" bgcolor="black" width="100%"><tr valign="top"><td bgcolor="#FFFFFF" colspan="1"><div class="description"> <a start_ctx_id="class:JavaFileObject.Kind"/><ul class="blockList"><li class="blockList"><dl> <dt>All Implemented Interfaces:  </dt><dd> <a href="../../java/io/Serializable.html" title="interface in java.io">Serializable</a>, <a href="../../java/lang/Comparable.html" title="interface in java.lang">Comparable</a>&lt;<a href="../../javax/tools/JavaFileObject.Kind.html" title="enum in javax.tools">JavaFileObject.Kind</a>&gt;  </dd> </dl><dl> <dt>Enclosing interface: </dt><dd> <a href="../../javax/tools/JavaFileObject.html" title="interface in javax.tools">JavaFileObject</a> </dd> </dl> <hr/> <br/><pre>public static enum <span class="strong">JavaFileObject.Kind</span>
extends <a href="../../java/lang/Enum.html" title="class in java.lang">Enum</a>&lt;<a href="../../javax/tools/JavaFileObject.Kind.html" title="enum in javax.tools">JavaFileObject.Kind</a>&gt;</pre><div class="block">Kinds of JavaFileObjects.  </div>  </li></ul> </div> <a end_ctx_id="class:JavaFileObject.Kind"/> </td></tr></table></td></tr></table><table border="0" cellpadding="1" cellspacing="0" width="100%"><tr><td><h3 class="ctxid">field:SOURCE [NONE]</h3></td></tr><tr><td><table border="0" cellpadding="5" cellspacing="1" bgcolor="black" width="100%"><tr valign="top"><td bgcolor="#FFFFFF" colspan="1"> <a start_ctx_id="field:SOURCE"/><a name="SOURCE"/><ul class="blockList"><li class="blockList"><h4>SOURCE</h4><pre>public static final <a href="../../javax/tools/JavaFileObject.Kind.html" title="enum in javax.tools">JavaFileObject.Kind</a> SOURCE</pre><div class="block">Source files written in the Java programming language. For example, regular files ending with <code>.java</code>.              </div></li></ul> <a end_ctx_id="field:SOURCE"/>  </td></tr></table></td></tr></table><table border="0" cellpadding="1" cellspacing="0" width="100%"><tr><td><h3 class="ctxid">field:CLASS [NONE]</h3></td></tr><tr><td><table border="0" cellpadding="5" cellspacing="1" bgcolor="black" width="100%"><tr valign="top"><td bgcolor="#FFFFFF" colspan="1"> <a start_ctx_id="field:CLASS"/><a name="CLASS"/><ul class="blockList"><li class="blockList"><h4>CLASS</h4><pre>public static final <a href="../../javax/tools/JavaFileObject.Kind.html" title="enum in javax.tools">JavaFileObject.Kind</a> CLASS</pre><div class="block">Class files for the Java Virtual Machine. For example, regular files ending with <code>.class</code>.             </div></li></ul> <a end_ctx_id="field:CLASS"/>  </td></tr></table></td></tr></table><table border="0" cellpadding="1" cellspacing="0" width="100%"><tr><td><h3 class="ctxid">field:HTML [NONE]</h3></td></tr><tr><td><table border="0" cellpadding="5" cellspacing="1" bgcolor="black" width="100%"><tr valign="top"><td bgcolor="#FFFFFF" colspan="1"> <a start_ctx_id="field:HTML"/><a name="HTML"/><ul class="blockList"><li class="blockList"><h4>HTML</h4><pre>public static final <a href="../../javax/tools/JavaFileObject.Kind.html" title="enum in javax.tools">JavaFileObject.Kind</a> HTML</pre><div class="block">HTML files. For example, regular files ending with <code>.html</code>.        </div></li></ul> <a end_ctx_id="field:HTML"/>  </td></tr></table></td></tr></table><table border="0" cellpadding="1" cellspacing="0" width="100%"><tr><td><h3 class="ctxid">field:OTHER [NONE]</h3></td></tr><tr><td><table border="0" cellpadding="5" cellspacing="1" bgcolor="black" width="100%"><tr valign="top"><td bgcolor="#FFFFFF" colspan="1"> <a start_ctx_id="field:OTHER"/><a name="OTHER"/><ul class="blockListLast"><li class="blockList"><h4>OTHER</h4><pre>public static final <a href="../../javax/tools/JavaFileObject.Kind.html" title="enum in javax.tools">JavaFileObject.Kind</a> OTHER</pre><div class="block">Any other kind.  </div></li></ul> <a end_ctx_id="field:OTHER"/>  </td></tr></table></td></tr></table><table border="0" cellpadding="1" cellspacing="0" width="100%"><tr><td><h3 class="ctxid">field:extension [NONE]</h3></td></tr><tr><td><table border="0" cellpadding="5" cellspacing="1" bgcolor="black" width="100%"><tr valign="top"><td bgcolor="#FFFFFF" colspan="1"> <a start_ctx_id="field:extension"/><a name="extension"/><ul class="blockListLast"><li class="blockList"><h4>extension</h4><pre>public final <a href="../../java/lang/String.html" title="class in java.lang">String</a> extension</pre><div class="block">The extension which (by convention) is normally used for this kind of file object. If no convention exists, the empty string (<code>""</code>) is used.                       </div></li></ul> <a end_ctx_id="field:extension"/>  </td></tr></table></td></tr></table><table border="0" cellpadding="1" cellspacing="0" width="100%"><tr><td><h3 class="ctxid">method:values() [NONE]</h3></td></tr><tr><td><table border="0" cellpadding="5" cellspacing="1" bgcolor="black" width="100%"><tr valign="top"><td bgcolor="#FFFFFF" colspan="1"> <a start_ctx_id="method:values()"/><a name="values()"/><ul class="blockList"><li class="blockList"><h4>values</h4><pre>public static <a href="../../javax/tools/JavaFileObject.Kind.html" title="enum in javax.tools">JavaFileObject.Kind</a>[] values()</pre><div class="block">Returns an array containing the constants of this enum type, in the order they are declared. This method may be used to iterate over the constants as follows:<pre>
for (JavaFileObject.Kind c : JavaFileObject.Kind.values())
    System.out.println(c);
</pre>                           </div><dl> <dt> <span class="strong">Returns:</span>   </dt><dd>an array containing the constants of this enum type, in the order they are declared              </dd> </dl></li></ul> <a end_ctx_id="method:values()"/>  </td></tr></table></td></tr></table><table border="0" cellpadding="1" cellspacing="0" width="100%"><tr><td><h3 class="ctxid">method:valueOf(java.lang.String) [NONE]</h3></td></tr><tr><td><table border="0" cellpadding="5" cellspacing="1" bgcolor="black" width="100%"><tr valign="top"><td bgcolor="#FFFFFF" colspan="1"> <a start_ctx_id="method:valueOf(java.lang.String)"/><a name="valueOf(java.lang.String)"/><ul class="blockListLast"><li class="blockList"><h4>valueOf</h4><pre>public static <a href="../../javax/tools/JavaFileObject.Kind.html" title="enum in javax.tools">JavaFileObject.Kind</a> valueOf(<a href="../../java/lang/String.html" title="class in java.lang">String</a> name)</pre><div class="block">Returns the enum constant of this type with the specified name. The string must match <i>exactly</i> an identifier used to declare an enum constant in this type. (Extraneous whitespace characters are not permitted.)                                </div><dl> <dt> <span class="strong">Parameters:</span>   </dt><dd> <code>name</code> - the name of the enum constant to be returned.           </dd> <dt> <span class="strong">Returns:</span>   </dt><dd>the enum constant with the specified name      </dd> <dt> <span class="strong">Throws:</span>   </dt><dd> <code><a href="../../java/lang/IllegalArgumentException.html" title="class in java.lang">IllegalArgumentException</a></code> - if this enum type has no constant with the specified name             </dd><dd> <code><a href="../../java/lang/NullPointerException.html" title="class in java.lang">NullPointerException</a></code> - if the argument is null       </dd>   </dl></li></ul> <a end_ctx_id="method:valueOf(java.lang.String)"/>  </td></tr></table></td></tr></table></diff></diffreport>