<?xml version="1.0" encoding="UTF-8"?><diffreport><diff><table border="0" cellpadding="1" cellspacing="0" width="100%"><tr><td><h3 class="ctxid">class:JavaCompiler.CompilationTask [NONE]</h3></td></tr><tr><td><table border="0" cellpadding="5" cellspacing="1" bgcolor="black" width="100%"><tr valign="top"><td bgcolor="#FFFFFF" colspan="1"><div class="description"> <a start_ctx_id="class:JavaCompiler.CompilationTask"/><ul class="blockList"><li class="blockList"><dl> <dt>All Superinterfaces: </dt><dd> <a href="../../java/util/concurrent/Callable.html" title="interface in java.util.concurrent">Callable</a>&lt;<a href="../../java/lang/Boolean.html" title="class in java.lang">Boolean</a>&gt; </dd> </dl><dl> <dt>Enclosing interface: </dt><dd> <a href="../../javax/tools/JavaCompiler.html" title="interface in javax.tools">JavaCompiler</a> </dd> </dl> <hr/> <br/><pre>public static interface <span class="strong">JavaCompiler.CompilationTask</span>
extends <a href="../../java/util/concurrent/Callable.html" title="interface in java.util.concurrent">Callable</a>&lt;<a href="../../java/lang/Boolean.html" title="class in java.lang">Boolean</a>&gt;</pre><div class="block">Interface representing a future for a compilation task. The compilation task has not yet started. To start the task, call the <a href="../../javax/tools/JavaCompiler.CompilationTask.html#call()">call</a> method.<p>Before calling the call method, additional aspects of the task can be configured, for example, by calling the <a href="../../javax/tools/JavaCompiler.CompilationTask.html#setProcessors(java.lang.Iterable)">setProcessors</a> method.                   </p>                      </div>  </li></ul> </div> <a end_ctx_id="class:JavaCompiler.CompilationTask"/> </td></tr></table></td></tr></table><table border="0" cellpadding="1" cellspacing="0" width="100%"><tr><td><h3 class="ctxid">method:setProcessors(java.lang.Iterable) [NONE]</h3></td></tr><tr><td><table border="0" cellpadding="5" cellspacing="1" bgcolor="black" width="100%"><tr valign="top"><td bgcolor="#FFFFFF" colspan="1"> <a start_ctx_id="method:setProcessors(java.lang.Iterable)"/><a name="setProcessors(java.lang.Iterable)"/><ul class="blockList"><li class="blockList"><h4>setProcessors</h4><pre>void setProcessors(<a href="../../java/lang/Iterable.html" title="interface in java.lang">Iterable</a>&lt;? extends <a href="../../javax/annotation/processing/Processor.html" title="interface in javax.annotation.processing">Processor</a>&gt; processors)</pre><div class="block">Sets processors (for annotation processing). This will bypass the normal discovery mechanism.           </div><dl> <dt> <span class="strong">Parameters:</span>   </dt><dd> <code>processors</code> - processors (for annotation processing)      </dd> <dt> <span class="strong">Throws:</span>   </dt><dd> <code><a href="../../java/lang/IllegalStateException.html" title="class in java.lang">IllegalStateException</a></code> - if the task has started       </dd>  </dl></li></ul> <a end_ctx_id="method:setProcessors(java.lang.Iterable)"/>  </td></tr></table></td></tr></table><table border="0" cellpadding="1" cellspacing="0" width="100%"><tr><td><h3 class="ctxid">method:setLocale(java.util.Locale) [NONE]</h3></td></tr><tr><td><table border="0" cellpadding="5" cellspacing="1" bgcolor="black" width="100%"><tr valign="top"><td bgcolor="#FFFFFF" colspan="1"> <a start_ctx_id="method:setLocale(java.util.Locale)"/><a name="setLocale(java.util.Locale)"/><ul class="blockList"><li class="blockList"><h4>setLocale</h4><pre>void setLocale(<a href="../../java/util/Locale.html" title="class in java.util">Locale</a> locale)</pre><div class="block">Set the locale to be applied when formatting diagnostics and other localized data.            </div><dl> <dt> <span class="strong">Parameters:</span>   </dt><dd> <code>locale</code> - the locale to apply; <code>null</code> means apply no locale           </dd> <dt> <span class="strong">Throws:</span>   </dt><dd> <code><a href="../../java/lang/IllegalStateException.html" title="class in java.lang">IllegalStateException</a></code> - if the task has started       </dd>  </dl></li></ul> <a end_ctx_id="method:setLocale(java.util.Locale)"/>  </td></tr></table></td></tr></table><table border="0" cellpadding="1" cellspacing="0" width="100%"><tr><td><h3 class="ctxid">method:call() [NONE]</h3></td></tr><tr><td><table border="0" cellpadding="5" cellspacing="1" bgcolor="black" width="100%"><tr valign="top"><td bgcolor="#FFFFFF" colspan="1"> <a start_ctx_id="method:call()"/><a name="call()"/><ul class="blockListLast"><li class="blockList"><h4>call</h4><pre><a href="../../java/lang/Boolean.html" title="class in java.lang">Boolean</a> call()</pre><div class="block">Performs this compilation task. The compilation may only be performed once. Subsequent calls to this method throw IllegalStateException.                 </div><dl> <dt> <span class="strong">Specified by: </span>   </dt><dd> <code><a href="../../java/util/concurrent/Callable.html#call()">call</a></code> in interface <code><a href="../../java/util/concurrent/Callable.html" title="interface in java.util.concurrent">Callable</a>&lt;<a href="../../java/lang/Boolean.html" title="class in java.lang">Boolean</a>&gt;</code>  </dd> <dt> <span class="strong">Returns:</span>   </dt><dd>true if and only all the files compiled without errors; false otherwise           </dd> <dt> <span class="strong">Throws:</span>   </dt><dd> <code><a href="../../java/lang/RuntimeException.html" title="class in java.lang">RuntimeException</a></code> - if an unrecoverable error occurred in a user-supplied component. The <a href="../../java/lang/Throwable.html#getCause()">cause</a> will be the error in user code.                    </dd><dd> <code><a href="../../java/lang/IllegalStateException.html" title="class in java.lang">IllegalStateException</a></code> - if called more than once       </dd>   </dl></li></ul> <a end_ctx_id="method:call()"/>  </td></tr></table></td></tr></table></diff></diffreport>