<?xml version="1.0" encoding="UTF-8"?><diffreport><diff><table border="0" cellpadding="1" cellspacing="0" width="100%"><tr><td><h3 class="ctxid">class:JavaCompiler [CHANGED]</h3></td></tr><tr><td><table border="0" cellpadding="5" cellspacing="1" bgcolor="black" width="100%"><tr valign="top"><td bgcolor="#EEEEEE" colspan="2"><div class="description"> <a start_ctx_id="class:JavaCompiler"/><ul class="blockList"><li class="blockList"><dl> <dt>All Superinterfaces: </dt><dd> <a href="../../javax/tools/OptionChecker.html" title="interface in javax.tools">OptionChecker</a>, <a href="../../javax/tools/Tool.html" title="interface in javax.tools">Tool</a>  </dd> </dl> <hr/> <br/><pre>public interface <span class="strong">JavaCompiler</span>
extends <a href="../../javax/tools/Tool.html" title="interface in javax.tools">Tool</a>, <a href="../../javax/tools/OptionChecker.html" title="interface in javax.tools">OptionChecker</a></pre><div class="block">Interface to invoke Java™ programming language compilers from programs.<p>The compiler might generate diagnostics during compilation (for example, error messages). If a diagnostic listener is provided, the diagnostics will be supplied to the listener. If no listener is provided, the diagnostics will be formatted in an unspecified format and written to the default output, which is <code>System.err</code> unless otherwise specified. Even if a diagnostic listener is supplied, some diagnostics might not fit in a <code>Diagnostic</code> and will be written to the default output.                                                                         </p><p>A compiler tool has an associated standard file manager, which is the file manager that is native to the tool (or built-in). The standard file manager can be obtained by calling <a href="../../javax/tools/JavaCompiler.html#getStandardFileManager(javax.tools.DiagnosticListener,%20java.util.Locale,%20java.nio.charset.Charset)">getStandardFileManager</a>.                               </p><p>A compiler tool must function with any file manager as long as any additional requirements as detailed in the methods below are met. If no file manager is provided, the compiler tool will use a standard file manager such as the one returned by <a href="../../javax/tools/JavaCompiler.html#getStandardFileManager(javax.tools.DiagnosticListener,%20java.util.Locale,%20java.nio.charset.Charset)">getStandardFileManager</a>.                                            </p><p>An instance implementing this interface must conform to <cite>The Java™ Language Specification   </cite> and generate class files conforming to <cite>The Java™ Virtual Machine Specification    </cite>. The versions of these specifications are defined in the <a href="../../javax/tools/Tool.html" title="interface in javax.tools">Tool</a> interface. Additionally, an instance of this interface supporting <a href="../../javax/lang/model/SourceVersion.html#RELEASE_6"><code>SourceVersion.RELEASE_6</code></a> or higher must also support <a href="../../javax/annotation/processing/package-summary.html">annotation processing </a>.                                        </p><p>The compiler relies on two services: <a href="../../javax/tools/DiagnosticListener.html" title="interface in javax.tools">diagnostic listener </a> and <a href="../../javax/tools/JavaFileManager.html" title="interface in javax.tools">file manager </a>. Although most classes and interfaces in this package defines an API for compilers (and tools in general) the interfaces <a href="../../javax/tools/DiagnosticListener.html" title="interface in javax.tools">DiagnosticListener</a>, <a href="../../javax/tools/JavaFileManager.html" title="interface in javax.tools">JavaFileManager</a>, <a href="../../javax/tools/FileObject.html" title="interface in javax.tools">FileObject</a>, and <a href="../../javax/tools/JavaFileObject.html" title="interface in javax.tools">JavaFileObject</a> are not intended to be used in applications. Instead these interfaces are intended to be implemented and used to provide customized services for a compiler and thus defines an SPI for compilers.                                                                </p><p>There are a number of classes and interfaces in this package which are designed to ease the implementation of the SPI to customize the behavior of a compiler:<dl> <dt> <a href="../../javax/tools/StandardJavaFileManager.html" title="interface in javax.tools"><code>StandardJavaFileManager</code></a>   </dt><dd> Every compiler which implements this interface provides a standard file manager for operating on regular <a href="../../java/io/File.html" title="class in java.io">files</a>. The StandardJavaFileManager interface defines additional methods for creating file objects from regular files.                             </dd> </dl>                           </p><p>The standard file manager serves two purposes:<ul><li>basic building block for customizing how a compiler reads and writes files           </li><li>sharing between multiple compilation tasks    </li></ul>      </p><p>Reusing a file manager can potentially reduce overhead of scanning the file system and reading jar files. Although there might be no reduction in overhead, a standard file manager must work with multiple sequential compilations making the following example a recommended coding pattern:<pre>
       <span class="diff-html-removed">Files</span><span class="diff-html-added">File</span>[] files1 = ... ; // input for first compilation task
       <span class="diff-html-removed">Files</span><span class="diff-html-added">File</span>[] files2 = ... ; // input for second compilation task

       JavaCompiler compiler = ToolProvider.getSystemJavaCompiler();
       StandardJavaFileManager fileManager = compiler.getStandardFileManager(null, null, null);

       <code> Iterable&lt;? extends JavaFileObject&gt;</code> compilationUnits1 =
           fileManager.getJavaFileObjectsFromFiles(<a href="../../java/util/Arrays.html#asList(T...)">Arrays.asList</a>(files1));
       compiler.getTask(null, fileManager, null, null, null, compilationUnits1).call();

       <code> Iterable&lt;? extends JavaFileObject&gt;</code> compilationUnits2 =
           fileManager.getJavaFileObjects(files2); // use alternative method
       // reuse the same file manager to allow caching of jar files
       compiler.getTask(null, fileManager, null, null, null, compilationUnits2).call();

       fileManager.close();</pre><dl> <dt> <a href="../../javax/tools/DiagnosticCollector.html" title="class in javax.tools"><code>DiagnosticCollector</code></a>   </dt><dd> Used to collect diagnostics in a list, for example:<pre>
       
<code> Iterable&lt;? extends JavaFileObject&gt;</code> compilationUnits = ...;
       JavaCompiler compiler = ToolProvider.getSystemJavaCompiler();
       <code> DiagnosticCollector&lt;JavaFileObject&gt; diagnostics = new DiagnosticCollector&lt;JavaFileObject&gt;();</code>
       StandardJavaFileManager fileManager = compiler.getStandardFileManager(diagnostics, null, null);
       compiler.getTask(null, fileManager, diagnostics, null, null, compilationUnits).call();

       for (<code> <span class="diff-html-removed">Diagnostic</span><span class="diff-html-added">Diagnostic&lt;?</span> <span class="diff-html-added">extends</span> <span class="diff-html-added">JavaFileObject&gt;</span></code> diagnostic : diagnostics.getDiagnostics())
           System.out.format("Error on line %d in %s%n",
                             diagnostic.getLineNumber(),
                             diagnostic.getSource().toUri());

       fileManager.close();</pre>         </dd> <dt> <a href="../../javax/tools/ForwardingJavaFileManager.html" title="class in javax.tools"><code>ForwardingJavaFileManager</code></a>, <a href="../../javax/tools/ForwardingFileObject.html" title="class in javax.tools"><code>ForwardingFileObject</code></a>, and <a href="../../javax/tools/ForwardingJavaFileObject.html" title="class in javax.tools"><code>ForwardingJavaFileObject</code></a>      </dt><dd> Subclassing is not available for overriding the behavior of a standard file manager as it is created by calling a method on a compiler, not by invoking a constructor. Instead forwarding (or delegation) should be used. These classes makes it easy to forward most calls to a given file manager or file object while allowing customizing behavior. For example, consider how to log all calls to <a href="../../javax/tools/JavaFileManager.html#flush()">JavaFileManager.flush()</a>:<pre>
       final <a href="../../java/util/logging/Logger.html" title="class in java.util.logging">Logger</a> logger = ...;
       <code> Iterable&lt;? extends JavaFileObject&gt;</code> compilationUnits = ...;
       JavaCompiler compiler = ToolProvider.getSystemJavaCompiler();
       StandardJavaFileManager stdFileManager = compiler.getStandardFileManager(null, null, null);
       JavaFileManager fileManager = new ForwardingJavaFileManager(stdFileManager) {
           public void flush() <span class="diff-html-added">throws</span> <span class="diff-html-added">IOException</span> {
               logger.entering(StandardJavaFileManager.class.getName(), "flush");
               super.flush();
               logger.exiting(StandardJavaFileManager.class.getName(), "flush");
           }
       };
       compiler.getTask(null, fileManager, null, null, null, compilationUnits).call();</pre>                                                                   </dd> <dt> <a href="../../javax/tools/SimpleJavaFileObject.html" title="class in javax.tools"><code>SimpleJavaFileObject</code></a>   </dt><dd> This class provides a basic file object implementation which can be used as building block for creating file objects. For example, here is how to define a file object which represent source code stored in a string:<pre>
       /**
        * A file object used to represent source coming from a string.
        <code> *</code>/
       public class JavaSourceFromString extends SimpleJavaFileObject {
           /**
            * The source code of this "file".
            <code> *</code>/
           final String code;

           /**
            * Constructs a new JavaSourceFromString.
            * <code> @</code>param name the name of the compilation unit represented by this file object
            * <code> @</code>param code the source code for the compilation unit represented by this file object
            <code> *</code>/
           JavaSourceFromString(String name, String code) {
               super(<a href="../../java/net/URI.html#create(java.lang.String)">URI.create</a>("string:///" + name.replace('.','/') + Kind.SOURCE.extension),
                     Kind.SOURCE);
               this.code = code;
           }

           <code> @</code>Override
           public CharSequence getCharContent(boolean ignoreEncodingErrors) {
               return code;
           }
       }</pre>                                     </dd>   </dl>                                          </p>        </div><dl> <dt> <span class="strong">Since:</span>   </dt><dd>1.6</dd> <dt> <span class="strong">See Also: </span>   </dt><dd> <a href="../../javax/tools/DiagnosticListener.html" title="interface in javax.tools"><code>DiagnosticListener</code></a>, <a href="../../javax/tools/Diagnostic.html" title="interface in javax.tools"><code>Diagnostic</code></a>, <a href="../../javax/tools/JavaFileManager.html" title="interface in javax.tools"><code>JavaFileManager</code></a>   </dd>  </dl>  </li></ul> </div> <a end_ctx_id="class:JavaCompiler"/> </td></tr><tr valign="top"><td bgcolor="#CCCCCC" colspan="1"><div class="description"> <a start_ctx_id="class:JavaCompiler"/><ul class="blockList"><li class="blockList"><dl> <dt>All Superinterfaces: </dt><dd> <a href="../../javax/tools/OptionChecker.html" title="interface in javax.tools">OptionChecker</a>, <a href="../../javax/tools/Tool.html" title="interface in javax.tools">Tool</a>  </dd> </dl> <hr/> <br/><pre>public interface <span class="strong">JavaCompiler</span>
extends <a href="../../javax/tools/Tool.html" title="interface in javax.tools">Tool</a>, <a href="../../javax/tools/OptionChecker.html" title="interface in javax.tools">OptionChecker</a></pre><div class="block">Interface to invoke Java™ programming language compilers from programs.<p>The compiler might generate diagnostics during compilation (for example, error messages). If a diagnostic listener is provided, the diagnostics will be supplied to the listener. If no listener is provided, the diagnostics will be formatted in an unspecified format and written to the default output, which is <code>System.err</code> unless otherwise specified. Even if a diagnostic listener is supplied, some diagnostics might not fit in a <code>Diagnostic</code> and will be written to the default output.                                                                         </p><p>A compiler tool has an associated standard file manager, which is the file manager that is native to the tool (or built-in). The standard file manager can be obtained by calling <a href="../../javax/tools/JavaCompiler.html#getStandardFileManager(javax.tools.DiagnosticListener, java.util.Locale, java.nio.charset.Charset)">getStandardFileManager</a>.                               </p><p>A compiler tool must function with any file manager as long as any additional requirements as detailed in the methods below are met. If no file manager is provided, the compiler tool will use a standard file manager such as the one returned by <a href="../../javax/tools/JavaCompiler.html#getStandardFileManager(javax.tools.DiagnosticListener, java.util.Locale, java.nio.charset.Charset)">getStandardFileManager</a>.                                            </p><p>An instance implementing this interface must conform to <cite>The Java™ Language Specification   </cite> and generate class files conforming to <cite>The Java™ Virtual Machine Specification    </cite>. The versions of these specifications are defined in the <a href="../../javax/tools/Tool.html" title="interface in javax.tools">Tool</a> interface. Additionally, an instance of this interface supporting <a href="../../javax/lang/model/SourceVersion.html#RELEASE_6"><code>SourceVersion.RELEASE_6</code></a> or higher must also support <a href="../../javax/annotation/processing/package-summary.html">annotation processing </a>.                                        </p><p>The compiler relies on two services: <a href="../../javax/tools/DiagnosticListener.html" title="interface in javax.tools">diagnostic listener </a> and <a href="../../javax/tools/JavaFileManager.html" title="interface in javax.tools">file manager </a>. Although most classes and interfaces in this package defines an API for compilers (and tools in general) the interfaces <a href="../../javax/tools/DiagnosticListener.html" title="interface in javax.tools">DiagnosticListener</a>, <a href="../../javax/tools/JavaFileManager.html" title="interface in javax.tools">JavaFileManager</a>, <a href="../../javax/tools/FileObject.html" title="interface in javax.tools">FileObject</a>, and <a href="../../javax/tools/JavaFileObject.html" title="interface in javax.tools">JavaFileObject</a> are not intended to be used in applications. Instead these interfaces are intended to be implemented and used to provide customized services for a compiler and thus defines an SPI for compilers.                                                                </p><p>There are a number of classes and interfaces in this package which are designed to ease the implementation of the SPI to customize the behavior of a compiler:<dl> <dt> <a href="../../javax/tools/StandardJavaFileManager.html" title="interface in javax.tools"><code>StandardJavaFileManager</code></a>   </dt><dd> Every compiler which implements this interface provides a standard file manager for operating on regular <a href="../../java/io/File.html" title="class in java.io">files</a>. The StandardJavaFileManager interface defines additional methods for creating file objects from regular files.                             </dd> </dl>                           </p><p>The standard file manager serves two purposes:<ul><li>basic building block for customizing how a compiler reads and writes files           </li><li>sharing between multiple compilation tasks    </li></ul>      </p><p>Reusing a file manager can potentially reduce overhead of scanning the file system and reading jar files. Although there might be no reduction in overhead, a standard file manager must work with multiple sequential compilations making the following example a recommended coding pattern:<pre>
       Files[] files1 = ... ; // input for first compilation task
       Files[] files2 = ... ; // input for second compilation task

       JavaCompiler compiler = ToolProvider.getSystemJavaCompiler();
       StandardJavaFileManager fileManager = compiler.getStandardFileManager(null, null, null);

       <code>Iterable&lt;? extends JavaFileObject&gt;</code> compilationUnits1 =
           fileManager.getJavaFileObjectsFromFiles(<a href="../../java/util/Arrays.html#asList(T...)">Arrays.asList</a>(files1));
       compiler.getTask(null, fileManager, null, null, null, compilationUnits1).call();

       <code>Iterable&lt;? extends JavaFileObject&gt;</code> compilationUnits2 =
           fileManager.getJavaFileObjects(files2); // use alternative method
       // reuse the same file manager to allow caching of jar files
       compiler.getTask(null, fileManager, null, null, null, compilationUnits2).call();

       fileManager.close();</pre><dl> <dt> <a href="../../javax/tools/DiagnosticCollector.html" title="class in javax.tools"><code>DiagnosticCollector</code></a>   </dt><dd> Used to collect diagnostics in a list, for example:<pre>
       
<code>Iterable&lt;? extends JavaFileObject&gt;</code> compilationUnits = ...;
       JavaCompiler compiler = ToolProvider.getSystemJavaCompiler();
       <code>DiagnosticCollector&lt;JavaFileObject&gt; diagnostics = new DiagnosticCollector&lt;JavaFileObject&gt;();</code>
       StandardJavaFileManager fileManager = compiler.getStandardFileManager(diagnostics, null, null);
       compiler.getTask(null, fileManager, diagnostics, null, null, compilationUnits).call();

       for (Diagnostic diagnostic : diagnostics.getDiagnostics())
           System.out.format("Error on line %d in %s%n",
                             diagnostic.getLineNumber(),
                             diagnostic.getSource().toUri());

       fileManager.close();</pre>         </dd> <dt> <a href="../../javax/tools/ForwardingJavaFileManager.html" title="class in javax.tools"><code>ForwardingJavaFileManager</code></a>, <a href="../../javax/tools/ForwardingFileObject.html" title="class in javax.tools"><code>ForwardingFileObject</code></a>, and <a href="../../javax/tools/ForwardingJavaFileObject.html" title="class in javax.tools"><code>ForwardingJavaFileObject</code></a>      </dt><dd> Subclassing is not available for overriding the behavior of a standard file manager as it is created by calling a method on a compiler, not by invoking a constructor. Instead forwarding (or delegation) should be used. These classes makes it easy to forward most calls to a given file manager or file object while allowing customizing behavior. For example, consider how to log all calls to <a href="../../javax/tools/JavaFileManager.html#flush()">JavaFileManager.flush()</a>:<pre>
       final <a href="../../java/util/logging/Logger.html" title="class in java.util.logging">Logger</a> logger = ...;
       <code>Iterable&lt;? extends JavaFileObject&gt;</code> compilationUnits = ...;
       JavaCompiler compiler = ToolProvider.getSystemJavaCompiler();
       StandardJavaFileManager stdFileManager = compiler.getStandardFileManager(null, null, null);
       JavaFileManager fileManager = new ForwardingJavaFileManager(stdFileManager) {
           public void flush() {
               logger.entering(StandardJavaFileManager.class.getName(), "flush");
               super.flush();
               logger.exiting(StandardJavaFileManager.class.getName(), "flush");
           }
       };
       compiler.getTask(null, fileManager, null, null, null, compilationUnits).call();</pre>                                                                   </dd> <dt> <a href="../../javax/tools/SimpleJavaFileObject.html" title="class in javax.tools"><code>SimpleJavaFileObject</code></a>   </dt><dd> This class provides a basic file object implementation which can be used as building block for creating file objects. For example, here is how to define a file object which represent source code stored in a string:<pre>
       /**
        * A file object used to represent source coming from a string.
        <code>*</code>/
       public class JavaSourceFromString extends SimpleJavaFileObject {
           /**
            * The source code of this "file".
            <code>*</code>/
           final String code;

           /**
            * Constructs a new JavaSourceFromString.
            * <code>@</code>param name the name of the compilation unit represented by this file object
            * <code>@</code>param code the source code for the compilation unit represented by this file object
            <code>*</code>/
           JavaSourceFromString(String name, String code) {
               super(<a href="../../java/net/URI.html#create(java.lang.String)">URI.create</a>("string:///" + name.replace('.','/') + Kind.SOURCE.extension),
                     Kind.SOURCE);
               this.code = code;
           }

           <code>@</code>Override
           public CharSequence getCharContent(boolean ignoreEncodingErrors) {
               return code;
           }
       }</pre>                                     </dd>   </dl>                                          </p>        </div><dl> <dt> <span class="strong">Since:</span>   </dt><dd>1.6</dd> <dt> <span class="strong">See Also: </span>   </dt><dd> <a href="../../javax/tools/DiagnosticListener.html" title="interface in javax.tools"><code>DiagnosticListener</code></a>, <a href="../../javax/tools/Diagnostic.html" title="interface in javax.tools"><code>Diagnostic</code></a>, <a href="../../javax/tools/JavaFileManager.html" title="interface in javax.tools"><code>JavaFileManager</code></a>   </dd>  </dl>  </li></ul> </div> <a end_ctx_id="class:JavaCompiler"/> </td><td bgcolor="#FFFFFF" colspan="1"><div class="description"> <a start_ctx_id="class:JavaCompiler"/><ul class="blockList"><li class="blockList"><dl> <dt>All Superinterfaces: </dt><dd> <a href="../../javax/tools/OptionChecker.html" title="interface in javax.tools">OptionChecker</a>, <a href="../../javax/tools/Tool.html" title="interface in javax.tools">Tool</a>  </dd> </dl> <hr/> <br/><pre>public interface <span class="strong">JavaCompiler</span>
extends <a href="../../javax/tools/Tool.html" title="interface in javax.tools">Tool</a>, <a href="../../javax/tools/OptionChecker.html" title="interface in javax.tools">OptionChecker</a></pre><div class="block">Interface to invoke Java™ programming language compilers from programs.<p>The compiler might generate diagnostics during compilation (for example, error messages). If a diagnostic listener is provided, the diagnostics will be supplied to the listener. If no listener is provided, the diagnostics will be formatted in an unspecified format and written to the default output, which is <code>System.err</code> unless otherwise specified. Even if a diagnostic listener is supplied, some diagnostics might not fit in a <code>Diagnostic</code> and will be written to the default output.                                                                         </p><p>A compiler tool has an associated standard file manager, which is the file manager that is native to the tool (or built-in). The standard file manager can be obtained by calling <a href="../../javax/tools/JavaCompiler.html#getStandardFileManager(javax.tools.DiagnosticListener,%20java.util.Locale,%20java.nio.charset.Charset)">getStandardFileManager</a>.                               </p><p>A compiler tool must function with any file manager as long as any additional requirements as detailed in the methods below are met. If no file manager is provided, the compiler tool will use a standard file manager such as the one returned by <a href="../../javax/tools/JavaCompiler.html#getStandardFileManager(javax.tools.DiagnosticListener,%20java.util.Locale,%20java.nio.charset.Charset)">getStandardFileManager</a>.                                            </p><p>An instance implementing this interface must conform to <cite>The Java™ Language Specification   </cite> and generate class files conforming to <cite>The Java™ Virtual Machine Specification    </cite>. The versions of these specifications are defined in the <a href="../../javax/tools/Tool.html" title="interface in javax.tools">Tool</a> interface. Additionally, an instance of this interface supporting <a href="../../javax/lang/model/SourceVersion.html#RELEASE_6"><code>SourceVersion.RELEASE_6</code></a> or higher must also support <a href="../../javax/annotation/processing/package-summary.html">annotation processing </a>.                                        </p><p>The compiler relies on two services: <a href="../../javax/tools/DiagnosticListener.html" title="interface in javax.tools">diagnostic listener </a> and <a href="../../javax/tools/JavaFileManager.html" title="interface in javax.tools">file manager </a>. Although most classes and interfaces in this package defines an API for compilers (and tools in general) the interfaces <a href="../../javax/tools/DiagnosticListener.html" title="interface in javax.tools">DiagnosticListener</a>, <a href="../../javax/tools/JavaFileManager.html" title="interface in javax.tools">JavaFileManager</a>, <a href="../../javax/tools/FileObject.html" title="interface in javax.tools">FileObject</a>, and <a href="../../javax/tools/JavaFileObject.html" title="interface in javax.tools">JavaFileObject</a> are not intended to be used in applications. Instead these interfaces are intended to be implemented and used to provide customized services for a compiler and thus defines an SPI for compilers.                                                                </p><p>There are a number of classes and interfaces in this package which are designed to ease the implementation of the SPI to customize the behavior of a compiler:<dl> <dt> <a href="../../javax/tools/StandardJavaFileManager.html" title="interface in javax.tools"><code>StandardJavaFileManager</code></a>   </dt><dd> Every compiler which implements this interface provides a standard file manager for operating on regular <a href="../../java/io/File.html" title="class in java.io">files</a>. The StandardJavaFileManager interface defines additional methods for creating file objects from regular files.                             </dd> </dl>                           </p><p>The standard file manager serves two purposes:<ul><li>basic building block for customizing how a compiler reads and writes files           </li><li>sharing between multiple compilation tasks    </li></ul>      </p><p>Reusing a file manager can potentially reduce overhead of scanning the file system and reading jar files. Although there might be no reduction in overhead, a standard file manager must work with multiple sequential compilations making the following example a recommended coding pattern:<pre>
       File[] files1 = ... ; // input for first compilation task
       File[] files2 = ... ; // input for second compilation task

       JavaCompiler compiler = ToolProvider.getSystemJavaCompiler();
       StandardJavaFileManager fileManager = compiler.getStandardFileManager(null, null, null);

       <code> Iterable&lt;? extends JavaFileObject&gt;</code> compilationUnits1 =
           fileManager.getJavaFileObjectsFromFiles(<a href="../../java/util/Arrays.html#asList(T...)">Arrays.asList</a>(files1));
       compiler.getTask(null, fileManager, null, null, null, compilationUnits1).call();

       <code> Iterable&lt;? extends JavaFileObject&gt;</code> compilationUnits2 =
           fileManager.getJavaFileObjects(files2); // use alternative method
       // reuse the same file manager to allow caching of jar files
       compiler.getTask(null, fileManager, null, null, null, compilationUnits2).call();

       fileManager.close();</pre><dl> <dt> <a href="../../javax/tools/DiagnosticCollector.html" title="class in javax.tools"><code>DiagnosticCollector</code></a>   </dt><dd> Used to collect diagnostics in a list, for example:<pre>
       
<code> Iterable&lt;? extends JavaFileObject&gt;</code> compilationUnits = ...;
       JavaCompiler compiler = ToolProvider.getSystemJavaCompiler();
       <code> DiagnosticCollector&lt;JavaFileObject&gt; diagnostics = new DiagnosticCollector&lt;JavaFileObject&gt;();</code>
       StandardJavaFileManager fileManager = compiler.getStandardFileManager(diagnostics, null, null);
       compiler.getTask(null, fileManager, diagnostics, null, null, compilationUnits).call();

       for (<code> Diagnostic&lt;? extends JavaFileObject&gt;</code> diagnostic : diagnostics.getDiagnostics())
           System.out.format("Error on line %d in %s%n",
                             diagnostic.getLineNumber(),
                             diagnostic.getSource().toUri());

       fileManager.close();</pre>         </dd> <dt> <a href="../../javax/tools/ForwardingJavaFileManager.html" title="class in javax.tools"><code>ForwardingJavaFileManager</code></a>, <a href="../../javax/tools/ForwardingFileObject.html" title="class in javax.tools"><code>ForwardingFileObject</code></a>, and <a href="../../javax/tools/ForwardingJavaFileObject.html" title="class in javax.tools"><code>ForwardingJavaFileObject</code></a>      </dt><dd> Subclassing is not available for overriding the behavior of a standard file manager as it is created by calling a method on a compiler, not by invoking a constructor. Instead forwarding (or delegation) should be used. These classes makes it easy to forward most calls to a given file manager or file object while allowing customizing behavior. For example, consider how to log all calls to <a href="../../javax/tools/JavaFileManager.html#flush()">JavaFileManager.flush()</a>:<pre>
       final <a href="../../java/util/logging/Logger.html" title="class in java.util.logging">Logger</a> logger = ...;
       <code> Iterable&lt;? extends JavaFileObject&gt;</code> compilationUnits = ...;
       JavaCompiler compiler = ToolProvider.getSystemJavaCompiler();
       StandardJavaFileManager stdFileManager = compiler.getStandardFileManager(null, null, null);
       JavaFileManager fileManager = new ForwardingJavaFileManager(stdFileManager) {
           public void flush() throws IOException {
               logger.entering(StandardJavaFileManager.class.getName(), "flush");
               super.flush();
               logger.exiting(StandardJavaFileManager.class.getName(), "flush");
           }
       };
       compiler.getTask(null, fileManager, null, null, null, compilationUnits).call();</pre>                                                                   </dd> <dt> <a href="../../javax/tools/SimpleJavaFileObject.html" title="class in javax.tools"><code>SimpleJavaFileObject</code></a>   </dt><dd> This class provides a basic file object implementation which can be used as building block for creating file objects. For example, here is how to define a file object which represent source code stored in a string:<pre>
       /**
        * A file object used to represent source coming from a string.
        <code> *</code>/
       public class JavaSourceFromString extends SimpleJavaFileObject {
           /**
            * The source code of this "file".
            <code> *</code>/
           final String code;

           /**
            * Constructs a new JavaSourceFromString.
            * <code> @</code>param name the name of the compilation unit represented by this file object
            * <code> @</code>param code the source code for the compilation unit represented by this file object
            <code> *</code>/
           JavaSourceFromString(String name, String code) {
               super(<a href="../../java/net/URI.html#create(java.lang.String)">URI.create</a>("string:///" + name.replace('.','/') + Kind.SOURCE.extension),
                     Kind.SOURCE);
               this.code = code;
           }

           <code> @</code>Override
           public CharSequence getCharContent(boolean ignoreEncodingErrors) {
               return code;
           }
       }</pre>                                     </dd>   </dl>                                          </p>        </div><dl> <dt> <span class="strong">Since:</span>   </dt><dd>1.6</dd> <dt> <span class="strong">See Also: </span>   </dt><dd> <a href="../../javax/tools/DiagnosticListener.html" title="interface in javax.tools"><code>DiagnosticListener</code></a>, <a href="../../javax/tools/Diagnostic.html" title="interface in javax.tools"><code>Diagnostic</code></a>, <a href="../../javax/tools/JavaFileManager.html" title="interface in javax.tools"><code>JavaFileManager</code></a>   </dd>  </dl>  </li></ul> </div> <a end_ctx_id="class:JavaCompiler"/> </td></tr></table></td></tr></table><table border="0" cellpadding="1" cellspacing="0" width="100%"><tr><td><h3 class="ctxid">method:getTask(java.io.Writer, javax.tools.JavaFileManager, javax.tools.DiagnosticListener, java.lang.Iterable, java.lang.Iterable, java.lang.Iterable) [CHANGED]</h3></td></tr><tr><td><table border="0" cellpadding="5" cellspacing="1" bgcolor="black" width="100%"><tr valign="top"><td bgcolor="#EEEEEE" colspan="2"> <a start_ctx_id="method:getTask(java.io.Writer, javax.tools.JavaFileManager, javax.tools.DiagnosticListener, java.lang.Iterable, java.lang.Iterable, java.lang.Iterable)"/><a name="getTask(java.io.Writer, javax.tools.JavaFileManager, javax.tools.DiagnosticListener, java.lang.Iterable, java.lang.Iterable, java.lang.Iterable)"/><ul class="blockList"><li class="blockList"><h4>getTask</h4><pre><a href="../../javax/tools/JavaCompiler.CompilationTask.html" title="interface in javax.tools">JavaCompiler.CompilationTask</a> getTask(<a href="../../java/io/Writer.html" title="class in java.io">Writer</a> out,
                                     <a href="../../javax/tools/JavaFileManager.html" title="interface in javax.tools">JavaFileManager</a> fileManager,
                                     <a href="../../javax/tools/DiagnosticListener.html" title="interface in javax.tools">DiagnosticListener</a>&lt;? super <a href="../../javax/tools/JavaFileObject.html" title="interface in javax.tools">JavaFileObject</a>&gt; diagnosticListener,
                                     <a href="../../java/lang/Iterable.html" title="interface in java.lang">Iterable</a>&lt;<a href="../../java/lang/String.html" title="class in java.lang">String</a>&gt; options,
                                     <a href="../../java/lang/Iterable.html" title="interface in java.lang">Iterable</a>&lt;<a href="../../java/lang/String.html" title="class in java.lang">String</a>&gt; classes,
                                     <a href="../../java/lang/Iterable.html" title="interface in java.lang">Iterable</a>&lt;? extends <a href="../../javax/tools/JavaFileObject.html" title="interface in javax.tools">JavaFileObject</a>&gt; compilationUnits)</pre><div class="block">Creates a future for a compilation task with the given components and arguments. The compilation might not have completed as described in the CompilationTask interface.<p>If a file manager is provided, it must be able to handle all locations defined in <a href="../../javax/tools/StandardLocation.html" title="enum in javax.tools"><code>StandardLocation</code></a>.                </p><p>Note that annotation processing can process both the compilation units of source code to be compiled, passed with the <code>compilationUnits</code> parameter, as well as class files, whose names are passed with the <code>classes</code> parameter.                                 </p>                        </div><dl> <dt> <span class="strong">Parameters:</span>   </dt><dd> <code>out</code> - a Writer for additional output from the compiler; use <code>System.err</code> if <code>null</code>              </dd><dd> <code>fileManager</code> - a file manager; if <code>null</code> use the compiler's standard filemanager            </dd><dd> <code>diagnosticListener</code> - a diagnostic listener; if <code>null</code> use the compiler's default method for reporting diagnostics               </dd><dd> <code>options</code> - compiler options, <code>null</code> means no options        </dd><dd> <code>classes</code> - names of classes to be processed by annotation processing, <code>null</code> means no class names                </dd><dd> <code>compilationUnits</code> - the compilation units to compile, <code>null</code> means no compilation units            </dd> <dt> <span class="strong">Returns:</span>   </dt><dd>an object representing the compilation    </dd> <dt> <span class="strong">Throws:</span>   </dt><dd> <code><a href="../../java/lang/RuntimeException.html" title="class in java.lang">RuntimeException</a></code> - if an unrecoverable error occurred in a user supplied component. The <a href="../../java/lang/Throwable.html#getCause()">cause</a> will be the error in user code.                     </dd><dd> <code><a href="../../java/lang/IllegalArgumentException.html" title="class in java.lang">IllegalArgumentException</a></code> - <span class="diff-html-added">if</span> <span class="diff-html-added">any</span> <span class="diff-html-added">of</span> <span class="diff-html-added">the</span> <span class="diff-html-added">options</span> <span class="diff-html-added">are</span> <span class="diff-html-added">invalid,</span> <span class="diff-html-added">or</span> if any of the given compilation units are of other kind than <a href="../../javax/tools/JavaFileObject.Kind.html#SOURCE">source</a>                       </dd>   </dl></li></ul> <a end_ctx_id="method:getTask(java.io.Writer, javax.tools.JavaFileManager, javax.tools.DiagnosticListener, java.lang.Iterable, java.lang.Iterable, java.lang.Iterable)"/>  </td></tr><tr valign="top"><td bgcolor="#CCCCCC" colspan="1"> <a start_ctx_id="method:getTask(java.io.Writer, javax.tools.JavaFileManager, javax.tools.DiagnosticListener, java.lang.Iterable, java.lang.Iterable, java.lang.Iterable)"/><a name="getTask(java.io.Writer, javax.tools.JavaFileManager, javax.tools.DiagnosticListener, java.lang.Iterable, java.lang.Iterable, java.lang.Iterable)"/><ul class="blockList"><li class="blockList"><h4>getTask</h4><pre><a href="../../javax/tools/JavaCompiler.CompilationTask.html" title="interface in javax.tools">JavaCompiler.CompilationTask</a> getTask(<a href="../../java/io/Writer.html" title="class in java.io">Writer</a> out,
                                   <a href="../../javax/tools/JavaFileManager.html" title="interface in javax.tools">JavaFileManager</a> fileManager,
                                   <a href="../../javax/tools/DiagnosticListener.html" title="interface in javax.tools">DiagnosticListener</a>&lt;? super <a href="../../javax/tools/JavaFileObject.html" title="interface in javax.tools">JavaFileObject</a>&gt; diagnosticListener,
                                   <a href="../../java/lang/Iterable.html" title="interface in java.lang">Iterable</a>&lt;<a href="../../java/lang/String.html" title="class in java.lang">String</a>&gt; options,
                                   <a href="../../java/lang/Iterable.html" title="interface in java.lang">Iterable</a>&lt;<a href="../../java/lang/String.html" title="class in java.lang">String</a>&gt; classes,
                                   <a href="../../java/lang/Iterable.html" title="interface in java.lang">Iterable</a>&lt;? extends <a href="../../javax/tools/JavaFileObject.html" title="interface in javax.tools">JavaFileObject</a>&gt; compilationUnits)</pre><div class="block">Creates a future for a compilation task with the given components and arguments. The compilation might not have completed as described in the CompilationTask interface.<p>If a file manager is provided, it must be able to handle all locations defined in <a href="../../javax/tools/StandardLocation.html" title="enum in javax.tools"><code>StandardLocation</code></a>.                </p><p>Note that annotation processing can process both the compilation units of source code to be compiled, passed with the <code>compilationUnits</code> parameter, as well as class files, whose names are passed with the <code>classes</code> parameter.                                 </p>                        </div><dl> <dt> <span class="strong">Parameters:</span>   </dt><dd> <code>out</code> - a Writer for additional output from the compiler; use <code>System.err</code> if <code>null</code>              </dd><dd> <code>fileManager</code> - a file manager; if <code>null</code> use the compiler's standard filemanager            </dd><dd> <code>diagnosticListener</code> - a diagnostic listener; if <code>null</code> use the compiler's default method for reporting diagnostics               </dd><dd> <code>options</code> - compiler options, <code>null</code> means no options        </dd><dd> <code>classes</code> - names of classes to be processed by annotation processing, <code>null</code> means no class names                </dd><dd> <code>compilationUnits</code> - the compilation units to compile, <code>null</code> means no compilation units            </dd> <dt> <span class="strong">Returns:</span>   </dt><dd>an object representing the compilation    </dd> <dt> <span class="strong">Throws:</span>   </dt><dd> <code><a href="../../java/lang/RuntimeException.html" title="class in java.lang">RuntimeException</a></code> - if an unrecoverable error occurred in a user supplied component. The <a href="../../java/lang/Throwable.html#getCause()">cause</a> will be the error in user code.                     </dd><dd> <code><a href="../../java/lang/IllegalArgumentException.html" title="class in java.lang">IllegalArgumentException</a></code> - if any of the given compilation units are of other kind than <a href="../../javax/tools/JavaFileObject.Kind.html#SOURCE">source</a>               </dd>   </dl></li></ul> <a end_ctx_id="method:getTask(java.io.Writer, javax.tools.JavaFileManager, javax.tools.DiagnosticListener, java.lang.Iterable, java.lang.Iterable, java.lang.Iterable)"/>  </td><td bgcolor="#FFFFFF" colspan="1"> <a start_ctx_id="method:getTask(java.io.Writer, javax.tools.JavaFileManager, javax.tools.DiagnosticListener, java.lang.Iterable, java.lang.Iterable, java.lang.Iterable)"/><a name="getTask(java.io.Writer, javax.tools.JavaFileManager, javax.tools.DiagnosticListener, java.lang.Iterable, java.lang.Iterable, java.lang.Iterable)"/><ul class="blockList"><li class="blockList"><h4>getTask</h4><pre><a href="../../javax/tools/JavaCompiler.CompilationTask.html" title="interface in javax.tools">JavaCompiler.CompilationTask</a> getTask(<a href="../../java/io/Writer.html" title="class in java.io">Writer</a> out,
                                     <a href="../../javax/tools/JavaFileManager.html" title="interface in javax.tools">JavaFileManager</a> fileManager,
                                     <a href="../../javax/tools/DiagnosticListener.html" title="interface in javax.tools">DiagnosticListener</a>&lt;? super <a href="../../javax/tools/JavaFileObject.html" title="interface in javax.tools">JavaFileObject</a>&gt; diagnosticListener,
                                     <a href="../../java/lang/Iterable.html" title="interface in java.lang">Iterable</a>&lt;<a href="../../java/lang/String.html" title="class in java.lang">String</a>&gt; options,
                                     <a href="../../java/lang/Iterable.html" title="interface in java.lang">Iterable</a>&lt;<a href="../../java/lang/String.html" title="class in java.lang">String</a>&gt; classes,
                                     <a href="../../java/lang/Iterable.html" title="interface in java.lang">Iterable</a>&lt;? extends <a href="../../javax/tools/JavaFileObject.html" title="interface in javax.tools">JavaFileObject</a>&gt; compilationUnits)</pre><div class="block">Creates a future for a compilation task with the given components and arguments. The compilation might not have completed as described in the CompilationTask interface.<p>If a file manager is provided, it must be able to handle all locations defined in <a href="../../javax/tools/StandardLocation.html" title="enum in javax.tools"><code>StandardLocation</code></a>.                </p><p>Note that annotation processing can process both the compilation units of source code to be compiled, passed with the <code>compilationUnits</code> parameter, as well as class files, whose names are passed with the <code>classes</code> parameter.                                 </p>                        </div><dl> <dt> <span class="strong">Parameters:</span>   </dt><dd> <code>out</code> - a Writer for additional output from the compiler; use <code>System.err</code> if <code>null</code>              </dd><dd> <code>fileManager</code> - a file manager; if <code>null</code> use the compiler's standard filemanager            </dd><dd> <code>diagnosticListener</code> - a diagnostic listener; if <code>null</code> use the compiler's default method for reporting diagnostics               </dd><dd> <code>options</code> - compiler options, <code>null</code> means no options        </dd><dd> <code>classes</code> - names of classes to be processed by annotation processing, <code>null</code> means no class names                </dd><dd> <code>compilationUnits</code> - the compilation units to compile, <code>null</code> means no compilation units            </dd> <dt> <span class="strong">Returns:</span>   </dt><dd>an object representing the compilation    </dd> <dt> <span class="strong">Throws:</span>   </dt><dd> <code><a href="../../java/lang/RuntimeException.html" title="class in java.lang">RuntimeException</a></code> - if an unrecoverable error occurred in a user supplied component. The <a href="../../java/lang/Throwable.html#getCause()">cause</a> will be the error in user code.                     </dd><dd> <code><a href="../../java/lang/IllegalArgumentException.html" title="class in java.lang">IllegalArgumentException</a></code> - if any of the options are invalid, or if any of the given compilation units are of other kind than <a href="../../javax/tools/JavaFileObject.Kind.html#SOURCE">source</a>                       </dd>   </dl></li></ul> <a end_ctx_id="method:getTask(java.io.Writer, javax.tools.JavaFileManager, javax.tools.DiagnosticListener, java.lang.Iterable, java.lang.Iterable, java.lang.Iterable)"/>  </td></tr></table></td></tr></table><table border="0" cellpadding="1" cellspacing="0" width="100%"><tr><td><h3 class="ctxid">method:getStandardFileManager(javax.tools.DiagnosticListener, java.util.Locale, java.nio.charset.Charset) [CHANGED]</h3></td></tr><tr><td><table border="0" cellpadding="5" cellspacing="1" bgcolor="black" width="100%"><tr valign="top"><td bgcolor="#EEEEEE" colspan="2"> <a start_ctx_id="method:getStandardFileManager(javax.tools.DiagnosticListener, java.util.Locale, java.nio.charset.Charset)"/><a name="getStandardFileManager(javax.tools.DiagnosticListener, java.util.Locale, java.nio.charset.Charset)"/><ul class="blockListLast"><li class="blockList"><h4>getStandardFileManager</h4><pre><a href="../../javax/tools/StandardJavaFileManager.html" title="interface in javax.tools">StandardJavaFileManager</a> getStandardFileManager(<a href="../../javax/tools/DiagnosticListener.html" title="interface in javax.tools">DiagnosticListener</a>&lt;? super <a href="../../javax/tools/JavaFileObject.html" title="interface in javax.tools">JavaFileObject</a>&gt; diagnosticListener,
                                               <a href="../../java/util/Locale.html" title="class in java.util">Locale</a> locale,
                                               <a href="../../java/nio/charset/Charset.html" title="class in java.nio.charset">Charset</a> charset)</pre><div class="block">Gets a new instance of the standard file manager implementation for this tool. The file manager will use the given diagnostic listener for producing any non-fatal diagnostics. Fatal errors will be <span class="diff-html-removed">signalled</span><span class="diff-html-added">signaled</span> with the appropriate exceptions.<p>The standard file manager will be automatically reopened if it is accessed after calls to <code>flush</code> or <code>close</code>. The standard file manager must be usable with other tools.                           </p>                                   </div><dl> <dt> <span class="strong">Parameters:</span>   </dt><dd> <code>diagnosticListener</code> - a diagnostic listener for non-fatal diagnostics; if <code>null</code> use the compiler's default method for reporting diagnostics                  </dd><dd> <code>locale</code> - the locale to apply when formatting diagnostics; <code>null</code> means the <a href="../../java/util/Locale.html#getDefault()">default locale </a>.             </dd><dd> <code>charset</code> - the character set used for decoding bytes; if <code>null</code> use the platform default               </dd> <dt> <span class="strong">Returns:</span>   </dt><dd>the standard file manager   </dd>  </dl></li></ul> <a end_ctx_id="method:getStandardFileManager(javax.tools.DiagnosticListener, java.util.Locale, java.nio.charset.Charset)"/>  </td></tr><tr valign="top"><td bgcolor="#CCCCCC" colspan="1"> <a start_ctx_id="method:getStandardFileManager(javax.tools.DiagnosticListener, java.util.Locale, java.nio.charset.Charset)"/><a name="getStandardFileManager(javax.tools.DiagnosticListener, java.util.Locale, java.nio.charset.Charset)"/><ul class="blockListLast"><li class="blockList"><h4>getStandardFileManager</h4><pre><a href="../../javax/tools/StandardJavaFileManager.html" title="interface in javax.tools">StandardJavaFileManager</a> getStandardFileManager(<a href="../../javax/tools/DiagnosticListener.html" title="interface in javax.tools">DiagnosticListener</a>&lt;? super <a href="../../javax/tools/JavaFileObject.html" title="interface in javax.tools">JavaFileObject</a>&gt; diagnosticListener,
                                             <a href="../../java/util/Locale.html" title="class in java.util">Locale</a> locale,
                                             <a href="../../java/nio/charset/Charset.html" title="class in java.nio.charset">Charset</a> charset)</pre><div class="block">Gets a new instance of the standard file manager implementation for this tool. The file manager will use the given diagnostic listener for producing any non-fatal diagnostics. Fatal errors will be signalled with the appropriate exceptions.<p>The standard file manager will be automatically reopened if it is accessed after calls to <code>flush</code> or <code>close</code>. The standard file manager must be usable with other tools.                           </p>                                   </div><dl> <dt> <span class="strong">Parameters:</span>   </dt><dd> <code>diagnosticListener</code> - a diagnostic listener for non-fatal diagnostics; if <code>null</code> use the compiler's default method for reporting diagnostics                  </dd><dd> <code>locale</code> - the locale to apply when formatting diagnostics; <code>null</code> means the <a href="../../java/util/Locale.html#getDefault()">default locale </a>.             </dd><dd> <code>charset</code> - the character set used for decoding bytes; if <code>null</code> use the platform default               </dd> <dt> <span class="strong">Returns:</span>   </dt><dd>the standard file manager   </dd>  </dl></li></ul> <a end_ctx_id="method:getStandardFileManager(javax.tools.DiagnosticListener, java.util.Locale, java.nio.charset.Charset)"/>  </td><td bgcolor="#FFFFFF" colspan="1"> <a start_ctx_id="method:getStandardFileManager(javax.tools.DiagnosticListener, java.util.Locale, java.nio.charset.Charset)"/><a name="getStandardFileManager(javax.tools.DiagnosticListener, java.util.Locale, java.nio.charset.Charset)"/><ul class="blockListLast"><li class="blockList"><h4>getStandardFileManager</h4><pre><a href="../../javax/tools/StandardJavaFileManager.html" title="interface in javax.tools">StandardJavaFileManager</a> getStandardFileManager(<a href="../../javax/tools/DiagnosticListener.html" title="interface in javax.tools">DiagnosticListener</a>&lt;? super <a href="../../javax/tools/JavaFileObject.html" title="interface in javax.tools">JavaFileObject</a>&gt; diagnosticListener,
                                               <a href="../../java/util/Locale.html" title="class in java.util">Locale</a> locale,
                                               <a href="../../java/nio/charset/Charset.html" title="class in java.nio.charset">Charset</a> charset)</pre><div class="block">Gets a new instance of the standard file manager implementation for this tool. The file manager will use the given diagnostic listener for producing any non-fatal diagnostics. Fatal errors will be signaled with the appropriate exceptions.<p>The standard file manager will be automatically reopened if it is accessed after calls to <code>flush</code> or <code>close</code>. The standard file manager must be usable with other tools.                           </p>                                   </div><dl> <dt> <span class="strong">Parameters:</span>   </dt><dd> <code>diagnosticListener</code> - a diagnostic listener for non-fatal diagnostics; if <code>null</code> use the compiler's default method for reporting diagnostics                  </dd><dd> <code>locale</code> - the locale to apply when formatting diagnostics; <code>null</code> means the <a href="../../java/util/Locale.html#getDefault()">default locale </a>.             </dd><dd> <code>charset</code> - the character set used for decoding bytes; if <code>null</code> use the platform default               </dd> <dt> <span class="strong">Returns:</span>   </dt><dd>the standard file manager   </dd>  </dl></li></ul> <a end_ctx_id="method:getStandardFileManager(javax.tools.DiagnosticListener, java.util.Locale, java.nio.charset.Charset)"/>  </td></tr></table></td></tr></table></diff></diffreport>