<?xml version="1.0" encoding="UTF-8"?><diffreport><diff><table border="0" cellpadding="1" cellspacing="0" width="100%"><tr><td><h3 class="ctxid">class:JavaFileObject [NONE]</h3></td></tr><tr><td><table border="0" cellpadding="5" cellspacing="1" bgcolor="black" width="100%"><tr valign="top"><td bgcolor="#FFFFFF" colspan="1"><div class="description"> <a start_ctx_id="class:JavaFileObject"/><ul class="blockList"><li class="blockList"><dl> <dt>All Superinterfaces: </dt><dd> <a href="../../javax/tools/FileObject.html" title="interface in javax.tools">FileObject</a> </dd> </dl><dl> <dt>All Known Implementing Classes:   </dt><dd> <a href="../../javax/tools/ForwardingJavaFileObject.html" title="class in javax.tools">ForwardingJavaFileObject</a>, <a href="../../javax/tools/SimpleJavaFileObject.html" title="class in javax.tools">SimpleJavaFileObject</a>  </dd> </dl> <hr/> <br/><pre>public interface <span class="strong">JavaFileObject</span>
extends <a href="../../javax/tools/FileObject.html" title="interface in javax.tools">FileObject</a></pre><div class="block">File abstraction for tools operating on Java™ programming language source and class files.<p>All methods in this interface might throw a SecurityException if a security exception occurs.             </p><p>Unless explicitly allowed, all methods in this interface might throw a NullPointerException if given a <code>null</code> argument.                </p>            </div><dl> <dt> <span class="strong">Since:</span>   </dt><dd>1.6</dd> <dt> <span class="strong">See Also: </span>   </dt><dd> <a href="../../javax/tools/JavaFileManager.html" title="interface in javax.tools"><code>JavaFileManager</code></a> </dd>  </dl>  </li></ul> </div> <a end_ctx_id="class:JavaFileObject"/> </td></tr></table></td></tr></table><table border="0" cellpadding="1" cellspacing="0" width="100%"><tr><td><h3 class="ctxid">method:getKind() [NONE]</h3></td></tr><tr><td><table border="0" cellpadding="5" cellspacing="1" bgcolor="black" width="100%"><tr valign="top"><td bgcolor="#FFFFFF" colspan="1"> <a start_ctx_id="method:getKind()"/><a name="getKind()"/><ul class="blockList"><li class="blockList"><h4>getKind</h4><pre><a href="../../javax/tools/JavaFileObject.Kind.html" title="enum in javax.tools">JavaFileObject.Kind</a> getKind()</pre><div class="block">Gets the kind of this file object.      </div><dl> <dt> <span class="strong">Returns:</span>   </dt><dd>the kind </dd> </dl></li></ul> <a end_ctx_id="method:getKind()"/>  </td></tr></table></td></tr></table><table border="0" cellpadding="1" cellspacing="0" width="100%"><tr><td><h3 class="ctxid">method:isNameCompatible(java.lang.String, javax.tools.JavaFileObject.Kind) [NONE]</h3></td></tr><tr><td><table border="0" cellpadding="5" cellspacing="1" bgcolor="black" width="100%"><tr valign="top"><td bgcolor="#FFFFFF" colspan="1"> <a start_ctx_id="method:isNameCompatible(java.lang.String, javax.tools.JavaFileObject.Kind)"/><a name="isNameCompatible(java.lang.String, javax.tools.JavaFileObject.Kind)"/><ul class="blockList"><li class="blockList"><h4>isNameCompatible</h4><pre>boolean isNameCompatible(<a href="../../java/lang/String.html" title="class in java.lang">String</a> simpleName,
                         <a href="../../javax/tools/JavaFileObject.Kind.html" title="enum in javax.tools">JavaFileObject.Kind</a> kind)</pre><div class="block">Checks if this file object is compatible with the specified simple name and kind. A simple name is a single identifier (not qualified) as defined in <cite>The Java™ Language Specification   </cite>, section 6.2 "Names and Identifiers".                               </div><dl> <dt> <span class="strong">Parameters:</span>   </dt><dd> <code>simpleName</code> - a simple name of a class        </dd><dd> <code>kind</code> - a kind    </dd> <dt> <span class="strong">Returns:</span>   </dt><dd> <code>true</code> if this file object is compatible; false otherwise         </dd>  </dl></li></ul> <a end_ctx_id="method:isNameCompatible(java.lang.String, javax.tools.JavaFileObject.Kind)"/>  </td></tr></table></td></tr></table><table border="0" cellpadding="1" cellspacing="0" width="100%"><tr><td><h3 class="ctxid">method:getNestingKind() [NONE]</h3></td></tr><tr><td><table border="0" cellpadding="5" cellspacing="1" bgcolor="black" width="100%"><tr valign="top"><td bgcolor="#FFFFFF" colspan="1"> <a start_ctx_id="method:getNestingKind()"/><a name="getNestingKind()"/><ul class="blockList"><li class="blockList"><h4>getNestingKind</h4><pre><a href="../../javax/lang/model/element/NestingKind.html" title="enum in javax.lang.model.element">NestingKind</a> getNestingKind()</pre><div class="block">Provides a hint about the nesting level of the class represented by this file object. This method may return <a href="../../javax/lang/model/element/NestingKind.html#MEMBER"><code>NestingKind.MEMBER</code></a> to mean <a href="../../javax/lang/model/element/NestingKind.html#LOCAL"><code>NestingKind.LOCAL</code></a> or <a href="../../javax/lang/model/element/NestingKind.html#ANONYMOUS"><code>NestingKind.ANONYMOUS</code></a>. If the nesting level is not known or this file object does not represent a class file this method returns <code>null</code>.                                             </div><dl> <dt> <span class="strong">Returns:</span>   </dt><dd>the nesting kind, or <code>null</code> if the nesting kind is not known           </dd> </dl></li></ul> <a end_ctx_id="method:getNestingKind()"/>  </td></tr></table></td></tr></table><table border="0" cellpadding="1" cellspacing="0" width="100%"><tr><td><h3 class="ctxid">method:getAccessLevel() [NONE]</h3></td></tr><tr><td><table border="0" cellpadding="5" cellspacing="1" bgcolor="black" width="100%"><tr valign="top"><td bgcolor="#FFFFFF" colspan="1"> <a start_ctx_id="method:getAccessLevel()"/><a name="getAccessLevel()"/><ul class="blockListLast"><li class="blockList"><h4>getAccessLevel</h4><pre><a href="../../javax/lang/model/element/Modifier.html" title="enum in javax.lang.model.element">Modifier</a> getAccessLevel()</pre><div class="block">Provides a hint about the access level of the class represented by this file object. If the access level is not known or if this file object does not represent a class file this method returns <code>null</code>.                                    </div><dl> <dt> <span class="strong">Returns:</span>   </dt><dd>the access level  </dd> </dl></li></ul> <a end_ctx_id="method:getAccessLevel()"/>  </td></tr></table></td></tr></table></diff></diffreport>