<?xml version="1.0" encoding="UTF-8" standalone="yes"?><Document><name>javax/tools/JavaCompiler.spec</name><Context><name>class:JavaCompiler</name><mt>CHANGED</mt></Context><Context><name>method:getStandardFileManager(javax.tools.DiagnosticListener, java.util.Locale, java.nio.charset.Charset)</name><mt>CHANGED</mt></Context><Context><name>method:getTask(java.io.Writer, javax.tools.JavaFileManager, javax.tools.DiagnosticListener, java.lang.Iterable, java.lang.Iterable, java.lang.Iterable)</name><mt>CHANGED</mt></Context><Stat><name>javax/tools/JavaCompiler.spec</name><mt>CHANGED</mt><Group name="context"><Item name="ADDED" count="0"/><Item name="REMOVED" count="0"/><Item name="CHANGED" count="3"/><Item name="MODIFIED" count="3"/><Item name="TOTAL" count="3"/></Group><Group name="assertion"><Item name="ADDED" count="0"/><Item name="REMOVED" count="0"/><Item name="CHANGED" count="0"/><Item name="MODIFIED" count="0"/><Item name="TOTAL" count="0"/></Group></Stat></Document>