<?xml version="1.0" encoding="UTF-8"?><diffreport><diff><table border="0" cellpadding="1" cellspacing="0" width="100%"><tr><td><h3 class="ctxid">class:JavaFileManager.Location [CHANGED]</h3></td></tr><tr><td><table border="0" cellpadding="5" cellspacing="1" bgcolor="black" width="100%"><tr valign="top"><td bgcolor="#EEEEEE" colspan="2"><div class="description"> <a start_ctx_id="class:JavaFileManager.Location"/><ul class="blockList"><li class="blockList"><dl> <dt>All Known Implementing Classes:   </dt><dd> <a href="../../javax/tools/DocumentationTool.Location.html" title="enum in javax.tools"><span class="diff-html-added">DocumentationTool.Location</span></a><span class="diff-html-added">,</span> <a href="../../javax/tools/StandardLocation.html" title="enum in javax.tools">StandardLocation</a>  </dd> </dl><dl> <dt>Enclosing interface: </dt><dd> <a href="../../javax/tools/JavaFileManager.html" title="interface in javax.tools">JavaFileManager</a> </dd> </dl> <hr/> <br/><pre>public static interface <span class="strong">JavaFileManager.Location</span></pre><div class="block">Interface for locations of file objects. Used by file managers to determine where to place or search for file objects.                   </div>  </li></ul> </div> <a end_ctx_id="class:JavaFileManager.Location"/> </td></tr><tr valign="top"><td bgcolor="#CCCCCC" colspan="1"><div class="description"> <a start_ctx_id="class:JavaFileManager.Location"/><ul class="blockList"><li class="blockList"><dl> <dt>All Known Implementing Classes:   </dt><dd> <a href="../../javax/tools/StandardLocation.html" title="enum in javax.tools">StandardLocation</a> </dd> </dl><dl> <dt>Enclosing interface: </dt><dd> <a href="../../javax/tools/JavaFileManager.html" title="interface in javax.tools">JavaFileManager</a> </dd> </dl> <hr/> <br/><pre>public static interface <span class="strong">JavaFileManager.Location</span></pre><div class="block">Interface for locations of file objects. Used by file managers to determine where to place or search for file objects.                   </div>  </li></ul> </div> <a end_ctx_id="class:JavaFileManager.Location"/> </td><td bgcolor="#FFFFFF" colspan="1"><div class="description"> <a start_ctx_id="class:JavaFileManager.Location"/><ul class="blockList"><li class="blockList"><dl> <dt>All Known Implementing Classes:   </dt><dd> <a href="../../javax/tools/DocumentationTool.Location.html" title="enum in javax.tools">DocumentationTool.Location</a>, <a href="../../javax/tools/StandardLocation.html" title="enum in javax.tools">StandardLocation</a>  </dd> </dl><dl> <dt>Enclosing interface: </dt><dd> <a href="../../javax/tools/JavaFileManager.html" title="interface in javax.tools">JavaFileManager</a> </dd> </dl> <hr/> <br/><pre>public static interface <span class="strong">JavaFileManager.Location</span></pre><div class="block">Interface for locations of file objects. Used by file managers to determine where to place or search for file objects.                   </div>  </li></ul> </div> <a end_ctx_id="class:JavaFileManager.Location"/> </td></tr></table></td></tr></table><table border="0" cellpadding="1" cellspacing="0" width="100%"><tr><td><h3 class="ctxid">method:getName() [NONE]</h3></td></tr><tr><td><table border="0" cellpadding="5" cellspacing="1" bgcolor="black" width="100%"><tr valign="top"><td bgcolor="#FFFFFF" colspan="1"> <a start_ctx_id="method:getName()"/><a name="getName()"/><ul class="blockList"><li class="blockList"><h4>getName</h4><pre><a href="../../java/lang/String.html" title="class in java.lang">String</a> getName()</pre><div class="block">Gets the name of this location.     </div><dl> <dt> <span class="strong">Returns:</span>   </dt><dd>a name </dd> </dl></li></ul> <a end_ctx_id="method:getName()"/>  </td></tr></table></td></tr></table><table border="0" cellpadding="1" cellspacing="0" width="100%"><tr><td><h3 class="ctxid">method:isOutputLocation() [NONE]</h3></td></tr><tr><td><table border="0" cellpadding="5" cellspacing="1" bgcolor="black" width="100%"><tr valign="top"><td bgcolor="#FFFFFF" colspan="1"> <a start_ctx_id="method:isOutputLocation()"/><a name="isOutputLocation()"/><ul class="blockListLast"><li class="blockList"><h4>isOutputLocation</h4><pre>boolean isOutputLocation()</pre><div class="block">Determines if this is an output location. An output location is a location that is conventionally used for output.                  </div><dl> <dt> <span class="strong">Returns:</span>   </dt><dd>true if this is an output location, false otherwise        </dd> </dl></li></ul> <a end_ctx_id="method:isOutputLocation()"/>  </td></tr></table></td></tr></table></diff></diffreport>