<?xml version="1.0" encoding="UTF-8" standalone="yes"?><Document><name>javax/tools/OptionChecker.spec</name><Context><name>class:OptionChecker</name><mt>CHANGED</mt></Context><Context><name>method:isSupportedOption(java.lang.String)</name><mt>NONE</mt></Context><Stat><name>javax/tools/OptionChecker.spec</name><mt>CHANGED</mt><Group name="context"><Item name="ADDED" count="0"/><Item name="REMOVED" count="0"/><Item name="CHANGED" count="1"/><Item name="MODIFIED" count="1"/><Item name="TOTAL" count="2"/></Group><Group name="assertion"><Item name="ADDED" count="0"/><Item name="REMOVED" count="0"/><Item name="CHANGED" count="0"/><Item name="MODIFIED" count="0"/><Item name="TOTAL" count="0"/></Group></Stat></Document>