<?xml version="1.0" encoding="UTF-8"?><diffreport><diff><table border="0" cellpadding="1" cellspacing="0" width="100%"><tr><td><h3 class="ctxid">class:OptionChecker [CHANGED]</h3></td></tr><tr><td><table border="0" cellpadding="5" cellspacing="1" bgcolor="black" width="100%"><tr valign="top"><td bgcolor="#EEEEEE" colspan="2"><div class="description"> <a start_ctx_id="class:OptionChecker"/><ul class="blockList"><li class="blockList"><dl> <dt>All Known Subinterfaces:  </dt><dd> <a href="../../javax/tools/DocumentationTool.html" title="interface in javax.tools"><span class="diff-html-added">DocumentationTool</span></a><span class="diff-html-added">,</span> <a href="../../javax/tools/JavaCompiler.html" title="interface in javax.tools">JavaCompiler</a>, <a href="../../javax/tools/JavaFileManager.html" title="interface in javax.tools">JavaFileManager</a>, <a href="../../javax/tools/StandardJavaFileManager.html" title="interface in javax.tools">StandardJavaFileManager</a>    </dd> </dl><dl> <dt>All Known Implementing Classes:   </dt><dd> <a href="../../javax/tools/ForwardingJavaFileManager.html" title="class in javax.tools">ForwardingJavaFileManager</a> </dd> </dl><dl> <dt><span class="diff-html-added">Functional</span> <span class="diff-html-added">Interface:</span> </dt><dd><span class="diff-html-added">This</span> <span class="diff-html-added">is</span> <span class="diff-html-added">a</span> <span class="diff-html-added">functional</span> <span class="diff-html-added">interface</span> <span class="diff-html-added">and</span> <span class="diff-html-added">can</span> <span class="diff-html-added">therefore</span> <span class="diff-html-added">be</span> <span class="diff-html-added">used</span> <span class="diff-html-added">as</span> <span class="diff-html-added">the</span> <span class="diff-html-added">assignment</span> <span class="diff-html-added">target</span> <span class="diff-html-added">for</span> <span class="diff-html-added">a</span> <span class="diff-html-added">lambda</span> <span class="diff-html-added">expression</span> <span class="diff-html-added">or</span> <span class="diff-html-added">method</span> <span class="diff-html-added">reference.</span>                    </dd> </dl> <hr/> <br/><pre>public interface <span class="strong">OptionChecker</span></pre><div class="block">Interface for recognizing options.   </div><dl> <dt> <span class="strong">Since:</span>   </dt><dd>1.6</dd> </dl>  </li></ul> </div> <a end_ctx_id="class:OptionChecker"/> </td></tr><tr valign="top"><td bgcolor="#CCCCCC" colspan="1"><div class="description"> <a start_ctx_id="class:OptionChecker"/><ul class="blockList"><li class="blockList"><dl> <dt>All Known Subinterfaces:  </dt><dd> <a href="../../javax/tools/JavaCompiler.html" title="interface in javax.tools">JavaCompiler</a>, <a href="../../javax/tools/JavaFileManager.html" title="interface in javax.tools">JavaFileManager</a>, <a href="../../javax/tools/StandardJavaFileManager.html" title="interface in javax.tools">StandardJavaFileManager</a>   </dd> </dl><dl> <dt>All Known Implementing Classes:   </dt><dd> <a href="../../javax/tools/ForwardingJavaFileManager.html" title="class in javax.tools">ForwardingJavaFileManager</a> </dd> </dl> <hr/> <br/><pre>public interface <span class="strong">OptionChecker</span></pre><div class="block">Interface for recognizing options.   </div><dl> <dt> <span class="strong">Since:</span>   </dt><dd>1.6</dd> </dl>  </li></ul> </div> <a end_ctx_id="class:OptionChecker"/> </td><td bgcolor="#FFFFFF" colspan="1"><div class="description"> <a start_ctx_id="class:OptionChecker"/><ul class="blockList"><li class="blockList"><dl> <dt>All Known Subinterfaces:  </dt><dd> <a href="../../javax/tools/DocumentationTool.html" title="interface in javax.tools">DocumentationTool</a>, <a href="../../javax/tools/JavaCompiler.html" title="interface in javax.tools">JavaCompiler</a>, <a href="../../javax/tools/JavaFileManager.html" title="interface in javax.tools">JavaFileManager</a>, <a href="../../javax/tools/StandardJavaFileManager.html" title="interface in javax.tools">StandardJavaFileManager</a>    </dd> </dl><dl> <dt>All Known Implementing Classes:   </dt><dd> <a href="../../javax/tools/ForwardingJavaFileManager.html" title="class in javax.tools">ForwardingJavaFileManager</a> </dd> </dl><dl> <dt>Functional Interface: </dt><dd>This is a functional interface and can therefore be used as the assignment target for a lambda expression or method reference.                    </dd> </dl> <hr/> <br/><pre>public interface <span class="strong">OptionChecker</span></pre><div class="block">Interface for recognizing options.   </div><dl> <dt> <span class="strong">Since:</span>   </dt><dd>1.6</dd> </dl>  </li></ul> </div> <a end_ctx_id="class:OptionChecker"/> </td></tr></table></td></tr></table><table border="0" cellpadding="1" cellspacing="0" width="100%"><tr><td><h3 class="ctxid">method:isSupportedOption(java.lang.String) [NONE]</h3></td></tr><tr><td><table border="0" cellpadding="5" cellspacing="1" bgcolor="black" width="100%"><tr valign="top"><td bgcolor="#FFFFFF" colspan="1"> <a start_ctx_id="method:isSupportedOption(java.lang.String)"/><a name="isSupportedOption(java.lang.String)"/><ul class="blockListLast"><li class="blockList"><h4>isSupportedOption</h4><pre>int isSupportedOption(<a href="../../java/lang/String.html" title="class in java.lang">String</a> option)</pre><div class="block">Determines if the given option is supported and if so, the number of arguments the option takes.                </div><dl> <dt> <span class="strong">Parameters:</span>   </dt><dd> <code>option</code> - an option    </dd> <dt> <span class="strong">Returns:</span>   </dt><dd>the number of arguments the given option takes or -1 if the option is not supported               </dd>  </dl></li></ul> <a end_ctx_id="method:isSupportedOption(java.lang.String)"/>  </td></tr></table></td></tr></table></diff></diffreport>