<?xml version="1.0" encoding="UTF-8"?><diffreport><diff><div>JavaScript is disabled on your browser.     </div><div style="background-color: #EEEEEE"><div style="padding: 6px; margin-top: 2px; margin-bottom: 6px; margin-left: 6px; margin-right: 6px; text-align: justify; font-size: 80%; font-family: Helvetica, Arial, sans-serif; font-weight: normal;"> Please note that the specifications and other information contained herein are not final and are subject to change. The information is being made available to you solely for purpose of evaluation.                               </div></div><div class="topNav"><a name="navbar_top"/><div class="skipNav"><a href="#skip-navbar_top" title="Skip navigation links"><span class="diff-html-added">Skip</span> <span class="diff-html-added">navigation</span> <span class="diff-html-added">links</span>  </a></div><a name="navbar_top_firstrow"/><ul class="navList" title="Navigation"><li><a href="../../overview-summary.html">Overview</a></li><li class="navBarCell1Rev">Package</li><li>Class</li><li><a href="package-use.html">Use</a></li><li><a href="package-tree.html">Tree</a></li><li><a href="../../deprecated-list.html">Deprecated</a></li><li><a href="../../index-files/index-1.html">Index</a></li><li><a href="../../help-doc.html">Help</a></li></ul><div class="aboutLanguage"><strong>Java™ Platform<br/>Standard Ed. 8</strong><br/><strong>DRAFT ea-<span class="diff-html-removed">b01</span><ul class="navList" changeType="diff-removed-tag"><li><a href="../../javax/swing/undo/package-summary.html"><span class="diff-html-removed">Prev</span> <span class="diff-html-removed">Package</span> </a></li><li><a href="../../javax/transaction/package-summary.html"><span class="diff-html-removed">Next</span> <span class="diff-html-removed">Package</span> </a></li></ul><span class="diff-html-added">b110</span></strong></div></div><div class="subNav"><ul class="navList"><li><a href="../../javax/swing/undo/package-summary.html"><span class="diff-html-added">Prev Package</span></a></li><li><a href="../../javax/transaction/package-summary.html"><span class="diff-html-added">Next Package</span></a></li></ul><ul class="navList"><li><a href="../../index.html?javax/tools/package-summary.html" target="_top">Frames</a></li><li><a href="package-summary.html" target="_top"><li changeType="diff-removed-tag"><a href="package-summary.html" target="_top"><span class="diff-html-removed">No</span> <span class="diff-html-removed">Frames</span> </a></li><ul class="navList" id="allclasses_navbar_top" changeType="diff-removed-tag"><li><a href="../../allclasses-noframe.html"><span class="diff-html-removed">All</span> <span class="diff-html-removed">Classes</span> </a></li></ul><span class="diff-html-added">No Frames</span></a></li></ul><ul class="navList" id="allclasses_navbar_top"><li><a href="../../allclasses-noframe.html"><span class="diff-html-added">All Classes</span></a></li></ul><div/><a name="skip-navbar_top"/></div><div class="header"><h1 title="Package" class="title">Package javax.tools</h1><div class="docSummary"><div class="block">Provides interfaces for tools which can be invoked from a program, for example, compilers.             </div></div><p>See: <a href="#package_description">Description</a></p></div><div class="contentContainer"><ul class="blockList"><li class="blockList"><table class="packageSummary" border="0" cellpadding="3" cellspacing="0" summary="Interface Summary table, listing interfaces, and an explanation"><caption><span>Interface Summary </span><span class="tabEnd"> </span></caption><tbody><tr><th class="colFirst" scope="col">Interface</th><th class="colLast" scope="col">Description</th></tr><tbody><tr class="altColor"><td class="colFirst"><a href="../../javax/tools/Diagnostic.html" title="interface in javax.tools">Diagnostic</a>&lt;S&gt;</td><td class="colLast"><div class="block">Interface for diagnostics from tools.    </div></td></tr><tr class="rowColor"><td class="colFirst"><a href="../../javax/tools/DiagnosticListener.html" title="interface in javax.tools">DiagnosticListener</a>&lt;S&gt;</td><td class="colLast"><div class="block">Interface for receiving diagnostics from tools.     </div></td></tr><tr class="altColor"><td class="colFirst"><a href="../../javax/tools/DocumentationTool.html" title="interface in javax.tools"><span class="diff-html-added">DocumentationTool</span></a></td><td class="colLast"><div class="block"><span class="diff-html-added">Interface</span> <span class="diff-html-added">to</span> <span class="diff-html-added">invoke</span> <span class="diff-html-added">Java™</span> <span class="diff-html-added">programming</span> <span class="diff-html-added">language</span> <span class="diff-html-added">documentation</span> <span class="diff-html-added">tools</span> <span class="diff-html-added">from</span> <span class="diff-html-added">programs.</span>         </div></td></tr><tr class="rowColor"><td class="colFirst"><a href="../../javax/tools/DocumentationTool.DocumentationTask.html" title="interface in javax.tools"><span class="diff-html-added">DocumentationTool.DocumentationTask</span></a></td><td class="colLast"><div class="block"><span class="diff-html-added">Interface</span> <span class="diff-html-added">representing</span> <span class="diff-html-added">a</span> <span class="diff-html-added">future</span> <span class="diff-html-added">for</span> <span class="diff-html-added">a</span> <span class="diff-html-added">documentation</span> <span class="diff-html-added">task.</span>       </div></td></tr><tr class="altColor"><td class="colFirst"><a href="../../javax/tools/FileObject.html" title="interface in javax.tools">FileObject</a></td><td class="colLast"><div class="block">File abstraction for tools.   </div></td></tr><tr class="rowColor"><td class="colFirst"><a href="../../javax/tools/JavaCompiler.html" title="interface in javax.tools">JavaCompiler</a></td><td class="colLast"><div class="block">Interface to invoke Java™ programming language compilers from programs.        </div></td></tr><tr class="altColor"><td class="colFirst"><a href="../../javax/tools/JavaCompiler.CompilationTask.html" title="interface in javax.tools">JavaCompiler.CompilationTask</a></td><td class="colLast"><div class="block">Interface representing a future for a compilation task.       </div></td></tr><tr class="rowColor"><td class="colFirst"><a href="../../javax/tools/JavaFileManager.html" title="interface in javax.tools">JavaFileManager</a></td><td class="colLast"><div class="block">File manager for tools operating on Java™ programming language source and class files.            </div></td></tr><tr class="altColor"><td class="colFirst"><a href="../../javax/tools/JavaFileManager.Location.html" title="interface in javax.tools">JavaFileManager.Location</a></td><td class="colLast"><div class="block">Interface for locations of file objects.     </div></td></tr><tr class="rowColor"><td class="colFirst"><a href="../../javax/tools/JavaFileObject.html" title="interface in javax.tools">JavaFileObject</a></td><td class="colLast"><div class="block">File abstraction for tools operating on Java™ programming language source and class files.            </div></td></tr><tr class="altColor"><td class="colFirst"><a href="../../javax/tools/OptionChecker.html" title="interface in javax.tools">OptionChecker</a></td><td class="colLast"><div class="block">Interface for recognizing options.   </div></td></tr><tr class="rowColor"><td class="colFirst"><a href="../../javax/tools/StandardJavaFileManager.html" title="interface in javax.tools">StandardJavaFileManager</a></td><td class="colLast"><div class="block">File manager based on <a href="../../java/io/File.html" title="class in java.io">java.io.File</a>.    </div></td></tr><tr class="altColor"><td class="colFirst"><a href="../../javax/tools/Tool.html" title="interface in javax.tools">Tool</a></td><td class="colLast"><div class="block">Common interface for tools that can be invoked from a program.          </div></td></tr></tbody></tbody></table></li><li class="blockList"><table class="packageSummary" border="0" cellpadding="3" cellspacing="0" summary="Class Summary table, listing classes, and an explanation"><caption><span>Class Summary </span><span class="tabEnd"> </span></caption><tbody><tr><th class="colFirst" scope="col">Class</th><th class="colLast" scope="col">Description</th></tr><tbody><tr class="altColor"><td class="colFirst"><a href="../../javax/tools/DiagnosticCollector.html" title="class in javax.tools">DiagnosticCollector</a>&lt;S&gt;</td><td class="colLast"><div class="block">Provides an easy way to collect diagnostics in a list.         </div></td></tr><tr class="rowColor"><td class="colFirst"><a href="../../javax/tools/ForwardingFileObject.html" title="class in javax.tools">ForwardingFileObject</a>&lt;F extends <a href="../../javax/tools/FileObject.html" title="interface in javax.tools">FileObject</a>&gt;  </td><td class="colLast"><div class="block">Forwards calls to a given file object.      </div></td></tr><tr class="altColor"><td class="colFirst"><a href="../../javax/tools/ForwardingJavaFileManager.html" title="class in javax.tools">ForwardingJavaFileManager</a>&lt;M extends <a href="../../javax/tools/JavaFileManager.html" title="interface in javax.tools">JavaFileManager</a>&gt;  </td><td class="colLast"><div class="block">Forwards calls to a given file manager.      </div></td></tr><tr class="rowColor"><td class="colFirst"><a href="../../javax/tools/ForwardingJavaFileObject.html" title="class in javax.tools">ForwardingJavaFileObject</a>&lt;F extends <a href="../../javax/tools/JavaFileObject.html" title="interface in javax.tools">JavaFileObject</a>&gt;  </td><td class="colLast"><div class="block">Forwards calls to a given file object.      </div></td></tr><tr class="altColor"><td class="colFirst"><a href="../../javax/tools/SimpleJavaFileObject.html" title="class in javax.tools">SimpleJavaFileObject</a></td><td class="colLast"><div class="block">Provides simple implementations for most methods in JavaFileObject.       </div></td></tr><tr class="rowColor"><td class="colFirst"><a href="../../javax/tools/ToolProvider.html" title="class in javax.tools">ToolProvider</a></td><td class="colLast"><div class="block">Provides methods for locating tool providers, for example, providers of compilers.          </div></td></tr></tbody></tbody></table></li><li class="blockList"><table class="packageSummary" border="0" cellpadding="3" cellspacing="0" summary="Enum Summary table, listing enums, and an explanation"><caption><span>Enum Summary </span><span class="tabEnd"> </span></caption><tbody><tr><th class="colFirst" scope="col">Enum</th><th class="colLast" scope="col">Description</th></tr><tbody><tr class="altColor"><td class="colFirst"><a href="../../javax/tools/Diagnostic.Kind.html" title="enum in javax.tools">Diagnostic.Kind</a></td><td class="colLast"><div class="block">Kinds of diagnostics, for example, error or warning.       </div></td></tr><tr class="rowColor"><td class="colFirst"><a href="../../javax/tools/DocumentationTool.Location.html" title="enum in javax.tools"><span class="diff-html-added">DocumentationTool.Location</span></a></td><td class="colLast"><div class="block"><span class="diff-html-added">Locations</span> <span class="diff-html-added">specific</span> <span class="diff-html-added">to</span> <a href="../../javax/tools/DocumentationTool.html" title="interface in javax.tools"><code><span class="diff-html-added">DocumentationTool</span></code></a><span class="diff-html-added">.</span>   </div></td></tr><tr class="altColor"><td class="colFirst"><a href="../../javax/tools/JavaFileObject.Kind.html" title="enum in javax.tools">JavaFileObject.Kind</a></td><td class="colLast"><div class="block">Kinds of JavaFileObjects.  </div></td></tr><tr class="rowColor"><td class="colFirst"><a href="../../javax/tools/StandardLocation.html" title="enum in javax.tools">StandardLocation</a></td><td class="colLast"><div class="block">Standard locations of file objects.    </div></td></tr></tbody></tbody></table></li></ul><a name="package_description"/><h2 title="Package javax.tools Description">Package javax.tools Description  </h2><div class="block">Provides interfaces for tools which can be invoked from a program, for example, compilers.<p>These interfaces and classes are required as part of the Java™ Platform, Standard Edition (Java SE), but there is no requirement to provide any tools implementing them.                          </p><p>Unless explicitly allowed, all methods in this package might throw a <a href="../../java/lang/NullPointerException.html" title="class in java.lang">NullPointerException</a> if given a <code>null</code> argument or if given a <a href="../../java/lang/Iterable.html" title="interface in java.lang">list or collection  </a> containing <code>null</code> elements. Similarly, no method may return <code>null</code> unless explicitly allowed.                                 </p><p>This package is the home of the Java programming language compiler framework. This framework allows clients of the framework to locate and run compilers from programs. The framework also provides Service Provider Interfaces (SPI) for structured access to diagnostics (<a href="../../javax/tools/DiagnosticListener.html" title="interface in javax.tools">DiagnosticListener</a>) as well as a file abstraction for overriding file access (<a href="../../javax/tools/JavaFileManager.html" title="interface in javax.tools">JavaFileManager</a> and <a href="../../javax/tools/JavaFileObject.html" title="interface in javax.tools">JavaFileObject</a>). See <a href="../../javax/tools/JavaCompiler.html" title="interface in javax.tools">JavaCompiler</a> for more details on using the SPI.                                                             </p><p>There is no requirement for a compiler at runtime. However, if a default compiler is provided, it can be located using the <a href="../../javax/tools/ToolProvider.html" title="class in javax.tools">ToolProvider</a>, for example:                        </p><p><code>JavaCompiler compiler = ToolProvider.getSystemJavaCompiler();   </code></p><p>It is possible to provide alternative compilers or tools through the <a href="../../java/util/ServiceLoader.html" title="class in java.util">service provider mechanism  </a>.           </p><p>For example, if <code>com.vendor.VendorJavaCompiler</code> is a provider of the <code>JavaCompiler</code> tool then its jar file would contain the file <code>META-INF/services/javax.tools.JavaCompiler</code>. This file would contain the single line:                          </p><p><code>com.vendor.VendorJavaCompiler</code></p><p>If the jar file is on the class path, VendorJavaCompiler can be located using code like this:                </p><p><code>JavaCompiler compiler = ServiceLoader.load(JavaCompiler.class).iterator().next();   </code></p>             </div><dl><dt><span class="strong">Since:</span></dt><dd>1.6</dd></dl></div><div class="bottomNav"><a name="navbar_bottom"/><div class="skipNav"><a href="#skip-navbar_bottom" title="Skip navigation links"><span class="diff-html-added">Skip</span> <span class="diff-html-added">navigation</span> <span class="diff-html-added">links</span>  </a></div><a name="navbar_bottom_firstrow"/><ul class="navList" title="Navigation"><li><a href="../../overview-summary.html">Overview</a></li><li class="navBarCell1Rev">Package</li><li>Class</li><li><a href="package-use.html">Use</a></li><li><a href="package-tree.html">Tree</a></li><li><a href="../../deprecated-list.html">Deprecated</a></li><li><a href="../../index-files/index-1.html">Index</a></li><li><a href="../../help-doc.html">Help</a></li></ul><div class="aboutLanguage"><strong>Java™ Platform<br/>Standard Ed. 8</strong><br/><strong>DRAFT ea-<span class="diff-html-removed">b01</span><ul class="navList" changeType="diff-removed-tag"><li><a href="../../javax/swing/undo/package-summary.html"><span class="diff-html-removed">Prev</span> <span class="diff-html-removed">Package</span> </a></li><li><a href="../../javax/transaction/package-summary.html"><span class="diff-html-removed">Next</span> <span class="diff-html-removed">Package</span> </a></li></ul><span class="diff-html-added">b110</span></strong></div></div><div class="subNav"><ul class="navList"><li><a href="../../javax/swing/undo/package-summary.html"><span class="diff-html-added">Prev Package</span></a></li><li><a href="../../javax/transaction/package-summary.html"><span class="diff-html-added">Next Package</span></a></li></ul><ul class="navList"><li><a href="../../index.html?javax/tools/package-summary.html" target="_top">Frames</a></li><li><a href="package-summary.html" target="_top"><li changeType="diff-removed-tag"><a href="package-summary.html" target="_top"><span class="diff-html-removed">No</span> <span class="diff-html-removed">Frames</span> </a></li><ul class="navList" id="allclasses_navbar_bottom" changeType="diff-removed-tag"><li><a href="../../allclasses-noframe.html"><span class="diff-html-removed">All</span> <span class="diff-html-removed">Classes</span> </a></li></ul><span class="diff-html-added">No Frames</span></a></li></ul><ul class="navList" id="allclasses_navbar_bottom"><li><a href="../../allclasses-noframe.html"><span class="diff-html-added">All Classes</span></a></li></ul><div/><a name="skip-navbar_bottom"/></div><p class="legalCopy"><small><font size="-1"><a href="http://bugreport.sun.com/bugreport/">Submit a bug or feature    </a><br/>For further API reference and developer documentation, see <a href="" target="_blank">Java SE Documentation  </a>. That documentation contains more detailed, developer-targeted descriptions, with conceptual overviews, definitions of terms, workarounds, and working code examples.<br/> Copyright © 1993, <span class="diff-html-removed">2011</span><span class="diff-html-added">2013</span>, Oracle and/or its affiliates. All rights reserved.                                       </font><br/><strong>DRAFT ea-<span class="diff-html-removed">b01</span><span class="diff-html-added">b110</span></strong></small></p></diff></diffreport>