<?xml version="1.0" encoding="UTF-8"?><diffreport><diff><table border="0" cellpadding="1" cellspacing="0" width="100%"><tr><td><h3 class="ctxid">class:SimpleJavaFileObject [NONE]</h3></td></tr><tr><td><table border="0" cellpadding="5" cellspacing="1" bgcolor="black" width="100%"><tr valign="top"><td bgcolor="#FFFFFF" colspan="1"><div class="description"> <a start_ctx_id="class:SimpleJavaFileObject"/><ul class="blockList"><li class="blockList"><dl> <dt>All Implemented Interfaces:  </dt><dd> <a href="../../javax/tools/FileObject.html" title="interface in javax.tools">FileObject</a>, <a href="../../javax/tools/JavaFileObject.html" title="interface in javax.tools">JavaFileObject</a>  </dd> </dl> <hr/> <br/><pre>public class <span class="strong">SimpleJavaFileObject</span>
extends <a href="../../java/lang/Object.html" title="class in java.lang">Object</a>
implements <a href="../../javax/tools/JavaFileObject.html" title="interface in javax.tools">JavaFileObject</a></pre><div class="block">Provides simple implementations for most methods in JavaFileObject. This class is designed to be subclassed and used as a basis for JavaFileObject implementations. Subclasses can override the implementation and specification of any method of this class as long as the general contract of JavaFileObject is obeyed.                                             </div><dl> <dt> <span class="strong">Since:</span>   </dt><dd>1.6</dd> </dl>  </li></ul> </div> <a end_ctx_id="class:SimpleJavaFileObject"/> </td></tr></table></td></tr></table><table border="0" cellpadding="1" cellspacing="0" width="100%"><tr><td><h3 class="ctxid">field:uri [NONE]</h3></td></tr><tr><td><table border="0" cellpadding="5" cellspacing="1" bgcolor="black" width="100%"><tr valign="top"><td bgcolor="#FFFFFF" colspan="1"> <a start_ctx_id="field:uri"/><a name="uri"/><ul class="blockList"><li class="blockList"><h4>uri</h4><pre>protected final <a href="../../java/net/URI.html" title="class in java.net">URI</a> uri</pre><div class="block">A URI for this file object.     </div></li></ul> <a end_ctx_id="field:uri"/>  </td></tr></table></td></tr></table><table border="0" cellpadding="1" cellspacing="0" width="100%"><tr><td><h3 class="ctxid">field:kind [NONE]</h3></td></tr><tr><td><table border="0" cellpadding="5" cellspacing="1" bgcolor="black" width="100%"><tr valign="top"><td bgcolor="#FFFFFF" colspan="1"> <a start_ctx_id="field:kind"/><a name="kind"/><ul class="blockListLast"><li class="blockList"><h4>kind</h4><pre>protected final <a href="../../javax/tools/JavaFileObject.Kind.html" title="enum in javax.tools">JavaFileObject.Kind</a> kind</pre><div class="block">The kind of this file object.     </div></li></ul> <a end_ctx_id="field:kind"/>  </td></tr></table></td></tr></table><table border="0" cellpadding="1" cellspacing="0" width="100%"><tr><td><h3 class="ctxid">constructor:SimpleJavaFileObject(java.net.URI, javax.tools.JavaFileObject.Kind) [NONE]</h3></td></tr><tr><td><table border="0" cellpadding="5" cellspacing="1" bgcolor="black" width="100%"><tr valign="top"><td bgcolor="#FFFFFF" colspan="1"> <a start_ctx_id="constructor:SimpleJavaFileObject(java.net.URI, javax.tools.JavaFileObject.Kind)"/><a name="SimpleJavaFileObject(java.net.URI, javax.tools.JavaFileObject.Kind)"/><ul class="blockListLast"><li class="blockList"><h4>SimpleJavaFileObject</h4><pre>protected SimpleJavaFileObject(<a href="../../java/net/URI.html" title="class in java.net">URI</a> uri,
                               <a href="../../javax/tools/JavaFileObject.Kind.html" title="enum in javax.tools">JavaFileObject.Kind</a> kind)</pre><div class="block">Construct a SimpleJavaFileObject of the given kind and with the given URI.           </div><dl> <dt> <span class="strong">Parameters:</span>   </dt><dd> <code>uri</code> - the URI for this file object        </dd><dd> <code>kind</code> - the kind of this file object        </dd> </dl></li></ul> <a end_ctx_id="constructor:SimpleJavaFileObject(java.net.URI, javax.tools.JavaFileObject.Kind)"/>  </td></tr></table></td></tr></table><table border="0" cellpadding="1" cellspacing="0" width="100%"><tr><td><h3 class="ctxid">method:toUri() [NONE]</h3></td></tr><tr><td><table border="0" cellpadding="5" cellspacing="1" bgcolor="black" width="100%"><tr valign="top"><td bgcolor="#FFFFFF" colspan="1"> <a start_ctx_id="method:toUri()"/><a name="toUri()"/><ul class="blockList"><li class="blockList"><h4>toUri</h4><pre>public <a href="../../java/net/URI.html" title="class in java.net">URI</a> toUri()</pre><div class="block"> <span class="strong">Description copied from interface: <code><a href="../../javax/tools/FileObject.html#toUri()">FileObject</a></code>   </span> </div><div class="block">Returns a URI identifying this file object.      </div><dl> <dt> <span class="strong">Specified by: </span>   </dt><dd> <code><a href="../../javax/tools/FileObject.html#toUri()">toUri</a></code> in interface <code><a href="../../javax/tools/FileObject.html" title="interface in javax.tools">FileObject</a></code>  </dd> <dt> <span class="strong">Returns:</span>   </dt><dd>a URI </dd>  </dl></li></ul> <a end_ctx_id="method:toUri()"/>  </td></tr></table></td></tr></table><table border="0" cellpadding="1" cellspacing="0" width="100%"><tr><td><h3 class="ctxid">method:getName() [NONE]</h3></td></tr><tr><td><table border="0" cellpadding="5" cellspacing="1" bgcolor="black" width="100%"><tr valign="top"><td bgcolor="#FFFFFF" colspan="1"> <a start_ctx_id="method:getName()"/><a name="getName()"/><ul class="blockList"><li class="blockList"><h4>getName</h4><pre>public <a href="../../java/lang/String.html" title="class in java.lang">String</a> getName()</pre><div class="block"> <span class="strong">Description copied from interface: <code><a href="../../javax/tools/FileObject.html#getName()">FileObject</a></code>   </span> </div><div class="block">Gets a user-friendly name for this file object. The exact value returned is not specified but implementations should take care to preserve names as given by the user. For example, if the user writes the filename <code>"BobsApp\Test.java"</code> on the command line, this method should return <code>"BobsApp\Test.java"</code> whereas the <a href="../../javax/tools/FileObject.html#toUri()">toUri</a> method might return <code>file:///C:/Documents%20and%20Settings/UncleBob/BobsApp/Test.java</code>.                                                    </div><dl> <dt> <span class="strong">Specified by: </span>   </dt><dd> <code><a href="../../javax/tools/FileObject.html#getName()">getName</a></code> in interface <code><a href="../../javax/tools/FileObject.html" title="interface in javax.tools">FileObject</a></code>  </dd> <dt> <span class="strong">Returns:</span>   </dt><dd>a user-friendly name  </dd>  </dl></li></ul> <a end_ctx_id="method:getName()"/>  </td></tr></table></td></tr></table><table border="0" cellpadding="1" cellspacing="0" width="100%"><tr><td><h3 class="ctxid">method:openInputStream() [NONE]</h3></td></tr><tr><td><table border="0" cellpadding="5" cellspacing="1" bgcolor="black" width="100%"><tr valign="top"><td bgcolor="#FFFFFF" colspan="1"> <a start_ctx_id="method:openInputStream()"/><a name="openInputStream()"/><ul class="blockList"><li class="blockList"><h4>openInputStream</h4><pre>public <a href="../../java/io/InputStream.html" title="class in java.io">InputStream</a> openInputStream()
                            throws <a href="../../java/io/IOException.html" title="class in java.io">IOException</a></pre><div class="block">This implementation always throws <a href="../../java/lang/UnsupportedOperationException.html" title="class in java.lang">UnsupportedOperationException</a>. Subclasses can change this behavior as long as the contract of <a href="../../javax/tools/FileObject.html" title="interface in javax.tools"><code>FileObject</code></a> is obeyed.                  </div><dl> <dt> <span class="strong">Specified by: </span>   </dt><dd> <code><a href="../../javax/tools/FileObject.html#openInputStream()">openInputStream</a></code> in interface <code><a href="../../javax/tools/FileObject.html" title="interface in javax.tools">FileObject</a></code>  </dd> <dt> <span class="strong">Returns:</span>   </dt><dd>an InputStream </dd> <dt> <span class="strong">Throws:</span>   </dt><dd> <code><a href="../../java/io/IOException.html" title="class in java.io">IOException</a></code> - if an I/O error occurred       </dd>   </dl></li></ul> <a end_ctx_id="method:openInputStream()"/>  </td></tr></table></td></tr></table><table border="0" cellpadding="1" cellspacing="0" width="100%"><tr><td><h3 class="ctxid">method:openOutputStream() [NONE]</h3></td></tr><tr><td><table border="0" cellpadding="5" cellspacing="1" bgcolor="black" width="100%"><tr valign="top"><td bgcolor="#FFFFFF" colspan="1"> <a start_ctx_id="method:openOutputStream()"/><a name="openOutputStream()"/><ul class="blockList"><li class="blockList"><h4>openOutputStream</h4><pre>public <a href="../../java/io/OutputStream.html" title="class in java.io">OutputStream</a> openOutputStream()
                              throws <a href="../../java/io/IOException.html" title="class in java.io">IOException</a></pre><div class="block">This implementation always throws <a href="../../java/lang/UnsupportedOperationException.html" title="class in java.lang">UnsupportedOperationException</a>. Subclasses can change this behavior as long as the contract of <a href="../../javax/tools/FileObject.html" title="interface in javax.tools"><code>FileObject</code></a> is obeyed.                  </div><dl> <dt> <span class="strong">Specified by: </span>   </dt><dd> <code><a href="../../javax/tools/FileObject.html#openOutputStream()">openOutputStream</a></code> in interface <code><a href="../../javax/tools/FileObject.html" title="interface in javax.tools">FileObject</a></code>  </dd> <dt> <span class="strong">Returns:</span>   </dt><dd>an OutputStream </dd> <dt> <span class="strong">Throws:</span>   </dt><dd> <code><a href="../../java/io/IOException.html" title="class in java.io">IOException</a></code> - if an I/O error occurred       </dd>   </dl></li></ul> <a end_ctx_id="method:openOutputStream()"/>  </td></tr></table></td></tr></table><table border="0" cellpadding="1" cellspacing="0" width="100%"><tr><td><h3 class="ctxid">method:openReader(boolean) [NONE]</h3></td></tr><tr><td><table border="0" cellpadding="5" cellspacing="1" bgcolor="black" width="100%"><tr valign="top"><td bgcolor="#FFFFFF" colspan="1"> <a start_ctx_id="method:openReader(boolean)"/><a name="openReader(boolean)"/><ul class="blockList"><li class="blockList"><h4>openReader</h4><pre>public <a href="../../java/io/Reader.html" title="class in java.io">Reader</a> openReader(boolean ignoreEncodingErrors)
                  throws <a href="../../java/io/IOException.html" title="class in java.io">IOException</a></pre><div class="block">Wraps the result of <a href="../../javax/tools/SimpleJavaFileObject.html#getCharContent(boolean)">getCharContent(boolean)</a> in a Reader. Subclasses can change this behavior as long as the contract of <a href="../../javax/tools/FileObject.html" title="interface in javax.tools"><code>FileObject</code></a> is obeyed.                     </div><dl> <dt> <span class="strong">Specified by: </span>   </dt><dd> <code><a href="../../javax/tools/FileObject.html#openReader(boolean)">openReader</a></code> in interface <code><a href="../../javax/tools/FileObject.html" title="interface in javax.tools">FileObject</a></code>  </dd> <dt> <span class="strong">Parameters:</span>   </dt><dd> <code>ignoreEncodingErrors</code> - ignore encoding errors if true       </dd> <dt> <span class="strong">Returns:</span>   </dt><dd>a Reader wrapping the result of getCharContent      </dd> <dt> <span class="strong">Throws:</span>   </dt><dd> <code><a href="../../java/lang/IllegalStateException.html" title="class in java.lang">IllegalStateException</a></code> - if this file object was opened for writing and does not support reading               </dd><dd> <code><a href="../../java/lang/UnsupportedOperationException.html" title="class in java.lang">UnsupportedOperationException</a></code> - if this kind of file object does not support character access             </dd><dd> <code><a href="../../java/io/IOException.html" title="class in java.io">IOException</a></code> - if an I/O error occurred       </dd>    </dl></li></ul> <a end_ctx_id="method:openReader(boolean)"/>  </td></tr></table></td></tr></table><table border="0" cellpadding="1" cellspacing="0" width="100%"><tr><td><h3 class="ctxid">method:getCharContent(boolean) [NONE]</h3></td></tr><tr><td><table border="0" cellpadding="5" cellspacing="1" bgcolor="black" width="100%"><tr valign="top"><td bgcolor="#FFFFFF" colspan="1"> <a start_ctx_id="method:getCharContent(boolean)"/><a name="getCharContent(boolean)"/><ul class="blockList"><li class="blockList"><h4>getCharContent</h4><pre>public <a href="../../java/lang/CharSequence.html" title="interface in java.lang">CharSequence</a> getCharContent(boolean ignoreEncodingErrors)
                            throws <a href="../../java/io/IOException.html" title="class in java.io">IOException</a></pre><div class="block">This implementation always throws <a href="../../java/lang/UnsupportedOperationException.html" title="class in java.lang">UnsupportedOperationException</a>. Subclasses can change this behavior as long as the contract of <a href="../../javax/tools/FileObject.html" title="interface in javax.tools"><code>FileObject</code></a> is obeyed.                  </div><dl> <dt> <span class="strong">Specified by: </span>   </dt><dd> <code><a href="../../javax/tools/FileObject.html#getCharContent(boolean)">getCharContent</a></code> in interface <code><a href="../../javax/tools/FileObject.html" title="interface in javax.tools">FileObject</a></code>  </dd> <dt> <span class="strong">Parameters:</span>   </dt><dd> <code>ignoreEncodingErrors</code> - ignore encoding errors if true       </dd> <dt> <span class="strong">Returns:</span>   </dt><dd>a CharSequence if available; <code>null</code> otherwise     </dd> <dt> <span class="strong">Throws:</span>   </dt><dd> <code><a href="../../java/io/IOException.html" title="class in java.io">IOException</a></code> - if an I/O error occurred       </dd>    </dl></li></ul> <a end_ctx_id="method:getCharContent(boolean)"/>  </td></tr></table></td></tr></table><table border="0" cellpadding="1" cellspacing="0" width="100%"><tr><td><h3 class="ctxid">method:openWriter() [NONE]</h3></td></tr><tr><td><table border="0" cellpadding="5" cellspacing="1" bgcolor="black" width="100%"><tr valign="top"><td bgcolor="#FFFFFF" colspan="1"> <a start_ctx_id="method:openWriter()"/><a name="openWriter()"/><ul class="blockList"><li class="blockList"><h4>openWriter</h4><pre>public <a href="../../java/io/Writer.html" title="class in java.io">Writer</a> openWriter()
                  throws <a href="../../java/io/IOException.html" title="class in java.io">IOException</a></pre><div class="block">Wraps the result of openOutputStream in a Writer. Subclasses can change this behavior as long as the contract of <a href="../../javax/tools/FileObject.html" title="interface in javax.tools"><code>FileObject</code></a> is obeyed.                     </div><dl> <dt> <span class="strong">Specified by: </span>   </dt><dd> <code><a href="../../javax/tools/FileObject.html#openWriter()">openWriter</a></code> in interface <code><a href="../../javax/tools/FileObject.html" title="interface in javax.tools">FileObject</a></code>  </dd> <dt> <span class="strong">Returns:</span>   </dt><dd>a Writer wrapping the result of openOutputStream      </dd> <dt> <span class="strong">Throws:</span>   </dt><dd> <code><a href="../../java/lang/IllegalStateException.html" title="class in java.lang">IllegalStateException</a></code> - if this file object was opened for reading and does not support writing               </dd><dd> <code><a href="../../java/lang/UnsupportedOperationException.html" title="class in java.lang">UnsupportedOperationException</a></code> - if this kind of file object does not support character access             </dd><dd> <code><a href="../../java/io/IOException.html" title="class in java.io">IOException</a></code> - if an I/O error occurred       </dd>   </dl></li></ul> <a end_ctx_id="method:openWriter()"/>  </td></tr></table></td></tr></table><table border="0" cellpadding="1" cellspacing="0" width="100%"><tr><td><h3 class="ctxid">method:getLastModified() [NONE]</h3></td></tr><tr><td><table border="0" cellpadding="5" cellspacing="1" bgcolor="black" width="100%"><tr valign="top"><td bgcolor="#FFFFFF" colspan="1"> <a start_ctx_id="method:getLastModified()"/><a name="getLastModified()"/><ul class="blockList"><li class="blockList"><h4>getLastModified</h4><pre>public long getLastModified()</pre><div class="block">This implementation returns <code>0L</code>. Subclasses can change this behavior as long as the contract of <a href="../../javax/tools/FileObject.html" title="interface in javax.tools"><code>FileObject</code></a> is obeyed.                 </div><dl> <dt> <span class="strong">Specified by: </span>   </dt><dd> <code><a href="../../javax/tools/FileObject.html#getLastModified()">getLastModified</a></code> in interface <code><a href="../../javax/tools/FileObject.html" title="interface in javax.tools">FileObject</a></code>  </dd> <dt> <span class="strong">Returns:</span>   </dt><dd> <code>0L</code> </dd>  </dl></li></ul> <a end_ctx_id="method:getLastModified()"/>  </td></tr></table></td></tr></table><table border="0" cellpadding="1" cellspacing="0" width="100%"><tr><td><h3 class="ctxid">method:delete() [NONE]</h3></td></tr><tr><td><table border="0" cellpadding="5" cellspacing="1" bgcolor="black" width="100%"><tr valign="top"><td bgcolor="#FFFFFF" colspan="1"> <a start_ctx_id="method:delete()"/><a name="delete()"/><ul class="blockList"><li class="blockList"><h4>delete</h4><pre>public boolean delete()</pre><div class="block">This implementation does nothing. Subclasses can change this behavior as long as the contract of <a href="../../javax/tools/FileObject.html" title="interface in javax.tools"><code>FileObject</code></a> is obeyed.                 </div><dl> <dt> <span class="strong">Specified by: </span>   </dt><dd> <code><a href="../../javax/tools/FileObject.html#delete()">delete</a></code> in interface <code><a href="../../javax/tools/FileObject.html" title="interface in javax.tools">FileObject</a></code>  </dd> <dt> <span class="strong">Returns:</span>   </dt><dd> <code>false</code> </dd>  </dl></li></ul> <a end_ctx_id="method:delete()"/>  </td></tr></table></td></tr></table><table border="0" cellpadding="1" cellspacing="0" width="100%"><tr><td><h3 class="ctxid">method:getKind() [NONE]</h3></td></tr><tr><td><table border="0" cellpadding="5" cellspacing="1" bgcolor="black" width="100%"><tr valign="top"><td bgcolor="#FFFFFF" colspan="1"> <a start_ctx_id="method:getKind()"/><a name="getKind()"/><ul class="blockList"><li class="blockList"><h4>getKind</h4><pre>public <a href="../../javax/tools/JavaFileObject.Kind.html" title="enum in javax.tools">JavaFileObject.Kind</a> getKind()</pre><div class="block"> <span class="strong">Description copied from interface: <code><a href="../../javax/tools/JavaFileObject.html#getKind()">JavaFileObject</a></code>   </span> </div><div class="block">Gets the kind of this file object.      </div><dl> <dt> <span class="strong">Specified by: </span>   </dt><dd> <code><a href="../../javax/tools/JavaFileObject.html#getKind()">getKind</a></code> in interface <code><a href="../../javax/tools/JavaFileObject.html" title="interface in javax.tools">JavaFileObject</a></code>  </dd> <dt> <span class="strong">Returns:</span>   </dt><dd> <code>this.kind</code> </dd>  </dl></li></ul> <a end_ctx_id="method:getKind()"/>  </td></tr></table></td></tr></table><table border="0" cellpadding="1" cellspacing="0" width="100%"><tr><td><h3 class="ctxid">method:isNameCompatible(java.lang.String, javax.tools.JavaFileObject.Kind) [NONE]</h3></td></tr><tr><td><table border="0" cellpadding="5" cellspacing="1" bgcolor="black" width="100%"><tr valign="top"><td bgcolor="#FFFFFF" colspan="1"> <a start_ctx_id="method:isNameCompatible(java.lang.String, javax.tools.JavaFileObject.Kind)"/><a name="isNameCompatible(java.lang.String, javax.tools.JavaFileObject.Kind)"/><ul class="blockList"><li class="blockList"><h4>isNameCompatible</h4><pre>public boolean isNameCompatible(<a href="../../java/lang/String.html" title="class in java.lang">String</a> simpleName,
                                <a href="../../javax/tools/JavaFileObject.Kind.html" title="enum in javax.tools">JavaFileObject.Kind</a> kind)</pre><div class="block">This implementation compares the path of its URI to the given simple name. This method returns true if the given kind is equal to the kind of this object, and if the path is equal to <code>simpleName + kind.extension  </code> or if it ends with <code>"/" + simpleName + kind.extension    </code>.<p>This method calls <a href="../../javax/tools/SimpleJavaFileObject.html#getKind()"><code>getKind()</code></a> and <a href="../../javax/tools/SimpleJavaFileObject.html#toUri()"><code>toUri()</code></a> and does not access the fields <a href="../../javax/tools/SimpleJavaFileObject.html#uri"><code>uri</code></a> and <a href="../../javax/tools/SimpleJavaFileObject.html#kind"><code>kind</code></a> directly.               </p><p>Subclasses can change this behavior as long as the contract of <a href="../../javax/tools/JavaFileObject.html" title="interface in javax.tools"><code>JavaFileObject</code></a> is obeyed.             </p>                                          </div><dl> <dt> <span class="strong">Specified by: </span>   </dt><dd> <code><a href="../../javax/tools/JavaFileObject.html#isNameCompatible(java.lang.String,%20javax.tools.JavaFileObject.Kind)">isNameCompatible</a></code> in interface <code><a href="../../javax/tools/JavaFileObject.html" title="interface in javax.tools">JavaFileObject</a></code>  </dd> <dt> <span class="strong">Parameters:</span>   </dt><dd> <code>simpleName</code> - a simple name of a class        </dd><dd> <code>kind</code> - a kind    </dd> <dt> <span class="strong">Returns:</span>   </dt><dd> <code>true</code> if this file object is compatible; false otherwise         </dd>   </dl></li></ul> <a end_ctx_id="method:isNameCompatible(java.lang.String, javax.tools.JavaFileObject.Kind)"/>  </td></tr></table></td></tr></table><table border="0" cellpadding="1" cellspacing="0" width="100%"><tr><td><h3 class="ctxid">method:getNestingKind() [NONE]</h3></td></tr><tr><td><table border="0" cellpadding="5" cellspacing="1" bgcolor="black" width="100%"><tr valign="top"><td bgcolor="#FFFFFF" colspan="1"> <a start_ctx_id="method:getNestingKind()"/><a name="getNestingKind()"/><ul class="blockList"><li class="blockList"><h4>getNestingKind</h4><pre>public <a href="../../javax/lang/model/element/NestingKind.html" title="enum in javax.lang.model.element">NestingKind</a> getNestingKind()</pre><div class="block">This implementation returns <code>null</code>. Subclasses can change this behavior as long as the contract of <a href="../../javax/tools/JavaFileObject.html" title="interface in javax.tools"><code>JavaFileObject</code></a> is obeyed.                 </div><dl> <dt> <span class="strong">Specified by: </span>   </dt><dd> <code><a href="../../javax/tools/JavaFileObject.html#getNestingKind()">getNestingKind</a></code> in interface <code><a href="../../javax/tools/JavaFileObject.html" title="interface in javax.tools">JavaFileObject</a></code>  </dd> <dt> <span class="strong">Returns:</span>   </dt><dd>the nesting kind, or <code>null</code> if the nesting kind is not known           </dd>  </dl></li></ul> <a end_ctx_id="method:getNestingKind()"/>  </td></tr></table></td></tr></table><table border="0" cellpadding="1" cellspacing="0" width="100%"><tr><td><h3 class="ctxid">method:getAccessLevel() [NONE]</h3></td></tr><tr><td><table border="0" cellpadding="5" cellspacing="1" bgcolor="black" width="100%"><tr valign="top"><td bgcolor="#FFFFFF" colspan="1"> <a start_ctx_id="method:getAccessLevel()"/><a name="getAccessLevel()"/><ul class="blockList"><li class="blockList"><h4>getAccessLevel</h4><pre>public <a href="../../javax/lang/model/element/Modifier.html" title="enum in javax.lang.model.element">Modifier</a> getAccessLevel()</pre><div class="block">This implementation returns <code>null</code>. Subclasses can change this behavior as long as the contract of <a href="../../javax/tools/JavaFileObject.html" title="interface in javax.tools"><code>JavaFileObject</code></a> is obeyed.                 </div><dl> <dt> <span class="strong">Specified by: </span>   </dt><dd> <code><a href="../../javax/tools/JavaFileObject.html#getAccessLevel()">getAccessLevel</a></code> in interface <code><a href="../../javax/tools/JavaFileObject.html" title="interface in javax.tools">JavaFileObject</a></code>  </dd> <dt> <span class="strong">Returns:</span>   </dt><dd>the access level  </dd>  </dl></li></ul> <a end_ctx_id="method:getAccessLevel()"/>  </td></tr></table></td></tr></table><table border="0" cellpadding="1" cellspacing="0" width="100%"><tr><td><h3 class="ctxid">method:toString() [NONE]</h3></td></tr><tr><td><table border="0" cellpadding="5" cellspacing="1" bgcolor="black" width="100%"><tr valign="top"><td bgcolor="#FFFFFF" colspan="1"> <a start_ctx_id="method:toString()"/><a name="toString()"/><ul class="blockListLast"><li class="blockList"><h4>toString</h4><pre>public <a href="../../java/lang/String.html" title="class in java.lang">String</a> toString()</pre><div class="block"> <span class="strong">Description copied from class: <code><a href="../../java/lang/Object.html#toString()">Object</a></code>   </span> </div><div class="block">Returns a string representation of the object. In general, the <code>toString</code> method returns a string that "textually represents" this object. The result should be a concise but informative representation that is easy for a person to read. It is recommended that all subclasses override this method.<p> The <code>toString</code> method for class <code>Object</code> returns a string consisting of the name of the class of which the object is an instance, the at-sign character `<code>@</code>', and the unsigned hexadecimal representation of the hash code of the object. In other words, this method returns a string equal to the value of:                                                    </p><blockquote><pre>
 getClass().getName() + '@' + Integer.toHexString(hashCode())
 </pre></blockquote>                                             </div><dl> <dt> <span class="strong">Overrides:</span>   </dt><dd> <code><a href="../../java/lang/Object.html#toString()">toString</a></code> in class <code><a href="../../java/lang/Object.html" title="class in java.lang">Object</a></code>  </dd> <dt> <span class="strong">Returns:</span>   </dt><dd>a string representation of the object.     </dd>  </dl></li></ul> <a end_ctx_id="method:toString()"/>  </td></tr></table></td></tr></table></diff></diffreport>