<?xml version="1.0" encoding="UTF-8" standalone="yes"?><Document><name>javax/tools/SimpleJavaFileObject.spec</name><Context><name>class:SimpleJavaFileObject</name><mt>NONE</mt></Context><Context><name>constructor:SimpleJavaFileObject(java.net.URI, javax.tools.JavaFileObject.Kind)</name><mt>NONE</mt></Context><Context><name>field:kind</name><mt>NONE</mt></Context><Context><name>field:uri</name><mt>NONE</mt></Context><Context><name>method:delete()</name><mt>NONE</mt></Context><Context><name>method:getAccessLevel()</name><mt>NONE</mt></Context><Context><name>method:getCharContent(boolean)</name><mt>NONE</mt></Context><Context><name>method:getKind()</name><mt>NONE</mt></Context><Context><name>method:getLastModified()</name><mt>NONE</mt></Context><Context><name>method:getName()</name><mt>NONE</mt></Context><Context><name>method:getNestingKind()</name><mt>NONE</mt></Context><Context><name>method:isNameCompatible(java.lang.String, javax.tools.JavaFileObject.Kind)</name><mt>NONE</mt></Context><Context><name>method:openInputStream()</name><mt>NONE</mt></Context><Context><name>method:openOutputStream()</name><mt>NONE</mt></Context><Context><name>method:openReader(boolean)</name><mt>NONE</mt></Context><Context><name>method:openWriter()</name><mt>NONE</mt></Context><Context><name>method:toString()</name><mt>NONE</mt></Context><Context><name>method:toUri()</name><mt>NONE</mt></Context><Stat><name>javax/tools/SimpleJavaFileObject.spec</name><mt>NONE</mt><Group name="context"><Item name="ADDED" count="0"/><Item name="REMOVED" count="0"/><Item name="CHANGED" count="0"/><Item name="MODIFIED" count="0"/><Item name="TOTAL" count="18"/></Group><Group name="assertion"><Item name="ADDED" count="0"/><Item name="REMOVED" count="0"/><Item name="CHANGED" count="0"/><Item name="MODIFIED" count="0"/><Item name="TOTAL" count="0"/></Group></Stat></Document>