<?xml version="1.0" encoding="UTF-8"?><diffreport><diff><table border="0" cellpadding="1" cellspacing="0" width="100%"><tr><td><h3 class="ctxid">class:StandardLocation [NONE]</h3></td></tr><tr><td><table border="0" cellpadding="5" cellspacing="1" bgcolor="black" width="100%"><tr valign="top"><td bgcolor="#FFFFFF" colspan="1"><div class="description"> <a start_ctx_id="class:StandardLocation"/><ul class="blockList"><li class="blockList"><dl> <dt>All Implemented Interfaces:  </dt><dd> <a href="../../java/io/Serializable.html" title="interface in java.io">Serializable</a>, <a href="../../java/lang/Comparable.html" title="interface in java.lang">Comparable</a>&lt;<a href="../../javax/tools/StandardLocation.html" title="enum in javax.tools">StandardLocation</a>&gt;, <a href="../../javax/tools/JavaFileManager.Location.html" title="interface in javax.tools">JavaFileManager.Location</a>   </dd> </dl> <hr/> <br/><pre>public enum <span class="strong">StandardLocation</span>
extends <a href="../../java/lang/Enum.html" title="class in java.lang">Enum</a>&lt;<a href="../../javax/tools/StandardLocation.html" title="enum in javax.tools">StandardLocation</a>&gt;
implements <a href="../../javax/tools/JavaFileManager.Location.html" title="interface in javax.tools">JavaFileManager.Location</a></pre><div class="block">Standard locations of file objects.    </div><dl> <dt> <span class="strong">Since:</span>   </dt><dd>1.6</dd> </dl>  </li></ul> </div> <a end_ctx_id="class:StandardLocation"/> </td></tr></table></td></tr></table><table border="0" cellpadding="1" cellspacing="0" width="100%"><tr><td><h3 class="ctxid">field:CLASS_OUTPUT [NONE]</h3></td></tr><tr><td><table border="0" cellpadding="5" cellspacing="1" bgcolor="black" width="100%"><tr valign="top"><td bgcolor="#FFFFFF" colspan="1"> <a start_ctx_id="field:CLASS_OUTPUT"/><a name="CLASS_OUTPUT"/><ul class="blockList"><li class="blockList"><h4>CLASS_OUTPUT</h4><pre>public static final <a href="../../javax/tools/StandardLocation.html" title="enum in javax.tools">StandardLocation</a> CLASS_OUTPUT</pre><div class="block">Location of new class files.    </div></li></ul> <a end_ctx_id="field:CLASS_OUTPUT"/>  </td></tr></table></td></tr></table><table border="0" cellpadding="1" cellspacing="0" width="100%"><tr><td><h3 class="ctxid">field:SOURCE_OUTPUT [NONE]</h3></td></tr><tr><td><table border="0" cellpadding="5" cellspacing="1" bgcolor="black" width="100%"><tr valign="top"><td bgcolor="#FFFFFF" colspan="1"> <a start_ctx_id="field:SOURCE_OUTPUT"/><a name="SOURCE_OUTPUT"/><ul class="blockList"><li class="blockList"><h4>SOURCE_OUTPUT</h4><pre>public static final <a href="../../javax/tools/StandardLocation.html" title="enum in javax.tools">StandardLocation</a> SOURCE_OUTPUT</pre><div class="block">Location of new source files.    </div></li></ul> <a end_ctx_id="field:SOURCE_OUTPUT"/>  </td></tr></table></td></tr></table><table border="0" cellpadding="1" cellspacing="0" width="100%"><tr><td><h3 class="ctxid">field:CLASS_PATH [NONE]</h3></td></tr><tr><td><table border="0" cellpadding="5" cellspacing="1" bgcolor="black" width="100%"><tr valign="top"><td bgcolor="#FFFFFF" colspan="1"> <a start_ctx_id="field:CLASS_PATH"/><a name="CLASS_PATH"/><ul class="blockList"><li class="blockList"><h4>CLASS_PATH</h4><pre>public static final <a href="../../javax/tools/StandardLocation.html" title="enum in javax.tools">StandardLocation</a> CLASS_PATH</pre><div class="block">Location to search for user class files.      </div></li></ul> <a end_ctx_id="field:CLASS_PATH"/>  </td></tr></table></td></tr></table><table border="0" cellpadding="1" cellspacing="0" width="100%"><tr><td><h3 class="ctxid">field:SOURCE_PATH [NONE]</h3></td></tr><tr><td><table border="0" cellpadding="5" cellspacing="1" bgcolor="black" width="100%"><tr valign="top"><td bgcolor="#FFFFFF" colspan="1"> <a start_ctx_id="field:SOURCE_PATH"/><a name="SOURCE_PATH"/><ul class="blockList"><li class="blockList"><h4>SOURCE_PATH</h4><pre>public static final <a href="../../javax/tools/StandardLocation.html" title="enum in javax.tools">StandardLocation</a> SOURCE_PATH</pre><div class="block">Location to search for existing source files.      </div></li></ul> <a end_ctx_id="field:SOURCE_PATH"/>  </td></tr></table></td></tr></table><table border="0" cellpadding="1" cellspacing="0" width="100%"><tr><td><h3 class="ctxid">field:ANNOTATION_PROCESSOR_PATH [NONE]</h3></td></tr><tr><td><table border="0" cellpadding="5" cellspacing="1" bgcolor="black" width="100%"><tr valign="top"><td bgcolor="#FFFFFF" colspan="1"> <a start_ctx_id="field:ANNOTATION_PROCESSOR_PATH"/><a name="ANNOTATION_PROCESSOR_PATH"/><ul class="blockList"><li class="blockList"><h4>ANNOTATION_PROCESSOR_PATH</h4><pre>public static final <a href="../../javax/tools/StandardLocation.html" title="enum in javax.tools">StandardLocation</a> ANNOTATION_PROCESSOR_PATH</pre><div class="block">Location to search for annotation processors.     </div></li></ul> <a end_ctx_id="field:ANNOTATION_PROCESSOR_PATH"/>  </td></tr></table></td></tr></table><table border="0" cellpadding="1" cellspacing="0" width="100%"><tr><td><h3 class="ctxid">field:PLATFORM_CLASS_PATH [NONE]</h3></td></tr><tr><td><table border="0" cellpadding="5" cellspacing="1" bgcolor="black" width="100%"><tr valign="top"><td bgcolor="#FFFFFF" colspan="1"> <a start_ctx_id="field:PLATFORM_CLASS_PATH"/><a name="PLATFORM_CLASS_PATH"/><ul class="blockList"><li class="blockList"><h4>PLATFORM_CLASS_PATH</h4><pre>public static final <a href="../../javax/tools/StandardLocation.html" title="enum in javax.tools">StandardLocation</a> PLATFORM_CLASS_PATH</pre><div class="block">Location to search for platform classes. Sometimes called the boot class path.           </div></li></ul> <a end_ctx_id="field:PLATFORM_CLASS_PATH"/>  </td></tr></table></td></tr></table><table border="0" cellpadding="1" cellspacing="0" width="100%"><tr><td><h3 class="ctxid">method:values() [NONE]</h3></td></tr><tr><td><table border="0" cellpadding="5" cellspacing="1" bgcolor="black" width="100%"><tr valign="top"><td bgcolor="#FFFFFF" colspan="1"> <a start_ctx_id="method:values()"/><a name="values()"/><ul class="blockList"><li class="blockList"><h4>values</h4><pre>public static <a href="../../javax/tools/StandardLocation.html" title="enum in javax.tools">StandardLocation</a>[] values()</pre><div class="block">Returns an array containing the constants of this enum type, in the order they are declared. This method may be used to iterate over the constants as follows:<pre>
for (StandardLocation c : StandardLocation.values())
    System.out.println(c);
</pre>                           </div><dl> <dt> <span class="strong">Returns:</span>   </dt><dd>an array containing the constants of this enum type, in the order they are declared              </dd> </dl></li></ul> <a end_ctx_id="method:values()"/>  </td></tr></table></td></tr></table><table border="0" cellpadding="1" cellspacing="0" width="100%"><tr><td><h3 class="ctxid">method:valueOf(java.lang.String) [NONE]</h3></td></tr><tr><td><table border="0" cellpadding="5" cellspacing="1" bgcolor="black" width="100%"><tr valign="top"><td bgcolor="#FFFFFF" colspan="1"> <a start_ctx_id="method:valueOf(java.lang.String)"/><a name="valueOf(java.lang.String)"/><ul class="blockList"><li class="blockList"><h4>valueOf</h4><pre>public static <a href="../../javax/tools/StandardLocation.html" title="enum in javax.tools">StandardLocation</a> valueOf(<a href="../../java/lang/String.html" title="class in java.lang">String</a> name)</pre><div class="block">Returns the enum constant of this type with the specified name. The string must match <i>exactly</i> an identifier used to declare an enum constant in this type. (Extraneous whitespace characters are not permitted.)                                </div><dl> <dt> <span class="strong">Parameters:</span>   </dt><dd> <code>name</code> - the name of the enum constant to be returned.           </dd> <dt> <span class="strong">Returns:</span>   </dt><dd>the enum constant with the specified name      </dd> <dt> <span class="strong">Throws:</span>   </dt><dd> <code><a href="../../java/lang/IllegalArgumentException.html" title="class in java.lang">IllegalArgumentException</a></code> - if this enum type has no constant with the specified name             </dd><dd> <code><a href="../../java/lang/NullPointerException.html" title="class in java.lang">NullPointerException</a></code> - if the argument is null       </dd>   </dl></li></ul> <a end_ctx_id="method:valueOf(java.lang.String)"/>  </td></tr></table></td></tr></table><table border="0" cellpadding="1" cellspacing="0" width="100%"><tr><td><h3 class="ctxid">method:locationFor(java.lang.String) [NONE]</h3></td></tr><tr><td><table border="0" cellpadding="5" cellspacing="1" bgcolor="black" width="100%"><tr valign="top"><td bgcolor="#FFFFFF" colspan="1"> <a start_ctx_id="method:locationFor(java.lang.String)"/><a name="locationFor(java.lang.String)"/><ul class="blockList"><li class="blockList"><h4>locationFor</h4><pre>public static <a href="../../javax/tools/JavaFileManager.Location.html" title="interface in javax.tools">JavaFileManager.Location</a> locationFor(<a href="../../java/lang/String.html" title="class in java.lang">String</a> name)</pre><div class="block">Gets a location object with the given name. The following property must hold: <code>locationFor(x) == locationFor(y)  </code> if and only if <code>x.equals(y)</code>. The returned location will be an output location if and only if name ends with <code>"_OUTPUT"</code>.                                  </div><dl> <dt> <span class="strong">Parameters:</span>   </dt><dd> <code>name</code> - a name    </dd> <dt> <span class="strong">Returns:</span>   </dt><dd>a location </dd>  </dl></li></ul> <a end_ctx_id="method:locationFor(java.lang.String)"/>  </td></tr></table></td></tr></table><table border="0" cellpadding="1" cellspacing="0" width="100%"><tr><td><h3 class="ctxid">method:getName() [NONE]</h3></td></tr><tr><td><table border="0" cellpadding="5" cellspacing="1" bgcolor="black" width="100%"><tr valign="top"><td bgcolor="#FFFFFF" colspan="1"> <a start_ctx_id="method:getName()"/><a name="getName()"/><ul class="blockList"><li class="blockList"><h4>getName</h4><pre>public <a href="../../java/lang/String.html" title="class in java.lang">String</a> getName()</pre><div class="block"> <span class="strong">Description copied from interface: <code><a href="../../javax/tools/JavaFileManager.Location.html#getName()">JavaFileManager.Location</a></code>   </span> </div><div class="block">Gets the name of this location.     </div><dl> <dt> <span class="strong">Specified by: </span>   </dt><dd> <code><a href="../../javax/tools/JavaFileManager.Location.html#getName()">getName</a></code> in interface <code><a href="../../javax/tools/JavaFileManager.Location.html" title="interface in javax.tools">JavaFileManager.Location</a></code>  </dd> <dt> <span class="strong">Returns:</span>   </dt><dd>a name </dd>  </dl></li></ul> <a end_ctx_id="method:getName()"/>  </td></tr></table></td></tr></table><table border="0" cellpadding="1" cellspacing="0" width="100%"><tr><td><h3 class="ctxid">method:isOutputLocation() [NONE]</h3></td></tr><tr><td><table border="0" cellpadding="5" cellspacing="1" bgcolor="black" width="100%"><tr valign="top"><td bgcolor="#FFFFFF" colspan="1"> <a start_ctx_id="method:isOutputLocation()"/><a name="isOutputLocation()"/><ul class="blockListLast"><li class="blockList"><h4>isOutputLocation</h4><pre>public boolean isOutputLocation()</pre><div class="block"> <span class="strong">Description copied from interface: <code><a href="../../javax/tools/JavaFileManager.Location.html#isOutputLocation()">JavaFileManager.Location</a></code>   </span> </div><div class="block">Determines if this is an output location. An output location is a location that is conventionally used for output.                  </div><dl> <dt> <span class="strong">Specified by: </span>   </dt><dd> <code><a href="../../javax/tools/JavaFileManager.Location.html#isOutputLocation()">isOutputLocation</a></code> in interface <code><a href="../../javax/tools/JavaFileManager.Location.html" title="interface in javax.tools">JavaFileManager.Location</a></code>  </dd> <dt> <span class="strong">Returns:</span>   </dt><dd>true if this is an output location, false otherwise        </dd>  </dl></li></ul> <a end_ctx_id="method:isOutputLocation()"/>  </td></tr></table></td></tr></table><table border="0" cellpadding="1" cellspacing="0" width="100%"><tr><td><h3 class="ctxid">field:NATIVE_HEADER_OUTPUT [ADDED]</h3></td></tr><tr><td><table border="0" cellpadding="5" cellspacing="1" bgcolor="black" width="100%"><tr valign="top"><td bgcolor="#FFFFFF" colspan="1"> <a start_ctx_id="field:NATIVE_HEADER_OUTPUT"><span class="diff-html-added"/></a><a name="NATIVE_HEADER_OUTPUT"/><ul class="blockListLast"><li class="blockList"><h4><span class="diff-html-added">NATIVE_HEADER_OUTPUT</span></h4><pre><span class="diff-html-added">public</span> <span class="diff-html-added">static</span> <span class="diff-html-added">final </span><a href="../../javax/tools/StandardLocation.html" title="enum in javax.tools"><span class="diff-html-added">StandardLocation</span></a> <span class="diff-html-added">NATIVE_HEADER_OUTPUT</span></pre><div class="block"><span class="diff-html-added">Location</span> <span class="diff-html-added">of</span> <span class="diff-html-added">new</span> <span class="diff-html-added">native</span> <span class="diff-html-added">header</span> <span class="diff-html-added">files.</span>     </div><dl> <dt> <span class="strong"><span class="diff-html-added">Since:</span></span>   </dt><dd><span class="diff-html-added">1.8</span></dd> </dl></li></ul> <a end_ctx_id="field:NATIVE_HEADER_OUTPUT"><span class="diff-html-added"/></a>  </td></tr></table></td></tr></table></diff></diffreport>