<?xml version="1.0" encoding="UTF-8" standalone="yes"?><Document><name>javax/tools/StandardJavaFileManager.spec</name><Context><name>class:StandardJavaFileManager</name><mt>NONE</mt></Context><Context><name>method:getJavaFileObjects(java.io.File...)</name><mt>NONE</mt></Context><Context><name>method:getJavaFileObjects(java.lang.String...)</name><mt>NONE</mt></Context><Context><name>method:getJavaFileObjectsFromFiles(java.lang.Iterable)</name><mt>NONE</mt></Context><Context><name>method:getJavaFileObjectsFromStrings(java.lang.Iterable)</name><mt>NONE</mt></Context><Context><name>method:getLocation(javax.tools.JavaFileManager.Location)</name><mt>NONE</mt></Context><Context><name>method:isSameFile(javax.tools.FileObject, javax.tools.FileObject)</name><mt>NONE</mt></Context><Context><name>method:setLocation(javax.tools.JavaFileManager.Location, java.lang.Iterable)</name><mt>NONE</mt></Context><Stat><name>javax/tools/StandardJavaFileManager.spec</name><mt>NONE</mt><Group name="context"><Item name="ADDED" count="0"/><Item name="REMOVED" count="0"/><Item name="CHANGED" count="0"/><Item name="MODIFIED" count="0"/><Item name="TOTAL" count="8"/></Group><Group name="assertion"><Item name="ADDED" count="0"/><Item name="REMOVED" count="0"/><Item name="CHANGED" count="0"/><Item name="MODIFIED" count="0"/><Item name="TOTAL" count="0"/></Group></Stat></Document>