<?xml version="1.0" encoding="UTF-8"?><diffreport><diff><table border="0" cellpadding="1" cellspacing="0" width="100%"><tr><td><h3 class="ctxid">class:StandardJavaFileManager [NONE]</h3></td></tr><tr><td><table border="0" cellpadding="5" cellspacing="1" bgcolor="black" width="100%"><tr valign="top"><td bgcolor="#FFFFFF" colspan="1"><div class="description"> <a start_ctx_id="class:StandardJavaFileManager"/><ul class="blockList"><li class="blockList"><dl> <dt>All Superinterfaces: </dt><dd> <a href="../../java/lang/AutoCloseable.html" title="interface in java.lang">AutoCloseable</a>, <a href="../../java/io/Closeable.html" title="interface in java.io">Closeable</a>, <a href="../../java/io/Flushable.html" title="interface in java.io">Flushable</a>, <a href="../../javax/tools/JavaFileManager.html" title="interface in javax.tools">JavaFileManager</a>, <a href="../../javax/tools/OptionChecker.html" title="interface in javax.tools">OptionChecker</a>     </dd> </dl> <hr/> <br/><pre>public interface <span class="strong">StandardJavaFileManager</span>
extends <a href="../../javax/tools/JavaFileManager.html" title="interface in javax.tools">JavaFileManager</a></pre><div class="block">File manager based on <a href="../../java/io/File.html" title="class in java.io">java.io.File</a>. A common way to obtain an instance of this class is using <a href="../../javax/tools/JavaCompiler.html#getStandardFileManager(javax.tools.DiagnosticListener,%20java.util.Locale,%20java.nio.charset.Charset)">getStandardFileManager</a>, for example:<pre>
   JavaCompiler compiler = ToolProvider.getSystemJavaCompiler();
   <code> DiagnosticCollector&lt;JavaFileObject&gt;</code> diagnostics =
       new <code> DiagnosticCollector&lt;JavaFileObject&gt;()</code>;
   StandardJavaFileManager fm = compiler.getStandardFileManager(diagnostics, null, null);
 </pre> This file manager creates file objects representing regular <a href="../../java/io/File.html" title="class in java.io">files</a>, <a href="../../java/util/zip/ZipEntry.html" title="class in java.util.zip">zip file entries  </a>, or entries in similar file system based containers. Any file object returned from a file manager implementing this interface must observe the following behavior:<ul><li> File names need not be canonical.      </li><li> For file objects representing regular files<ul><li> the method <code><a href="../../javax/tools/FileObject.html#delete()">FileObject.delete()</a></code> is equivalent to <code><a href="../../java/io/File.html#delete()">File.delete()</a></code>,       </li><li> the method <code><a href="../../javax/tools/FileObject.html#getLastModified()">FileObject.getLastModified()</a></code> is equivalent to <code><a href="../../java/io/File.html#lastModified()">File.lastModified()</a></code>,       </li><li> the methods <code><a href="../../javax/tools/FileObject.html#getCharContent(boolean)">FileObject.getCharContent(boolean)</a></code>, <code><a href="../../javax/tools/FileObject.html#openInputStream()">FileObject.openInputStream()</a></code>, and <code><a href="../../javax/tools/FileObject.html#openReader(boolean)">FileObject.openReader(boolean)</a></code> must succeed if the following would succeed (ignoring encoding issues):<blockquote><pre>new <a href="../../java/io/FileInputStream.html#FileInputStream(java.io.File)">FileInputStream</a>(new <a href="../../java/io/File.html#File(java.net.URI)">File</a>(<a href="../../javax/tools/FileObject.html" title="interface in javax.tools">fileObject</a>.<a href="../../javax/tools/FileObject.html#toUri()">toUri</a>()))</pre></blockquote>                </li><li> and the methods <code><a href="../../javax/tools/FileObject.html#openOutputStream()">FileObject.openOutputStream()</a></code>, and <code><a href="../../javax/tools/FileObject.html#openWriter()">FileObject.openWriter()</a></code> must succeed if the following would succeed (ignoring encoding issues):<blockquote><pre>new <a href="../../java/io/FileOutputStream.html#FileOutputStream(java.io.File)">FileOutputStream</a>(new <a href="../../java/io/File.html#File(java.net.URI)">File</a>(<a href="../../javax/tools/FileObject.html" title="interface in javax.tools">fileObject</a>.<a href="../../javax/tools/FileObject.html#toUri()">toUri</a>()))</pre></blockquote>                </li></ul>      </li><li> The <a href="../../java/net/URI.html" title="class in java.net">URI</a> returned from <code><a href="../../javax/tools/FileObject.html#toUri()">FileObject.toUri()</a></code><ul><li> must be <a href="../../java/net/URI.html#isAbsolute()">absolute</a> (have a schema), and       </li><li> must have a <a href="../../java/net/URI.html#normalize()">normalized</a><a href="../../java/net/URI.html#getPath()">path component </a> which can be resolved without any process-specific context such as the current directory (file names must be absolute).                      </li></ul>     </li></ul> According to these rules, the following URIs, for example, are allowed:<ul><li> <code>file:///C:/Documents%20and%20Settings/UncleBob/BobsApp/Test.java</code> </li><li> <code>jar:///C:/Documents%20and%20Settings/UncleBob/lib/vendorA.jar!com/vendora/LibraryClass.class</code> </li></ul> Whereas these are not (reason in parentheses):<ul><li> <code>file:BobsApp/Test.java</code> (the file name is relative and depend on the current directory)            </li><li> <code>jar:lib/vendorA.jar!com/vendora/LibraryClass.class</code> (the first half of the path depends on the current directory, whereas the component after ! is legal)                   </li><li> <code>Test.java</code> (this URI depends on the current directory and does not have a schema)              </li><li> <code>jar:///C:/Documents%20and%20Settings/UncleBob/BobsApp/../lib/vendorA.jar!com/vendora/LibraryClass.class</code> (the path is not normalized)      </li></ul>                                                                       </div><dl> <dt> <span class="strong">Since:</span>   </dt><dd>1.6</dd> </dl>  </li></ul> </div> <a end_ctx_id="class:StandardJavaFileManager"/> </td></tr></table></td></tr></table><table border="0" cellpadding="1" cellspacing="0" width="100%"><tr><td><h3 class="ctxid">method:isSameFile(javax.tools.FileObject, javax.tools.FileObject) [NONE]</h3></td></tr><tr><td><table border="0" cellpadding="5" cellspacing="1" bgcolor="black" width="100%"><tr valign="top"><td bgcolor="#FFFFFF" colspan="1"> <a start_ctx_id="method:isSameFile(javax.tools.FileObject, javax.tools.FileObject)"/><a name="isSameFile(javax.tools.FileObject, javax.tools.FileObject)"/><ul class="blockList"><li class="blockList"><h4>isSameFile</h4><pre>boolean isSameFile(<a href="../../javax/tools/FileObject.html" title="interface in javax.tools">FileObject</a> a,
                   <a href="../../javax/tools/FileObject.html" title="interface in javax.tools">FileObject</a> b)</pre><div class="block">Compares two file objects and return true if they represent the same canonical file, zip file entry, or entry in any file system based container.                        </div><dl> <dt> <span class="strong">Specified by: </span>   </dt><dd> <code><a href="../../javax/tools/JavaFileManager.html#isSameFile(javax.tools.FileObject,%20javax.tools.FileObject)">isSameFile</a></code> in interface <code><a href="../../javax/tools/JavaFileManager.html" title="interface in javax.tools">JavaFileManager</a></code>  </dd> <dt> <span class="strong">Parameters:</span>   </dt><dd> <code>a</code> - a file object     </dd><dd> <code>b</code> - a file object     </dd> <dt> <span class="strong">Returns:</span>   </dt><dd>true if the given file objects represent the same canonical file or zip file entry; false otherwise                </dd> <dt> <span class="strong">Throws:</span>   </dt><dd> <code><a href="../../java/lang/IllegalArgumentException.html" title="class in java.lang">IllegalArgumentException</a></code> - if either of the arguments were created with another file manager implementation              </dd>    </dl></li></ul> <a end_ctx_id="method:isSameFile(javax.tools.FileObject, javax.tools.FileObject)"/>  </td></tr></table></td></tr></table><table border="0" cellpadding="1" cellspacing="0" width="100%"><tr><td><h3 class="ctxid">method:getJavaFileObjectsFromFiles(java.lang.Iterable) [NONE]</h3></td></tr><tr><td><table border="0" cellpadding="5" cellspacing="1" bgcolor="black" width="100%"><tr valign="top"><td bgcolor="#FFFFFF" colspan="1"> <a start_ctx_id="method:getJavaFileObjectsFromFiles(java.lang.Iterable)"/><a name="getJavaFileObjectsFromFiles(java.lang.Iterable)"/><ul class="blockList"><li class="blockList"><h4>getJavaFileObjectsFromFiles</h4><pre><a href="../../java/lang/Iterable.html" title="interface in java.lang">Iterable</a>&lt;? extends <a href="../../javax/tools/JavaFileObject.html" title="interface in javax.tools">JavaFileObject</a>&gt; getJavaFileObjectsFromFiles(<a href="../../java/lang/Iterable.html" title="interface in java.lang">Iterable</a>&lt;? extends <a href="../../java/io/File.html" title="class in java.io">File</a>&gt; files)</pre><div class="block">Gets file objects representing the given files.      </div><dl> <dt> <span class="strong">Parameters:</span>   </dt><dd> <code>files</code> - a list of files      </dd> <dt> <span class="strong">Returns:</span>   </dt><dd>a list of file objects    </dd> <dt> <span class="strong">Throws:</span>   </dt><dd> <code><a href="../../java/lang/IllegalArgumentException.html" title="class in java.lang">IllegalArgumentException</a></code> - if the list of files includes a directory          </dd>   </dl></li></ul> <a end_ctx_id="method:getJavaFileObjectsFromFiles(java.lang.Iterable)"/>  </td></tr></table></td></tr></table><table border="0" cellpadding="1" cellspacing="0" width="100%"><tr><td><h3 class="ctxid">method:getJavaFileObjects(java.io.File...) [NONE]</h3></td></tr><tr><td><table border="0" cellpadding="5" cellspacing="1" bgcolor="black" width="100%"><tr valign="top"><td bgcolor="#FFFFFF" colspan="1"> <a start_ctx_id="method:getJavaFileObjects(java.io.File...)"/><a name="getJavaFileObjects(java.io.File...)"/><ul class="blockList"><li class="blockList"><h4>getJavaFileObjects</h4><pre><a href="../../java/lang/Iterable.html" title="interface in java.lang">Iterable</a>&lt;? extends <a href="../../javax/tools/JavaFileObject.html" title="interface in javax.tools">JavaFileObject</a>&gt; getJavaFileObjects(<a href="../../java/io/File.html" title="class in java.io">File</a>... files)</pre><div class="block">Gets file objects representing the given files. Convenience method equivalent to:<pre>
     getJavaFileObjectsFromFiles(<a href="../../java/util/Arrays.html#asList(T...)">Arrays.asList</a>(files))
 </pre>          </div><dl> <dt> <span class="strong">Parameters:</span>   </dt><dd> <code>files</code> - an array of files      </dd> <dt> <span class="strong">Returns:</span>   </dt><dd>a list of file objects    </dd> <dt> <span class="strong">Throws:</span>   </dt><dd> <code><a href="../../java/lang/IllegalArgumentException.html" title="class in java.lang">IllegalArgumentException</a></code> - if the array of files includes a directory          </dd><dd> <code><a href="../../java/lang/NullPointerException.html" title="class in java.lang">NullPointerException</a></code> - if the given array contains null elements         </dd>   </dl></li></ul> <a end_ctx_id="method:getJavaFileObjects(java.io.File...)"/>  </td></tr></table></td></tr></table><table border="0" cellpadding="1" cellspacing="0" width="100%"><tr><td><h3 class="ctxid">method:getJavaFileObjectsFromStrings(java.lang.Iterable) [NONE]</h3></td></tr><tr><td><table border="0" cellpadding="5" cellspacing="1" bgcolor="black" width="100%"><tr valign="top"><td bgcolor="#FFFFFF" colspan="1"> <a start_ctx_id="method:getJavaFileObjectsFromStrings(java.lang.Iterable)"/><a name="getJavaFileObjectsFromStrings(java.lang.Iterable)"/><ul class="blockList"><li class="blockList"><h4>getJavaFileObjectsFromStrings</h4><pre><a href="../../java/lang/Iterable.html" title="interface in java.lang">Iterable</a>&lt;? extends <a href="../../javax/tools/JavaFileObject.html" title="interface in javax.tools">JavaFileObject</a>&gt; getJavaFileObjectsFromStrings(<a href="../../java/lang/Iterable.html" title="interface in java.lang">Iterable</a>&lt;<a href="../../java/lang/String.html" title="class in java.lang">String</a>&gt; names)</pre><div class="block">Gets file objects representing the given file names.       </div><dl> <dt> <span class="strong">Parameters:</span>   </dt><dd> <code>names</code> - a list of file names       </dd> <dt> <span class="strong">Returns:</span>   </dt><dd>a list of file objects    </dd> <dt> <span class="strong">Throws:</span>   </dt><dd> <code><a href="../../java/lang/IllegalArgumentException.html" title="class in java.lang">IllegalArgumentException</a></code> - if the list of file names includes a directory           </dd>   </dl></li></ul> <a end_ctx_id="method:getJavaFileObjectsFromStrings(java.lang.Iterable)"/>  </td></tr></table></td></tr></table><table border="0" cellpadding="1" cellspacing="0" width="100%"><tr><td><h3 class="ctxid">method:getJavaFileObjects(java.lang.String...) [NONE]</h3></td></tr><tr><td><table border="0" cellpadding="5" cellspacing="1" bgcolor="black" width="100%"><tr valign="top"><td bgcolor="#FFFFFF" colspan="1"> <a start_ctx_id="method:getJavaFileObjects(java.lang.String...)"/><a name="getJavaFileObjects(java.lang.String...)"/><ul class="blockList"><li class="blockList"><h4>getJavaFileObjects</h4><pre><a href="../../java/lang/Iterable.html" title="interface in java.lang">Iterable</a>&lt;? extends <a href="../../javax/tools/JavaFileObject.html" title="interface in javax.tools">JavaFileObject</a>&gt; getJavaFileObjects(<a href="../../java/lang/String.html" title="class in java.lang">String</a>... names)</pre><div class="block">Gets file objects representing the given file names. Convenience method equivalent to:<pre>
     getJavaFileObjectsFromStrings(<a href="../../java/util/Arrays.html#asList(T...)">Arrays.asList</a>(names))
 </pre>           </div><dl> <dt> <span class="strong">Parameters:</span>   </dt><dd> <code>names</code> - a list of file names       </dd> <dt> <span class="strong">Returns:</span>   </dt><dd>a list of file objects    </dd> <dt> <span class="strong">Throws:</span>   </dt><dd> <code><a href="../../java/lang/IllegalArgumentException.html" title="class in java.lang">IllegalArgumentException</a></code> - if the array of file names includes a directory           </dd><dd> <code><a href="../../java/lang/NullPointerException.html" title="class in java.lang">NullPointerException</a></code> - if the given array contains null elements         </dd>   </dl></li></ul> <a end_ctx_id="method:getJavaFileObjects(java.lang.String...)"/>  </td></tr></table></td></tr></table><table border="0" cellpadding="1" cellspacing="0" width="100%"><tr><td><h3 class="ctxid">method:setLocation(javax.tools.JavaFileManager.Location, java.lang.Iterable) [NONE]</h3></td></tr><tr><td><table border="0" cellpadding="5" cellspacing="1" bgcolor="black" width="100%"><tr valign="top"><td bgcolor="#FFFFFF" colspan="1"> <a start_ctx_id="method:setLocation(javax.tools.JavaFileManager.Location, java.lang.Iterable)"/><a name="setLocation(javax.tools.JavaFileManager.Location, java.lang.Iterable)"/><ul class="blockList"><li class="blockList"><h4>setLocation</h4><pre>void setLocation(<a href="../../javax/tools/JavaFileManager.Location.html" title="interface in javax.tools">JavaFileManager.Location</a> location,
                 <a href="../../java/lang/Iterable.html" title="interface in java.lang">Iterable</a>&lt;? extends <a href="../../java/io/File.html" title="class in java.io">File</a>&gt; path)
          throws <a href="../../java/io/IOException.html" title="class in java.io">IOException</a></pre><div class="block">Associates the given path with the given location. Any previous value will be discarded.             </div><dl> <dt> <span class="strong">Parameters:</span>   </dt><dd> <code>location</code> - a location    </dd><dd> <code>path</code> - a list of files, if <code>null</code> use the default path for this location               </dd> <dt> <span class="strong">Throws:</span>   </dt><dd> <code><a href="../../java/lang/IllegalArgumentException.html" title="class in java.lang">IllegalArgumentException</a></code> - if location is an output location and path does not contain exactly one element                </dd><dd> <code><a href="../../java/io/IOException.html" title="class in java.io">IOException</a></code> - if location is an output location and path does not represent an existing directory                </dd> <dt> <span class="strong">See Also: </span>   </dt><dd> <a href="../../javax/tools/StandardJavaFileManager.html#getLocation(javax.tools.JavaFileManager.Location)"><code>getLocation(javax.tools.JavaFileManager.Location)</code></a> </dd>   </dl></li></ul> <a end_ctx_id="method:setLocation(javax.tools.JavaFileManager.Location, java.lang.Iterable)"/>  </td></tr></table></td></tr></table><table border="0" cellpadding="1" cellspacing="0" width="100%"><tr><td><h3 class="ctxid">method:getLocation(javax.tools.JavaFileManager.Location) [NONE]</h3></td></tr><tr><td><table border="0" cellpadding="5" cellspacing="1" bgcolor="black" width="100%"><tr valign="top"><td bgcolor="#FFFFFF" colspan="1"> <a start_ctx_id="method:getLocation(javax.tools.JavaFileManager.Location)"/><a name="getLocation(javax.tools.JavaFileManager.Location)"/><ul class="blockListLast"><li class="blockList"><h4>getLocation</h4><pre><a href="../../java/lang/Iterable.html" title="interface in java.lang">Iterable</a>&lt;? extends <a href="../../java/io/File.html" title="class in java.io">File</a>&gt; getLocation(<a href="../../javax/tools/JavaFileManager.Location.html" title="interface in javax.tools">JavaFileManager.Location</a> location)</pre><div class="block">Gets the path associated with the given location.       </div><dl> <dt> <span class="strong">Parameters:</span>   </dt><dd> <code>location</code> - a location    </dd> <dt> <span class="strong">Returns:</span>   </dt><dd>a list of files or <code>null</code> if this location has no associated path            </dd> <dt> <span class="strong">See Also: </span>   </dt><dd> <a href="../../javax/tools/StandardJavaFileManager.html#setLocation(javax.tools.JavaFileManager.Location,%20java.lang.Iterable)"><code>setLocation(javax.tools.JavaFileManager.Location, java.lang.Iterable&lt;? extends java.io.File&gt;)   </code></a> </dd>   </dl></li></ul> <a end_ctx_id="method:getLocation(javax.tools.JavaFileManager.Location)"/>  </td></tr></table></td></tr></table></diff></diffreport>