<?xml version="1.0" encoding="UTF-8" standalone="yes"?><Document><name>javax/tools/StandardLocation.spec</name><Context><name>class:StandardLocation</name><mt>NONE</mt></Context><Context><name>field:ANNOTATION_PROCESSOR_PATH</name><mt>NONE</mt></Context><Context><name>field:CLASS_OUTPUT</name><mt>NONE</mt></Context><Context><name>field:CLASS_PATH</name><mt>NONE</mt></Context><Context><name>field:NATIVE_HEADER_OUTPUT</name><mt>ADDED</mt></Context><Context><name>field:PLATFORM_CLASS_PATH</name><mt>NONE</mt></Context><Context><name>field:SOURCE_OUTPUT</name><mt>NONE</mt></Context><Context><name>field:SOURCE_PATH</name><mt>NONE</mt></Context><Context><name>method:getName()</name><mt>NONE</mt></Context><Context><name>method:isOutputLocation()</name><mt>NONE</mt></Context><Context><name>method:locationFor(java.lang.String)</name><mt>NONE</mt></Context><Context><name>method:valueOf(java.lang.String)</name><mt>NONE</mt></Context><Context><name>method:values()</name><mt>NONE</mt></Context><Stat><name>javax/tools/StandardLocation.spec</name><mt>CHANGED</mt><Group name="context"><Item name="ADDED" count="1"/><Item name="REMOVED" count="0"/><Item name="CHANGED" count="0"/><Item name="MODIFIED" count="1"/><Item name="TOTAL" count="13"/></Group><Group name="assertion"><Item name="ADDED" count="0"/><Item name="REMOVED" count="0"/><Item name="CHANGED" count="0"/><Item name="MODIFIED" count="0"/><Item name="TOTAL" count="0"/></Group></Stat></Document>