<?xml version="1.0" encoding="UTF-8" standalone="yes"?><Document><name>javax/tools/ToolProvider.spec</name><Context><name>class:ToolProvider</name><mt>NONE</mt></Context><Context><name>method:getSystemDocumentationTool()</name><mt>ADDED</mt></Context><Context><name>method:getSystemJavaCompiler()</name><mt>NONE</mt></Context><Context><name>method:getSystemToolClassLoader()</name><mt>NONE</mt></Context><Stat><name>javax/tools/ToolProvider.spec</name><mt>CHANGED</mt><Group name="context"><Item name="ADDED" count="1"/><Item name="REMOVED" count="0"/><Item name="CHANGED" count="0"/><Item name="MODIFIED" count="1"/><Item name="TOTAL" count="4"/></Group><Group name="assertion"><Item name="ADDED" count="0"/><Item name="REMOVED" count="0"/><Item name="CHANGED" count="0"/><Item name="MODIFIED" count="0"/><Item name="TOTAL" count="0"/></Group></Stat></Document>