<?xml version="1.0" encoding="UTF-8"?><diffreport><diff><table border="0" cellpadding="1" cellspacing="0" width="100%"><tr><td><h3 class="ctxid">class:Tool [CHANGED]</h3></td></tr><tr><td><table border="0" cellpadding="5" cellspacing="1" bgcolor="black" width="100%"><tr valign="top"><td bgcolor="#EEEEEE" colspan="2"><div class="description"> <a start_ctx_id="class:Tool"/><ul class="blockList"><li class="blockList"><dl> <dt>All Known Subinterfaces:  </dt><dd> <a href="../../javax/tools/DocumentationTool.html" title="interface in javax.tools"><span class="diff-html-added">DocumentationTool</span></a><span class="diff-html-added">,</span> <a href="../../javax/tools/JavaCompiler.html" title="interface in javax.tools">JavaCompiler</a>  </dd> </dl> <hr/> <br/><pre>public interface <span class="strong">Tool</span></pre><div class="block">Common interface for tools that can be invoked from a program. A tool is traditionally a command line program such as a compiler. The set of tools available with a platform is defined by the vendor.<p>Tools can be located using <a href="../../java/util/ServiceLoader.html#load(java.lang.Class)"><code>ServiceLoader.load(Class)</code></a>.     </p>                                   </div><dl> <dt> <span class="strong">Since:</span>   </dt><dd>1.6</dd> </dl>  </li></ul> </div> <a end_ctx_id="class:Tool"/> </td></tr><tr valign="top"><td bgcolor="#CCCCCC" colspan="1"><div class="description"> <a start_ctx_id="class:Tool"/><ul class="blockList"><li class="blockList"><dl> <dt>All Known Subinterfaces:  </dt><dd> <a href="../../javax/tools/JavaCompiler.html" title="interface in javax.tools">JavaCompiler</a> </dd> </dl> <hr/> <br/><pre>public interface <span class="strong">Tool</span></pre><div class="block">Common interface for tools that can be invoked from a program. A tool is traditionally a command line program such as a compiler. The set of tools available with a platform is defined by the vendor.<p>Tools can be located using <a href="../../java/util/ServiceLoader.html#load(java.lang.Class)"><code>ServiceLoader.load(Class)</code></a>.     </p>                                   </div><dl> <dt> <span class="strong">Since:</span>   </dt><dd>1.6</dd> </dl>  </li></ul> </div> <a end_ctx_id="class:Tool"/> </td><td bgcolor="#FFFFFF" colspan="1"><div class="description"> <a start_ctx_id="class:Tool"/><ul class="blockList"><li class="blockList"><dl> <dt>All Known Subinterfaces:  </dt><dd> <a href="../../javax/tools/DocumentationTool.html" title="interface in javax.tools">DocumentationTool</a>, <a href="../../javax/tools/JavaCompiler.html" title="interface in javax.tools">JavaCompiler</a>  </dd> </dl> <hr/> <br/><pre>public interface <span class="strong">Tool</span></pre><div class="block">Common interface for tools that can be invoked from a program. A tool is traditionally a command line program such as a compiler. The set of tools available with a platform is defined by the vendor.<p>Tools can be located using <a href="../../java/util/ServiceLoader.html#load(java.lang.Class)"><code>ServiceLoader.load(Class)</code></a>.     </p>                                   </div><dl> <dt> <span class="strong">Since:</span>   </dt><dd>1.6</dd> </dl>  </li></ul> </div> <a end_ctx_id="class:Tool"/> </td></tr></table></td></tr></table><table border="0" cellpadding="1" cellspacing="0" width="100%"><tr><td><h3 class="ctxid">method:run(java.io.InputStream, java.io.OutputStream, java.io.OutputStream, java.lang.String...) [NONE]</h3></td></tr><tr><td><table border="0" cellpadding="5" cellspacing="1" bgcolor="black" width="100%"><tr valign="top"><td bgcolor="#FFFFFF" colspan="1"> <a start_ctx_id="method:run(java.io.InputStream, java.io.OutputStream, java.io.OutputStream, java.lang.String...)"/><a name="run(java.io.InputStream, java.io.OutputStream, java.io.OutputStream, java.lang.String...)"/><ul class="blockList"><li class="blockList"><h4>run</h4><pre>int run(<a href="../../java/io/InputStream.html" title="class in java.io">InputStream</a> in,
        <a href="../../java/io/OutputStream.html" title="class in java.io">OutputStream</a> out,
        <a href="../../java/io/OutputStream.html" title="class in java.io">OutputStream</a> err,
        <a href="../../java/lang/String.html" title="class in java.lang">String</a>... arguments)</pre><div class="block">Run the tool with the given I/O channels and arguments. By convention a tool returns 0 for success and nonzero for errors. Any diagnostics generated will be written to either <code>out</code> or <code>err</code> in some unspecified format.                                    </div><dl> <dt> <span class="strong">Parameters:</span>   </dt><dd> <code>in</code> - "standard" input; use System.in if null        </dd><dd> <code>out</code> - "standard" output; use System.out if null        </dd><dd> <code>err</code> - "standard" error; use System.err if null        </dd><dd> <code>arguments</code> - arguments to pass to the tool        </dd> <dt> <span class="strong">Returns:</span>   </dt><dd>0 for success; nonzero otherwise    </dd> <dt> <span class="strong">Throws:</span>   </dt><dd> <code><a href="../../java/lang/NullPointerException.html" title="class in java.lang">NullPointerException</a></code> - if the array of arguments contains any <code>null</code> elements.           </dd>   </dl></li></ul> <a end_ctx_id="method:run(java.io.InputStream, java.io.OutputStream, java.io.OutputStream, java.lang.String...)"/>  </td></tr></table></td></tr></table><table border="0" cellpadding="1" cellspacing="0" width="100%"><tr><td><h3 class="ctxid">method:getSourceVersions() [NONE]</h3></td></tr><tr><td><table border="0" cellpadding="5" cellspacing="1" bgcolor="black" width="100%"><tr valign="top"><td bgcolor="#FFFFFF" colspan="1"> <a start_ctx_id="method:getSourceVersions()"/><a name="getSourceVersions()"/><ul class="blockListLast"><li class="blockList"><h4>getSourceVersions</h4><pre><a href="../../java/util/Set.html" title="interface in java.util">Set</a>&lt;<a href="../../javax/lang/model/SourceVersion.html" title="enum in javax.lang.model">SourceVersion</a>&gt; getSourceVersions()</pre><div class="block">Gets the source versions of the Java™ programming language supported by this tool.            </div><dl> <dt> <span class="strong">Returns:</span>   </dt><dd>a set of supported source versions     </dd> </dl></li></ul> <a end_ctx_id="method:getSourceVersions()"/>  </td></tr></table></td></tr></table></diff></diffreport>