<?xml version="1.0" encoding="UTF-8"?><diffreport><diff><table border="0" cellpadding="1" cellspacing="0" width="100%"><tr><td><h3 class="ctxid">class:ToolProvider [NONE]</h3></td></tr><tr><td><table border="0" cellpadding="5" cellspacing="1" bgcolor="black" width="100%"><tr valign="top"><td bgcolor="#FFFFFF" colspan="1"><div class="description"> <a start_ctx_id="class:ToolProvider"/><ul class="blockList"><li class="blockList"> <hr/> <br/><pre>public class <span class="strong">ToolProvider</span>
extends <a href="../../java/lang/Object.html" title="class in java.lang">Object</a></pre><div class="block">Provides methods for locating tool providers, for example, providers of compilers. This class complements the functionality of <a href="../../java/util/ServiceLoader.html" title="class in java.util"><code>ServiceLoader</code></a>.                 </div><dl> <dt> <span class="strong">Since:</span>   </dt><dd>1.6</dd> </dl>  </li></ul> </div> <a end_ctx_id="class:ToolProvider"/> </td></tr></table></td></tr></table><table border="0" cellpadding="1" cellspacing="0" width="100%"><tr><td><h3 class="ctxid">method:getSystemJavaCompiler() [NONE]</h3></td></tr><tr><td><table border="0" cellpadding="5" cellspacing="1" bgcolor="black" width="100%"><tr valign="top"><td bgcolor="#FFFFFF" colspan="1"> <a start_ctx_id="method:getSystemJavaCompiler()"/><a name="getSystemJavaCompiler()"/><ul class="blockList"><li class="blockList"><h4>getSystemJavaCompiler</h4><pre>public static <a href="../../javax/tools/JavaCompiler.html" title="interface in javax.tools">JavaCompiler</a> getSystemJavaCompiler()</pre><div class="block">Gets the Java™ programming language compiler provided with this platform.         </div><dl> <dt> <span class="strong">Returns:</span>   </dt><dd>the compiler provided with this platform or <code>null</code> if no compiler is provided            </dd> </dl></li></ul> <a end_ctx_id="method:getSystemJavaCompiler()"/>  </td></tr></table></td></tr></table><table border="0" cellpadding="1" cellspacing="0" width="100%"><tr><td><h3 class="ctxid">method:getSystemToolClassLoader() [NONE]</h3></td></tr><tr><td><table border="0" cellpadding="5" cellspacing="1" bgcolor="black" width="100%"><tr valign="top"><td bgcolor="#FFFFFF" colspan="1"> <a start_ctx_id="method:getSystemToolClassLoader()"/><a name="getSystemToolClassLoader()"/><ul class="blockListLast"><li class="blockList"><h4>getSystemToolClassLoader</h4><pre>public static <a href="../../java/lang/ClassLoader.html" title="class in java.lang">ClassLoader</a> getSystemToolClassLoader()</pre><div class="block">Returns the class loader for tools provided with this platform. This does not include user-installed tools. Use the <a href="../../java/util/ServiceLoader.html" title="class in java.util">service provider mechanism  </a> for locating user installed tools.                       </div><dl> <dt> <span class="strong">Returns:</span>   </dt><dd>the class loader for tools provided with this platform or <code>null</code> if no tools are provided               </dd> </dl></li></ul> <a end_ctx_id="method:getSystemToolClassLoader()"/>  </td></tr></table></td></tr></table><table border="0" cellpadding="1" cellspacing="0" width="100%"><tr><td><h3 class="ctxid">method:getSystemDocumentationTool() [ADDED]</h3></td></tr><tr><td><table border="0" cellpadding="5" cellspacing="1" bgcolor="black" width="100%"><tr valign="top"><td bgcolor="#FFFFFF" colspan="1"> <a start_ctx_id="method:getSystemDocumentationTool()"><span class="diff-html-added"/></a><a name="getSystemDocumentationTool()"/><ul class="blockList"><li class="blockList"><h4><span class="diff-html-added">getSystemDocumentationTool</span></h4><pre><span class="diff-html-added">public</span> <span class="diff-html-added">static </span><a href="../../javax/tools/DocumentationTool.html" title="interface in javax.tools"><span class="diff-html-added">DocumentationTool</span></a><span class="diff-html-added"> getSystemDocumentationTool()</span></pre><div class="block"><span class="diff-html-added">Gets</span> <span class="diff-html-added">the</span> <span class="diff-html-added">Java™</span> <span class="diff-html-added">programming</span> <span class="diff-html-added">language</span> <span class="diff-html-added">documentation</span> <span class="diff-html-added">tool</span> <span class="diff-html-added">provided</span> <span class="diff-html-added">with</span> <span class="diff-html-added">this</span> <span class="diff-html-added">platform.</span>          </div><dl> <dt> <span class="strong"><span class="diff-html-added">Returns:</span></span>   </dt><dd><span class="diff-html-added">the</span> <span class="diff-html-added">documentation</span> <span class="diff-html-added">tool</span> <span class="diff-html-added">provided</span> <span class="diff-html-added">with</span> <span class="diff-html-added">this</span> <span class="diff-html-added">platform</span> <span class="diff-html-added">or</span> <code><span class="diff-html-added">null</span></code> <span class="diff-html-added">if</span> <span class="diff-html-added">no</span> <span class="diff-html-added">documentation</span> <span class="diff-html-added">tool</span> <span class="diff-html-added">is</span> <span class="diff-html-added">provided</span>              </dd> </dl></li></ul> <a end_ctx_id="method:getSystemDocumentationTool()"><span class="diff-html-added"/></a>  </td></tr></table></td></tr></table></diff></diffreport>