<?xml version="1.0" encoding="UTF-8" standalone="yes"?><Document><name>javax/tools/Tool.spec</name><Context><name>class:Tool</name><mt>CHANGED</mt></Context><Context><name>method:getSourceVersions()</name><mt>NONE</mt></Context><Context><name>method:run(java.io.InputStream, java.io.OutputStream, java.io.OutputStream, java.lang.String...)</name><mt>NONE</mt></Context><Stat><name>javax/tools/Tool.spec</name><mt>CHANGED</mt><Group name="context"><Item name="ADDED" count="0"/><Item name="REMOVED" count="0"/><Item name="CHANGED" count="1"/><Item name="MODIFIED" count="1"/><Item name="TOTAL" count="3"/></Group><Group name="assertion"><Item name="ADDED" count="0"/><Item name="REMOVED" count="0"/><Item name="CHANGED" count="0"/><Item name="MODIFIED" count="0"/><Item name="TOTAL" count="0"/></Group></Stat></Document>