<?xml version="1.0" encoding="UTF-8"?><diffreport><diff><table border="0" cellpadding="1" cellspacing="0" width="100%"><tr><td><h3 class="ctxid">class:Blob [NONE]</h3></td></tr><tr><td><table border="0" cellpadding="5" cellspacing="1" bgcolor="black" width="100%"><tr valign="top"><td bgcolor="#FFFFFF" colspan="1"><div class="description"> <a start_ctx_id="class:Blob"/><ul class="blockList"><li class="blockList"> <hr/> <br/><pre>
                            public interface <span class="typeNameLabel">Blob</span>
                        </pre><div class="block"> The representation (mapping) in the Java™ programming language of an SQL <code>BLOB</code> value. An SQL <code>BLOB</code> is a built-in type that stores a Binary Large Object as a column value in a row of a database table. By default drivers implement <code>Blob</code> using an SQL <code>locator(BLOB)</code>, which means that a <code>Blob</code> object contains a logical pointer to the SQL <code>BLOB</code> data rather than the data itself. A <code>Blob</code> object is valid for the duration of the transaction in which is was created.<p> Methods in the interfaces <a href="../../java/sql/ResultSet.html" title="interface in java.sql"><code>ResultSet</code></a>, <a href="../../java/sql/CallableStatement.html" title="interface in java.sql"><code>CallableStatement</code></a>, and <a href="../../java/sql/PreparedStatement.html" title="interface in java.sql"><code>PreparedStatement</code></a>, such as <code>getBlob</code> and <code>setBlob</code> allow a programmer to access an SQL <code>BLOB</code> value. The <code>Blob</code> interface provides methods for getting the length of an SQL <code>BLOB</code> (Binary Large Object) value, for materializing a <code>BLOB</code> value on the client, and for determining the position of a pattern of bytes within a <code>BLOB</code> value. In addition, this interface has methods for updating a <code>BLOB</code> value.                                                                        </p><p> All methods on the <code>Blob</code> interface must be fully implemented if the JDBC driver supports the data type.                  </p>                                                                                  </div><dl> <dt> <span class="simpleTagLabel">Since:</span>   </dt><dd>1.2</dd> </dl>  </li></ul> </div> <a end_ctx_id="class:Blob"/> </td></tr></table></td></tr></table><table border="0" cellpadding="1" cellspacing="0" width="100%"><tr><td><h3 class="ctxid">method:length() [NONE]</h3></td></tr><tr><td><table border="0" cellpadding="5" cellspacing="1" bgcolor="black" width="100%"><tr valign="top"><td bgcolor="#FFFFFF" colspan="1"> <a start_ctx_id="method:length()"/><a name="length--"/><ul class="blockList"><li class="blockList"><h4>length</h4><pre>
                                            long length()
     throws <a href="../../java/sql/SQLException.html" title="class in java.sql">SQLException</a>
                                        </pre><div class="block"> Returns the number of bytes in the <code>BLOB</code> value designated by this <code>Blob</code> object.              </div><dl> <dt> <span class="returnLabel">Returns:</span>   </dt><dd> length of the <code>BLOB</code> in bytes      </dd> <dt> <span class="throwsLabel">Throws:</span>   </dt><dd> <code><a href="../../java/sql/SQLException.html" title="class in java.sql">SQLException</a></code> - if there is an error accessing the length of the <code>BLOB</code>             </dd><dd> <code><a href="../../java/sql/SQLFeatureNotSupportedException.html" title="class in java.sql">SQLFeatureNotSupportedException</a></code> - if the JDBC driver does not support this method           </dd> <dt> <span class="simpleTagLabel">Since:</span>   </dt><dd>1.2</dd>   </dl></li></ul> <a end_ctx_id="method:length()"/>  </td></tr></table></td></tr></table><table border="0" cellpadding="1" cellspacing="0" width="100%"><tr><td><h3 class="ctxid">method:getBytes(long, int) [NONE]</h3></td></tr><tr><td><table border="0" cellpadding="5" cellspacing="1" bgcolor="black" width="100%"><tr valign="top"><td bgcolor="#FFFFFF" colspan="1"> <a start_ctx_id="method:getBytes(long, int)"/><a name="getBytes-long-int-"/><ul class="blockList"><li class="blockList"><h4>getBytes</h4><pre>
                                            byte[] getBytes(long pos,
                int length)
         throws <a href="../../java/sql/SQLException.html" title="class in java.sql">SQLException</a>
                                        </pre><div class="block"> Retrieves all or part of the <code>BLOB</code> value that this <code>Blob</code> object represents, as an array of bytes. This <code>byte</code> array contains up to <code>length</code> consecutive bytes starting at position <code>pos</code>.                               </div><dl> <dt> <span class="paramLabel">Parameters:</span>   </dt><dd> <code>pos</code> - the ordinal position of the first byte in the <code>BLOB</code> value to be extracted; the first byte is at position 1                       </dd><dd> <code>length</code> - the number of consecutive bytes to be copied; the value for length must be 0 or greater                   </dd> <dt> <span class="returnLabel">Returns:</span>   </dt><dd> a byte array containing up to <code>length</code> consecutive bytes from the <code>BLOB</code> value designated by this <code>Blob</code> object, starting with the byte at position <code>pos</code>                         </dd> <dt> <span class="throwsLabel">Throws:</span>   </dt><dd> <code><a href="../../java/sql/SQLException.html" title="class in java.sql">SQLException</a></code> - if there is an error accessing the <code>BLOB</code> value; if pos is less than 1 or length is less than 0                       </dd><dd> <code><a href="../../java/sql/SQLFeatureNotSupportedException.html" title="class in java.sql">SQLFeatureNotSupportedException</a></code> - if the JDBC driver does not support this method           </dd> <dt> <span class="simpleTagLabel">Since:</span>   </dt><dd>1.2</dd> <dt> <span class="seeLabel">See Also: </span>   </dt><dd> <a href="../../java/sql/Blob.html#setBytes-long-byte:A-"><code>setBytes(long, byte[]) </code></a> </dd>     </dl></li></ul> <a end_ctx_id="method:getBytes(long, int)"/>  </td></tr></table></td></tr></table><table border="0" cellpadding="1" cellspacing="0" width="100%"><tr><td><h3 class="ctxid">method:getBinaryStream() [NONE]</h3></td></tr><tr><td><table border="0" cellpadding="5" cellspacing="1" bgcolor="black" width="100%"><tr valign="top"><td bgcolor="#FFFFFF" colspan="1"> <a start_ctx_id="method:getBinaryStream()"/><a name="getBinaryStream--"/><ul class="blockList"><li class="blockList"><h4>getBinaryStream</h4><pre>
                                            java.io.InputStream getBinaryStream()
                             throws <a href="../../java/sql/SQLException.html" title="class in java.sql">SQLException</a>
                                        </pre><div class="block"> Retrieves the <code>BLOB</code> value designated by this <code>Blob</code> instance as a stream.            </div><dl> <dt> <span class="returnLabel">Returns:</span>   </dt><dd> a stream containing the <code>BLOB</code> data      </dd> <dt> <span class="throwsLabel">Throws:</span>   </dt><dd> <code><a href="../../java/sql/SQLException.html" title="class in java.sql">SQLException</a></code> - if there is an error accessing the <code>BLOB</code> value           </dd><dd> <code><a href="../../java/sql/SQLFeatureNotSupportedException.html" title="class in java.sql">SQLFeatureNotSupportedException</a></code> - if the JDBC driver does not support this method           </dd> <dt> <span class="simpleTagLabel">Since:</span>   </dt><dd>1.2</dd> <dt> <span class="seeLabel">See Also: </span>   </dt><dd> <a href="../../java/sql/Blob.html#setBinaryStream-long-"><code>setBinaryStream(long)</code></a> </dd>    </dl></li></ul> <a end_ctx_id="method:getBinaryStream()"/>  </td></tr></table></td></tr></table><table border="0" cellpadding="1" cellspacing="0" width="100%"><tr><td><h3 class="ctxid">method:position(byte[], long) [NONE]</h3></td></tr><tr><td><table border="0" cellpadding="5" cellspacing="1" bgcolor="black" width="100%"><tr valign="top"><td bgcolor="#FFFFFF" colspan="1"> <a start_ctx_id="method:position(byte[], long)"/><a name="position-byte:A-long-"/><ul class="blockList"><li class="blockList"><h4>position</h4><pre>
                                            long position(byte[] pattern,
              long start)
       throws <a href="../../java/sql/SQLException.html" title="class in java.sql">SQLException</a>
                                        </pre><div class="block"> Retrieves the byte position at which the specified byte array <code>pattern</code> begins within the <code>BLOB</code> value that this <code>Blob</code> object represents. The search for <code>pattern</code> begins at position <code>start</code>.                             </div><dl> <dt> <span class="paramLabel">Parameters:</span>   </dt><dd> <code>pattern</code> - the byte array for which to search         </dd><dd> <code>start</code> - the position at which to begin searching; the first position is 1              </dd> <dt> <span class="returnLabel">Returns:</span>   </dt><dd>the position at which the pattern appears, else -1        </dd> <dt> <span class="throwsLabel">Throws:</span>   </dt><dd> <code><a href="../../java/sql/SQLException.html" title="class in java.sql">SQLException</a></code> - if there is an error accessing the <code>BLOB</code> or if start is less than 1                 </dd><dd> <code><a href="../../java/sql/SQLFeatureNotSupportedException.html" title="class in java.sql">SQLFeatureNotSupportedException</a></code> - if the JDBC driver does not support this method           </dd> <dt> <span class="simpleTagLabel">Since:</span>   </dt><dd>1.2</dd>    </dl></li></ul> <a end_ctx_id="method:position(byte[], long)"/>  </td></tr></table></td></tr></table><table border="0" cellpadding="1" cellspacing="0" width="100%"><tr><td><h3 class="ctxid">method:position(java.sql.Blob, long) [NONE]</h3></td></tr><tr><td><table border="0" cellpadding="5" cellspacing="1" bgcolor="black" width="100%"><tr valign="top"><td bgcolor="#FFFFFF" colspan="1"> <a start_ctx_id="method:position(java.sql.Blob, long)"/><a name="position-java.sql.Blob-long-"/><ul class="blockList"><li class="blockList"><h4>position</h4><pre>
                                            long position(<a href="../../java/sql/Blob.html" title="interface in java.sql">Blob</a> pattern,
              long start)
       throws <a href="../../java/sql/SQLException.html" title="class in java.sql">SQLException</a>
                                        </pre><div class="block"> Retrieves the byte position in the <code>BLOB</code> value designated by this <code>Blob</code> object at which <code>pattern</code> begins. The search begins at position <code>start</code>.                       </div><dl> <dt> <span class="paramLabel">Parameters:</span>   </dt><dd> <code>pattern</code> - the <code>Blob</code> object designating the <code>BLOB</code> value for which to search             </dd><dd> <code>start</code> - the position in the <code>BLOB</code> value at which to begin searching; the first position is 1                  </dd> <dt> <span class="returnLabel">Returns:</span>   </dt><dd>the position at which the pattern begins, else -1        </dd> <dt> <span class="throwsLabel">Throws:</span>   </dt><dd> <code><a href="../../java/sql/SQLException.html" title="class in java.sql">SQLException</a></code> - if there is an error accessing the <code>BLOB</code> value or if start is less than 1                  </dd><dd> <code><a href="../../java/sql/SQLFeatureNotSupportedException.html" title="class in java.sql">SQLFeatureNotSupportedException</a></code> - if the JDBC driver does not support this method           </dd> <dt> <span class="simpleTagLabel">Since:</span>   </dt><dd>1.2</dd>    </dl></li></ul> <a end_ctx_id="method:position(java.sql.Blob, long)"/>  </td></tr></table></td></tr></table><table border="0" cellpadding="1" cellspacing="0" width="100%"><tr><td><h3 class="ctxid">method:setBytes(long, byte[]) [CHANGED]</h3></td></tr><tr><td><table border="0" cellpadding="5" cellspacing="1" bgcolor="black" width="100%"><tr valign="top"><td bgcolor="#EEEEEE" colspan="2"> <a start_ctx_id="method:setBytes(long, byte[])"/><a name="setBytes-long-byte:A-"/><ul class="blockList"><li class="blockList"><h4>setBytes</h4><pre>
                                            int setBytes(long pos,
             byte[] bytes)
      throws <a href="../../java/sql/SQLException.html" title="class in java.sql">SQLException</a>
                                        </pre><div class="block"> Writes the given array of bytes to the <code>BLOB</code> value that this <code>Blob</code> object represents, starting at position <code>pos</code>, and returns the number of bytes written. The array of bytes will overwrite the existing bytes in the <code>Blob</code> object starting at the position <code>pos</code>. If the end of the <code>Blob</code> value is reached while writing the array of bytes, then the length of the <code>Blob</code> value will be increased to accommodate the extra bytes.<p> <b>Note:</b> If the value specified for <code>pos</code> is greater <span class="diff-html-removed">then</span><span class="diff-html-added">than</span> the length+1 of the <code>BLOB</code> value then the behavior is undefined. Some JDBC drivers may throw <span class="diff-html-removed">a</span><span class="diff-html-added">an</span> <code>SQLException</code> while other drivers may support this operation.                                   </p>                                                                          </div><dl> <dt> <span class="paramLabel">Parameters:</span>   </dt><dd> <code>pos</code> - the position in the <code>BLOB</code> object at which to start writing; the first position is 1                  </dd><dd> <code>bytes</code> - the array of bytes to be written to the <code>BLOB</code> value that this <code>Blob</code> object represents                  </dd> <dt> <span class="returnLabel">Returns:</span>   </dt><dd>the number of bytes written    </dd> <dt> <span class="throwsLabel">Throws:</span>   </dt><dd> <code><a href="../../java/sql/SQLException.html" title="class in java.sql">SQLException</a></code> - if there is an error accessing the <code>BLOB</code> value or if pos is less than 1                  </dd><dd> <code><a href="../../java/sql/SQLFeatureNotSupportedException.html" title="class in java.sql">SQLFeatureNotSupportedException</a></code> - if the JDBC driver does not support this method           </dd> <dt> <span class="simpleTagLabel">Since:</span>   </dt><dd>1.4</dd> <dt> <span class="seeLabel">See Also: </span>   </dt><dd> <a href="../../java/sql/Blob.html#getBytes-long-int-"><code>getBytes(long, int) </code></a> </dd>     </dl></li></ul> <a end_ctx_id="method:setBytes(long, byte[])"/>  </td></tr><tr valign="top"><td bgcolor="#CCCCCC" colspan="1"> <a start_ctx_id="method:setBytes(long, byte[])"/><a name="setBytes-long-byte:A-"/><ul class="blockList"><li class="blockList"><h4>setBytes</h4><pre>
                                            int setBytes(long pos,
             byte[] bytes)
      throws <a href="../../java/sql/SQLException.html" title="class in java.sql">SQLException</a>
                                        </pre><div class="block"> Writes the given array of bytes to the <code>BLOB</code> value that this <code>Blob</code> object represents, starting at position <code>pos</code>, and returns the number of bytes written. The array of bytes will overwrite the existing bytes in the <code>Blob</code> object starting at the position <code>pos</code>. If the end of the <code>Blob</code> value is reached while writing the array of bytes, then the length of the <code>Blob</code> value will be increased to accommodate the extra bytes.<p> <b>Note:</b> If the value specified for <code>pos</code> is greater then the length+1 of the <code>BLOB</code> value then the behavior is undefined. Some JDBC drivers may throw a <code>SQLException</code> while other drivers may support this operation.                                   </p>                                                                          </div><dl> <dt> <span class="paramLabel">Parameters:</span>   </dt><dd> <code>pos</code> - the position in the <code>BLOB</code> object at which to start writing; the first position is 1                  </dd><dd> <code>bytes</code> - the array of bytes to be written to the <code>BLOB</code> value that this <code>Blob</code> object represents                  </dd> <dt> <span class="returnLabel">Returns:</span>   </dt><dd>the number of bytes written    </dd> <dt> <span class="throwsLabel">Throws:</span>   </dt><dd> <code><a href="../../java/sql/SQLException.html" title="class in java.sql">SQLException</a></code> - if there is an error accessing the <code>BLOB</code> value or if pos is less than 1                  </dd><dd> <code><a href="../../java/sql/SQLFeatureNotSupportedException.html" title="class in java.sql">SQLFeatureNotSupportedException</a></code> - if the JDBC driver does not support this method           </dd> <dt> <span class="simpleTagLabel">Since:</span>   </dt><dd>1.4</dd> <dt> <span class="seeLabel">See Also: </span>   </dt><dd> <a href="../../java/sql/Blob.html#getBytes-long-int-"><code>getBytes(long, int) </code></a> </dd>     </dl></li></ul> <a end_ctx_id="method:setBytes(long, byte[])"/>  </td><td bgcolor="#FFFFFF" colspan="1"> <a start_ctx_id="method:setBytes(long, byte[])"/><a name="setBytes-long-byte:A-"/><ul class="blockList"><li class="blockList"><h4>setBytes</h4><pre>
                                            int setBytes(long pos,
             byte[] bytes)
      throws <a href="../../java/sql/SQLException.html" title="class in java.sql">SQLException</a>
                                        </pre><div class="block"> Writes the given array of bytes to the <code>BLOB</code> value that this <code>Blob</code> object represents, starting at position <code>pos</code>, and returns the number of bytes written. The array of bytes will overwrite the existing bytes in the <code>Blob</code> object starting at the position <code>pos</code>. If the end of the <code>Blob</code> value is reached while writing the array of bytes, then the length of the <code>Blob</code> value will be increased to accommodate the extra bytes.<p> <b>Note:</b> If the value specified for <code>pos</code> is greater than the length+1 of the <code>BLOB</code> value then the behavior is undefined. Some JDBC drivers may throw an <code>SQLException</code> while other drivers may support this operation.                                   </p>                                                                          </div><dl> <dt> <span class="paramLabel">Parameters:</span>   </dt><dd> <code>pos</code> - the position in the <code>BLOB</code> object at which to start writing; the first position is 1                  </dd><dd> <code>bytes</code> - the array of bytes to be written to the <code>BLOB</code> value that this <code>Blob</code> object represents                  </dd> <dt> <span class="returnLabel">Returns:</span>   </dt><dd>the number of bytes written    </dd> <dt> <span class="throwsLabel">Throws:</span>   </dt><dd> <code><a href="../../java/sql/SQLException.html" title="class in java.sql">SQLException</a></code> - if there is an error accessing the <code>BLOB</code> value or if pos is less than 1                  </dd><dd> <code><a href="../../java/sql/SQLFeatureNotSupportedException.html" title="class in java.sql">SQLFeatureNotSupportedException</a></code> - if the JDBC driver does not support this method           </dd> <dt> <span class="simpleTagLabel">Since:</span>   </dt><dd>1.4</dd> <dt> <span class="seeLabel">See Also: </span>   </dt><dd> <a href="../../java/sql/Blob.html#getBytes-long-int-"><code>getBytes(long, int) </code></a> </dd>     </dl></li></ul> <a end_ctx_id="method:setBytes(long, byte[])"/>  </td></tr></table></td></tr></table><table border="0" cellpadding="1" cellspacing="0" width="100%"><tr><td><h3 class="ctxid">method:setBytes(long, byte[], int, int) [CHANGED]</h3></td></tr><tr><td><table border="0" cellpadding="5" cellspacing="1" bgcolor="black" width="100%"><tr valign="top"><td bgcolor="#EEEEEE" colspan="2"> <a start_ctx_id="method:setBytes(long, byte[], int, int)"/><a name="setBytes-long-byte:A-int-int-"/><ul class="blockList"><li class="blockList"><h4>setBytes</h4><pre>
                                            int setBytes(long pos,
             byte[] bytes,
             int offset,
             int len)
      throws <a href="../../java/sql/SQLException.html" title="class in java.sql">SQLException</a>
                                        </pre><div class="block"> Writes all or part of the given <code>byte</code> array to the <code>BLOB</code> value that this <code>Blob</code> object represents and returns the number of bytes written. Writing starts at position <code>pos</code> in the <code>BLOB</code> value; <code>len</code> bytes from the given byte array are written. The array of bytes will overwrite the existing bytes in the <code>Blob</code> object starting at the position <code>pos</code>. If the end of the <code>Blob</code> value is reached while writing the array of bytes, then the length of the <code>Blob</code> value will be increased to accommodate the extra bytes.<p> <b>Note:</b> If the value specified for <code>pos</code> is greater <span class="diff-html-removed">then</span><span class="diff-html-added">than</span> the length+1 of the <code>BLOB</code> value then the behavior is undefined. Some JDBC drivers may throw <span class="diff-html-removed">a</span><span class="diff-html-added">an</span> <code>SQLException</code> while other drivers may support this operation.                                   </p>                                                                                           </div><dl> <dt> <span class="paramLabel">Parameters:</span>   </dt><dd> <code>pos</code> - the position in the <code>BLOB</code> object at which to start writing; the first position is 1                  </dd><dd> <code>bytes</code> - the array of bytes to be written to this <code>BLOB</code> object             </dd><dd> <code>offset</code> - the offset into the array <code>bytes</code> at which to start reading the bytes to be set                  </dd><dd> <code>len</code> - the number of bytes to be written to the <code>BLOB</code> value from the array of bytes <code>bytes</code>                   </dd> <dt> <span class="returnLabel">Returns:</span>   </dt><dd>the number of bytes written    </dd> <dt> <span class="throwsLabel">Throws:</span>   </dt><dd> <code><a href="../../java/sql/SQLException.html" title="class in java.sql">SQLException</a></code> - if there is an error accessing the <code>BLOB</code> value or if pos is less than 1                  </dd><dd> <code><a href="../../java/sql/SQLFeatureNotSupportedException.html" title="class in java.sql">SQLFeatureNotSupportedException</a></code> - if the JDBC driver does not support this method           </dd> <dt> <span class="simpleTagLabel">Since:</span>   </dt><dd>1.4</dd> <dt> <span class="seeLabel">See Also: </span>   </dt><dd> <a href="../../java/sql/Blob.html#getBytes-long-int-"><code>getBytes(long, int) </code></a> </dd>     </dl></li></ul> <a end_ctx_id="method:setBytes(long, byte[], int, int)"/>  </td></tr><tr valign="top"><td bgcolor="#CCCCCC" colspan="1"> <a start_ctx_id="method:setBytes(long, byte[], int, int)"/><a name="setBytes-long-byte:A-int-int-"/><ul class="blockList"><li class="blockList"><h4>setBytes</h4><pre>
                                            int setBytes(long pos,
             byte[] bytes,
             int offset,
             int len)
      throws <a href="../../java/sql/SQLException.html" title="class in java.sql">SQLException</a>
                                        </pre><div class="block"> Writes all or part of the given <code>byte</code> array to the <code>BLOB</code> value that this <code>Blob</code> object represents and returns the number of bytes written. Writing starts at position <code>pos</code> in the <code>BLOB</code> value; <code>len</code> bytes from the given byte array are written. The array of bytes will overwrite the existing bytes in the <code>Blob</code> object starting at the position <code>pos</code>. If the end of the <code>Blob</code> value is reached while writing the array of bytes, then the length of the <code>Blob</code> value will be increased to accommodate the extra bytes.<p> <b>Note:</b> If the value specified for <code>pos</code> is greater then the length+1 of the <code>BLOB</code> value then the behavior is undefined. Some JDBC drivers may throw a <code>SQLException</code> while other drivers may support this operation.                                   </p>                                                                                           </div><dl> <dt> <span class="paramLabel">Parameters:</span>   </dt><dd> <code>pos</code> - the position in the <code>BLOB</code> object at which to start writing; the first position is 1                  </dd><dd> <code>bytes</code> - the array of bytes to be written to this <code>BLOB</code> object             </dd><dd> <code>offset</code> - the offset into the array <code>bytes</code> at which to start reading the bytes to be set                  </dd><dd> <code>len</code> - the number of bytes to be written to the <code>BLOB</code> value from the array of bytes <code>bytes</code>                   </dd> <dt> <span class="returnLabel">Returns:</span>   </dt><dd>the number of bytes written    </dd> <dt> <span class="throwsLabel">Throws:</span>   </dt><dd> <code><a href="../../java/sql/SQLException.html" title="class in java.sql">SQLException</a></code> - if there is an error accessing the <code>BLOB</code> value or if pos is less than 1                  </dd><dd> <code><a href="../../java/sql/SQLFeatureNotSupportedException.html" title="class in java.sql">SQLFeatureNotSupportedException</a></code> - if the JDBC driver does not support this method           </dd> <dt> <span class="simpleTagLabel">Since:</span>   </dt><dd>1.4</dd> <dt> <span class="seeLabel">See Also: </span>   </dt><dd> <a href="../../java/sql/Blob.html#getBytes-long-int-"><code>getBytes(long, int) </code></a> </dd>     </dl></li></ul> <a end_ctx_id="method:setBytes(long, byte[], int, int)"/>  </td><td bgcolor="#FFFFFF" colspan="1"> <a start_ctx_id="method:setBytes(long, byte[], int, int)"/><a name="setBytes-long-byte:A-int-int-"/><ul class="blockList"><li class="blockList"><h4>setBytes</h4><pre>
                                            int setBytes(long pos,
             byte[] bytes,
             int offset,
             int len)
      throws <a href="../../java/sql/SQLException.html" title="class in java.sql">SQLException</a>
                                        </pre><div class="block"> Writes all or part of the given <code>byte</code> array to the <code>BLOB</code> value that this <code>Blob</code> object represents and returns the number of bytes written. Writing starts at position <code>pos</code> in the <code>BLOB</code> value; <code>len</code> bytes from the given byte array are written. The array of bytes will overwrite the existing bytes in the <code>Blob</code> object starting at the position <code>pos</code>. If the end of the <code>Blob</code> value is reached while writing the array of bytes, then the length of the <code>Blob</code> value will be increased to accommodate the extra bytes.<p> <b>Note:</b> If the value specified for <code>pos</code> is greater than the length+1 of the <code>BLOB</code> value then the behavior is undefined. Some JDBC drivers may throw an <code>SQLException</code> while other drivers may support this operation.                                   </p>                                                                                           </div><dl> <dt> <span class="paramLabel">Parameters:</span>   </dt><dd> <code>pos</code> - the position in the <code>BLOB</code> object at which to start writing; the first position is 1                  </dd><dd> <code>bytes</code> - the array of bytes to be written to this <code>BLOB</code> object             </dd><dd> <code>offset</code> - the offset into the array <code>bytes</code> at which to start reading the bytes to be set                  </dd><dd> <code>len</code> - the number of bytes to be written to the <code>BLOB</code> value from the array of bytes <code>bytes</code>                   </dd> <dt> <span class="returnLabel">Returns:</span>   </dt><dd>the number of bytes written    </dd> <dt> <span class="throwsLabel">Throws:</span>   </dt><dd> <code><a href="../../java/sql/SQLException.html" title="class in java.sql">SQLException</a></code> - if there is an error accessing the <code>BLOB</code> value or if pos is less than 1                  </dd><dd> <code><a href="../../java/sql/SQLFeatureNotSupportedException.html" title="class in java.sql">SQLFeatureNotSupportedException</a></code> - if the JDBC driver does not support this method           </dd> <dt> <span class="simpleTagLabel">Since:</span>   </dt><dd>1.4</dd> <dt> <span class="seeLabel">See Also: </span>   </dt><dd> <a href="../../java/sql/Blob.html#getBytes-long-int-"><code>getBytes(long, int) </code></a> </dd>     </dl></li></ul> <a end_ctx_id="method:setBytes(long, byte[], int, int)"/>  </td></tr></table></td></tr></table><table border="0" cellpadding="1" cellspacing="0" width="100%"><tr><td><h3 class="ctxid">method:setBinaryStream(long) [CHANGED]</h3></td></tr><tr><td><table border="0" cellpadding="5" cellspacing="1" bgcolor="black" width="100%"><tr valign="top"><td bgcolor="#EEEEEE" colspan="2"> <a start_ctx_id="method:setBinaryStream(long)"/><a name="setBinaryStream-long-"/><ul class="blockList"><li class="blockList"><h4>setBinaryStream</h4><pre>
                                            java.io.OutputStream setBinaryStream(long pos)
                              throws <a href="../../java/sql/SQLException.html" title="class in java.sql">SQLException</a>
                                        </pre><div class="block"> Retrieves a stream that can be used to write to the <code>BLOB</code> value that this <code>Blob</code> object represents. The stream begins at position <code>pos</code>. The bytes written to the stream will overwrite the existing bytes in the <code>Blob</code> object starting at the position <code>pos</code>. If the end of the <code>Blob</code> value is reached while writing to the stream, then the length of the <code>Blob</code> value will be increased to accommodate the extra bytes.<p> <b>Note:</b> If the value specified for <code>pos</code> is greater <span class="diff-html-removed">then</span><span class="diff-html-added">than</span> the length+1 of the <code>BLOB</code> value then the behavior is undefined. Some JDBC drivers may throw <span class="diff-html-removed">a</span><span class="diff-html-added">an</span> <code>SQLException</code> while other drivers may support this operation.                                   </p>                                                                         </div><dl> <dt> <span class="paramLabel">Parameters:</span>   </dt><dd> <code>pos</code> - the position in the <code>BLOB</code> value at which to start writing; the first position is 1                  </dd> <dt> <span class="returnLabel">Returns:</span>   </dt><dd> a <code>java.io.OutputStream</code> object to which data can be written         </dd> <dt> <span class="throwsLabel">Throws:</span>   </dt><dd> <code><a href="../../java/sql/SQLException.html" title="class in java.sql">SQLException</a></code> - if there is an error accessing the <code>BLOB</code> value or if pos is less than 1                  </dd><dd> <code><a href="../../java/sql/SQLFeatureNotSupportedException.html" title="class in java.sql">SQLFeatureNotSupportedException</a></code> - if the JDBC driver does not support this method           </dd> <dt> <span class="simpleTagLabel">Since:</span>   </dt><dd>1.4</dd> <dt> <span class="seeLabel">See Also: </span>   </dt><dd> <a href="../../java/sql/Blob.html#getBinaryStream--"><code>getBinaryStream()</code></a> </dd>     </dl></li></ul> <a end_ctx_id="method:setBinaryStream(long)"/>  </td></tr><tr valign="top"><td bgcolor="#CCCCCC" colspan="1"> <a start_ctx_id="method:setBinaryStream(long)"/><a name="setBinaryStream-long-"/><ul class="blockList"><li class="blockList"><h4>setBinaryStream</h4><pre>
                                            java.io.OutputStream setBinaryStream(long pos)
                              throws <a href="../../java/sql/SQLException.html" title="class in java.sql">SQLException</a>
                                        </pre><div class="block"> Retrieves a stream that can be used to write to the <code>BLOB</code> value that this <code>Blob</code> object represents. The stream begins at position <code>pos</code>. The bytes written to the stream will overwrite the existing bytes in the <code>Blob</code> object starting at the position <code>pos</code>. If the end of the <code>Blob</code> value is reached while writing to the stream, then the length of the <code>Blob</code> value will be increased to accommodate the extra bytes.<p> <b>Note:</b> If the value specified for <code>pos</code> is greater then the length+1 of the <code>BLOB</code> value then the behavior is undefined. Some JDBC drivers may throw a <code>SQLException</code> while other drivers may support this operation.                                   </p>                                                                         </div><dl> <dt> <span class="paramLabel">Parameters:</span>   </dt><dd> <code>pos</code> - the position in the <code>BLOB</code> value at which to start writing; the first position is 1                  </dd> <dt> <span class="returnLabel">Returns:</span>   </dt><dd> a <code>java.io.OutputStream</code> object to which data can be written         </dd> <dt> <span class="throwsLabel">Throws:</span>   </dt><dd> <code><a href="../../java/sql/SQLException.html" title="class in java.sql">SQLException</a></code> - if there is an error accessing the <code>BLOB</code> value or if pos is less than 1                  </dd><dd> <code><a href="../../java/sql/SQLFeatureNotSupportedException.html" title="class in java.sql">SQLFeatureNotSupportedException</a></code> - if the JDBC driver does not support this method           </dd> <dt> <span class="simpleTagLabel">Since:</span>   </dt><dd>1.4</dd> <dt> <span class="seeLabel">See Also: </span>   </dt><dd> <a href="../../java/sql/Blob.html#getBinaryStream--"><code>getBinaryStream()</code></a> </dd>     </dl></li></ul> <a end_ctx_id="method:setBinaryStream(long)"/>  </td><td bgcolor="#FFFFFF" colspan="1"> <a start_ctx_id="method:setBinaryStream(long)"/><a name="setBinaryStream-long-"/><ul class="blockList"><li class="blockList"><h4>setBinaryStream</h4><pre>
                                            java.io.OutputStream setBinaryStream(long pos)
                              throws <a href="../../java/sql/SQLException.html" title="class in java.sql">SQLException</a>
                                        </pre><div class="block"> Retrieves a stream that can be used to write to the <code>BLOB</code> value that this <code>Blob</code> object represents. The stream begins at position <code>pos</code>. The bytes written to the stream will overwrite the existing bytes in the <code>Blob</code> object starting at the position <code>pos</code>. If the end of the <code>Blob</code> value is reached while writing to the stream, then the length of the <code>Blob</code> value will be increased to accommodate the extra bytes.<p> <b>Note:</b> If the value specified for <code>pos</code> is greater than the length+1 of the <code>BLOB</code> value then the behavior is undefined. Some JDBC drivers may throw an <code>SQLException</code> while other drivers may support this operation.                                   </p>                                                                         </div><dl> <dt> <span class="paramLabel">Parameters:</span>   </dt><dd> <code>pos</code> - the position in the <code>BLOB</code> value at which to start writing; the first position is 1                  </dd> <dt> <span class="returnLabel">Returns:</span>   </dt><dd> a <code>java.io.OutputStream</code> object to which data can be written         </dd> <dt> <span class="throwsLabel">Throws:</span>   </dt><dd> <code><a href="../../java/sql/SQLException.html" title="class in java.sql">SQLException</a></code> - if there is an error accessing the <code>BLOB</code> value or if pos is less than 1                  </dd><dd> <code><a href="../../java/sql/SQLFeatureNotSupportedException.html" title="class in java.sql">SQLFeatureNotSupportedException</a></code> - if the JDBC driver does not support this method           </dd> <dt> <span class="simpleTagLabel">Since:</span>   </dt><dd>1.4</dd> <dt> <span class="seeLabel">See Also: </span>   </dt><dd> <a href="../../java/sql/Blob.html#getBinaryStream--"><code>getBinaryStream()</code></a> </dd>     </dl></li></ul> <a end_ctx_id="method:setBinaryStream(long)"/>  </td></tr></table></td></tr></table><table border="0" cellpadding="1" cellspacing="0" width="100%"><tr><td><h3 class="ctxid">method:truncate(long) [CHANGED]</h3></td></tr><tr><td><table border="0" cellpadding="5" cellspacing="1" bgcolor="black" width="100%"><tr valign="top"><td bgcolor="#EEEEEE" colspan="2"> <a start_ctx_id="method:truncate(long)"/><a name="truncate-long-"/><ul class="blockList"><li class="blockList"><h4>truncate</h4><pre>
                                            void truncate(long len)
       throws <a href="../../java/sql/SQLException.html" title="class in java.sql">SQLException</a>
                                        </pre><div class="block"> Truncates the <code>BLOB</code> value that this <code>Blob</code> object represents to be <code>len</code> bytes in length.<p> <b>Note:</b> If the value specified for <code>pos</code> is greater <span class="diff-html-removed">then</span><span class="diff-html-added">than</span> the length+1 of the <code>BLOB</code> value then the behavior is undefined. Some JDBC drivers may throw <span class="diff-html-removed">a</span><span class="diff-html-added">an</span> <code>SQLException</code> while other drivers may support this operation.                                   </p>               </div><dl> <dt> <span class="paramLabel">Parameters:</span>   </dt><dd> <code>len</code> - the length, in bytes, to which the <code>BLOB</code> value that this <code>Blob</code> object represents should be truncated                   </dd> <dt> <span class="throwsLabel">Throws:</span>   </dt><dd> <code><a href="../../java/sql/SQLException.html" title="class in java.sql">SQLException</a></code> - if there is an error accessing the <code>BLOB</code> value or if len is less than 0                  </dd><dd> <code><a href="../../java/sql/SQLFeatureNotSupportedException.html" title="class in java.sql">SQLFeatureNotSupportedException</a></code> - if the JDBC driver does not support this method           </dd> <dt> <span class="simpleTagLabel">Since:</span>   </dt><dd>1.4</dd>   </dl></li></ul> <a end_ctx_id="method:truncate(long)"/>  </td></tr><tr valign="top"><td bgcolor="#CCCCCC" colspan="1"> <a start_ctx_id="method:truncate(long)"/><a name="truncate-long-"/><ul class="blockList"><li class="blockList"><h4>truncate</h4><pre>
                                            void truncate(long len)
       throws <a href="../../java/sql/SQLException.html" title="class in java.sql">SQLException</a>
                                        </pre><div class="block"> Truncates the <code>BLOB</code> value that this <code>Blob</code> object represents to be <code>len</code> bytes in length.<p> <b>Note:</b> If the value specified for <code>pos</code> is greater then the length+1 of the <code>BLOB</code> value then the behavior is undefined. Some JDBC drivers may throw a <code>SQLException</code> while other drivers may support this operation.                                   </p>               </div><dl> <dt> <span class="paramLabel">Parameters:</span>   </dt><dd> <code>len</code> - the length, in bytes, to which the <code>BLOB</code> value that this <code>Blob</code> object represents should be truncated                   </dd> <dt> <span class="throwsLabel">Throws:</span>   </dt><dd> <code><a href="../../java/sql/SQLException.html" title="class in java.sql">SQLException</a></code> - if there is an error accessing the <code>BLOB</code> value or if len is less than 0                  </dd><dd> <code><a href="../../java/sql/SQLFeatureNotSupportedException.html" title="class in java.sql">SQLFeatureNotSupportedException</a></code> - if the JDBC driver does not support this method           </dd> <dt> <span class="simpleTagLabel">Since:</span>   </dt><dd>1.4</dd>   </dl></li></ul> <a end_ctx_id="method:truncate(long)"/>  </td><td bgcolor="#FFFFFF" colspan="1"> <a start_ctx_id="method:truncate(long)"/><a name="truncate-long-"/><ul class="blockList"><li class="blockList"><h4>truncate</h4><pre>
                                            void truncate(long len)
       throws <a href="../../java/sql/SQLException.html" title="class in java.sql">SQLException</a>
                                        </pre><div class="block"> Truncates the <code>BLOB</code> value that this <code>Blob</code> object represents to be <code>len</code> bytes in length.<p> <b>Note:</b> If the value specified for <code>pos</code> is greater than the length+1 of the <code>BLOB</code> value then the behavior is undefined. Some JDBC drivers may throw an <code>SQLException</code> while other drivers may support this operation.                                   </p>               </div><dl> <dt> <span class="paramLabel">Parameters:</span>   </dt><dd> <code>len</code> - the length, in bytes, to which the <code>BLOB</code> value that this <code>Blob</code> object represents should be truncated                   </dd> <dt> <span class="throwsLabel">Throws:</span>   </dt><dd> <code><a href="../../java/sql/SQLException.html" title="class in java.sql">SQLException</a></code> - if there is an error accessing the <code>BLOB</code> value or if len is less than 0                  </dd><dd> <code><a href="../../java/sql/SQLFeatureNotSupportedException.html" title="class in java.sql">SQLFeatureNotSupportedException</a></code> - if the JDBC driver does not support this method           </dd> <dt> <span class="simpleTagLabel">Since:</span>   </dt><dd>1.4</dd>   </dl></li></ul> <a end_ctx_id="method:truncate(long)"/>  </td></tr></table></td></tr></table><table border="0" cellpadding="1" cellspacing="0" width="100%"><tr><td><h3 class="ctxid">method:free() [CHANGED]</h3></td></tr><tr><td><table border="0" cellpadding="5" cellspacing="1" bgcolor="black" width="100%"><tr valign="top"><td bgcolor="#EEEEEE" colspan="2"> <a start_ctx_id="method:free()"/><a name="free--"/><ul class="blockList"><li class="blockList"><h4>free</h4><pre>
                                            void free()
   throws <a href="../../java/sql/SQLException.html" title="class in java.sql">SQLException</a>
                                        </pre><div class="block"> This method frees the <code>Blob</code> object and releases the resources that it holds. The object is invalid once the <code>free</code> method is called.<p> After <code>free</code> has been called, any attempt to invoke a method other than <code>free</code> will result in <span class="diff-html-removed">a</span><span class="diff-html-added">an</span> <code>SQLException</code> being thrown. If <code>free</code> is called multiple times, the subsequent calls to <code>free</code> are treated as a no-op.                                     </p>                       </div><dl> <dt> <span class="throwsLabel">Throws:</span>   </dt><dd> <code><a href="../../java/sql/SQLException.html" title="class in java.sql">SQLException</a></code> - if an error occurs releasing the Blob's resources          </dd><dd> <code><a href="../../java/sql/SQLFeatureNotSupportedException.html" title="class in java.sql">SQLFeatureNotSupportedException</a></code> - if the JDBC driver does not support this method           </dd> <dt> <span class="simpleTagLabel">Since:</span>   </dt><dd>1.6</dd>  </dl></li></ul> <a end_ctx_id="method:free()"/>  </td></tr><tr valign="top"><td bgcolor="#CCCCCC" colspan="1"> <a start_ctx_id="method:free()"/><a name="free--"/><ul class="blockList"><li class="blockList"><h4>free</h4><pre>
                                            void free()
   throws <a href="../../java/sql/SQLException.html" title="class in java.sql">SQLException</a>
                                        </pre><div class="block"> This method frees the <code>Blob</code> object and releases the resources that it holds. The object is invalid once the <code>free</code> method is called.<p> After <code>free</code> has been called, any attempt to invoke a method other than <code>free</code> will result in a <code>SQLException</code> being thrown. If <code>free</code> is called multiple times, the subsequent calls to <code>free</code> are treated as a no-op.                                     </p><p/>                       </div><dl> <dt> <span class="throwsLabel">Throws:</span>   </dt><dd> <code><a href="../../java/sql/SQLException.html" title="class in java.sql">SQLException</a></code> - if an error occurs releasing the Blob's resources          </dd><dd> <code><a href="../../java/sql/SQLFeatureNotSupportedException.html" title="class in java.sql">SQLFeatureNotSupportedException</a></code> - if the JDBC driver does not support this method           </dd> <dt> <span class="simpleTagLabel">Since:</span>   </dt><dd>1.6</dd>  </dl></li></ul> <a end_ctx_id="method:free()"/>  </td><td bgcolor="#FFFFFF" colspan="1"> <a start_ctx_id="method:free()"/><a name="free--"/><ul class="blockList"><li class="blockList"><h4>free</h4><pre>
                                            void free()
   throws <a href="../../java/sql/SQLException.html" title="class in java.sql">SQLException</a>
                                        </pre><div class="block"> This method frees the <code>Blob</code> object and releases the resources that it holds. The object is invalid once the <code>free</code> method is called.<p> After <code>free</code> has been called, any attempt to invoke a method other than <code>free</code> will result in an <code>SQLException</code> being thrown. If <code>free</code> is called multiple times, the subsequent calls to <code>free</code> are treated as a no-op.                                     </p>                       </div><dl> <dt> <span class="throwsLabel">Throws:</span>   </dt><dd> <code><a href="../../java/sql/SQLException.html" title="class in java.sql">SQLException</a></code> - if an error occurs releasing the Blob's resources          </dd><dd> <code><a href="../../java/sql/SQLFeatureNotSupportedException.html" title="class in java.sql">SQLFeatureNotSupportedException</a></code> - if the JDBC driver does not support this method           </dd> <dt> <span class="simpleTagLabel">Since:</span>   </dt><dd>1.6</dd>  </dl></li></ul> <a end_ctx_id="method:free()"/>  </td></tr></table></td></tr></table><table border="0" cellpadding="1" cellspacing="0" width="100%"><tr><td><h3 class="ctxid">method:getBinaryStream(long, long) [CHANGED]</h3></td></tr><tr><td><table border="0" cellpadding="5" cellspacing="1" bgcolor="black" width="100%"><tr valign="top"><td bgcolor="#EEEEEE" colspan="2"> <a start_ctx_id="method:getBinaryStream(long, long)"/><a name="getBinaryStream-long-long-"/><ul class="blockListLast"><li class="blockList"><h4>getBinaryStream</h4><pre>
                                            java.io.InputStream getBinaryStream(long pos,
                                    long length)
                             throws <a href="../../java/sql/SQLException.html" title="class in java.sql">SQLException</a>
                                        </pre><div class="block"> Returns an <code>InputStream</code> object that contains a partial <code>Blob</code> value, starting with the byte specified by pos, which is length bytes in length.                       </div><dl> <dt> <span class="paramLabel">Parameters:</span>   </dt><dd> <code>pos</code> - the offset to the first byte of the partial value to be retrieved. The first byte in the <code>Blob</code> is at position 1<span class="diff-html-added">.</span>                         </dd><dd> <code>length</code> - the length in bytes of the partial value to be retrieved             </dd> <dt> <span class="returnLabel">Returns:</span>   </dt><dd> <code>InputStream</code> through which the partial <code>Blob</code> value can be read.          </dd> <dt> <span class="throwsLabel">Throws:</span>   </dt><dd> <code><a href="../../java/sql/SQLException.html" title="class in java.sql">SQLException</a></code> - if pos is less than 1 or if pos is greater than the number of bytes in the <code>Blob</code> or if pos + length is greater than the number of bytes in the <code>Blob</code>                                    </dd><dd> <code><a href="../../java/sql/SQLFeatureNotSupportedException.html" title="class in java.sql">SQLFeatureNotSupportedException</a></code> - if the JDBC driver does not support this method           </dd> <dt> <span class="simpleTagLabel">Since:</span>   </dt><dd>1.6</dd>    </dl></li></ul> <a end_ctx_id="method:getBinaryStream(long, long)"/>  </td></tr><tr valign="top"><td bgcolor="#CCCCCC" colspan="1"> <a start_ctx_id="method:getBinaryStream(long, long)"/><a name="getBinaryStream-long-long-"/><ul class="blockListLast"><li class="blockList"><h4>getBinaryStream</h4><pre>
                                            java.io.InputStream getBinaryStream(long pos,
                                    long length)
                             throws <a href="../../java/sql/SQLException.html" title="class in java.sql">SQLException</a>
                                        </pre><div class="block"> Returns an <code>InputStream</code> object that contains a partial <code>Blob</code> value, starting with the byte specified by pos, which is length bytes in length.                       </div><dl> <dt> <span class="paramLabel">Parameters:</span>   </dt><dd> <code>pos</code> - the offset to the first byte of the partial value to be retrieved. The first byte in the <code>Blob</code> is at position 1                         </dd><dd> <code>length</code> - the length in bytes of the partial value to be retrieved             </dd> <dt> <span class="returnLabel">Returns:</span>   </dt><dd> <code>InputStream</code> through which the partial <code>Blob</code> value can be read.          </dd> <dt> <span class="throwsLabel">Throws:</span>   </dt><dd> <code><a href="../../java/sql/SQLException.html" title="class in java.sql">SQLException</a></code> - if pos is less than 1 or if pos is greater than the number of bytes in the <code>Blob</code> or if pos + length is greater than the number of bytes in the <code>Blob</code>                                    </dd><dd> <code><a href="../../java/sql/SQLFeatureNotSupportedException.html" title="class in java.sql">SQLFeatureNotSupportedException</a></code> - if the JDBC driver does not support this method           </dd> <dt> <span class="simpleTagLabel">Since:</span>   </dt><dd>1.6</dd>    </dl></li></ul> <a end_ctx_id="method:getBinaryStream(long, long)"/>  </td><td bgcolor="#FFFFFF" colspan="1"> <a start_ctx_id="method:getBinaryStream(long, long)"/><a name="getBinaryStream-long-long-"/><ul class="blockListLast"><li class="blockList"><h4>getBinaryStream</h4><pre>
                                            java.io.InputStream getBinaryStream(long pos,
                                    long length)
                             throws <a href="../../java/sql/SQLException.html" title="class in java.sql">SQLException</a>
                                        </pre><div class="block"> Returns an <code>InputStream</code> object that contains a partial <code>Blob</code> value, starting with the byte specified by pos, which is length bytes in length.                       </div><dl> <dt> <span class="paramLabel">Parameters:</span>   </dt><dd> <code>pos</code> - the offset to the first byte of the partial value to be retrieved. The first byte in the <code>Blob</code> is at position 1.                         </dd><dd> <code>length</code> - the length in bytes of the partial value to be retrieved             </dd> <dt> <span class="returnLabel">Returns:</span>   </dt><dd> <code>InputStream</code> through which the partial <code>Blob</code> value can be read.          </dd> <dt> <span class="throwsLabel">Throws:</span>   </dt><dd> <code><a href="../../java/sql/SQLException.html" title="class in java.sql">SQLException</a></code> - if pos is less than 1 or if pos is greater than the number of bytes in the <code>Blob</code> or if pos + length is greater than the number of bytes in the <code>Blob</code>                                    </dd><dd> <code><a href="../../java/sql/SQLFeatureNotSupportedException.html" title="class in java.sql">SQLFeatureNotSupportedException</a></code> - if the JDBC driver does not support this method           </dd> <dt> <span class="simpleTagLabel">Since:</span>   </dt><dd>1.6</dd>    </dl></li></ul> <a end_ctx_id="method:getBinaryStream(long, long)"/>  </td></tr></table></td></tr></table></diff></diffreport>