<?xml version="1.0" encoding="UTF-8" standalone="yes"?><Document><name>java/sql/Blob.spec</name><Context><name>class:Blob</name><mt>NONE</mt></Context><Context><name>method:free()</name><mt>CHANGED</mt></Context><Context><name>method:getBinaryStream()</name><mt>NONE</mt></Context><Context><name>method:getBinaryStream(long, long)</name><mt>CHANGED</mt></Context><Context><name>method:getBytes(long, int)</name><mt>NONE</mt></Context><Context><name>method:length()</name><mt>NONE</mt></Context><Context><name>method:position(byte[], long)</name><mt>NONE</mt></Context><Context><name>method:position(java.sql.Blob, long)</name><mt>NONE</mt></Context><Context><name>method:setBinaryStream(long)</name><mt>CHANGED</mt></Context><Context><name>method:setBytes(long, byte[])</name><mt>CHANGED</mt></Context><Context><name>method:setBytes(long, byte[], int, int)</name><mt>CHANGED</mt></Context><Context><name>method:truncate(long)</name><mt>CHANGED</mt></Context><Stat><name>java/sql/Blob.spec</name><mt>CHANGED</mt><Group name="context"><Item name="ADDED" count="0"/><Item name="REMOVED" count="0"/><Item name="CHANGED" count="6"/><Item name="MODIFIED" count="6"/><Item name="MOVED" count="0"/><Item name="MOVED_CHANGED" count="0"/><Item name="JOINT" count="0"/><Item name="SPLIT" count="0"/><Item name="TOTAL" count="12"/></Group><Group name="assertion"><Item name="ADDED" count="0"/><Item name="REMOVED" count="0"/><Item name="CHANGED" count="0"/><Item name="MODIFIED" count="0"/><Item name="MOVED" count="0"/><Item name="MOVED_CHANGED" count="0"/><Item name="JOINT" count="0"/><Item name="SPLIT" count="0"/><Item name="TOTAL" count="0"/></Group></Stat></Document>