<?xml version="1.0" encoding="UTF-8"?><diffreport><diff><table border="0" cellpadding="1" cellspacing="0" width="100%"><tr><td><h3 class="ctxid">class:ClientInfoStatus [NONE]</h3></td></tr><tr><td><table border="0" cellpadding="5" cellspacing="1" bgcolor="black" width="100%"><tr valign="top"><td bgcolor="#FFFFFF" colspan="1"><div class="description"> <a start_ctx_id="class:ClientInfoStatus"/><ul class="blockList"><li class="blockList"> <hr/> <br/><pre>
                            public enum <span class="typeNameLabel">ClientInfoStatus</span>
extends java.lang.Enum&lt;<a href="../../java/sql/ClientInfoStatus.html" title="enum in java.sql">ClientInfoStatus</a>&gt;
                        </pre><div class="block"> Enumeration for status of the reason that a property could not be set via a call to <code>Connection.setClientInfo</code>                  </div><dl> <dt> <span class="simpleTagLabel">Since:</span>   </dt><dd>1.6</dd> </dl>  </li></ul> </div> <a end_ctx_id="class:ClientInfoStatus"/> </td></tr></table></td></tr></table><table border="0" cellpadding="1" cellspacing="0" width="100%"><tr><td><h3 class="ctxid">field:REASON_UNKNOWN [NONE]</h3></td></tr><tr><td><table border="0" cellpadding="5" cellspacing="1" bgcolor="black" width="100%"><tr valign="top"><td bgcolor="#FFFFFF" colspan="1"> <a start_ctx_id="field:REASON_UNKNOWN"/><a name="REASON_UNKNOWN"/><ul class="blockList"><li class="blockList"><h4>REASON_UNKNOWN</h4><pre>
                                            public static final <a href="../../java/sql/ClientInfoStatus.html" title="enum in java.sql">ClientInfoStatus</a> REASON_UNKNOWN
                                        </pre><div class="block">The client info property could not be set for some unknown reason           </div><dl> <dt> <span class="simpleTagLabel">Since:</span>   </dt><dd>1.6</dd> </dl></li></ul> <a end_ctx_id="field:REASON_UNKNOWN"/>  </td></tr></table></td></tr></table><table border="0" cellpadding="1" cellspacing="0" width="100%"><tr><td><h3 class="ctxid">field:REASON_UNKNOWN_PROPERTY [NONE]</h3></td></tr><tr><td><table border="0" cellpadding="5" cellspacing="1" bgcolor="black" width="100%"><tr valign="top"><td bgcolor="#FFFFFF" colspan="1"> <a start_ctx_id="field:REASON_UNKNOWN_PROPERTY"/><a name="REASON_UNKNOWN_PROPERTY"/><ul class="blockList"><li class="blockList"><h4>REASON_UNKNOWN_PROPERTY</h4><pre>
                                            public static final <a href="../../java/sql/ClientInfoStatus.html" title="enum in java.sql">ClientInfoStatus</a> REASON_UNKNOWN_PROPERTY
                                        </pre><div class="block">The client info property name specified was not a recognized property name.           </div><dl> <dt> <span class="simpleTagLabel">Since:</span>   </dt><dd>1.6</dd> </dl></li></ul> <a end_ctx_id="field:REASON_UNKNOWN_PROPERTY"/>  </td></tr></table></td></tr></table><table border="0" cellpadding="1" cellspacing="0" width="100%"><tr><td><h3 class="ctxid">field:REASON_VALUE_INVALID [NONE]</h3></td></tr><tr><td><table border="0" cellpadding="5" cellspacing="1" bgcolor="black" width="100%"><tr valign="top"><td bgcolor="#FFFFFF" colspan="1"> <a start_ctx_id="field:REASON_VALUE_INVALID"/><a name="REASON_VALUE_INVALID"/><ul class="blockList"><li class="blockList"><h4>REASON_VALUE_INVALID</h4><pre>
                                            public static final <a href="../../java/sql/ClientInfoStatus.html" title="enum in java.sql">ClientInfoStatus</a> REASON_VALUE_INVALID
                                        </pre><div class="block">The value specified for the client info property was not valid.          </div><dl> <dt> <span class="simpleTagLabel">Since:</span>   </dt><dd>1.6</dd> </dl></li></ul> <a end_ctx_id="field:REASON_VALUE_INVALID"/>  </td></tr></table></td></tr></table><table border="0" cellpadding="1" cellspacing="0" width="100%"><tr><td><h3 class="ctxid">field:REASON_VALUE_TRUNCATED [NONE]</h3></td></tr><tr><td><table border="0" cellpadding="5" cellspacing="1" bgcolor="black" width="100%"><tr valign="top"><td bgcolor="#FFFFFF" colspan="1"> <a start_ctx_id="field:REASON_VALUE_TRUNCATED"/><a name="REASON_VALUE_TRUNCATED"/><ul class="blockListLast"><li class="blockList"><h4>REASON_VALUE_TRUNCATED</h4><pre>
                                            public static final <a href="../../java/sql/ClientInfoStatus.html" title="enum in java.sql">ClientInfoStatus</a> REASON_VALUE_TRUNCATED
                                        </pre><div class="block">The value specified for the client info property was too large.          </div><dl> <dt> <span class="simpleTagLabel">Since:</span>   </dt><dd>1.6</dd> </dl></li></ul> <a end_ctx_id="field:REASON_VALUE_TRUNCATED"/>  </td></tr></table></td></tr></table><table border="0" cellpadding="1" cellspacing="0" width="100%"><tr><td><h3 class="ctxid">method:values() [NONE]</h3></td></tr><tr><td><table border="0" cellpadding="5" cellspacing="1" bgcolor="black" width="100%"><tr valign="top"><td bgcolor="#FFFFFF" colspan="1"> <a start_ctx_id="method:values()"/><a name="values--"/><ul class="blockList"><li class="blockList"><h4>values</h4><pre>
                                            public static <a href="../../java/sql/ClientInfoStatus.html" title="enum in java.sql">ClientInfoStatus</a>[] values()
                                        </pre><div class="block"> Returns an array containing the constants of this enum type, in the order they are declared. This method may be used to iterate over the constants as follows:<pre>
for (ClientInfoStatus c : ClientInfoStatus.values())
    System.out.println(c);
</pre>                            </div><dl> <dt> <span class="returnLabel">Returns:</span>   </dt><dd>an array containing the constants of this enum type, in the order they are declared              </dd> </dl></li></ul> <a end_ctx_id="method:values()"/>  </td></tr></table></td></tr></table><table border="0" cellpadding="1" cellspacing="0" width="100%"><tr><td><h3 class="ctxid">method:valueOf(java.lang.String) [NONE]</h3></td></tr><tr><td><table border="0" cellpadding="5" cellspacing="1" bgcolor="black" width="100%"><tr valign="top"><td bgcolor="#FFFFFF" colspan="1"> <a start_ctx_id="method:valueOf(java.lang.String)"/><a name="valueOf-java.lang.String-"/><ul class="blockListLast"><li class="blockList"><h4>valueOf</h4><pre>
                                            public static <a href="../../java/sql/ClientInfoStatus.html" title="enum in java.sql">ClientInfoStatus</a> valueOf(java.lang.String name)
                                        </pre><div class="block"> Returns the enum constant of this type with the specified name. The string must match <i>exactly</i> an identifier used to declare an enum constant in this type. (Extraneous whitespace characters are not permitted.)                                 </div><dl> <dt> <span class="paramLabel">Parameters:</span>   </dt><dd> <code>name</code> - the name of the enum constant to be returned.           </dd> <dt> <span class="returnLabel">Returns:</span>   </dt><dd>the enum constant with the specified name      </dd> <dt> <span class="throwsLabel">Throws:</span>   </dt><dd> <code>java.lang.IllegalArgumentException</code> - if this enum type has no constant with the specified name             </dd><dd> <code>java.lang.NullPointerException</code> - if the argument is null       </dd>   </dl></li></ul> <a end_ctx_id="method:valueOf(java.lang.String)"/>  </td></tr></table></td></tr></table></diff></diffreport>