<?xml version="1.0" encoding="UTF-8" standalone="yes"?><Document><name>java/sql/Clob.spec</name><Context><name>class:Clob</name><mt>NONE</mt></Context><Context><name>method:free()</name><mt>CHANGED</mt></Context><Context><name>method:getAsciiStream()</name><mt>NONE</mt></Context><Context><name>method:getCharacterStream()</name><mt>NONE</mt></Context><Context><name>method:getCharacterStream(long, long)</name><mt>CHANGED</mt></Context><Context><name>method:getSubString(long, int)</name><mt>NONE</mt></Context><Context><name>method:length()</name><mt>NONE</mt></Context><Context><name>method:position(java.lang.String, long)</name><mt>NONE</mt></Context><Context><name>method:position(java.sql.Clob, long)</name><mt>NONE</mt></Context><Context><name>method:setAsciiStream(long)</name><mt>CHANGED</mt></Context><Context><name>method:setCharacterStream(long)</name><mt>CHANGED</mt></Context><Context><name>method:setString(long, java.lang.String)</name><mt>CHANGED</mt></Context><Context><name>method:setString(long, java.lang.String, int, int)</name><mt>CHANGED</mt></Context><Context><name>method:truncate(long)</name><mt>CHANGED</mt></Context><Stat><name>java/sql/Clob.spec</name><mt>CHANGED</mt><Group name="context"><Item name="ADDED" count="0"/><Item name="REMOVED" count="0"/><Item name="CHANGED" count="7"/><Item name="MODIFIED" count="7"/><Item name="MOVED" count="0"/><Item name="MOVED_CHANGED" count="0"/><Item name="JOINT" count="0"/><Item name="SPLIT" count="0"/><Item name="TOTAL" count="14"/></Group><Group name="assertion"><Item name="ADDED" count="0"/><Item name="REMOVED" count="0"/><Item name="CHANGED" count="0"/><Item name="MODIFIED" count="0"/><Item name="MOVED" count="0"/><Item name="MOVED_CHANGED" count="0"/><Item name="JOINT" count="0"/><Item name="SPLIT" count="0"/><Item name="TOTAL" count="0"/></Group></Stat></Document>