<?xml version="1.0" encoding="UTF-8"?><diffreport><diff><table border="0" cellpadding="1" cellspacing="0" width="100%"><tr><td><h3 class="ctxid">class:Clob [NONE]</h3></td></tr><tr><td><table border="0" cellpadding="5" cellspacing="1" bgcolor="black" width="100%"><tr valign="top"><td bgcolor="#FFFFFF" colspan="1"><div class="description"> <a start_ctx_id="class:Clob"/><ul class="blockList"><li class="blockList"><dl> <dt>All Known Subinterfaces:  </dt><dd> <code><a href="../../java/sql/NClob.html" title="interface in java.sql">NClob</a></code> </dd> </dl> <hr/> <br/><pre>
                            public interface <span class="typeNameLabel">Clob</span>
                        </pre><div class="block"> The mapping in the Java™ programming language for the SQL <code>CLOB</code> type. An SQL <code>CLOB</code> is a built-in type that stores a Character Large Object as a column value in a row of a database table. By default drivers implement a <code>Clob</code> object using an SQL <code>locator(CLOB)</code>, which means that a <code>Clob</code> object contains a logical pointer to the SQL <code>CLOB</code> data rather than the data itself. A <code>Clob</code> object is valid for the duration of the transaction in which it was created.<p> The <code>Clob</code> interface provides methods for getting the length of an SQL <code>CLOB</code> (Character Large Object) value, for materializing a <code>CLOB</code> value on the client, and for searching for a substring or <code>CLOB</code> object within a <code>CLOB</code> value. Methods in the interfaces <a href="../../java/sql/ResultSet.html" title="interface in java.sql"><code>ResultSet</code></a>, <a href="../../java/sql/CallableStatement.html" title="interface in java.sql"><code>CallableStatement</code></a>, and <a href="../../java/sql/PreparedStatement.html" title="interface in java.sql"><code>PreparedStatement</code></a>, such as <code>getClob</code> and <code>setClob</code> allow a programmer to access an SQL <code>CLOB</code> value. In addition, this interface has methods for updating a <code>CLOB</code> value.                                                                       </p><p> All methods on the <code>Clob</code> interface must be fully implemented if the JDBC driver supports the data type.                  </p>                                                                                   </div><dl> <dt> <span class="simpleTagLabel">Since:</span>   </dt><dd>1.2</dd> </dl>  </li></ul> </div> <a end_ctx_id="class:Clob"/> </td></tr></table></td></tr></table><table border="0" cellpadding="1" cellspacing="0" width="100%"><tr><td><h3 class="ctxid">method:length() [NONE]</h3></td></tr><tr><td><table border="0" cellpadding="5" cellspacing="1" bgcolor="black" width="100%"><tr valign="top"><td bgcolor="#FFFFFF" colspan="1"> <a start_ctx_id="method:length()"/><a name="length--"/><ul class="blockList"><li class="blockList"><h4>length</h4><pre>
                                            long length()
     throws <a href="../../java/sql/SQLException.html" title="class in java.sql">SQLException</a>
                                        </pre><div class="block"> Retrieves the number of characters in the <code>CLOB</code> value designated by this <code>Clob</code> object.              </div><dl> <dt> <span class="returnLabel">Returns:</span>   </dt><dd> length of the <code>CLOB</code> in characters      </dd> <dt> <span class="throwsLabel">Throws:</span>   </dt><dd> <code><a href="../../java/sql/SQLException.html" title="class in java.sql">SQLException</a></code> - if there is an error accessing the length of the <code>CLOB</code> value              </dd><dd> <code><a href="../../java/sql/SQLFeatureNotSupportedException.html" title="class in java.sql">SQLFeatureNotSupportedException</a></code> - if the JDBC driver does not support this method           </dd> <dt> <span class="simpleTagLabel">Since:</span>   </dt><dd>1.2</dd>   </dl></li></ul> <a end_ctx_id="method:length()"/>  </td></tr></table></td></tr></table><table border="0" cellpadding="1" cellspacing="0" width="100%"><tr><td><h3 class="ctxid">method:getSubString(long, int) [NONE]</h3></td></tr><tr><td><table border="0" cellpadding="5" cellspacing="1" bgcolor="black" width="100%"><tr valign="top"><td bgcolor="#FFFFFF" colspan="1"> <a start_ctx_id="method:getSubString(long, int)"/><a name="getSubString-long-int-"/><ul class="blockList"><li class="blockList"><h4>getSubString</h4><pre>
                                            java.lang.String getSubString(long pos,
                              int length)
                       throws <a href="../../java/sql/SQLException.html" title="class in java.sql">SQLException</a>
                                        </pre><div class="block"> Retrieves a copy of the specified substring in the <code>CLOB</code> value designated by this <code>Clob</code> object. The substring begins at position <code>pos</code> and has up to <code>length</code> consecutive characters.                             </div><dl> <dt> <span class="paramLabel">Parameters:</span>   </dt><dd> <code>pos</code> - the first character of the substring to be extracted. The first character is at position 1.                  </dd><dd> <code>length</code> - the number of consecutive characters to be copied; the value for length must be 0 or greater                   </dd> <dt> <span class="returnLabel">Returns:</span>   </dt><dd> a <code>String</code> that is the specified substring in the <code>CLOB</code> value designated by this <code>Clob</code> object                </dd> <dt> <span class="throwsLabel">Throws:</span>   </dt><dd> <code><a href="../../java/sql/SQLException.html" title="class in java.sql">SQLException</a></code> - if there is an error accessing the <code>CLOB</code> value; if pos is less than 1 or length is less than 0                       </dd><dd> <code><a href="../../java/sql/SQLFeatureNotSupportedException.html" title="class in java.sql">SQLFeatureNotSupportedException</a></code> - if the JDBC driver does not support this method           </dd> <dt> <span class="simpleTagLabel">Since:</span>   </dt><dd>1.2</dd>    </dl></li></ul> <a end_ctx_id="method:getSubString(long, int)"/>  </td></tr></table></td></tr></table><table border="0" cellpadding="1" cellspacing="0" width="100%"><tr><td><h3 class="ctxid">method:getCharacterStream() [NONE]</h3></td></tr><tr><td><table border="0" cellpadding="5" cellspacing="1" bgcolor="black" width="100%"><tr valign="top"><td bgcolor="#FFFFFF" colspan="1"> <a start_ctx_id="method:getCharacterStream()"/><a name="getCharacterStream--"/><ul class="blockList"><li class="blockList"><h4>getCharacterStream</h4><pre>
                                            java.io.Reader getCharacterStream()
                           throws <a href="../../java/sql/SQLException.html" title="class in java.sql">SQLException</a>
                                        </pre><div class="block"> Retrieves the <code>CLOB</code> value designated by this <code>Clob</code> object as a <code>java.io.Reader</code> object (or as a stream of characters).                   </div><dl> <dt> <span class="returnLabel">Returns:</span>   </dt><dd> a <code>java.io.Reader</code> object containing the <code>CLOB</code> data       </dd> <dt> <span class="throwsLabel">Throws:</span>   </dt><dd> <code><a href="../../java/sql/SQLException.html" title="class in java.sql">SQLException</a></code> - if there is an error accessing the <code>CLOB</code> value           </dd><dd> <code><a href="../../java/sql/SQLFeatureNotSupportedException.html" title="class in java.sql">SQLFeatureNotSupportedException</a></code> - if the JDBC driver does not support this method           </dd> <dt> <span class="simpleTagLabel">Since:</span>   </dt><dd>1.2</dd> <dt> <span class="seeLabel">See Also: </span>   </dt><dd> <a href="../../java/sql/Clob.html#setCharacterStream-long-"><code>setCharacterStream(long)</code></a> </dd>    </dl></li></ul> <a end_ctx_id="method:getCharacterStream()"/>  </td></tr></table></td></tr></table><table border="0" cellpadding="1" cellspacing="0" width="100%"><tr><td><h3 class="ctxid">method:getAsciiStream() [NONE]</h3></td></tr><tr><td><table border="0" cellpadding="5" cellspacing="1" bgcolor="black" width="100%"><tr valign="top"><td bgcolor="#FFFFFF" colspan="1"> <a start_ctx_id="method:getAsciiStream()"/><a name="getAsciiStream--"/><ul class="blockList"><li class="blockList"><h4>getAsciiStream</h4><pre>
                                            java.io.InputStream getAsciiStream()
                            throws <a href="../../java/sql/SQLException.html" title="class in java.sql">SQLException</a>
                                        </pre><div class="block"> Retrieves the <code>CLOB</code> value designated by this <code>Clob</code> object as an ascii stream.             </div><dl> <dt> <span class="returnLabel">Returns:</span>   </dt><dd> a <code>java.io.InputStream</code> object containing the <code>CLOB</code> data       </dd> <dt> <span class="throwsLabel">Throws:</span>   </dt><dd> <code><a href="../../java/sql/SQLException.html" title="class in java.sql">SQLException</a></code> - if there is an error accessing the <code>CLOB</code> value           </dd><dd> <code><a href="../../java/sql/SQLFeatureNotSupportedException.html" title="class in java.sql">SQLFeatureNotSupportedException</a></code> - if the JDBC driver does not support this method           </dd> <dt> <span class="simpleTagLabel">Since:</span>   </dt><dd>1.2</dd> <dt> <span class="seeLabel">See Also: </span>   </dt><dd> <a href="../../java/sql/Clob.html#setAsciiStream-long-"><code>setAsciiStream(long)</code></a> </dd>    </dl></li></ul> <a end_ctx_id="method:getAsciiStream()"/>  </td></tr></table></td></tr></table><table border="0" cellpadding="1" cellspacing="0" width="100%"><tr><td><h3 class="ctxid">method:position(java.lang.String, long) [NONE]</h3></td></tr><tr><td><table border="0" cellpadding="5" cellspacing="1" bgcolor="black" width="100%"><tr valign="top"><td bgcolor="#FFFFFF" colspan="1"> <a start_ctx_id="method:position(java.lang.String, long)"/><a name="position-java.lang.String-long-"/><ul class="blockList"><li class="blockList"><h4>position</h4><pre>
                                            long position(java.lang.String searchstr,
              long start)
       throws <a href="../../java/sql/SQLException.html" title="class in java.sql">SQLException</a>
                                        </pre><div class="block"> Retrieves the character position at which the specified substring <code>searchstr</code> appears in the SQL <code>CLOB</code> value represented by this <code>Clob</code> object. The search begins at position <code>start</code>.                           </div><dl> <dt> <span class="paramLabel">Parameters:</span>   </dt><dd> <code>searchstr</code> - the substring for which to search        </dd><dd> <code>start</code> - the position at which to begin searching; the first position is 1              </dd> <dt> <span class="returnLabel">Returns:</span>   </dt><dd>the position at which the substring appears or -1 if it is not present; the first position is 1                  </dd> <dt> <span class="throwsLabel">Throws:</span>   </dt><dd> <code><a href="../../java/sql/SQLException.html" title="class in java.sql">SQLException</a></code> - if there is an error accessing the <code>CLOB</code> value or if pos is less than 1                  </dd><dd> <code><a href="../../java/sql/SQLFeatureNotSupportedException.html" title="class in java.sql">SQLFeatureNotSupportedException</a></code> - if the JDBC driver does not support this method           </dd> <dt> <span class="simpleTagLabel">Since:</span>   </dt><dd>1.2</dd>    </dl></li></ul> <a end_ctx_id="method:position(java.lang.String, long)"/>  </td></tr></table></td></tr></table><table border="0" cellpadding="1" cellspacing="0" width="100%"><tr><td><h3 class="ctxid">method:position(java.sql.Clob, long) [NONE]</h3></td></tr><tr><td><table border="0" cellpadding="5" cellspacing="1" bgcolor="black" width="100%"><tr valign="top"><td bgcolor="#FFFFFF" colspan="1"> <a start_ctx_id="method:position(java.sql.Clob, long)"/><a name="position-java.sql.Clob-long-"/><ul class="blockList"><li class="blockList"><h4>position</h4><pre>
                                            long position(<a href="../../java/sql/Clob.html" title="interface in java.sql">Clob</a> searchstr,
              long start)
       throws <a href="../../java/sql/SQLException.html" title="class in java.sql">SQLException</a>
                                        </pre><div class="block"> Retrieves the character position at which the specified <code>Clob</code> object <code>searchstr</code> appears in this <code>Clob</code> object. The search begins at position <code>start</code>.                      </div><dl> <dt> <span class="paramLabel">Parameters:</span>   </dt><dd> <code>searchstr</code> - the <code>Clob</code> object for which to search         </dd><dd> <code>start</code> - the position at which to begin searching; the first position is 1              </dd> <dt> <span class="returnLabel">Returns:</span>   </dt><dd> the position at which the <code>Clob</code> object appears or -1 if it is not present; the first position is 1                    </dd> <dt> <span class="throwsLabel">Throws:</span>   </dt><dd> <code><a href="../../java/sql/SQLException.html" title="class in java.sql">SQLException</a></code> - if there is an error accessing the <code>CLOB</code> value or if start is less than 1                  </dd><dd> <code><a href="../../java/sql/SQLFeatureNotSupportedException.html" title="class in java.sql">SQLFeatureNotSupportedException</a></code> - if the JDBC driver does not support this method           </dd> <dt> <span class="simpleTagLabel">Since:</span>   </dt><dd>1.2</dd>    </dl></li></ul> <a end_ctx_id="method:position(java.sql.Clob, long)"/>  </td></tr></table></td></tr></table><table border="0" cellpadding="1" cellspacing="0" width="100%"><tr><td><h3 class="ctxid">method:setString(long, java.lang.String) [CHANGED]</h3></td></tr><tr><td><table border="0" cellpadding="5" cellspacing="1" bgcolor="black" width="100%"><tr valign="top"><td bgcolor="#EEEEEE" colspan="2"> <a start_ctx_id="method:setString(long, java.lang.String)"/><a name="setString-long-java.lang.String-"/><ul class="blockList"><li class="blockList"><h4>setString</h4><pre>
                                            int setString(long pos,
              java.lang.String str)
       throws <a href="../../java/sql/SQLException.html" title="class in java.sql">SQLException</a>
                                        </pre><div class="block"> Writes the given Java <code>String</code> to the <code>CLOB</code> value that this <code>Clob</code> object designates at the position <code>pos</code>. The string will overwrite the existing characters in the <code>Clob</code> object starting at the position <code>pos</code>. If the end of the <code>Clob</code> value is reached while writing the given string, then the length of the <code>Clob</code> value will be increased to accommodate the extra characters.<p> <b>Note:</b> If the value specified for <code>pos</code> is greater <span class="diff-html-removed">then</span><span class="diff-html-added">than</span> the length+1 of the <code>CLOB</code> value then the behavior is undefined. Some JDBC drivers may throw <span class="diff-html-removed">a</span><span class="diff-html-added">an</span> <code>SQLException</code> while other drivers may support this operation.                                   </p>                                                               </div><dl> <dt> <span class="paramLabel">Parameters:</span>   </dt><dd> <code>pos</code> - the position at which to start writing to the <code>CLOB</code> value that this <code>Clob</code> object represents; <span class="diff-html-removed">The</span><span class="diff-html-added">the</span> first position is 1<span class="diff-html-added">.</span>                       </dd><dd> <code>str</code> - the string to be written to the <code>CLOB</code> value that this <code>Clob</code> designates               </dd> <dt> <span class="returnLabel">Returns:</span>   </dt><dd>the number of characters written    </dd> <dt> <span class="throwsLabel">Throws:</span>   </dt><dd> <code><a href="../../java/sql/SQLException.html" title="class in java.sql">SQLException</a></code> - if there is an error accessing the <code>CLOB</code> value or if pos is less than 1                  </dd><dd> <code><a href="../../java/sql/SQLFeatureNotSupportedException.html" title="class in java.sql">SQLFeatureNotSupportedException</a></code> - if the JDBC driver does not support this method           </dd> <dt> <span class="simpleTagLabel">Since:</span>   </dt><dd>1.4</dd>    </dl></li></ul> <a end_ctx_id="method:setString(long, java.lang.String)"/>  </td></tr><tr valign="top"><td bgcolor="#CCCCCC" colspan="1"> <a start_ctx_id="method:setString(long, java.lang.String)"/><a name="setString-long-java.lang.String-"/><ul class="blockList"><li class="blockList"><h4>setString</h4><pre>
                                            int setString(long pos,
              java.lang.String str)
       throws <a href="../../java/sql/SQLException.html" title="class in java.sql">SQLException</a>
                                        </pre><div class="block"> Writes the given Java <code>String</code> to the <code>CLOB</code> value that this <code>Clob</code> object designates at the position <code>pos</code>. The string will overwrite the existing characters in the <code>Clob</code> object starting at the position <code>pos</code>. If the end of the <code>Clob</code> value is reached while writing the given string, then the length of the <code>Clob</code> value will be increased to accommodate the extra characters.<p> <b>Note:</b> If the value specified for <code>pos</code> is greater then the length+1 of the <code>CLOB</code> value then the behavior is undefined. Some JDBC drivers may throw a <code>SQLException</code> while other drivers may support this operation.                                   </p>                                                               </div><dl> <dt> <span class="paramLabel">Parameters:</span>   </dt><dd> <code>pos</code> - the position at which to start writing to the <code>CLOB</code> value that this <code>Clob</code> object represents; The first position is 1                       </dd><dd> <code>str</code> - the string to be written to the <code>CLOB</code> value that this <code>Clob</code> designates               </dd> <dt> <span class="returnLabel">Returns:</span>   </dt><dd>the number of characters written    </dd> <dt> <span class="throwsLabel">Throws:</span>   </dt><dd> <code><a href="../../java/sql/SQLException.html" title="class in java.sql">SQLException</a></code> - if there is an error accessing the <code>CLOB</code> value or if pos is less than 1                  </dd><dd> <code><a href="../../java/sql/SQLFeatureNotSupportedException.html" title="class in java.sql">SQLFeatureNotSupportedException</a></code> - if the JDBC driver does not support this method           </dd> <dt> <span class="simpleTagLabel">Since:</span>   </dt><dd>1.4</dd>    </dl></li></ul> <a end_ctx_id="method:setString(long, java.lang.String)"/>  </td><td bgcolor="#FFFFFF" colspan="1"> <a start_ctx_id="method:setString(long, java.lang.String)"/><a name="setString-long-java.lang.String-"/><ul class="blockList"><li class="blockList"><h4>setString</h4><pre>
                                            int setString(long pos,
              java.lang.String str)
       throws <a href="../../java/sql/SQLException.html" title="class in java.sql">SQLException</a>
                                        </pre><div class="block"> Writes the given Java <code>String</code> to the <code>CLOB</code> value that this <code>Clob</code> object designates at the position <code>pos</code>. The string will overwrite the existing characters in the <code>Clob</code> object starting at the position <code>pos</code>. If the end of the <code>Clob</code> value is reached while writing the given string, then the length of the <code>Clob</code> value will be increased to accommodate the extra characters.<p> <b>Note:</b> If the value specified for <code>pos</code> is greater than the length+1 of the <code>CLOB</code> value then the behavior is undefined. Some JDBC drivers may throw an <code>SQLException</code> while other drivers may support this operation.                                   </p>                                                               </div><dl> <dt> <span class="paramLabel">Parameters:</span>   </dt><dd> <code>pos</code> - the position at which to start writing to the <code>CLOB</code> value that this <code>Clob</code> object represents; the first position is 1.                       </dd><dd> <code>str</code> - the string to be written to the <code>CLOB</code> value that this <code>Clob</code> designates               </dd> <dt> <span class="returnLabel">Returns:</span>   </dt><dd>the number of characters written    </dd> <dt> <span class="throwsLabel">Throws:</span>   </dt><dd> <code><a href="../../java/sql/SQLException.html" title="class in java.sql">SQLException</a></code> - if there is an error accessing the <code>CLOB</code> value or if pos is less than 1                  </dd><dd> <code><a href="../../java/sql/SQLFeatureNotSupportedException.html" title="class in java.sql">SQLFeatureNotSupportedException</a></code> - if the JDBC driver does not support this method           </dd> <dt> <span class="simpleTagLabel">Since:</span>   </dt><dd>1.4</dd>    </dl></li></ul> <a end_ctx_id="method:setString(long, java.lang.String)"/>  </td></tr></table></td></tr></table><table border="0" cellpadding="1" cellspacing="0" width="100%"><tr><td><h3 class="ctxid">method:setString(long, java.lang.String, int, int) [CHANGED]</h3></td></tr><tr><td><table border="0" cellpadding="5" cellspacing="1" bgcolor="black" width="100%"><tr valign="top"><td bgcolor="#EEEEEE" colspan="2"> <a start_ctx_id="method:setString(long, java.lang.String, int, int)"/><a name="setString-long-java.lang.String-int-int-"/><ul class="blockList"><li class="blockList"><h4>setString</h4><pre>
                                            int setString(long pos,
              java.lang.String str,
              int offset,
              int len)
       throws <a href="../../java/sql/SQLException.html" title="class in java.sql">SQLException</a>
                                        </pre><div class="block"> Writes <code>len</code> characters of <code>str</code>, starting at character <code>offset</code>, to the <code>CLOB</code> value that this <code>Clob</code> represents. The string will overwrite the existing characters in the <code>Clob</code> object starting at the position <code>pos</code>. If the end of the <code>Clob</code> value is reached while writing the given string, then the length of the <code>Clob</code> value will be increased to accommodate the extra characters.<p> <b>Note:</b> If the value specified for <code>pos</code> is greater <span class="diff-html-removed">then</span><span class="diff-html-added">than</span> the length+1 of the <code>CLOB</code> value then the behavior is undefined. Some JDBC drivers may throw <span class="diff-html-removed">a</span><span class="diff-html-added">an</span> <code>SQLException</code> while other drivers may support this operation.                                   </p>                                                              </div><dl> <dt> <span class="paramLabel">Parameters:</span>   </dt><dd> <code>pos</code> - the position at which to start writing to this <code>CLOB</code> object; The first position is 1                  </dd><dd> <code>str</code> - the string to be written to the <code>CLOB</code> value that this <code>Clob</code> object represents                </dd><dd> <code>offset</code> - the offset into <code>str</code> to start reading the characters to be written              </dd><dd> <code>len</code> - the number of characters to be written         </dd> <dt> <span class="returnLabel">Returns:</span>   </dt><dd>the number of characters written    </dd> <dt> <span class="throwsLabel">Throws:</span>   </dt><dd> <code><a href="../../java/sql/SQLException.html" title="class in java.sql">SQLException</a></code> - if there is an error accessing the <code>CLOB</code> value or if pos is less than 1                  </dd><dd> <code><a href="../../java/sql/SQLFeatureNotSupportedException.html" title="class in java.sql">SQLFeatureNotSupportedException</a></code> - if the JDBC driver does not support this method           </dd> <dt> <span class="simpleTagLabel">Since:</span>   </dt><dd>1.4</dd>    </dl></li></ul> <a end_ctx_id="method:setString(long, java.lang.String, int, int)"/>  </td></tr><tr valign="top"><td bgcolor="#CCCCCC" colspan="1"> <a start_ctx_id="method:setString(long, java.lang.String, int, int)"/><a name="setString-long-java.lang.String-int-int-"/><ul class="blockList"><li class="blockList"><h4>setString</h4><pre>
                                            int setString(long pos,
              java.lang.String str,
              int offset,
              int len)
       throws <a href="../../java/sql/SQLException.html" title="class in java.sql">SQLException</a>
                                        </pre><div class="block"> Writes <code>len</code> characters of <code>str</code>, starting at character <code>offset</code>, to the <code>CLOB</code> value that this <code>Clob</code> represents. The string will overwrite the existing characters in the <code>Clob</code> object starting at the position <code>pos</code>. If the end of the <code>Clob</code> value is reached while writing the given string, then the length of the <code>Clob</code> value will be increased to accommodate the extra characters.<p> <b>Note:</b> If the value specified for <code>pos</code> is greater then the length+1 of the <code>CLOB</code> value then the behavior is undefined. Some JDBC drivers may throw a <code>SQLException</code> while other drivers may support this operation.                                   </p>                                                              </div><dl> <dt> <span class="paramLabel">Parameters:</span>   </dt><dd> <code>pos</code> - the position at which to start writing to this <code>CLOB</code> object; The first position is 1                  </dd><dd> <code>str</code> - the string to be written to the <code>CLOB</code> value that this <code>Clob</code> object represents                </dd><dd> <code>offset</code> - the offset into <code>str</code> to start reading the characters to be written              </dd><dd> <code>len</code> - the number of characters to be written         </dd> <dt> <span class="returnLabel">Returns:</span>   </dt><dd>the number of characters written    </dd> <dt> <span class="throwsLabel">Throws:</span>   </dt><dd> <code><a href="../../java/sql/SQLException.html" title="class in java.sql">SQLException</a></code> - if there is an error accessing the <code>CLOB</code> value or if pos is less than 1                  </dd><dd> <code><a href="../../java/sql/SQLFeatureNotSupportedException.html" title="class in java.sql">SQLFeatureNotSupportedException</a></code> - if the JDBC driver does not support this method           </dd> <dt> <span class="simpleTagLabel">Since:</span>   </dt><dd>1.4</dd>    </dl></li></ul> <a end_ctx_id="method:setString(long, java.lang.String, int, int)"/>  </td><td bgcolor="#FFFFFF" colspan="1"> <a start_ctx_id="method:setString(long, java.lang.String, int, int)"/><a name="setString-long-java.lang.String-int-int-"/><ul class="blockList"><li class="blockList"><h4>setString</h4><pre>
                                            int setString(long pos,
              java.lang.String str,
              int offset,
              int len)
       throws <a href="../../java/sql/SQLException.html" title="class in java.sql">SQLException</a>
                                        </pre><div class="block"> Writes <code>len</code> characters of <code>str</code>, starting at character <code>offset</code>, to the <code>CLOB</code> value that this <code>Clob</code> represents. The string will overwrite the existing characters in the <code>Clob</code> object starting at the position <code>pos</code>. If the end of the <code>Clob</code> value is reached while writing the given string, then the length of the <code>Clob</code> value will be increased to accommodate the extra characters.<p> <b>Note:</b> If the value specified for <code>pos</code> is greater than the length+1 of the <code>CLOB</code> value then the behavior is undefined. Some JDBC drivers may throw an <code>SQLException</code> while other drivers may support this operation.                                   </p>                                                              </div><dl> <dt> <span class="paramLabel">Parameters:</span>   </dt><dd> <code>pos</code> - the position at which to start writing to this <code>CLOB</code> object; The first position is 1                  </dd><dd> <code>str</code> - the string to be written to the <code>CLOB</code> value that this <code>Clob</code> object represents                </dd><dd> <code>offset</code> - the offset into <code>str</code> to start reading the characters to be written              </dd><dd> <code>len</code> - the number of characters to be written         </dd> <dt> <span class="returnLabel">Returns:</span>   </dt><dd>the number of characters written    </dd> <dt> <span class="throwsLabel">Throws:</span>   </dt><dd> <code><a href="../../java/sql/SQLException.html" title="class in java.sql">SQLException</a></code> - if there is an error accessing the <code>CLOB</code> value or if pos is less than 1                  </dd><dd> <code><a href="../../java/sql/SQLFeatureNotSupportedException.html" title="class in java.sql">SQLFeatureNotSupportedException</a></code> - if the JDBC driver does not support this method           </dd> <dt> <span class="simpleTagLabel">Since:</span>   </dt><dd>1.4</dd>    </dl></li></ul> <a end_ctx_id="method:setString(long, java.lang.String, int, int)"/>  </td></tr></table></td></tr></table><table border="0" cellpadding="1" cellspacing="0" width="100%"><tr><td><h3 class="ctxid">method:setAsciiStream(long) [CHANGED]</h3></td></tr><tr><td><table border="0" cellpadding="5" cellspacing="1" bgcolor="black" width="100%"><tr valign="top"><td bgcolor="#EEEEEE" colspan="2"> <a start_ctx_id="method:setAsciiStream(long)"/><a name="setAsciiStream-long-"/><ul class="blockList"><li class="blockList"><h4>setAsciiStream</h4><pre>
                                            java.io.OutputStream setAsciiStream(long pos)
                             throws <a href="../../java/sql/SQLException.html" title="class in java.sql">SQLException</a>
                                        </pre><div class="block"> Retrieves a stream to be used to write Ascii characters to the <code>CLOB</code> value that this <code>Clob</code> object represents, starting at position <code>pos</code>. Characters written to the stream will overwrite the existing characters in the <code>Clob</code> object starting at the position <code>pos</code>. If the end of the <code>Clob</code> value is reached while writing characters to the stream, then the length of the <code>Clob</code> value will be increased to accommodate the extra characters.<p> <b>Note:</b> If the value specified for <code>pos</code> is greater <span class="diff-html-removed">then</span><span class="diff-html-added">than</span> the length+1 of the <code>CLOB</code> value then the behavior is undefined. Some JDBC drivers may throw <span class="diff-html-removed">a</span><span class="diff-html-added">an</span> <code>SQLException</code> while other drivers may support this operation.                                   </p>                                                                        </div><dl> <dt> <span class="paramLabel">Parameters:</span>   </dt><dd> <code>pos</code> - the position at which to start writing to this <code>CLOB</code> object; The first position is 1                  </dd> <dt> <span class="returnLabel">Returns:</span>   </dt><dd>the stream to which ASCII encoded characters can be written         </dd> <dt> <span class="throwsLabel">Throws:</span>   </dt><dd> <code><a href="../../java/sql/SQLException.html" title="class in java.sql">SQLException</a></code> - if there is an error accessing the <code>CLOB</code> value or if pos is less than 1                  </dd><dd> <code><a href="../../java/sql/SQLFeatureNotSupportedException.html" title="class in java.sql">SQLFeatureNotSupportedException</a></code> - if the JDBC driver does not support this method           </dd> <dt> <span class="simpleTagLabel">Since:</span>   </dt><dd>1.4</dd> <dt> <span class="seeLabel">See Also: </span>   </dt><dd> <a href="../../java/sql/Clob.html#getAsciiStream--"><code>getAsciiStream()</code></a> </dd>     </dl></li></ul> <a end_ctx_id="method:setAsciiStream(long)"/>  </td></tr><tr valign="top"><td bgcolor="#CCCCCC" colspan="1"> <a start_ctx_id="method:setAsciiStream(long)"/><a name="setAsciiStream-long-"/><ul class="blockList"><li class="blockList"><h4>setAsciiStream</h4><pre>
                                            java.io.OutputStream setAsciiStream(long pos)
                             throws <a href="../../java/sql/SQLException.html" title="class in java.sql">SQLException</a>
                                        </pre><div class="block"> Retrieves a stream to be used to write Ascii characters to the <code>CLOB</code> value that this <code>Clob</code> object represents, starting at position <code>pos</code>. Characters written to the stream will overwrite the existing characters in the <code>Clob</code> object starting at the position <code>pos</code>. If the end of the <code>Clob</code> value is reached while writing characters to the stream, then the length of the <code>Clob</code> value will be increased to accommodate the extra characters.<p> <b>Note:</b> If the value specified for <code>pos</code> is greater then the length+1 of the <code>CLOB</code> value then the behavior is undefined. Some JDBC drivers may throw a <code>SQLException</code> while other drivers may support this operation.                                   </p>                                                                        </div><dl> <dt> <span class="paramLabel">Parameters:</span>   </dt><dd> <code>pos</code> - the position at which to start writing to this <code>CLOB</code> object; The first position is 1                  </dd> <dt> <span class="returnLabel">Returns:</span>   </dt><dd>the stream to which ASCII encoded characters can be written         </dd> <dt> <span class="throwsLabel">Throws:</span>   </dt><dd> <code><a href="../../java/sql/SQLException.html" title="class in java.sql">SQLException</a></code> - if there is an error accessing the <code>CLOB</code> value or if pos is less than 1                  </dd><dd> <code><a href="../../java/sql/SQLFeatureNotSupportedException.html" title="class in java.sql">SQLFeatureNotSupportedException</a></code> - if the JDBC driver does not support this method           </dd> <dt> <span class="simpleTagLabel">Since:</span>   </dt><dd>1.4</dd> <dt> <span class="seeLabel">See Also: </span>   </dt><dd> <a href="../../java/sql/Clob.html#getAsciiStream--"><code>getAsciiStream()</code></a> </dd>     </dl></li></ul> <a end_ctx_id="method:setAsciiStream(long)"/>  </td><td bgcolor="#FFFFFF" colspan="1"> <a start_ctx_id="method:setAsciiStream(long)"/><a name="setAsciiStream-long-"/><ul class="blockList"><li class="blockList"><h4>setAsciiStream</h4><pre>
                                            java.io.OutputStream setAsciiStream(long pos)
                             throws <a href="../../java/sql/SQLException.html" title="class in java.sql">SQLException</a>
                                        </pre><div class="block"> Retrieves a stream to be used to write Ascii characters to the <code>CLOB</code> value that this <code>Clob</code> object represents, starting at position <code>pos</code>. Characters written to the stream will overwrite the existing characters in the <code>Clob</code> object starting at the position <code>pos</code>. If the end of the <code>Clob</code> value is reached while writing characters to the stream, then the length of the <code>Clob</code> value will be increased to accommodate the extra characters.<p> <b>Note:</b> If the value specified for <code>pos</code> is greater than the length+1 of the <code>CLOB</code> value then the behavior is undefined. Some JDBC drivers may throw an <code>SQLException</code> while other drivers may support this operation.                                   </p>                                                                        </div><dl> <dt> <span class="paramLabel">Parameters:</span>   </dt><dd> <code>pos</code> - the position at which to start writing to this <code>CLOB</code> object; The first position is 1                  </dd> <dt> <span class="returnLabel">Returns:</span>   </dt><dd>the stream to which ASCII encoded characters can be written         </dd> <dt> <span class="throwsLabel">Throws:</span>   </dt><dd> <code><a href="../../java/sql/SQLException.html" title="class in java.sql">SQLException</a></code> - if there is an error accessing the <code>CLOB</code> value or if pos is less than 1                  </dd><dd> <code><a href="../../java/sql/SQLFeatureNotSupportedException.html" title="class in java.sql">SQLFeatureNotSupportedException</a></code> - if the JDBC driver does not support this method           </dd> <dt> <span class="simpleTagLabel">Since:</span>   </dt><dd>1.4</dd> <dt> <span class="seeLabel">See Also: </span>   </dt><dd> <a href="../../java/sql/Clob.html#getAsciiStream--"><code>getAsciiStream()</code></a> </dd>     </dl></li></ul> <a end_ctx_id="method:setAsciiStream(long)"/>  </td></tr></table></td></tr></table><table border="0" cellpadding="1" cellspacing="0" width="100%"><tr><td><h3 class="ctxid">method:setCharacterStream(long) [CHANGED]</h3></td></tr><tr><td><table border="0" cellpadding="5" cellspacing="1" bgcolor="black" width="100%"><tr valign="top"><td bgcolor="#EEEEEE" colspan="2"> <a start_ctx_id="method:setCharacterStream(long)"/><a name="setCharacterStream-long-"/><ul class="blockList"><li class="blockList"><h4>setCharacterStream</h4><pre>
                                            java.io.Writer setCharacterStream(long pos)
                           throws <a href="../../java/sql/SQLException.html" title="class in java.sql">SQLException</a>
                                        </pre><div class="block"> Retrieves a stream to be used to write a stream of Unicode characters to the <code>CLOB</code> value that this <code>Clob</code> object represents, at position <code>pos</code>. Characters written to the stream will overwrite the existing characters in the <code>Clob</code> object starting at the position <code>pos</code>. If the end of the <code>Clob</code> value is reached while writing characters to the stream, then the length of the <code>Clob</code> value will be increased to accommodate the extra characters.<p> <b>Note:</b> If the value specified for <code>pos</code> is greater <span class="diff-html-removed">then</span><span class="diff-html-added">than</span> the length+1 of the <code>CLOB</code> value then the behavior is undefined. Some JDBC drivers may throw <span class="diff-html-removed">a</span><span class="diff-html-added">an</span> <code>SQLException</code> while other drivers may support this operation.                                   </p>                                                                          </div><dl> <dt> <span class="paramLabel">Parameters:</span>   </dt><dd> <code>pos</code> - the position at which to start writing to the <code>CLOB</code> value; The first position is 1                  </dd> <dt> <span class="returnLabel">Returns:</span>   </dt><dd>a stream to which Unicode encoded characters can be written         </dd> <dt> <span class="throwsLabel">Throws:</span>   </dt><dd> <code><a href="../../java/sql/SQLException.html" title="class in java.sql">SQLException</a></code> - if there is an error accessing the <code>CLOB</code> value or if pos is less than 1                  </dd><dd> <code><a href="../../java/sql/SQLFeatureNotSupportedException.html" title="class in java.sql">SQLFeatureNotSupportedException</a></code> - if the JDBC driver does not support this method           </dd> <dt> <span class="simpleTagLabel">Since:</span>   </dt><dd>1.4</dd> <dt> <span class="seeLabel">See Also: </span>   </dt><dd> <a href="../../java/sql/Clob.html#getCharacterStream--"><code>getCharacterStream()</code></a> </dd>     </dl></li></ul> <a end_ctx_id="method:setCharacterStream(long)"/>  </td></tr><tr valign="top"><td bgcolor="#CCCCCC" colspan="1"> <a start_ctx_id="method:setCharacterStream(long)"/><a name="setCharacterStream-long-"/><ul class="blockList"><li class="blockList"><h4>setCharacterStream</h4><pre>
                                            java.io.Writer setCharacterStream(long pos)
                           throws <a href="../../java/sql/SQLException.html" title="class in java.sql">SQLException</a>
                                        </pre><div class="block"> Retrieves a stream to be used to write a stream of Unicode characters to the <code>CLOB</code> value that this <code>Clob</code> object represents, at position <code>pos</code>. Characters written to the stream will overwrite the existing characters in the <code>Clob</code> object starting at the position <code>pos</code>. If the end of the <code>Clob</code> value is reached while writing characters to the stream, then the length of the <code>Clob</code> value will be increased to accommodate the extra characters.<p> <b>Note:</b> If the value specified for <code>pos</code> is greater then the length+1 of the <code>CLOB</code> value then the behavior is undefined. Some JDBC drivers may throw a <code>SQLException</code> while other drivers may support this operation.                                   </p>                                                                          </div><dl> <dt> <span class="paramLabel">Parameters:</span>   </dt><dd> <code>pos</code> - the position at which to start writing to the <code>CLOB</code> value; The first position is 1                  </dd> <dt> <span class="returnLabel">Returns:</span>   </dt><dd>a stream to which Unicode encoded characters can be written         </dd> <dt> <span class="throwsLabel">Throws:</span>   </dt><dd> <code><a href="../../java/sql/SQLException.html" title="class in java.sql">SQLException</a></code> - if there is an error accessing the <code>CLOB</code> value or if pos is less than 1                  </dd><dd> <code><a href="../../java/sql/SQLFeatureNotSupportedException.html" title="class in java.sql">SQLFeatureNotSupportedException</a></code> - if the JDBC driver does not support this method           </dd> <dt> <span class="simpleTagLabel">Since:</span>   </dt><dd>1.4</dd> <dt> <span class="seeLabel">See Also: </span>   </dt><dd> <a href="../../java/sql/Clob.html#getCharacterStream--"><code>getCharacterStream()</code></a> </dd>     </dl></li></ul> <a end_ctx_id="method:setCharacterStream(long)"/>  </td><td bgcolor="#FFFFFF" colspan="1"> <a start_ctx_id="method:setCharacterStream(long)"/><a name="setCharacterStream-long-"/><ul class="blockList"><li class="blockList"><h4>setCharacterStream</h4><pre>
                                            java.io.Writer setCharacterStream(long pos)
                           throws <a href="../../java/sql/SQLException.html" title="class in java.sql">SQLException</a>
                                        </pre><div class="block"> Retrieves a stream to be used to write a stream of Unicode characters to the <code>CLOB</code> value that this <code>Clob</code> object represents, at position <code>pos</code>. Characters written to the stream will overwrite the existing characters in the <code>Clob</code> object starting at the position <code>pos</code>. If the end of the <code>Clob</code> value is reached while writing characters to the stream, then the length of the <code>Clob</code> value will be increased to accommodate the extra characters.<p> <b>Note:</b> If the value specified for <code>pos</code> is greater than the length+1 of the <code>CLOB</code> value then the behavior is undefined. Some JDBC drivers may throw an <code>SQLException</code> while other drivers may support this operation.                                   </p>                                                                          </div><dl> <dt> <span class="paramLabel">Parameters:</span>   </dt><dd> <code>pos</code> - the position at which to start writing to the <code>CLOB</code> value; The first position is 1                  </dd> <dt> <span class="returnLabel">Returns:</span>   </dt><dd>a stream to which Unicode encoded characters can be written         </dd> <dt> <span class="throwsLabel">Throws:</span>   </dt><dd> <code><a href="../../java/sql/SQLException.html" title="class in java.sql">SQLException</a></code> - if there is an error accessing the <code>CLOB</code> value or if pos is less than 1                  </dd><dd> <code><a href="../../java/sql/SQLFeatureNotSupportedException.html" title="class in java.sql">SQLFeatureNotSupportedException</a></code> - if the JDBC driver does not support this method           </dd> <dt> <span class="simpleTagLabel">Since:</span>   </dt><dd>1.4</dd> <dt> <span class="seeLabel">See Also: </span>   </dt><dd> <a href="../../java/sql/Clob.html#getCharacterStream--"><code>getCharacterStream()</code></a> </dd>     </dl></li></ul> <a end_ctx_id="method:setCharacterStream(long)"/>  </td></tr></table></td></tr></table><table border="0" cellpadding="1" cellspacing="0" width="100%"><tr><td><h3 class="ctxid">method:truncate(long) [CHANGED]</h3></td></tr><tr><td><table border="0" cellpadding="5" cellspacing="1" bgcolor="black" width="100%"><tr valign="top"><td bgcolor="#EEEEEE" colspan="2"> <a start_ctx_id="method:truncate(long)"/><a name="truncate-long-"/><ul class="blockList"><li class="blockList"><h4>truncate</h4><pre>
                                            void truncate(long len)
       throws <a href="../../java/sql/SQLException.html" title="class in java.sql">SQLException</a>
                                        </pre><div class="block"> Truncates the <code>CLOB</code> value that this <code>Clob</code> designates to have a length of <code>len</code> characters.<p> <b>Note:</b> If the value specified for <code>pos</code> is greater <span class="diff-html-removed">then</span><span class="diff-html-added">than</span> the length+1 of the <code>CLOB</code> value then the behavior is undefined. Some JDBC drivers may throw <span class="diff-html-removed">a</span><span class="diff-html-added">an</span> <code>SQLException</code> while other drivers may support this operation.                                   </p>               </div><dl> <dt> <span class="paramLabel">Parameters:</span>   </dt><dd> <code>len</code> - the length, in characters, to which the <code>CLOB</code> value should be truncated              </dd> <dt> <span class="throwsLabel">Throws:</span>   </dt><dd> <code><a href="../../java/sql/SQLException.html" title="class in java.sql">SQLException</a></code> - if there is an error accessing the <code>CLOB</code> value or if len is less than 0                  </dd><dd> <code><a href="../../java/sql/SQLFeatureNotSupportedException.html" title="class in java.sql">SQLFeatureNotSupportedException</a></code> - if the JDBC driver does not support this method           </dd> <dt> <span class="simpleTagLabel">Since:</span>   </dt><dd>1.4</dd>   </dl></li></ul> <a end_ctx_id="method:truncate(long)"/>  </td></tr><tr valign="top"><td bgcolor="#CCCCCC" colspan="1"> <a start_ctx_id="method:truncate(long)"/><a name="truncate-long-"/><ul class="blockList"><li class="blockList"><h4>truncate</h4><pre>
                                            void truncate(long len)
       throws <a href="../../java/sql/SQLException.html" title="class in java.sql">SQLException</a>
                                        </pre><div class="block"> Truncates the <code>CLOB</code> value that this <code>Clob</code> designates to have a length of <code>len</code> characters.<p> <b>Note:</b> If the value specified for <code>pos</code> is greater then the length+1 of the <code>CLOB</code> value then the behavior is undefined. Some JDBC drivers may throw a <code>SQLException</code> while other drivers may support this operation.                                   </p>               </div><dl> <dt> <span class="paramLabel">Parameters:</span>   </dt><dd> <code>len</code> - the length, in characters, to which the <code>CLOB</code> value should be truncated              </dd> <dt> <span class="throwsLabel">Throws:</span>   </dt><dd> <code><a href="../../java/sql/SQLException.html" title="class in java.sql">SQLException</a></code> - if there is an error accessing the <code>CLOB</code> value or if len is less than 0                  </dd><dd> <code><a href="../../java/sql/SQLFeatureNotSupportedException.html" title="class in java.sql">SQLFeatureNotSupportedException</a></code> - if the JDBC driver does not support this method           </dd> <dt> <span class="simpleTagLabel">Since:</span>   </dt><dd>1.4</dd>   </dl></li></ul> <a end_ctx_id="method:truncate(long)"/>  </td><td bgcolor="#FFFFFF" colspan="1"> <a start_ctx_id="method:truncate(long)"/><a name="truncate-long-"/><ul class="blockList"><li class="blockList"><h4>truncate</h4><pre>
                                            void truncate(long len)
       throws <a href="../../java/sql/SQLException.html" title="class in java.sql">SQLException</a>
                                        </pre><div class="block"> Truncates the <code>CLOB</code> value that this <code>Clob</code> designates to have a length of <code>len</code> characters.<p> <b>Note:</b> If the value specified for <code>pos</code> is greater than the length+1 of the <code>CLOB</code> value then the behavior is undefined. Some JDBC drivers may throw an <code>SQLException</code> while other drivers may support this operation.                                   </p>               </div><dl> <dt> <span class="paramLabel">Parameters:</span>   </dt><dd> <code>len</code> - the length, in characters, to which the <code>CLOB</code> value should be truncated              </dd> <dt> <span class="throwsLabel">Throws:</span>   </dt><dd> <code><a href="../../java/sql/SQLException.html" title="class in java.sql">SQLException</a></code> - if there is an error accessing the <code>CLOB</code> value or if len is less than 0                  </dd><dd> <code><a href="../../java/sql/SQLFeatureNotSupportedException.html" title="class in java.sql">SQLFeatureNotSupportedException</a></code> - if the JDBC driver does not support this method           </dd> <dt> <span class="simpleTagLabel">Since:</span>   </dt><dd>1.4</dd>   </dl></li></ul> <a end_ctx_id="method:truncate(long)"/>  </td></tr></table></td></tr></table><table border="0" cellpadding="1" cellspacing="0" width="100%"><tr><td><h3 class="ctxid">method:free() [CHANGED]</h3></td></tr><tr><td><table border="0" cellpadding="5" cellspacing="1" bgcolor="black" width="100%"><tr valign="top"><td bgcolor="#EEEEEE" colspan="2"> <a start_ctx_id="method:free()"/><a name="free--"/><ul class="blockList"><li class="blockList"><h4>free</h4><pre>
                                            void free()
   throws <a href="../../java/sql/SQLException.html" title="class in java.sql">SQLException</a>
                                        </pre><div class="block"> This method <span class="diff-html-removed">frees</span> <span class="diff-html-removed">the</span> <code changeType="diff-removed-tag"><span class="diff-html-removed">Clob</span></code> <span class="diff-html-removed">object</span> <span class="diff-html-removed">and</span>releases the resources <span class="diff-html-added">that</span> the <code> <span class="diff-html-removed">resources</span> <span class="diff-html-removed">that</span> <span class="diff-html-removed">it</span><span class="diff-html-added">Clob</span>   </code> <span class="diff-html-added">object</span> holds. The object is invalid once the <code>free</code> method is called.<p> After <code>free</code> has been called, any attempt to invoke a method other than <code>free</code> will result in a <code>SQLException</code> being thrown. If <code>free</code> is called multiple times, the subsequent calls to <code>free</code> are treated as a no-op.                                     </p>                        </div><dl> <dt> <span class="throwsLabel">Throws:</span>   </dt><dd> <code><a href="../../java/sql/SQLException.html" title="class in java.sql">SQLException</a></code> - if an error occurs releasing the Clob's resources          </dd><dd> <code><a href="../../java/sql/SQLFeatureNotSupportedException.html" title="class in java.sql">SQLFeatureNotSupportedException</a></code> - if the JDBC driver does not support this method           </dd> <dt> <span class="simpleTagLabel">Since:</span>   </dt><dd>1.6</dd>  </dl></li></ul> <a end_ctx_id="method:free()"/>  </td></tr><tr valign="top"><td bgcolor="#CCCCCC" colspan="1"> <a start_ctx_id="method:free()"/><a name="free--"/><ul class="blockList"><li class="blockList"><h4>free</h4><pre>
                                            void free()
   throws <a href="../../java/sql/SQLException.html" title="class in java.sql">SQLException</a>
                                        </pre><div class="block"> This method frees the <code changeType="diff-removed-tag">Clob</code> object and releases the resources the resources that it holds. The object is invalid once the <code>free</code> method is called.<p> After <code>free</code> has been called, any attempt to invoke a method other than <code>free</code> will result in a <code>SQLException</code> being thrown. If <code>free</code> is called multiple times, the subsequent calls to <code>free</code> are treated as a no-op.                                     </p><p/>                         </div><dl> <dt> <span class="throwsLabel">Throws:</span>   </dt><dd> <code><a href="../../java/sql/SQLException.html" title="class in java.sql">SQLException</a></code> - if an error occurs releasing the Clob's resources          </dd><dd> <code><a href="../../java/sql/SQLFeatureNotSupportedException.html" title="class in java.sql">SQLFeatureNotSupportedException</a></code> - if the JDBC driver does not support this method           </dd> <dt> <span class="simpleTagLabel">Since:</span>   </dt><dd>1.6</dd>  </dl></li></ul> <a end_ctx_id="method:free()"/>  </td><td bgcolor="#FFFFFF" colspan="1"> <a start_ctx_id="method:free()"/><a name="free--"/><ul class="blockList"><li class="blockList"><h4>free</h4><pre>
                                            void free()
   throws <a href="../../java/sql/SQLException.html" title="class in java.sql">SQLException</a>
                                        </pre><div class="block"> This method releases the resources that the <code>Clob</code> object holds. The object is invalid once the <code>free</code> method is called.<p> After <code>free</code> has been called, any attempt to invoke a method other than <code>free</code> will result in a <code>SQLException</code> being thrown. If <code>free</code> is called multiple times, the subsequent calls to <code>free</code> are treated as a no-op.                                     </p>                    </div><dl> <dt> <span class="throwsLabel">Throws:</span>   </dt><dd> <code><a href="../../java/sql/SQLException.html" title="class in java.sql">SQLException</a></code> - if an error occurs releasing the Clob's resources          </dd><dd> <code><a href="../../java/sql/SQLFeatureNotSupportedException.html" title="class in java.sql">SQLFeatureNotSupportedException</a></code> - if the JDBC driver does not support this method           </dd> <dt> <span class="simpleTagLabel">Since:</span>   </dt><dd>1.6</dd>  </dl></li></ul> <a end_ctx_id="method:free()"/>  </td></tr></table></td></tr></table><table border="0" cellpadding="1" cellspacing="0" width="100%"><tr><td><h3 class="ctxid">method:getCharacterStream(long, long) [CHANGED]</h3></td></tr><tr><td><table border="0" cellpadding="5" cellspacing="1" bgcolor="black" width="100%"><tr valign="top"><td bgcolor="#EEEEEE" colspan="2"> <a start_ctx_id="method:getCharacterStream(long, long)"/><a name="getCharacterStream-long-long-"/><ul class="blockListLast"><li class="blockList"><h4>getCharacterStream</h4><pre>
                                            java.io.Reader getCharacterStream(long pos,
                                  long length)
                           throws <a href="../../java/sql/SQLException.html" title="class in java.sql">SQLException</a>
                                        </pre><div class="block"> Returns a <code>Reader</code> object that contains a partial <code>Clob</code> value, starting with the character specified by pos, which is length characters in length.                       </div><dl> <dt> <span class="paramLabel">Parameters:</span>   </dt><dd> <code>pos</code> - the offset to the first character of the partial value to be retrieved. The first character in the Clob is at position 1.                         </dd><dd> <code>length</code> - the length in characters of the partial value to be retrieved.             </dd> <dt> <span class="returnLabel">Returns:</span>   </dt><dd> <code>Reader</code> through which the partial <code>Clob</code> value can be read.          </dd> <dt> <span class="throwsLabel">Throws:</span>   </dt><dd> <code><a href="../../java/sql/SQLException.html" title="class in java.sql">SQLException</a></code> - if pos is less than 1<span class="diff-html-added">;</span> or if pos is greater than the number of characters in the <code>Clob</code><span class="diff-html-added">;</span> or if pos + length is greater than the number of characters in the <code>Clob</code>                                    </dd><dd> <code><a href="../../java/sql/SQLFeatureNotSupportedException.html" title="class in java.sql">SQLFeatureNotSupportedException</a></code> - if the JDBC driver does not support this method           </dd> <dt> <span class="simpleTagLabel">Since:</span>   </dt><dd>1.6</dd>    </dl></li></ul> <a end_ctx_id="method:getCharacterStream(long, long)"/>  </td></tr><tr valign="top"><td bgcolor="#CCCCCC" colspan="1"> <a start_ctx_id="method:getCharacterStream(long, long)"/><a name="getCharacterStream-long-long-"/><ul class="blockListLast"><li class="blockList"><h4>getCharacterStream</h4><pre>
                                            java.io.Reader getCharacterStream(long pos,
                                  long length)
                           throws <a href="../../java/sql/SQLException.html" title="class in java.sql">SQLException</a>
                                        </pre><div class="block"> Returns a <code>Reader</code> object that contains a partial <code>Clob</code> value, starting with the character specified by pos, which is length characters in length.                       </div><dl> <dt> <span class="paramLabel">Parameters:</span>   </dt><dd> <code>pos</code> - the offset to the first character of the partial value to be retrieved. The first character in the Clob is at position 1.                         </dd><dd> <code>length</code> - the length in characters of the partial value to be retrieved.             </dd> <dt> <span class="returnLabel">Returns:</span>   </dt><dd> <code>Reader</code> through which the partial <code>Clob</code> value can be read.          </dd> <dt> <span class="throwsLabel">Throws:</span>   </dt><dd> <code><a href="../../java/sql/SQLException.html" title="class in java.sql">SQLException</a></code> - if pos is less than 1 or if pos is greater than the number of characters in the <code>Clob</code> or if pos + length is greater than the number of characters in the <code>Clob</code>                                    </dd><dd> <code><a href="../../java/sql/SQLFeatureNotSupportedException.html" title="class in java.sql">SQLFeatureNotSupportedException</a></code> - if the JDBC driver does not support this method           </dd> <dt> <span class="simpleTagLabel">Since:</span>   </dt><dd>1.6</dd>    </dl></li></ul> <a end_ctx_id="method:getCharacterStream(long, long)"/>  </td><td bgcolor="#FFFFFF" colspan="1"> <a start_ctx_id="method:getCharacterStream(long, long)"/><a name="getCharacterStream-long-long-"/><ul class="blockListLast"><li class="blockList"><h4>getCharacterStream</h4><pre>
                                            java.io.Reader getCharacterStream(long pos,
                                  long length)
                           throws <a href="../../java/sql/SQLException.html" title="class in java.sql">SQLException</a>
                                        </pre><div class="block"> Returns a <code>Reader</code> object that contains a partial <code>Clob</code> value, starting with the character specified by pos, which is length characters in length.                       </div><dl> <dt> <span class="paramLabel">Parameters:</span>   </dt><dd> <code>pos</code> - the offset to the first character of the partial value to be retrieved. The first character in the Clob is at position 1.                         </dd><dd> <code>length</code> - the length in characters of the partial value to be retrieved.             </dd> <dt> <span class="returnLabel">Returns:</span>   </dt><dd> <code>Reader</code> through which the partial <code>Clob</code> value can be read.          </dd> <dt> <span class="throwsLabel">Throws:</span>   </dt><dd> <code><a href="../../java/sql/SQLException.html" title="class in java.sql">SQLException</a></code> - if pos is less than 1; or if pos is greater than the number of characters in the <code>Clob</code>; or if pos + length is greater than the number of characters in the <code>Clob</code>                                    </dd><dd> <code><a href="../../java/sql/SQLFeatureNotSupportedException.html" title="class in java.sql">SQLFeatureNotSupportedException</a></code> - if the JDBC driver does not support this method           </dd> <dt> <span class="simpleTagLabel">Since:</span>   </dt><dd>1.6</dd>    </dl></li></ul> <a end_ctx_id="method:getCharacterStream(long, long)"/>  </td></tr></table></td></tr></table></diff></diffreport>