<?xml version="1.0" encoding="UTF-8" standalone="yes"?><Document><name>java/sql/ConnectionBuilder.spec</name><Context><name>class:ConnectionBuilder</name><mt>ADDED</mt></Context><Context><name>method:build()</name><mt>ADDED</mt></Context><Context><name>method:password(java.lang.String)</name><mt>ADDED</mt></Context><Context><name>method:shardingKey(java.sql.ShardingKey)</name><mt>ADDED</mt></Context><Context><name>method:superShardingKey(java.sql.ShardingKey)</name><mt>ADDED</mt></Context><Context><name>method:user(java.lang.String)</name><mt>ADDED</mt></Context><Stat><name>java/sql/ConnectionBuilder.spec</name><mt>ADDED</mt><Group name="context"><Item name="ADDED" count="6"/><Item name="REMOVED" count="0"/><Item name="CHANGED" count="0"/><Item name="MODIFIED" count="6"/><Item name="MOVED" count="0"/><Item name="MOVED_CHANGED" count="0"/><Item name="JOINT" count="0"/><Item name="SPLIT" count="0"/><Item name="TOTAL" count="6"/></Group><Group name="assertion"><Item name="ADDED" count="0"/><Item name="REMOVED" count="0"/><Item name="CHANGED" count="0"/><Item name="MODIFIED" count="0"/><Item name="MOVED" count="0"/><Item name="MOVED_CHANGED" count="0"/><Item name="JOINT" count="0"/><Item name="SPLIT" count="0"/><Item name="TOTAL" count="0"/></Group></Stat></Document>