<?xml version="1.0" encoding="UTF-8"?><diffreport><diff><table border="0" cellpadding="1" cellspacing="0" width="100%"><tr><td><h3 class="ctxid">class:DataTruncation [NONE]</h3></td></tr><tr><td><table border="0" cellpadding="5" cellspacing="1" bgcolor="black" width="100%"><tr valign="top"><td bgcolor="#FFFFFF" colspan="1"><div class="description"> <a start_ctx_id="class:DataTruncation"/><ul class="blockList"><li class="blockList"> <hr/> <br/><pre>
                            public class <span class="typeNameLabel">DataTruncation</span>
extends <a href="../../java/sql/SQLWarning.html" title="class in java.sql">SQLWarning</a>
                        </pre><div class="block"> An exception thrown as a <code>DataTruncation</code> exception (on writes) or reported as a <code>DataTruncation</code> warning (on reads) when a data values is unexpectedly truncated for reasons other than its having exceeded <code>MaxFieldSize</code>.<p> The SQLstate for a <code>DataTruncation</code> during read is <code>01004</code>.         </p><p> The SQLstate for a <code>DataTruncation</code> during write is <code>22001</code>.         </p>                                </div><dl> <dt> <span class="seeLabel">See Also: </span>   </dt><dd> <a href="../../serialized-form.html#java.sql.DataTruncation">Serialized Form </a> </dd> </dl>  </li></ul> </div> <a end_ctx_id="class:DataTruncation"/> </td></tr></table></td></tr></table><table border="0" cellpadding="1" cellspacing="0" width="100%"><tr><td><h3 class="ctxid">constructor:DataTruncation(int, boolean, boolean, int, int) [NONE]</h3></td></tr><tr><td><table border="0" cellpadding="5" cellspacing="1" bgcolor="black" width="100%"><tr valign="top"><td bgcolor="#FFFFFF" colspan="1"> <a start_ctx_id="constructor:DataTruncation(int, boolean, boolean, int, int)"/><a name="DataTruncation-int-boolean-boolean-int-int-"/><ul class="blockList"><li class="blockList"><h4>DataTruncation</h4><pre>public DataTruncation(int index,
                      boolean parameter,
                      boolean read,
                      int dataSize,
                      int transferSize)</pre><div class="block"> Creates a <code>DataTruncation</code> object with the SQLState initialized to 01004 when <code>read</code> is set to <code>true</code> and 22001 when <code>read</code> is set to <code>false</code>, the reason set to "Data truncation", the vendor code set to 0, and the other fields set to the given values. The <code>cause</code> is not initialized, and may subsequently be initialized by a call to the <code>Throwable.initCause(java.lang.Throwable)</code> method.                                                              </div><dl> <dt> <span class="paramLabel">Parameters:</span>   </dt><dd> <code>index</code> - The index of the parameter or column value          </dd><dd> <code>parameter</code> - true if a parameter value was truncated         </dd><dd> <code>read</code> - true if a read was truncated        </dd><dd> <code>dataSize</code> - the original size of the data        </dd><dd> <code>transferSize</code> - the size after truncation      </dd> </dl></li></ul> <a end_ctx_id="constructor:DataTruncation(int, boolean, boolean, int, int)"/>  </td></tr></table></td></tr></table><table border="0" cellpadding="1" cellspacing="0" width="100%"><tr><td><h3 class="ctxid">constructor:DataTruncation(int, boolean, boolean, int, int, java.lang.Throwable) [NONE]</h3></td></tr><tr><td><table border="0" cellpadding="5" cellspacing="1" bgcolor="black" width="100%"><tr valign="top"><td bgcolor="#FFFFFF" colspan="1"> <a start_ctx_id="constructor:DataTruncation(int, boolean, boolean, int, int, java.lang.Throwable)"/><a name="DataTruncation-int-boolean-boolean-int-int-java.lang.Throwable-"/><ul class="blockListLast"><li class="blockList"><h4>DataTruncation</h4><pre>public DataTruncation(int index,
                      boolean parameter,
                      boolean read,
                      int dataSize,
                      int transferSize,
                      java.lang.Throwable cause)</pre><div class="block"> Creates a <code>DataTruncation</code> object with the SQLState initialized to 01004 when <code>read</code> is set to <code>true</code> and 22001 when <code>read</code> is set to <code>false</code>, the reason set to "Data truncation", the vendor code set to 0, and the other fields set to the given values.                                             </div><dl> <dt> <span class="paramLabel">Parameters:</span>   </dt><dd> <code>index</code> - The index of the parameter or column value          </dd><dd> <code>parameter</code> - true if a parameter value was truncated         </dd><dd> <code>read</code> - true if a read was truncated        </dd><dd> <code>dataSize</code> - the original size of the data        </dd><dd> <code>transferSize</code> - the size after truncation      </dd><dd> <code>cause</code> - the underlying reason for this <code>DataTruncation</code> (which is saved for later retrieval by the <code>getCause()</code> method); may be null indicating the cause is non-existent or unknown.                            </dd> <dt> <span class="simpleTagLabel">Since:</span>   </dt><dd>1.6</dd>  </dl></li></ul> <a end_ctx_id="constructor:DataTruncation(int, boolean, boolean, int, int, java.lang.Throwable)"/>  </td></tr></table></td></tr></table><table border="0" cellpadding="1" cellspacing="0" width="100%"><tr><td><h3 class="ctxid">method:getIndex() [NONE]</h3></td></tr><tr><td><table border="0" cellpadding="5" cellspacing="1" bgcolor="black" width="100%"><tr valign="top"><td bgcolor="#FFFFFF" colspan="1"> <a start_ctx_id="method:getIndex()"/><a name="getIndex--"/><ul class="blockList"><li class="blockList"><h4>getIndex</h4><pre>public int getIndex()</pre><div class="block"> Retrieves the index of the column or parameter that was truncated.<p> This may be -1 if the column or parameter index is unknown, in which case the <code>parameter</code> and <code>read</code> fields should be ignored.                       </p>           </div><dl> <dt> <span class="returnLabel">Returns:</span>   </dt><dd>the index of the truncated parameter or column value        </dd> </dl></li></ul> <a end_ctx_id="method:getIndex()"/>  </td></tr></table></td></tr></table><table border="0" cellpadding="1" cellspacing="0" width="100%"><tr><td><h3 class="ctxid">method:getParameter() [NONE]</h3></td></tr><tr><td><table border="0" cellpadding="5" cellspacing="1" bgcolor="black" width="100%"><tr valign="top"><td bgcolor="#FFFFFF" colspan="1"> <a start_ctx_id="method:getParameter()"/><a name="getParameter--"/><ul class="blockList"><li class="blockList"><h4>getParameter</h4><pre>public boolean getParameter()</pre><div class="block">Indicates whether the value truncated was a parameter value or a column value.            </div><dl> <dt> <span class="returnLabel">Returns:</span>   </dt><dd> <code>true</code> if the value truncated was a parameter; <code>false</code> if it was a column value               </dd> </dl></li></ul> <a end_ctx_id="method:getParameter()"/>  </td></tr></table></td></tr></table><table border="0" cellpadding="1" cellspacing="0" width="100%"><tr><td><h3 class="ctxid">method:getRead() [NONE]</h3></td></tr><tr><td><table border="0" cellpadding="5" cellspacing="1" bgcolor="black" width="100%"><tr valign="top"><td bgcolor="#FFFFFF" colspan="1"> <a start_ctx_id="method:getRead()"/><a name="getRead--"/><ul class="blockList"><li class="blockList"><h4>getRead</h4><pre>public boolean getRead()</pre><div class="block">Indicates whether or not the value was truncated on a read.          </div><dl> <dt> <span class="returnLabel">Returns:</span>   </dt><dd> <code>true</code> if the value was truncated when read from the database; <code>false</code> if the data was truncated on a write                    </dd> </dl></li></ul> <a end_ctx_id="method:getRead()"/>  </td></tr></table></td></tr></table><table border="0" cellpadding="1" cellspacing="0" width="100%"><tr><td><h3 class="ctxid">method:getDataSize() [NONE]</h3></td></tr><tr><td><table border="0" cellpadding="5" cellspacing="1" bgcolor="black" width="100%"><tr valign="top"><td bgcolor="#FFFFFF" colspan="1"> <a start_ctx_id="method:getDataSize()"/><a name="getDataSize--"/><ul class="blockList"><li class="blockList"><h4>getDataSize</h4><pre>public int getDataSize()</pre><div class="block"> Gets the number of bytes of data that should have been transferred. This number may be approximate if data conversions were being performed. The value may be <code>-1</code> if the size is unknown.                                 </div><dl> <dt> <span class="returnLabel">Returns:</span>   </dt><dd>the number of bytes of data that should have been transferred          </dd> </dl></li></ul> <a end_ctx_id="method:getDataSize()"/>  </td></tr></table></td></tr></table><table border="0" cellpadding="1" cellspacing="0" width="100%"><tr><td><h3 class="ctxid">method:getTransferSize() [NONE]</h3></td></tr><tr><td><table border="0" cellpadding="5" cellspacing="1" bgcolor="black" width="100%"><tr valign="top"><td bgcolor="#FFFFFF" colspan="1"> <a start_ctx_id="method:getTransferSize()"/><a name="getTransferSize--"/><ul class="blockListLast"><li class="blockList"><h4>getTransferSize</h4><pre>public int getTransferSize()</pre><div class="block"> Gets the number of bytes of data actually transferred. The value may be <code>-1</code> if the size is unknown.                   </div><dl> <dt> <span class="returnLabel">Returns:</span>   </dt><dd>the number of bytes of data actually transferred       </dd> </dl></li></ul> <a end_ctx_id="method:getTransferSize()"/>  </td></tr></table></td></tr></table></diff></diffreport>