<?xml version="1.0" encoding="UTF-8" standalone="yes"?><Document><name>java/sql/DriverManager.spec</name><Context><name>class:DriverManager</name><mt>CHANGED</mt></Context><Context><name>method:deregisterDriver(java.sql.Driver)</name><mt>CHANGED</mt></Context><Context><name>method:drivers()</name><mt>ADDED</mt></Context><Context><name>method:getConnection(java.lang.String)</name><mt>NONE</mt></Context><Context><name>method:getConnection(java.lang.String, java.lang.String, java.lang.String)</name><mt>NONE</mt></Context><Context><name>method:getConnection(java.lang.String, java.util.Properties)</name><mt>NONE</mt></Context><Context><name>method:getDriver(java.lang.String)</name><mt>NONE</mt></Context><Context><name>method:getDrivers()</name><mt>CHANGED</mt></Context><Context><name>method:getLogStream()</name><mt>CHANGED</mt></Context><Context><name>method:getLogWriter()</name><mt>NONE</mt></Context><Context><name>method:getLoginTimeout()</name><mt>NONE</mt></Context><Context><name>method:println(java.lang.String)</name><mt>NONE</mt></Context><Context><name>method:registerDriver(java.sql.Driver)</name><mt>NONE</mt></Context><Context><name>method:registerDriver(java.sql.Driver, java.sql.DriverAction)</name><mt>NONE</mt></Context><Context><name>method:setLogStream(java.io.PrintStream)</name><mt>CHANGED</mt></Context><Context><name>method:setLogWriter(java.io.PrintWriter)</name><mt>CHANGED</mt></Context><Context><name>method:setLoginTimeout(int)</name><mt>NONE</mt></Context><Stat><name>java/sql/DriverManager.spec</name><mt>CHANGED</mt><Group name="context"><Item name="ADDED" count="1"/><Item name="REMOVED" count="0"/><Item name="CHANGED" count="6"/><Item name="MODIFIED" count="7"/><Item name="MOVED" count="0"/><Item name="MOVED_CHANGED" count="0"/><Item name="JOINT" count="0"/><Item name="SPLIT" count="0"/><Item name="TOTAL" count="17"/></Group><Group name="assertion"><Item name="ADDED" count="0"/><Item name="REMOVED" count="0"/><Item name="CHANGED" count="0"/><Item name="MODIFIED" count="0"/><Item name="MOVED" count="0"/><Item name="MOVED_CHANGED" count="0"/><Item name="JOINT" count="0"/><Item name="SPLIT" count="0"/><Item name="TOTAL" count="0"/></Group></Stat></Document>