<?xml version="1.0" encoding="UTF-8" standalone="yes"?><Document><name>java/sql/Driver.spec</name><Context><name>class:Driver</name><mt>NONE</mt></Context><Context><name>method:acceptsURL(java.lang.String)</name><mt>NONE</mt></Context><Context><name>method:connect(java.lang.String, java.util.Properties)</name><mt>NONE</mt></Context><Context><name>method:getMajorVersion()</name><mt>NONE</mt></Context><Context><name>method:getMinorVersion()</name><mt>NONE</mt></Context><Context><name>method:getParentLogger()</name><mt>NONE</mt></Context><Context><name>method:getPropertyInfo(java.lang.String, java.util.Properties)</name><mt>NONE</mt></Context><Context><name>method:jdbcCompliant()</name><mt>NONE</mt></Context><Stat><name>java/sql/Driver.spec</name><mt>NONE</mt><Group name="context"><Item name="ADDED" count="0"/><Item name="REMOVED" count="0"/><Item name="CHANGED" count="0"/><Item name="MODIFIED" count="0"/><Item name="MOVED" count="0"/><Item name="MOVED_CHANGED" count="0"/><Item name="JOINT" count="0"/><Item name="SPLIT" count="0"/><Item name="TOTAL" count="8"/></Group><Group name="assertion"><Item name="ADDED" count="0"/><Item name="REMOVED" count="0"/><Item name="CHANGED" count="0"/><Item name="MODIFIED" count="0"/><Item name="MOVED" count="0"/><Item name="MOVED_CHANGED" count="0"/><Item name="JOINT" count="0"/><Item name="SPLIT" count="0"/><Item name="TOTAL" count="0"/></Group></Stat></Document>