<?xml version="1.0" encoding="UTF-8"?><diffreport><diff><table border="0" cellpadding="1" cellspacing="0" width="100%"><tr><td><h3 class="ctxid">class:DriverAction [NONE]</h3></td></tr><tr><td><table border="0" cellpadding="5" cellspacing="1" bgcolor="black" width="100%"><tr valign="top"><td bgcolor="#FFFFFF" colspan="1"><div class="description"> <a start_ctx_id="class:DriverAction"/><ul class="blockList"><li class="blockList"> <hr/> <br/><pre>
                            public interface <span class="typeNameLabel">DriverAction</span>
                        </pre><div class="block"> An interface that must be implemented when a <a href="../../java/sql/Driver.html" title="interface in java.sql">Driver</a> wants to be notified by <code>DriverManager</code>.<p> A <code>DriverAction</code> implementation is not intended to be used directly by applications. A JDBC Driver may choose to create its <code>DriverAction</code> implementation in a private class to avoid it being called directly.                                </p><p> The JDBC driver's static initialization block must call <a href="../../java/sql/DriverManager.html#registerDriver-java.sql.Driver-java.sql.DriverAction-">DriverManager.registerDriver(java.sql.Driver, java.sql.DriverAction) </a> in order to inform <code>DriverManager</code> which <code>DriverAction</code> implementation to call when the JDBC driver is de-registered.                         </p>               </div><dl> <dt> <span class="simpleTagLabel">Since:</span>   </dt><dd>1.8</dd> </dl>  </li></ul> </div> <a end_ctx_id="class:DriverAction"/> </td></tr></table></td></tr></table><table border="0" cellpadding="1" cellspacing="0" width="100%"><tr><td><h3 class="ctxid">method:deregister() [NONE]</h3></td></tr><tr><td><table border="0" cellpadding="5" cellspacing="1" bgcolor="black" width="100%"><tr valign="top"><td bgcolor="#FFFFFF" colspan="1"> <a start_ctx_id="method:deregister()"/><a name="deregister--"/><ul class="blockListLast"><li class="blockList"><h4>deregister</h4><pre>void deregister()</pre><div class="block"> Method called by <a href="../../java/sql/DriverManager.html#deregisterDriver-java.sql.Driver-">DriverManager.deregisterDriver(Driver)</a> to notify the JDBC driver that it was de-registered.<p> The <code>deregister</code> method is intended only to be used by JDBC Drivers and not by applications. JDBC drivers are recommended to not implement <code>DriverAction</code> in a public class. If there are active connections to the database at the time that the <code>deregister</code> method is called, it is implementation specific as to whether the connections are closed or allowed to continue. Once this method is called, it is implementation specific as to whether the driver may limit the ability to create new connections to the database, invoke other <code>Driver</code> methods or throw a <code>SQLException</code>. Consult your JDBC driver's documentation for additional information on its behavior.                                                                                                        </p>             </div><dl> <dt> <span class="simpleTagLabel">Since:</span>   </dt><dd>1.8</dd> <dt> <span class="seeLabel">See Also: </span>   </dt><dd> <a href="../../java/sql/DriverManager.html#registerDriver-java.sql.Driver-java.sql.DriverAction-"><code>DriverManager.registerDriver(java.sql.Driver, java.sql.DriverAction) </code></a>, <a href="../../java/sql/DriverManager.html#deregisterDriver-java.sql.Driver-"><code>DriverManager.deregisterDriver(Driver)</code></a>  </dd>  </dl></li></ul> <a end_ctx_id="method:deregister()"/>  </td></tr></table></td></tr></table></diff></diffreport>