<?xml version="1.0" encoding="UTF-8"?><diffreport><diff><table border="0" cellpadding="1" cellspacing="0" width="100%"><tr><td><h3 class="ctxid">class:DriverManager [CHANGED]</h3></td></tr><tr><td><table border="0" cellpadding="5" cellspacing="1" bgcolor="black" width="100%"><tr valign="top"><td bgcolor="#EEEEEE" colspan="2"><div class="description"> <a start_ctx_id="class:DriverManager"/><ul class="blockList"><li class="blockList"> <hr/> <br/><pre>
                            public class <span class="typeNameLabel">DriverManager</span>
extends java.lang.Object
                        </pre><div class="block"> The basic service for managing a set of JDBC drivers.<p> <strong>NOTE:</strong> The <a href="../../javax/sql/DataSource.html" title="interface in javax.sql"><code>DataSource</code></a> interface, <span class="diff-html-removed">new</span> <span class="diff-html-removed">in</span> <span class="diff-html-removed">the</span> <span class="diff-html-removed">JDBC</span> <span class="diff-html-removed">2.0</span> <span class="diff-html-removed">API,</span>provides another way to connect to a data source. The use of a <code>DataSource</code> object is the preferred means of connecting to a data source.                                  </p><p> As part of its initialization, the <code>DriverManager</code> class will attempt to load <span class="diff-html-removed">the</span> <span class="diff-html-removed">driver</span> <span class="diff-html-removed">classes</span> <span class="diff-html-removed">referenced</span> <span class="diff-html-removed">in</span> <span class="diff-html-removed">the</span> <span class="diff-html-removed">"</span><span class="diff-html-added">available</span> <span class="diff-html-added">JDBC</span> <span class="diff-html-added">drivers</span> <span class="diff-html-added">by</span> <span class="diff-html-added">using:</span><ul><li> <span class="diff-html-added">The</span> <code>jdbc.drivers</code> <span class="diff-html-removed">"</span>system property <span class="diff-html-removed">.</span> <span class="diff-html-removed">This</span> <span class="diff-html-removed">allows</span><span class="diff-html-added">which</span> <span class="diff-html-added">contains</span> a <span class="diff-html-removed">user</span> <span class="diff-html-removed">to</span> <span class="diff-html-removed">customize</span><span class="diff-html-added">colon</span> <span class="diff-html-added">separated</span> <span class="diff-html-added">list</span> <span class="diff-html-added">of</span> <span class="diff-html-added">fully</span> <span class="diff-html-added">qualified</span> <span class="diff-html-added">class</span> <span class="diff-html-added">names</span> <span class="diff-html-added">of</span> <span class="diff-html-added">JDBC</span> <span class="diff-html-added">drivers.</span> <span class="diff-html-added">Each</span> <span class="diff-html-added">driver</span> <span class="diff-html-added">is</span> <span class="diff-html-added">loaded</span> <span class="diff-html-added">using</span> the <span class="diff-html-removed">JDBC</span> <span class="diff-html-removed">Drivers</span> <span class="diff-html-removed">used</span> <span class="diff-html-removed">by</span> <span class="diff-html-removed">their</span> <span class="diff-html-removed">applications.</span> <span class="diff-html-removed">For</span> <span class="diff-html-removed">example</span> <span class="diff-html-removed">in</span> <span class="diff-html-removed">your</span> <span class="diff-html-removed">~/.hotjava/properties</span> <span class="diff-html-removed">file</span> <span class="diff-html-removed">you</span> <span class="diff-html-removed">might</span> <span class="diff-html-removed">specify</span><span class="diff-html-added">system</span> <span class="diff-html-added">class</span> <span class="diff-html-added">loader</span>:<ul><li> <code>jdbc.drivers=foo.bah.Driver:wombat.sql.Driver:bad.taste.ourDriver</code> </li></ul>                                             </li><li> <span class="diff-html-removed">The</span> <code changeType="diff-removed-tag"><span class="diff-html-removed">DriverManager</span></code> <span class="diff-html-removed">methods</span> <code changeType="diff-removed-tag"><span class="diff-html-removed">getConnection</span></code> <span class="diff-html-removed">and</span> <code changeType="diff-removed-tag"><span class="diff-html-removed">getDrivers</span></code> <span class="diff-html-removed">have</span> <span class="diff-html-removed">been</span> <span class="diff-html-removed">enhanced</span> <span class="diff-html-removed">to</span> <span class="diff-html-removed">support</span> <span class="diff-html-removed">the</span> <span class="diff-html-removed">Java</span> <span class="diff-html-removed">Standard</span> <span class="diff-html-removed">Edition</span>Service <span class="diff-html-removed">Provider</span> <span class="diff-html-removed">mechanism.</span> <span class="diff-html-removed">JDBC</span> <span class="diff-html-removed">4.0</span> <span class="diff-html-removed">Drivers</span> <span class="diff-html-removed">must</span> <span class="diff-html-removed">include</span> <span class="diff-html-removed">the</span> <span class="diff-html-removed">file</span> <code changeType="diff-removed-tag"><span class="diff-html-removed">META-INF/services/java.sql.Driver</span></code><span class="diff-html-removed">.</span> <span class="diff-html-removed">This</span> <span class="diff-html-removed">file</span> <span class="diff-html-removed">contains</span> <span class="diff-html-removed">the</span> <span class="diff-html-removed">name</span><span class="diff-html-added">providers</span> of the <code> <span class="diff-html-removed">JDBC</span> <span class="diff-html-removed">drivers</span> <span class="diff-html-removed">implementation</span> <span class="diff-html-removed">of</span>java<span class="diff-html-removed">.sql.Driver.</span> <span class="diff-html-removed">For</span> <span class="diff-html-removed">example,</span> <span class="diff-html-removed">to</span> <span class="diff-html-removed">load</span> <span class="diff-html-removed">themy</span>.sql.Driver         </code> class, <span class="diff-html-added">that</span> <span class="diff-html-added">are</span> <span class="diff-html-added">loaded</span> <span class="diff-html-added">via</span> the <span class="diff-html-removed">META-INF/services/java.sql.</span><span class="diff-html-added">service-provider</span> <span class="diff-html-added">loading</span> <span class="diff-html-added">mechanism.</span>                                          </li></ul>                       </p><p/>          </div><dl> <dt> <span class="seeLabel"><span class="diff-html-added">See</span> <span class="diff-html-added">Also:</span> </span>   </dt><dd> <a href="../../java/sql/Driver.html" title="interface in java.sql"><code>Driver</code> <span class="diff-html-removed">file</span> <span class="diff-html-removed">would</span> <span class="diff-html-removed">contain</span>   </a><span class="diff-html-added">,</span> <a href="../../java/sql/Connection.html" title="interface in java.sql"><code><span class="diff-html-added">Connection</span></code></a>  </dd> <dt> <span class="simpleTagLabel"><span class="diff-html-added">Implementation</span> <span class="diff-html-added">Note:</span> </span>   </dt><dd> <code><span class="diff-html-added">DriverManager</span></code> <span class="diff-html-added">initialization</span> <span class="diff-html-added">is</span> <span class="diff-html-added">done</span> <span class="diff-html-added">lazily</span> <span class="diff-html-added">and</span> <span class="diff-html-added">looks</span> <span class="diff-html-added">up</span> <span class="diff-html-added">service</span> <span class="diff-html-added">providers</span> <span class="diff-html-added">using</span> the <span class="diff-html-removed">entry:</span><pre changeType="diff-removed-tag"><span class="diff-html-removed">
                                    </span><code><span class="diff-html-removed">my.sql.Driver</span></code><span class="diff-html-removed">
                                </span></pre> <span class="diff-html-removed">Applications</span> <span class="diff-html-removed">no</span> <span class="diff-html-removed">longer</span> <span class="diff-html-removed">need</span><span class="diff-html-added">thread</span> <span class="diff-html-added">context</span> <span class="diff-html-added">class</span> <span class="diff-html-added">loader.</span> <span class="diff-html-added">The</span> <span class="diff-html-added">drivers</span> <span class="diff-html-added">loaded</span> <span class="diff-html-added">and</span> <span class="diff-html-added">available</span> to <span class="diff-html-removed">explicitly</span> <span class="diff-html-removed">load</span> <span class="diff-html-removed">JDBC</span> <span class="diff-html-removed">drivers</span> <span class="diff-html-removed">using</span> <code changeType="diff-removed-tag"><span class="diff-html-removed">Class.forName()</span></code><span class="diff-html-removed">.</span> <span class="diff-html-removed">Existing</span> <span class="diff-html-removed">programs</span> <span class="diff-html-removed">which</span> <span class="diff-html-removed">currently</span> <span class="diff-html-removed">load</span> <span class="diff-html-removed">JDBC</span> <span class="diff-html-removed">drivers</span> <span class="diff-html-removed">using</span> <code changeType="diff-removed-tag"><span class="diff-html-removed">Class.forName()</span></code><span class="diff-html-added">an</span> <span class="diff-html-added">application</span> will <span class="diff-html-removed">continue</span> <span class="diff-html-removed">to</span> <span class="diff-html-removed">work</span> <span class="diff-html-removed">without</span> <span class="diff-html-removed">modification</span><span class="diff-html-added">depend</span> <span class="diff-html-added">on</span> <span class="diff-html-added">the</span> <span class="diff-html-added">thread</span> <span class="diff-html-added">context</span> <span class="diff-html-added">class</span> <span class="diff-html-added">loader</span> <span class="diff-html-added">of</span> <span class="diff-html-added">the</span> <span class="diff-html-added">thread</span> <span class="diff-html-added">that</span> <span class="diff-html-added">triggers</span> <span class="diff-html-added">driver</span> <span class="diff-html-added">initialization</span> <span class="diff-html-added">by</span> <code><span class="diff-html-added">DriverManager</span></code>.<p> When the method <code>getConnection</code> is called, the <code>DriverManager</code> will attempt to locate a suitable driver from amongst those loaded at initialization and those loaded explicitly using the same <span class="diff-html-removed">classloader</span><span class="diff-html-added">class</span> <span class="diff-html-added">loader</span> as the current <span class="diff-html-removed">applet</span> <span class="diff-html-removed">or</span>application.<p changeType="diff-removed-tag"> <span class="diff-html-removed">Starting</span> <span class="diff-html-removed">with</span> <span class="diff-html-removed">the</span> <span class="diff-html-removed">Java</span> <span class="diff-html-removed">2</span> <span class="diff-html-removed">SDK,</span> <span class="diff-html-removed">Standard</span> <span class="diff-html-removed">Edition,</span> <span class="diff-html-removed">version</span> <span class="diff-html-removed">1.3,</span> <span class="diff-html-removed">a</span> <span class="diff-html-removed">logging</span> <span class="diff-html-removed">stream</span> <span class="diff-html-removed">can</span> <span class="diff-html-removed">be</span> <span class="diff-html-removed">set</span> <span class="diff-html-removed">only</span> <span class="diff-html-removed">if</span> <span class="diff-html-removed">the</span> <span class="diff-html-removed">proper</span> <span class="diff-html-removed">permission</span> <span class="diff-html-removed">has</span> <span class="diff-html-removed">been</span> <span class="diff-html-removed">granted.</span> <span class="diff-html-removed">Normally</span> <span class="diff-html-removed">this</span> <span class="diff-html-removed">will</span> <span class="diff-html-removed">be</span> <span class="diff-html-removed">done</span> <span class="diff-html-removed">with</span> <span class="diff-html-removed">the</span> <span class="diff-html-removed">tool</span> <span class="diff-html-removed">PolicyTool,</span> <span class="diff-html-removed">which</span> <span class="diff-html-removed">can</span> <span class="diff-html-removed">be</span> <span class="diff-html-removed">used</span> <span class="diff-html-removed">to</span> <span class="diff-html-removed">grant</span> <code><span class="diff-html-removed">permission</span> <span class="diff-html-removed">java.sql.SQLPermission</span> <span class="diff-html-removed">"setLog"</span>  </code><span class="diff-html-removed">.</span>                                        </p><dl changeType="diff-removed-tag"> <dt> <span class="seeLabel"><span class="diff-html-removed">See</span> <span class="diff-html-removed">Also:</span> </span> <span class="diff-html-removed"/>  </dt><dd> <a href="../../java/sql/Driver.html" title="interface in java.sql"><code><span class="diff-html-removed">Driver</span></code><span class="diff-html-removed"/></a><span class="diff-html-removed">,</span> <a href="../../java/sql/Connection.html" title="interface in java.sql"><code><span class="diff-html-removed">Connection</span></code><span class="diff-html-removed"/></a>  </dd> </dl>                                   </p>                                                               </dd>  </dl>  </li></ul> </div> <a end_ctx_id="class:DriverManager"/> </td></tr><tr valign="top"><td bgcolor="#CCCCCC" colspan="1"><div class="description"> <a start_ctx_id="class:DriverManager"/><ul class="blockList"><li class="blockList"> <hr/> <br/><pre>
                            public class <span class="typeNameLabel">DriverManager</span>
extends java.lang.Object
                        </pre><div class="block"><p> The basic service for managing a set of JDBC drivers. <br/> <b>NOTE:</b> The <a href="../../javax/sql/DataSource.html" title="interface in javax.sql"><code>DataSource</code></a> interface, new in the JDBC 2.0 API, provides another way to connect to a data source. The use of a <code>DataSource</code> object is the preferred means of connecting to a data source.                                              </p><p> As part of its initialization, the <code>DriverManager</code> class will attempt to load the driver classes referenced in the "jdbc.drivers" system property. This allows a user to customize the JDBC Drivers used by their applications. For example in your ~/.hotjava/properties file you might specify:<pre>
                                    <code>jdbc.drivers=foo.bah.Driver:wombat.sql.Driver:bad.taste.ourDriver</code>
                                </pre>                                           </p><p> The <code changeType="diff-removed-tag">DriverManager</code> methods <code changeType="diff-removed-tag">getConnection</code> and <code changeType="diff-removed-tag">getDrivers</code> have been enhanced to support the Java Standard Edition <a href="../../../technotes/guides/jar/jar.html#Service%20Provider">Service Provider </a> mechanism. JDBC 4.0 Drivers must include the file <code changeType="diff-removed-tag">META-INF/services/java.sql.Driver</code>. This file contains the name of the JDBC drivers implementation of <code>java.sql.Driver</code>. For example, to load the <code>my.sql.Driver</code> class, the <code>META-INF/services/java.sql.Driver</code> file would contain the entry:<pre changeType="diff-removed-tag">
                                    <code>my.sql.Driver</code>
                                </pre>                                                   </p><p> Applications no longer need to explicitly load JDBC drivers using <code changeType="diff-removed-tag">Class.forName()</code>. Existing programs which currently load JDBC drivers using <code changeType="diff-removed-tag">Class.forName()</code> will continue to work without modification.                          </p><p> When the method <code>getConnection</code> is called, the <code>DriverManager</code> will attempt to locate a suitable driver from amongst those loaded at initialization and those loaded explicitly using the same classloader as the current applet or application.                                   </p><p changeType="diff-removed-tag"> Starting with the Java 2 SDK, Standard Edition, version 1.3, a logging stream can be set only if the proper permission has been granted. Normally this will be done with the tool PolicyTool, which can be used to grant <code>permission java.sql.SQLPermission "setLog"  </code>.                                        </p></div><dl changeType="diff-removed-tag"> <dt> <span class="seeLabel">See Also: </span>   </dt><dd> <a href="../../java/sql/Driver.html" title="interface in java.sql"><code>Driver</code></a>, <a href="../../java/sql/Connection.html" title="interface in java.sql"><code>Connection</code></a>  </dd> </dl>  </li></ul> </div> <a end_ctx_id="class:DriverManager"/> </td><td bgcolor="#FFFFFF" colspan="1"><div class="description"> <a start_ctx_id="class:DriverManager"/><ul class="blockList"><li class="blockList"> <hr/> <br/><pre>
                            public class <span class="typeNameLabel">DriverManager</span>
extends java.lang.Object
                        </pre><div class="block"> The basic service for managing a set of JDBC drivers.<p> <strong>NOTE:</strong> The <a href="../../javax/sql/DataSource.html" title="interface in javax.sql"><code>DataSource</code></a> interface, provides another way to connect to a data source. The use of a <code>DataSource</code> object is the preferred means of connecting to a data source.                             </p><p> As part of its initialization, the <code>DriverManager</code> class will attempt to load available JDBC drivers by using:<ul><li> The <code>jdbc.drivers</code> system property which contains a colon separated list of fully qualified class names of JDBC drivers. Each driver is loaded using the system class loader:<ul><li> <code>jdbc.drivers=foo.bah.Driver:wombat.sql.Driver:bad.taste.ourDriver</code> </li></ul>                           </li><li> Service providers of the <code>java.sql.Driver</code> class, that are loaded via the service-provider loading mechanism.              </li></ul>                 </p><p/>          </div><dl> <dt> <span class="seeLabel">See Also: </span>   </dt><dd> <a href="../../java/sql/Driver.html" title="interface in java.sql"><code>Driver</code></a>, <a href="../../java/sql/Connection.html" title="interface in java.sql"><code>Connection</code></a>  </dd> <dt> <span class="simpleTagLabel">Implementation Note: </span>   </dt><dd> <code>DriverManager</code> initialization is done lazily and looks up service providers using the thread context class loader. The drivers loaded and available to an application will depend on the thread context class loader of the thread that triggers driver initialization by <code>DriverManager</code>.<p> When the method <code>getConnection</code> is called, the <code>DriverManager</code> will attempt to locate a suitable driver from amongst those loaded at initialization and those loaded explicitly using the same class loader as the current application.                                  </p>                                         </dd>  </dl>  </li></ul> </div> <a end_ctx_id="class:DriverManager"/> </td></tr></table></td></tr></table><table border="0" cellpadding="1" cellspacing="0" width="100%"><tr><td><h3 class="ctxid">method:getLogWriter() [NONE]</h3></td></tr><tr><td><table border="0" cellpadding="5" cellspacing="1" bgcolor="black" width="100%"><tr valign="top"><td bgcolor="#FFFFFF" colspan="1"> <a start_ctx_id="method:getLogWriter()"/><a name="getLogWriter--"/><ul class="blockList"><li class="blockList"><h4>getLogWriter</h4><pre>public static java.io.PrintWriter getLogWriter()</pre><div class="block"> Retrieves the log writer. The <code>getLogWriter</code> and <code>setLogWriter</code> methods should be used instead of the <code>get/setlogStream</code> methods, which are deprecated.                    </div><dl> <dt> <span class="returnLabel">Returns:</span>   </dt><dd> a <code>java.io.PrintWriter</code> object   </dd> <dt> <span class="simpleTagLabel">Since:</span>   </dt><dd>1.2</dd> <dt> <span class="seeLabel">See Also: </span>   </dt><dd> <a href="../../java/sql/DriverManager.html#setLogWriter-java.io.PrintWriter-"><code>setLogWriter(java.io.PrintWriter)</code></a> </dd>   </dl></li></ul> <a end_ctx_id="method:getLogWriter()"/>  </td></tr></table></td></tr></table><table border="0" cellpadding="1" cellspacing="0" width="100%"><tr><td><h3 class="ctxid">method:setLogWriter(java.io.PrintWriter) [CHANGED]</h3></td></tr><tr><td><table border="0" cellpadding="5" cellspacing="1" bgcolor="black" width="100%"><tr valign="top"><td bgcolor="#EEEEEE" colspan="2"> <a start_ctx_id="method:setLogWriter(java.io.PrintWriter)"/><a name="setLogWriter-java.io.PrintWriter-"/><ul class="blockList"><li class="blockList"><h4>setLogWriter</h4><pre>public static void setLogWriter(java.io.PrintWriter out)</pre><div class="block"> Sets the logging/tracing <code>PrintWriter</code> object that is used by the <code>DriverManager</code> and all drivers.<p> <p changeType="diff-removed-tag"> <span class="diff-html-removed">There</span> <span class="diff-html-removed">is</span> <span class="diff-html-removed">a</span> <span class="diff-html-removed">minor</span> <span class="diff-html-removed">versioning</span> <span class="diff-html-removed">problem</span> <span class="diff-html-removed">created</span> <span class="diff-html-removed">by</span> <span class="diff-html-removed">the</span> <span class="diff-html-removed">introduction</span> <span class="diff-html-removed">of</span> <span class="diff-html-removed">the</span> <span class="diff-html-removed">method</span> <code><span class="diff-html-removed">setLogWriter</span></code><span class="diff-html-removed">.</span> <span class="diff-html-removed">The</span> <span class="diff-html-removed">method</span> <code><span class="diff-html-removed">setLogWriter</span></code> <span class="diff-html-removed">cannot</span> <span class="diff-html-removed">create</span> <span class="diff-html-removed">a</span> <code><span class="diff-html-removed">PrintStream</span></code> <span class="diff-html-removed">object</span> <span class="diff-html-removed">that</span> <span class="diff-html-removed">will</span> <span class="diff-html-removed">be</span> <span class="diff-html-removed">returned</span> <span class="diff-html-removed">by</span> <code><span class="diff-html-removed">getLogStream</span></code><span class="diff-html-removed">---the</span> <span class="diff-html-removed">Java</span> <span class="diff-html-removed">platform</span> <span class="diff-html-removed">does</span> <span class="diff-html-removed">not</span> <span class="diff-html-removed">provide</span> <span class="diff-html-removed">a</span> <span class="diff-html-removed">backward</span> <span class="diff-html-removed">conversion.</span> <span class="diff-html-removed">As</span> <span class="diff-html-removed">a</span> <span class="diff-html-removed">result,</span> <span class="diff-html-removed">a</span> <span class="diff-html-removed">new</span> <span class="diff-html-removed">application</span> <span class="diff-html-removed">that</span> <span class="diff-html-removed">uses</span> <code><span class="diff-html-removed">setLogWriter</span></code> <span class="diff-html-removed">and</span> <span class="diff-html-removed">also</span> <span class="diff-html-removed">uses</span> <span class="diff-html-removed">a</span> <span class="diff-html-removed">JDBC</span> <span class="diff-html-removed">1.0</span> <span class="diff-html-removed">driver</span> <span class="diff-html-removed">that</span> <span class="diff-html-removed">uses</span> <code><span class="diff-html-removed">getLogStream</span></code> <span class="diff-html-removed">will</span> <span class="diff-html-removed">likely</span> <span class="diff-html-removed">not</span> <span class="diff-html-removed">see</span> <span class="diff-html-removed">debugging</span> <span class="diff-html-removed">information</span> <span class="diff-html-removed">written</span> <span class="diff-html-removed">by</span> <span class="diff-html-removed">that</span> <span class="diff-html-removed">driver.</span>                                                                 </p> <span class="diff-html-removed">Starting</span> <span class="diff-html-removed">with</span> <span class="diff-html-removed">the</span> <span class="diff-html-removed">Java</span> <span class="diff-html-removed">2</span> <span class="diff-html-removed">SDK,</span> <span class="diff-html-removed">Standard</span> <span class="diff-html-removed">Edition,</span> <span class="diff-html-removed">version</span> <span class="diff-html-removed">1.3</span> <span class="diff-html-removed">release,</span> <span class="diff-html-removed">this</span> <span class="diff-html-removed">method</span> <span class="diff-html-removed">checks</span> <span class="diff-html-removed">to</span> <span class="diff-html-removed">see</span> <span class="diff-html-removed">that</span> <span class="diff-html-removed">there</span> <span class="diff-html-removed">is</span> <span class="diff-html-removed">an</span> <code changeType="diff-removed-tag"><span class="diff-html-removed">SQLPermission</span></code> <span class="diff-html-removed">object</span> <span class="diff-html-removed">before</span> <span class="diff-html-removed">setting</span> <span class="diff-html-removed">the</span> <span class="diff-html-removed">logging</span> <span class="diff-html-removed">stream.</span>If a <code changeType="diff-removed-tag"><span class="diff-html-removed">SecurityManager</span></code><span class="diff-html-added">security</span> <span class="diff-html-added">manager</span> exists <span class="diff-html-removed">and</span><span class="diff-html-added">,</span> its <code>checkPermission</code> method <span class="diff-html-removed">denies</span> <span class="diff-html-removed">setting</span><span class="diff-html-added">is</span> <span class="diff-html-added">first</span> <span class="diff-html-added">called</span> <span class="diff-html-added">with</span> <span class="diff-html-added">a</span> <code><span class="diff-html-added">SQLPermission("setLog")</span></code> <span class="diff-html-added">permission</span> <span class="diff-html-added">to</span> <span class="diff-html-added">check</span> <span class="diff-html-added">that</span> the <span class="diff-html-removed">log</span> <span class="diff-html-removed">writer,</span> <span class="diff-html-removed">this</span> <span class="diff-html-removed">method</span> <span class="diff-html-removed">throws</span> <span class="diff-html-removed">a</span> <code changeType="diff-removed-tag"><span class="diff-html-removed">java.lang.SecurityException</span></code><span class="diff-html-added">caller</span> <span class="diff-html-added">is</span> <span class="diff-html-added">allowed</span> <span class="diff-html-added">to</span> <span class="diff-html-added">call</span> <code><span class="diff-html-added">setLogWriter</span></code>.                                                            </p>              </div><dl> <dt> <span class="paramLabel">Parameters:</span>   </dt><dd> <code>out</code> - the new logging/tracing <code>PrintStream</code> object; <code>null</code> to disable logging and tracing             </dd> <dt> <span class="throwsLabel">Throws:</span>   </dt><dd> <code>java.lang.SecurityException</code> - if a security manager exists and its <code>checkPermission</code> method denies <span class="diff-html-removed">setting</span><span class="diff-html-added">permission</span> <span class="diff-html-added">to</span> <span class="diff-html-added">set</span> the log writer<span class="diff-html-added">.</span>                  </dd> <dt> <span class="simpleTagLabel">Since:</span>   </dt><dd>1.2</dd> <dt> <span class="seeLabel">See Also: </span>   </dt><dd> <code>SecurityManager.checkPermission(java.security.Permission)</code>, <a href="../../java/sql/DriverManager.html#getLogWriter--"><code>getLogWriter()</code></a>  </dd>    </dl></li></ul> <a end_ctx_id="method:setLogWriter(java.io.PrintWriter)"/>  </td></tr><tr valign="top"><td bgcolor="#CCCCCC" colspan="1"> <a start_ctx_id="method:setLogWriter(java.io.PrintWriter)"/><a name="setLogWriter-java.io.PrintWriter-"/><ul class="blockList"><li class="blockList"><h4>setLogWriter</h4><pre>public static void setLogWriter(java.io.PrintWriter out)</pre><div class="block"> Sets the logging/tracing <code>PrintWriter</code> object that is used by the <code>DriverManager</code> and all drivers.<p changeType="diff-removed-tag"> There is a minor versioning problem created by the introduction of the method <code>setLogWriter</code>. The method <code>setLogWriter</code> cannot create a <code>PrintStream</code> object that will be returned by <code>getLogStream</code>---the Java platform does not provide a backward conversion. As a result, a new application that uses <code>setLogWriter</code> and also uses a JDBC 1.0 driver that uses <code>getLogStream</code> will likely not see debugging information written by that driver.                                                                 </p><p> Starting with the Java 2 SDK, Standard Edition, version 1.3 release, this method checks to see that there is an <code changeType="diff-removed-tag">SQLPermission</code> object before setting the logging stream. If a <code changeType="diff-removed-tag">SecurityManager</code> exists and its <code>checkPermission</code> method denies setting the log writer, this method throws a <code changeType="diff-removed-tag">java.lang.SecurityException</code>.                                             </p>              </div><dl> <dt> <span class="paramLabel">Parameters:</span>   </dt><dd> <code>out</code> - the new logging/tracing <code>PrintStream</code> object; <code>null</code> to disable logging and tracing             </dd> <dt> <span class="throwsLabel">Throws:</span>   </dt><dd> <code>java.lang.SecurityException</code> - if a security manager exists and its <code>checkPermission</code> method denies setting the log writer                </dd> <dt> <span class="simpleTagLabel">Since:</span>   </dt><dd>1.2</dd> <dt> <span class="seeLabel">See Also: </span>   </dt><dd> <code>SecurityManager.checkPermission(java.security.Permission)</code>, <a href="../../java/sql/DriverManager.html#getLogWriter--"><code>getLogWriter()</code></a>  </dd>    </dl></li></ul> <a end_ctx_id="method:setLogWriter(java.io.PrintWriter)"/>  </td><td bgcolor="#FFFFFF" colspan="1"> <a start_ctx_id="method:setLogWriter(java.io.PrintWriter)"/><a name="setLogWriter-java.io.PrintWriter-"/><ul class="blockList"><li class="blockList"><h4>setLogWriter</h4><pre>public static void setLogWriter(java.io.PrintWriter out)</pre><div class="block"> Sets the logging/tracing <code>PrintWriter</code> object that is used by the <code>DriverManager</code> and all drivers.<p> If a security manager exists, its <code>checkPermission</code> method is first called with a <code>SQLPermission("setLog")</code> permission to check that the caller is allowed to call <code>setLogWriter</code>.                         </p>              </div><dl> <dt> <span class="paramLabel">Parameters:</span>   </dt><dd> <code>out</code> - the new logging/tracing <code>PrintStream</code> object; <code>null</code> to disable logging and tracing             </dd> <dt> <span class="throwsLabel">Throws:</span>   </dt><dd> <code>java.lang.SecurityException</code> - if a security manager exists and its <code>checkPermission</code> method denies permission to set the log writer.                  </dd> <dt> <span class="simpleTagLabel">Since:</span>   </dt><dd>1.2</dd> <dt> <span class="seeLabel">See Also: </span>   </dt><dd> <code>SecurityManager.checkPermission(java.security.Permission)</code>, <a href="../../java/sql/DriverManager.html#getLogWriter--"><code>getLogWriter()</code></a>  </dd>    </dl></li></ul> <a end_ctx_id="method:setLogWriter(java.io.PrintWriter)"/>  </td></tr></table></td></tr></table><table border="0" cellpadding="1" cellspacing="0" width="100%"><tr><td><h3 class="ctxid">method:getConnection(java.lang.String, java.util.Properties) [NONE]</h3></td></tr><tr><td><table border="0" cellpadding="5" cellspacing="1" bgcolor="black" width="100%"><tr valign="top"><td bgcolor="#FFFFFF" colspan="1"> <a start_ctx_id="method:getConnection(java.lang.String, java.util.Properties)"/><a name="getConnection-java.lang.String-java.util.Properties-"/><ul class="blockList"><li class="blockList"><h4>getConnection</h4><pre>
                                            public static <a href="../../java/sql/Connection.html" title="interface in java.sql">Connection</a> getConnection(java.lang.String url,
                                       java.util.Properties info)
                                throws <a href="../../java/sql/SQLException.html" title="class in java.sql">SQLException</a>
                                        </pre><div class="block"> Attempts to establish a connection to the given database URL. The <code>DriverManager</code> attempts to select an appropriate driver from the set of registered JDBC drivers.<p> <b>Note:</b> If a property is specified as part of the <code>url</code> and is also specified in the <code>Properties</code> object, it is implementation-defined as to which value will take precedence. For maximum portability, an application should only specify a property once.                                        </p>                         </div><dl> <dt> <span class="paramLabel">Parameters:</span>   </dt><dd> <code>url</code> - a database url of the form <code> jdbc:<em>subprotocol</em>:<em>subname</em> </code>         </dd><dd> <code>info</code> - a list of arbitrary string tag/value pairs as connection arguments; normally at least a "user" and "password" property should be included                       </dd> <dt> <span class="returnLabel">Returns:</span>   </dt><dd>a Connection to the URL    </dd> <dt> <span class="throwsLabel">Throws:</span>   </dt><dd> <code><a href="../../java/sql/SQLException.html" title="class in java.sql">SQLException</a></code> - if a database access error occurs or the url is <code>null</code>             </dd><dd> <code><a href="../../java/sql/SQLTimeoutException.html" title="class in java.sql">SQLTimeoutException</a></code> - when the driver has determined that the timeout value specified by the <code>setLoginTimeout</code> method has been exceeded and has at least tried to cancel the current database connection attempt                               </dd>   </dl></li></ul> <a end_ctx_id="method:getConnection(java.lang.String, java.util.Properties)"/>  </td></tr></table></td></tr></table><table border="0" cellpadding="1" cellspacing="0" width="100%"><tr><td><h3 class="ctxid">method:getConnection(java.lang.String, java.lang.String, java.lang.String) [NONE]</h3></td></tr><tr><td><table border="0" cellpadding="5" cellspacing="1" bgcolor="black" width="100%"><tr valign="top"><td bgcolor="#FFFFFF" colspan="1"> <a start_ctx_id="method:getConnection(java.lang.String, java.lang.String, java.lang.String)"/><a name="getConnection-java.lang.String-java.lang.String-java.lang.String-"/><ul class="blockList"><li class="blockList"><h4>getConnection</h4><pre>
                                            public static <a href="../../java/sql/Connection.html" title="interface in java.sql">Connection</a> getConnection(java.lang.String url,
                                       java.lang.String user,
                                       java.lang.String password)
                                throws <a href="../../java/sql/SQLException.html" title="class in java.sql">SQLException</a>
                                        </pre><div class="block"> Attempts to establish a connection to the given database URL. The <code>DriverManager</code> attempts to select an appropriate driver from the set of registered JDBC drivers.<p> <b>Note:</b> If the <code>user</code> or <code>password</code> property are also specified as part of the <code>url</code>, it is implementation-defined as to which value will take precedence. For maximum portability, an application should only specify a property once.                                    </p>                         </div><dl> <dt> <span class="paramLabel">Parameters:</span>   </dt><dd> <code>url</code> - a database url of the form <code>jdbc:<em>subprotocol</em>:<em>subname</em></code>         </dd><dd> <code>user</code> - the database user on whose behalf the connection is being made             </dd><dd> <code>password</code> - the user's password     </dd> <dt> <span class="returnLabel">Returns:</span>   </dt><dd>a connection to the URL    </dd> <dt> <span class="throwsLabel">Throws:</span>   </dt><dd> <code><a href="../../java/sql/SQLException.html" title="class in java.sql">SQLException</a></code> - if a database access error occurs or the url is <code>null</code>             </dd><dd> <code><a href="../../java/sql/SQLTimeoutException.html" title="class in java.sql">SQLTimeoutException</a></code> - when the driver has determined that the timeout value specified by the <code>setLoginTimeout</code> method has been exceeded and has at least tried to cancel the current database connection attempt                               </dd>   </dl></li></ul> <a end_ctx_id="method:getConnection(java.lang.String, java.lang.String, java.lang.String)"/>  </td></tr></table></td></tr></table><table border="0" cellpadding="1" cellspacing="0" width="100%"><tr><td><h3 class="ctxid">method:getConnection(java.lang.String) [NONE]</h3></td></tr><tr><td><table border="0" cellpadding="5" cellspacing="1" bgcolor="black" width="100%"><tr valign="top"><td bgcolor="#FFFFFF" colspan="1"> <a start_ctx_id="method:getConnection(java.lang.String)"/><a name="getConnection-java.lang.String-"/><ul class="blockList"><li class="blockList"><h4>getConnection</h4><pre>
                                            public static <a href="../../java/sql/Connection.html" title="interface in java.sql">Connection</a> getConnection(java.lang.String url)
                                throws <a href="../../java/sql/SQLException.html" title="class in java.sql">SQLException</a>
                                        </pre><div class="block"> Attempts to establish a connection to the given database URL. The <code>DriverManager</code> attempts to select an appropriate driver from the set of registered JDBC drivers.                         </div><dl> <dt> <span class="paramLabel">Parameters:</span>   </dt><dd> <code>url</code> - a database url of the form <code> jdbc:<em>subprotocol</em>:<em>subname</em> </code>         </dd> <dt> <span class="returnLabel">Returns:</span>   </dt><dd>a connection to the URL    </dd> <dt> <span class="throwsLabel">Throws:</span>   </dt><dd> <code><a href="../../java/sql/SQLException.html" title="class in java.sql">SQLException</a></code> - if a database access error occurs or the url is <code>null</code>             </dd><dd> <code><a href="../../java/sql/SQLTimeoutException.html" title="class in java.sql">SQLTimeoutException</a></code> - when the driver has determined that the timeout value specified by the <code>setLoginTimeout</code> method has been exceeded and has at least tried to cancel the current database connection attempt                               </dd>   </dl></li></ul> <a end_ctx_id="method:getConnection(java.lang.String)"/>  </td></tr></table></td></tr></table><table border="0" cellpadding="1" cellspacing="0" width="100%"><tr><td><h3 class="ctxid">method:getDriver(java.lang.String) [NONE]</h3></td></tr><tr><td><table border="0" cellpadding="5" cellspacing="1" bgcolor="black" width="100%"><tr valign="top"><td bgcolor="#FFFFFF" colspan="1"> <a start_ctx_id="method:getDriver(java.lang.String)"/><a name="getDriver-java.lang.String-"/><ul class="blockList"><li class="blockList"><h4>getDriver</h4><pre>
                                            public static <a href="../../java/sql/Driver.html" title="interface in java.sql">Driver</a> getDriver(java.lang.String url)
                        throws <a href="../../java/sql/SQLException.html" title="class in java.sql">SQLException</a>
                                        </pre><div class="block"> Attempts to locate a driver that understands the given URL. The <code>DriverManager</code> attempts to select an appropriate driver from the set of registered JDBC drivers.                         </div><dl> <dt> <span class="paramLabel">Parameters:</span>   </dt><dd> <code>url</code> - a database URL of the form <code>jdbc:<em>subprotocol</em>:<em>subname</em></code>         </dd> <dt> <span class="returnLabel">Returns:</span>   </dt><dd> a <code>Driver</code> object representing a driver that can connect to the given URL             </dd> <dt> <span class="throwsLabel">Throws:</span>   </dt><dd> <code><a href="../../java/sql/SQLException.html" title="class in java.sql">SQLException</a></code> - if a database access error occurs        </dd>   </dl></li></ul> <a end_ctx_id="method:getDriver(java.lang.String)"/>  </td></tr></table></td></tr></table><table border="0" cellpadding="1" cellspacing="0" width="100%"><tr><td><h3 class="ctxid">method:registerDriver(java.sql.Driver) [NONE]</h3></td></tr><tr><td><table border="0" cellpadding="5" cellspacing="1" bgcolor="black" width="100%"><tr valign="top"><td bgcolor="#FFFFFF" colspan="1"> <a start_ctx_id="method:registerDriver(java.sql.Driver)"/><a name="registerDriver-java.sql.Driver-"/><ul class="blockList"><li class="blockList"><h4>registerDriver</h4><pre>
                                            public static void registerDriver(<a href="../../java/sql/Driver.html" title="interface in java.sql">Driver</a> driver)
                           throws <a href="../../java/sql/SQLException.html" title="class in java.sql">SQLException</a>
                                        </pre><div class="block"> Registers the given driver with the <code>DriverManager</code>. A newly-loaded driver class should call the method <code>registerDriver</code> to make itself known to the <code>DriverManager</code>. If the driver is currently registered, no action is taken.                                 </div><dl> <dt> <span class="paramLabel">Parameters:</span>   </dt><dd> <code>driver</code> - the new JDBC Driver that is to be registered with the <code>DriverManager</code>              </dd> <dt> <span class="throwsLabel">Throws:</span>   </dt><dd> <code><a href="../../java/sql/SQLException.html" title="class in java.sql">SQLException</a></code> - if a database access error occurs        </dd><dd> <code>java.lang.NullPointerException</code> - if <code>driver</code> is null      </dd>  </dl></li></ul> <a end_ctx_id="method:registerDriver(java.sql.Driver)"/>  </td></tr></table></td></tr></table><table border="0" cellpadding="1" cellspacing="0" width="100%"><tr><td><h3 class="ctxid">method:registerDriver(java.sql.Driver, java.sql.DriverAction) [NONE]</h3></td></tr><tr><td><table border="0" cellpadding="5" cellspacing="1" bgcolor="black" width="100%"><tr valign="top"><td bgcolor="#FFFFFF" colspan="1"> <a start_ctx_id="method:registerDriver(java.sql.Driver, java.sql.DriverAction)"/><a name="registerDriver-java.sql.Driver-java.sql.DriverAction-"/><ul class="blockList"><li class="blockList"><h4>registerDriver</h4><pre>
                                            public static void registerDriver(<a href="../../java/sql/Driver.html" title="interface in java.sql">Driver</a> driver,
                                  <a href="../../java/sql/DriverAction.html" title="interface in java.sql">DriverAction</a> da)
                           throws <a href="../../java/sql/SQLException.html" title="class in java.sql">SQLException</a>
                                        </pre><div class="block"> Registers the given driver with the <code>DriverManager</code>. A newly-loaded driver class should call the method <code>registerDriver</code> to make itself known to the <code>DriverManager</code>. If the driver is currently registered, no action is taken.                                 </div><dl> <dt> <span class="paramLabel">Parameters:</span>   </dt><dd> <code>driver</code> - the new JDBC Driver that is to be registered with the <code>DriverManager</code>              </dd><dd> <code>da</code> - the <code>DriverAction</code> implementation to be used when <code>DriverManager#deregisterDriver</code> is called            </dd> <dt> <span class="throwsLabel">Throws:</span>   </dt><dd> <code><a href="../../java/sql/SQLException.html" title="class in java.sql">SQLException</a></code> - if a database access error occurs        </dd><dd> <code>java.lang.NullPointerException</code> - if <code>driver</code> is null      </dd> <dt> <span class="simpleTagLabel">Since:</span>   </dt><dd>1.8</dd>   </dl></li></ul> <a end_ctx_id="method:registerDriver(java.sql.Driver, java.sql.DriverAction)"/>  </td></tr></table></td></tr></table><table border="0" cellpadding="1" cellspacing="0" width="100%"><tr><td><h3 class="ctxid">method:deregisterDriver(java.sql.Driver) [CHANGED]</h3></td></tr><tr><td><table border="0" cellpadding="5" cellspacing="1" bgcolor="black" width="100%"><tr valign="top"><td bgcolor="#EEEEEE" colspan="2"> <a start_ctx_id="method:deregisterDriver(java.sql.Driver)"/><a name="deregisterDriver-java.sql.Driver-"/><ul class="blockList"><li class="blockList"><h4>deregisterDriver</h4><pre>
                                            public static void deregisterDriver(<a href="../../java/sql/Driver.html" title="interface in java.sql">Driver</a> driver)
                             throws <a href="../../java/sql/SQLException.html" title="class in java.sql">SQLException</a>
                                        </pre><div class="block"> Removes the specified driver from the <code>DriverManager</code>'s list of registered drivers.<p> If a <code>null</code> value is specified for the driver to be removed, then no action is taken.                 </p><p> If a security manager exists <span class="diff-html-removed">and</span><span class="diff-html-added">,</span> its <code>checkPermission</code> <span class="diff-html-removed">denies</span><span class="diff-html-added">method</span> <span class="diff-html-added">is</span> <span class="diff-html-added">first</span> <span class="diff-html-added">called</span> <span class="diff-html-added">with</span> <span class="diff-html-added">a</span> <code><span class="diff-html-added">SQLPermission("deregisterDriver")</span></code> permission <span class="diff-html-removed">,</span> <span class="diff-html-removed">then</span><span class="diff-html-added">to</span> <span class="diff-html-added">check</span> <span class="diff-html-added">that</span> <span class="diff-html-added">the</span> <span class="diff-html-added">caller</span> <span class="diff-html-added">is</span> <span class="diff-html-added">allowed</span> <span class="diff-html-added">to</span> <span class="diff-html-added">deregister</span> a <code changeType="diff-removed-tag"><span class="diff-html-removed">SecurityException</span></code> <span class="diff-html-removed">will</span> <span class="diff-html-removed">be</span> <span class="diff-html-removed">thrown</span><span class="diff-html-added">JDBC</span> <span class="diff-html-added">Driver</span>.                                </p><p> If the specified driver is not found in the list of registered drivers, then no action is taken. If the driver was found, it will be removed from the list of registered drivers.                                 </p><p> If a <code>DriverAction</code> instance was specified when the JDBC driver was registered, its deregister method will be called prior to the driver being removed from the list of registered drivers.                              </p>           </div><dl> <dt> <span class="paramLabel">Parameters:</span>   </dt><dd> <code>driver</code> - the JDBC Driver to remove       </dd> <dt> <span class="throwsLabel">Throws:</span>   </dt><dd> <code><a href="../../java/sql/SQLException.html" title="class in java.sql">SQLException</a></code> - if a database access error occurs        </dd><dd> <code>java.lang.SecurityException</code> - if a security manager exists and its <code>checkPermission</code> method denies permission to deregister a driver.                 </dd> <dt> <span class="seeLabel">See Also: </span>   </dt><dd> <code>SecurityManager.checkPermission(java.security.Permission)</code> </dd>   </dl></li></ul> <a end_ctx_id="method:deregisterDriver(java.sql.Driver)"/>  </td></tr><tr valign="top"><td bgcolor="#CCCCCC" colspan="1"> <a start_ctx_id="method:deregisterDriver(java.sql.Driver)"/><a name="deregisterDriver-java.sql.Driver-"/><ul class="blockList"><li class="blockList"><h4>deregisterDriver</h4><pre>
                                            public static void deregisterDriver(<a href="../../java/sql/Driver.html" title="interface in java.sql">Driver</a> driver)
                             throws <a href="../../java/sql/SQLException.html" title="class in java.sql">SQLException</a>
                                        </pre><div class="block"> Removes the specified driver from the <code>DriverManager</code>'s list of registered drivers.<p> If a <code>null</code> value is specified for the driver to be removed, then no action is taken.                 </p><p> If a security manager exists and its <code>checkPermission</code> denies permission, then a <code changeType="diff-removed-tag">SecurityException</code> will be thrown.                </p><p> If the specified driver is not found in the list of registered drivers, then no action is taken. If the driver was found, it will be removed from the list of registered drivers.                                 </p><p> If a <code>DriverAction</code> instance was specified when the JDBC driver was registered, its deregister method will be called prior to the driver being removed from the list of registered drivers.                              </p>           </div><dl> <dt> <span class="paramLabel">Parameters:</span>   </dt><dd> <code>driver</code> - the JDBC Driver to remove       </dd> <dt> <span class="throwsLabel">Throws:</span>   </dt><dd> <code><a href="../../java/sql/SQLException.html" title="class in java.sql">SQLException</a></code> - if a database access error occurs        </dd><dd> <code>java.lang.SecurityException</code> - if a security manager exists and its <code>checkPermission</code> method denies permission to deregister a driver.                 </dd> <dt> <span class="seeLabel">See Also: </span>   </dt><dd> <code>SecurityManager.checkPermission(java.security.Permission)</code> </dd>   </dl></li></ul> <a end_ctx_id="method:deregisterDriver(java.sql.Driver)"/>  </td><td bgcolor="#FFFFFF" colspan="1"> <a start_ctx_id="method:deregisterDriver(java.sql.Driver)"/><a name="deregisterDriver-java.sql.Driver-"/><ul class="blockList"><li class="blockList"><h4>deregisterDriver</h4><pre>
                                            public static void deregisterDriver(<a href="../../java/sql/Driver.html" title="interface in java.sql">Driver</a> driver)
                             throws <a href="../../java/sql/SQLException.html" title="class in java.sql">SQLException</a>
                                        </pre><div class="block"> Removes the specified driver from the <code>DriverManager</code>'s list of registered drivers.<p> If a <code>null</code> value is specified for the driver to be removed, then no action is taken.                 </p><p> If a security manager exists, its <code>checkPermission</code> method is first called with a <code>SQLPermission("deregisterDriver")</code> permission to check that the caller is allowed to deregister a JDBC Driver.                           </p><p> If the specified driver is not found in the list of registered drivers, then no action is taken. If the driver was found, it will be removed from the list of registered drivers.                                 </p><p> If a <code>DriverAction</code> instance was specified when the JDBC driver was registered, its deregister method will be called prior to the driver being removed from the list of registered drivers.                              </p>           </div><dl> <dt> <span class="paramLabel">Parameters:</span>   </dt><dd> <code>driver</code> - the JDBC Driver to remove       </dd> <dt> <span class="throwsLabel">Throws:</span>   </dt><dd> <code><a href="../../java/sql/SQLException.html" title="class in java.sql">SQLException</a></code> - if a database access error occurs        </dd><dd> <code>java.lang.SecurityException</code> - if a security manager exists and its <code>checkPermission</code> method denies permission to deregister a driver.                 </dd> <dt> <span class="seeLabel">See Also: </span>   </dt><dd> <code>SecurityManager.checkPermission(java.security.Permission)</code> </dd>   </dl></li></ul> <a end_ctx_id="method:deregisterDriver(java.sql.Driver)"/>  </td></tr></table></td></tr></table><table border="0" cellpadding="1" cellspacing="0" width="100%"><tr><td><h3 class="ctxid">method:getDrivers() [CHANGED]</h3></td></tr><tr><td><table border="0" cellpadding="5" cellspacing="1" bgcolor="black" width="100%"><tr valign="top"><td bgcolor="#EEEEEE" colspan="2"> <a start_ctx_id="method:getDrivers()"/><a name="getDrivers--"/><ul class="blockList"><li class="blockList"><h4>getDrivers</h4><pre>
                                            public static java.util.Enumeration&lt;<a href="../../java/sql/Driver.html" title="interface in java.sql">Driver</a>&gt; getDrivers()
                                        </pre><div class="block"> Retrieves an Enumeration with all of the currently loaded JDBC drivers to which the current caller has access.<p> <b>Note:</b> The classname of a driver can be found using <code>d.getClass().getName()</code>           </p>                  </div><dl> <dt> <span class="returnLabel">Returns:</span>   </dt><dd>the list of JDBC Drivers loaded by the caller's class loader          </dd> <dt> <span class="seeLabel"><span class="diff-html-added">See</span> <span class="diff-html-added">Also:</span> </span>   </dt><dd> <a href="../../java/sql/DriverManager.html#drivers--"><code><span class="diff-html-added">drivers()</span></code></a> </dd>  </dl></li></ul> <a end_ctx_id="method:getDrivers()"/>  </td></tr><tr valign="top"><td bgcolor="#CCCCCC" colspan="1"> <a start_ctx_id="method:getDrivers()"/><a name="getDrivers--"/><ul class="blockList"><li class="blockList"><h4>getDrivers</h4><pre>
                                            public static java.util.Enumeration&lt;<a href="../../java/sql/Driver.html" title="interface in java.sql">Driver</a>&gt; getDrivers()
                                        </pre><div class="block"> Retrieves an Enumeration with all of the currently loaded JDBC drivers to which the current caller has access.<p> <b>Note:</b> The classname of a driver can be found using <code>d.getClass().getName()</code>           </p>                  </div><dl> <dt> <span class="returnLabel">Returns:</span>   </dt><dd>the list of JDBC Drivers loaded by the caller's class loader          </dd> </dl></li></ul> <a end_ctx_id="method:getDrivers()"/>  </td><td bgcolor="#FFFFFF" colspan="1"> <a start_ctx_id="method:getDrivers()"/><a name="getDrivers--"/><ul class="blockList"><li class="blockList"><h4>getDrivers</h4><pre>
                                            public static java.util.Enumeration&lt;<a href="../../java/sql/Driver.html" title="interface in java.sql">Driver</a>&gt; getDrivers()
                                        </pre><div class="block"> Retrieves an Enumeration with all of the currently loaded JDBC drivers to which the current caller has access.<p> <b>Note:</b> The classname of a driver can be found using <code>d.getClass().getName()</code>           </p>                  </div><dl> <dt> <span class="returnLabel">Returns:</span>   </dt><dd>the list of JDBC Drivers loaded by the caller's class loader          </dd> <dt> <span class="seeLabel">See Also: </span>   </dt><dd> <a href="../../java/sql/DriverManager.html#drivers--"><code>drivers()</code></a> </dd>  </dl></li></ul> <a end_ctx_id="method:getDrivers()"/>  </td></tr></table></td></tr></table><table border="0" cellpadding="1" cellspacing="0" width="100%"><tr><td><h3 class="ctxid">method:drivers() [ADDED]</h3></td></tr><tr><td><table border="0" cellpadding="5" cellspacing="1" bgcolor="black" width="100%"><tr valign="top"><td bgcolor="#FFFFFF" colspan="1"> <a start_ctx_id="method:drivers()"><span class="diff-html-added"/></a><a name="drivers--"/><ul class="blockList"><li class="blockList"><h4><span class="diff-html-added">drivers</span></h4><pre>
                                            <span class="diff-html-added">public</span> <span class="diff-html-added">static java.util.stream.Stream&lt;</span><a href="../../java/sql/Driver.html" title="interface in java.sql"><span class="diff-html-added">Driver</span></a><span class="diff-html-added">&gt; drivers()</span>
                                        </pre><div class="block"><span class="diff-html-added">Retrieves</span> <span class="diff-html-added">a</span> <span class="diff-html-added">Stream</span> <span class="diff-html-added">with</span> <span class="diff-html-added">all</span> <span class="diff-html-added">of</span> <span class="diff-html-added">the</span> <span class="diff-html-added">currently</span> <span class="diff-html-added">loaded</span> <span class="diff-html-added">JDBC</span> <span class="diff-html-added">drivers</span> <span class="diff-html-added">to</span> <span class="diff-html-added">which</span> <span class="diff-html-added">the</span> <span class="diff-html-added">current</span> <span class="diff-html-added">caller</span> <span class="diff-html-added">has</span> <span class="diff-html-added">access.</span>                 </div><dl> <dt> <span class="returnLabel"><span class="diff-html-added">Returns:</span></span>   </dt><dd><span class="diff-html-added">the</span> <span class="diff-html-added">stream</span> <span class="diff-html-added">of</span> <span class="diff-html-added">JDBC</span> <span class="diff-html-added">Drivers</span> <span class="diff-html-added">loaded</span> <span class="diff-html-added">by</span> <span class="diff-html-added">the</span> <span class="diff-html-added">caller's</span> <span class="diff-html-added">class</span> <span class="diff-html-added">loader</span>          </dd> <dt> <span class="simpleTagLabel"><span class="diff-html-added">Since:</span></span>   </dt><dd><span class="diff-html-added">9</span></dd>  </dl></li></ul> <a end_ctx_id="method:drivers()"><span class="diff-html-added"/></a>  </td></tr></table></td></tr></table><table border="0" cellpadding="1" cellspacing="0" width="100%"><tr><td><h3 class="ctxid">method:setLoginTimeout(int) [NONE]</h3></td></tr><tr><td><table border="0" cellpadding="5" cellspacing="1" bgcolor="black" width="100%"><tr valign="top"><td bgcolor="#FFFFFF" colspan="1"> <a start_ctx_id="method:setLoginTimeout(int)"/><a name="setLoginTimeout-int-"/><ul class="blockList"><li class="blockList"><h4>setLoginTimeout</h4><pre>public static void setLoginTimeout(int seconds)</pre><div class="block">Sets the maximum time in seconds that a driver will wait while attempting to connect to a database once the driver has been identified.                       </div><dl> <dt> <span class="paramLabel">Parameters:</span>   </dt><dd> <code>seconds</code> - the login time limit in seconds; zero means there is no limit              </dd> <dt> <span class="seeLabel">See Also: </span>   </dt><dd> <a href="../../java/sql/DriverManager.html#getLoginTimeout--"><code>getLoginTimeout()</code></a> </dd>  </dl></li></ul> <a end_ctx_id="method:setLoginTimeout(int)"/>  </td></tr></table></td></tr></table><table border="0" cellpadding="1" cellspacing="0" width="100%"><tr><td><h3 class="ctxid">method:getLoginTimeout() [NONE]</h3></td></tr><tr><td><table border="0" cellpadding="5" cellspacing="1" bgcolor="black" width="100%"><tr valign="top"><td bgcolor="#FFFFFF" colspan="1"> <a start_ctx_id="method:getLoginTimeout()"/><a name="getLoginTimeout--"/><ul class="blockList"><li class="blockList"><h4>getLoginTimeout</h4><pre>public static int getLoginTimeout()</pre><div class="block">Gets the maximum time in seconds that a driver can wait when attempting to log in to a database.                  </div><dl> <dt> <span class="returnLabel">Returns:</span>   </dt><dd>the driver login time limit in seconds      </dd> <dt> <span class="seeLabel">See Also: </span>   </dt><dd> <a href="../../java/sql/DriverManager.html#setLoginTimeout-int-"><code>setLoginTimeout(int)</code></a> </dd>  </dl></li></ul> <a end_ctx_id="method:getLoginTimeout()"/>  </td></tr></table></td></tr></table><table border="0" cellpadding="1" cellspacing="0" width="100%"><tr><td><h3 class="ctxid">method:setLogStream(java.io.PrintStream) [CHANGED]</h3></td></tr><tr><td><table border="0" cellpadding="5" cellspacing="1" bgcolor="black" width="100%"><tr valign="top"><td bgcolor="#EEEEEE" colspan="2"> <a start_ctx_id="method:setLogStream(java.io.PrintStream)"/><a name="setLogStream-java.io.PrintStream-"/><ul class="blockList"><li class="blockList"><h4>setLogStream</h4><pre>@Deprecated<span class="diff-html-added">(since="1.2")</span>
public static void setLogStream(java.io.PrintStream out)</pre><div class="block"> <span class="deprecatedLabel">Deprecated.</span> <span class="deprecationComment">Use <code>setLogWriter</code> </span> </div><div class="block"> Sets the logging/tracing PrintStream that is used by the <code>DriverManager</code> and all drivers<span class="diff-html-removed">.</span> <span class="diff-html-removed">In</span> <span class="diff-html-removed">the</span> <span class="diff-html-removed">Java</span> <span class="diff-html-removed">2</span> <span class="diff-html-removed">SDK,</span> <span class="diff-html-removed">Standard</span> <span class="diff-html-removed">Edition,</span> <span class="diff-html-removed">version</span> <span class="diff-html-removed">1.3</span> <span class="diff-html-removed">release,</span> <span class="diff-html-removed">this</span> <span class="diff-html-removed">method</span> <span class="diff-html-removed">checks</span> <span class="diff-html-removed">to</span> <span class="diff-html-removed">see</span> <span class="diff-html-removed">that</span> <span class="diff-html-removed">there</span> <span class="diff-html-removed">is</span> <span class="diff-html-removed">an</span> <code changeType="diff-removed-tag"><span class="diff-html-removed">SQLPermission</span></code> <span class="diff-html-removed">object</span> <span class="diff-html-removed">before</span> <span class="diff-html-removed">setting</span> <span class="diff-html-removed">the</span> <span class="diff-html-removed">logging</span> <span class="diff-html-removed">stream</span>.<p> If a <code changeType="diff-removed-tag"><span class="diff-html-removed">SecurityManager</span></code><span class="diff-html-added">security</span> <span class="diff-html-added">manager</span> exists <span class="diff-html-removed">and</span><span class="diff-html-added">,</span> its <code>checkPermission</code> method <span class="diff-html-removed">denies</span> <span class="diff-html-removed">setting</span><span class="diff-html-added">is</span> <span class="diff-html-added">first</span> <span class="diff-html-added">called</span> <span class="diff-html-added">with</span> <span class="diff-html-added">a</span> <code><span class="diff-html-added">SQLPermission("setLog")</span></code> <span class="diff-html-added">permission</span> <span class="diff-html-added">to</span> <span class="diff-html-added">check</span> <span class="diff-html-added">that</span> the <span class="diff-html-removed">log</span> <span class="diff-html-removed">writer,</span> <span class="diff-html-removed">this</span> <span class="diff-html-removed">method</span> <span class="diff-html-removed">throws</span> <span class="diff-html-removed">a</span> <code changeType="diff-removed-tag"><span class="diff-html-removed">java.lang.SecurityException</span></code><span class="diff-html-added">caller</span> <span class="diff-html-added">is</span> <span class="diff-html-added">allowed</span> <span class="diff-html-added">to</span> <span class="diff-html-added">call</span> <code><span class="diff-html-added">setLogStream</span></code>.                                 </p>                                       </div><dl> <dt> <span class="paramLabel">Parameters:</span>   </dt><dd> <code>out</code> - the new logging/tracing PrintStream; to disable, set to <code>null</code>           </dd> <dt> <span class="throwsLabel">Throws:</span>   </dt><dd> <code>java.lang.SecurityException</code> - if a security manager exists and its <code>checkPermission</code> method denies <span class="diff-html-removed">setting</span><span class="diff-html-added">permission</span> <span class="diff-html-added">to</span> <span class="diff-html-added">set</span> the log stream<span class="diff-html-added">.</span>                  </dd> <dt> <span class="seeLabel">See Also: </span>   </dt><dd> <code>SecurityManager.checkPermission(java.security.Permission)</code>, <a href="../../java/sql/DriverManager.html#getLogStream--"><code>getLogStream()</code></a>  </dd>   </dl></li></ul> <a end_ctx_id="method:setLogStream(java.io.PrintStream)"/>  </td></tr><tr valign="top"><td bgcolor="#CCCCCC" colspan="1"> <a start_ctx_id="method:setLogStream(java.io.PrintStream)"/><a name="setLogStream-java.io.PrintStream-"/><ul class="blockList"><li class="blockList"><h4>setLogStream</h4><pre>@Deprecated
public static void setLogStream(java.io.PrintStream out)</pre><div class="block"> <span class="deprecatedLabel">Deprecated.</span> <span class="deprecationComment">Use <code>setLogWriter</code> </span> </div><div class="block"> Sets the logging/tracing PrintStream that is used by the <code>DriverManager</code> and all drivers.<p> In the Java 2 SDK, Standard Edition, version 1.3 release, this method checks to see that there is an <code changeType="diff-removed-tag">SQLPermission</code> object before setting the logging stream. If a <code changeType="diff-removed-tag">SecurityManager</code> exists and its <code>checkPermission</code> method denies setting the log writer, this method throws a <code changeType="diff-removed-tag">java.lang.SecurityException</code>.                                            </p>             </div><dl> <dt> <span class="paramLabel">Parameters:</span>   </dt><dd> <code>out</code> - the new logging/tracing PrintStream; to disable, set to <code>null</code>           </dd> <dt> <span class="throwsLabel">Throws:</span>   </dt><dd> <code>java.lang.SecurityException</code> - if a security manager exists and its <code>checkPermission</code> method denies setting the log stream                </dd> <dt> <span class="seeLabel">See Also: </span>   </dt><dd> <code>SecurityManager.checkPermission(java.security.Permission)</code>, <a href="../../java/sql/DriverManager.html#getLogStream--"><code>getLogStream()</code></a>  </dd>   </dl></li></ul> <a end_ctx_id="method:setLogStream(java.io.PrintStream)"/>  </td><td bgcolor="#FFFFFF" colspan="1"> <a start_ctx_id="method:setLogStream(java.io.PrintStream)"/><a name="setLogStream-java.io.PrintStream-"/><ul class="blockList"><li class="blockList"><h4>setLogStream</h4><pre>@Deprecated(since="1.2")
public static void setLogStream(java.io.PrintStream out)</pre><div class="block"> <span class="deprecatedLabel">Deprecated.</span> <span class="deprecationComment">Use <code>setLogWriter</code> </span> </div><div class="block"> Sets the logging/tracing PrintStream that is used by the <code>DriverManager</code> and all drivers.<p> If a security manager exists, its <code>checkPermission</code> method is first called with a <code>SQLPermission("setLog")</code> permission to check that the caller is allowed to call <code>setLogStream</code>.                         </p>             </div><dl> <dt> <span class="paramLabel">Parameters:</span>   </dt><dd> <code>out</code> - the new logging/tracing PrintStream; to disable, set to <code>null</code>           </dd> <dt> <span class="throwsLabel">Throws:</span>   </dt><dd> <code>java.lang.SecurityException</code> - if a security manager exists and its <code>checkPermission</code> method denies permission to set the log stream.                  </dd> <dt> <span class="seeLabel">See Also: </span>   </dt><dd> <code>SecurityManager.checkPermission(java.security.Permission)</code>, <a href="../../java/sql/DriverManager.html#getLogStream--"><code>getLogStream()</code></a>  </dd>   </dl></li></ul> <a end_ctx_id="method:setLogStream(java.io.PrintStream)"/>  </td></tr></table></td></tr></table><table border="0" cellpadding="1" cellspacing="0" width="100%"><tr><td><h3 class="ctxid">method:getLogStream() [CHANGED]</h3></td></tr><tr><td><table border="0" cellpadding="5" cellspacing="1" bgcolor="black" width="100%"><tr valign="top"><td bgcolor="#EEEEEE" colspan="2"> <a start_ctx_id="method:getLogStream()"/><a name="getLogStream--"/><ul class="blockList"><li class="blockList"><h4>getLogStream</h4><pre>@Deprecated<span class="diff-html-added">(since="1.2")</span>
public static java.io.PrintStream getLogStream()</pre><div class="block"> <span class="deprecatedLabel">Deprecated.</span> <span class="deprecationComment">Use <code>getLogWriter</code> </span> </div><div class="block"> Retrieves the logging/tracing PrintStream that is used by the <code>DriverManager</code> and all drivers.             </div><dl> <dt> <span class="returnLabel">Returns:</span>   </dt><dd> the logging/tracing PrintStream; if disabled, is <code>null</code>       </dd> <dt> <span class="seeLabel">See Also: </span>   </dt><dd> <a href="../../java/sql/DriverManager.html#setLogStream-java.io.PrintStream-"><code>setLogStream(java.io.PrintStream)</code></a> </dd>  </dl></li></ul> <a end_ctx_id="method:getLogStream()"/>  </td></tr><tr valign="top"><td bgcolor="#CCCCCC" colspan="1"> <a start_ctx_id="method:getLogStream()"/><a name="getLogStream--"/><ul class="blockList"><li class="blockList"><h4>getLogStream</h4><pre>@Deprecated
public static java.io.PrintStream getLogStream()</pre><div class="block"> <span class="deprecatedLabel">Deprecated.</span> <span class="deprecationComment">Use <code>getLogWriter</code> </span> </div><div class="block"> Retrieves the logging/tracing PrintStream that is used by the <code>DriverManager</code> and all drivers.             </div><dl> <dt> <span class="returnLabel">Returns:</span>   </dt><dd> the logging/tracing PrintStream; if disabled, is <code>null</code>       </dd> <dt> <span class="seeLabel">See Also: </span>   </dt><dd> <a href="../../java/sql/DriverManager.html#setLogStream-java.io.PrintStream-"><code>setLogStream(java.io.PrintStream)</code></a> </dd>  </dl></li></ul> <a end_ctx_id="method:getLogStream()"/>  </td><td bgcolor="#FFFFFF" colspan="1"> <a start_ctx_id="method:getLogStream()"/><a name="getLogStream--"/><ul class="blockList"><li class="blockList"><h4>getLogStream</h4><pre>@Deprecated(since="1.2")
public static java.io.PrintStream getLogStream()</pre><div class="block"> <span class="deprecatedLabel">Deprecated.</span> <span class="deprecationComment">Use <code>getLogWriter</code> </span> </div><div class="block"> Retrieves the logging/tracing PrintStream that is used by the <code>DriverManager</code> and all drivers.             </div><dl> <dt> <span class="returnLabel">Returns:</span>   </dt><dd> the logging/tracing PrintStream; if disabled, is <code>null</code>       </dd> <dt> <span class="seeLabel">See Also: </span>   </dt><dd> <a href="../../java/sql/DriverManager.html#setLogStream-java.io.PrintStream-"><code>setLogStream(java.io.PrintStream)</code></a> </dd>  </dl></li></ul> <a end_ctx_id="method:getLogStream()"/>  </td></tr></table></td></tr></table><table border="0" cellpadding="1" cellspacing="0" width="100%"><tr><td><h3 class="ctxid">method:println(java.lang.String) [NONE]</h3></td></tr><tr><td><table border="0" cellpadding="5" cellspacing="1" bgcolor="black" width="100%"><tr valign="top"><td bgcolor="#FFFFFF" colspan="1"> <a start_ctx_id="method:println(java.lang.String)"/><a name="println-java.lang.String-"/><ul class="blockListLast"><li class="blockList"><h4>println</h4><pre>public static void println(java.lang.String message)</pre><div class="block">Prints a message to the current JDBC log stream.        </div><dl> <dt> <span class="paramLabel">Parameters:</span>   </dt><dd> <code>message</code> - a log or tracing message       </dd> </dl></li></ul> <a end_ctx_id="method:println(java.lang.String)"/>  </td></tr></table></td></tr></table></diff></diffreport>