<?xml version="1.0" encoding="UTF-8" standalone="yes"?><Document><name>java/sql/JDBCType.spec</name><Context><name>class:JDBCType</name><mt>NONE</mt></Context><Context><name>field:ARRAY</name><mt>NONE</mt></Context><Context><name>field:BIGINT</name><mt>NONE</mt></Context><Context><name>field:BINARY</name><mt>NONE</mt></Context><Context><name>field:BIT</name><mt>NONE</mt></Context><Context><name>field:BLOB</name><mt>NONE</mt></Context><Context><name>field:BOOLEAN</name><mt>NONE</mt></Context><Context><name>field:CHAR</name><mt>NONE</mt></Context><Context><name>field:CLOB</name><mt>NONE</mt></Context><Context><name>field:DATALINK</name><mt>NONE</mt></Context><Context><name>field:DATE</name><mt>NONE</mt></Context><Context><name>field:DECIMAL</name><mt>NONE</mt></Context><Context><name>field:DISTINCT</name><mt>NONE</mt></Context><Context><name>field:DOUBLE</name><mt>NONE</mt></Context><Context><name>field:FLOAT</name><mt>NONE</mt></Context><Context><name>field:INTEGER</name><mt>NONE</mt></Context><Context><name>field:JAVA_OBJECT</name><mt>NONE</mt></Context><Context><name>field:LONGNVARCHAR</name><mt>NONE</mt></Context><Context><name>field:LONGVARBINARY</name><mt>NONE</mt></Context><Context><name>field:LONGVARCHAR</name><mt>NONE</mt></Context><Context><name>field:NCHAR</name><mt>NONE</mt></Context><Context><name>field:NCLOB</name><mt>NONE</mt></Context><Context><name>field:NULL</name><mt>NONE</mt></Context><Context><name>field:NUMERIC</name><mt>NONE</mt></Context><Context><name>field:NVARCHAR</name><mt>NONE</mt></Context><Context><name>field:OTHER</name><mt>NONE</mt></Context><Context><name>field:REAL</name><mt>NONE</mt></Context><Context><name>field:REF</name><mt>NONE</mt></Context><Context><name>field:REF_CURSOR</name><mt>NONE</mt></Context><Context><name>field:ROWID</name><mt>NONE</mt></Context><Context><name>field:SMALLINT</name><mt>NONE</mt></Context><Context><name>field:SQLXML</name><mt>NONE</mt></Context><Context><name>field:STRUCT</name><mt>NONE</mt></Context><Context><name>field:TIME</name><mt>NONE</mt></Context><Context><name>field:TIMESTAMP</name><mt>NONE</mt></Context><Context><name>field:TIMESTAMP_WITH_TIMEZONE</name><mt>NONE</mt></Context><Context><name>field:TIME_WITH_TIMEZONE</name><mt>NONE</mt></Context><Context><name>field:TINYINT</name><mt>NONE</mt></Context><Context><name>field:VARBINARY</name><mt>NONE</mt></Context><Context><name>field:VARCHAR</name><mt>NONE</mt></Context><Context><name>method:getName()</name><mt>NONE</mt></Context><Context><name>method:getVendor()</name><mt>NONE</mt></Context><Context><name>method:getVendorTypeNumber()</name><mt>NONE</mt></Context><Context><name>method:valueOf(int)</name><mt>NONE</mt></Context><Context><name>method:valueOf(java.lang.String)</name><mt>NONE</mt></Context><Context><name>method:values()</name><mt>NONE</mt></Context><Stat><name>java/sql/JDBCType.spec</name><mt>NONE</mt><Group name="context"><Item name="ADDED" count="0"/><Item name="REMOVED" count="0"/><Item name="CHANGED" count="0"/><Item name="MODIFIED" count="0"/><Item name="MOVED" count="0"/><Item name="MOVED_CHANGED" count="0"/><Item name="JOINT" count="0"/><Item name="SPLIT" count="0"/><Item name="TOTAL" count="46"/></Group><Group name="assertion"><Item name="ADDED" count="0"/><Item name="REMOVED" count="0"/><Item name="CHANGED" count="0"/><Item name="MODIFIED" count="0"/><Item name="MOVED" count="0"/><Item name="MOVED_CHANGED" count="0"/><Item name="JOINT" count="0"/><Item name="SPLIT" count="0"/><Item name="TOTAL" count="0"/></Group></Stat></Document>