<?xml version="1.0" encoding="UTF-8"?><diffreport><diff><table border="0" cellpadding="1" cellspacing="0" width="100%"><tr><td><h3 class="ctxid">class:JDBCType [NONE]</h3></td></tr><tr><td><table border="0" cellpadding="5" cellspacing="1" bgcolor="black" width="100%"><tr valign="top"><td bgcolor="#FFFFFF" colspan="1"><div class="description"> <a start_ctx_id="class:JDBCType"/><ul class="blockList"><li class="blockList"><dl> <dt>All Implemented Interfaces:  </dt><dd> <code><a href="../../java/sql/SQLType.html" title="interface in java.sql">SQLType</a></code> </dd> </dl> <hr/> <br/><pre>
                            public enum <span class="typeNameLabel">JDBCType</span>
extends java.lang.Enum&lt;<a href="../../java/sql/JDBCType.html" title="enum in java.sql">JDBCType</a>&gt;
implements <a href="../../java/sql/SQLType.html" title="interface in java.sql">SQLType</a>
                        </pre><div class="block"><p>Defines the constants that are used to identify generic SQL types, called JDBC types.             </p></div><dl> <dt> <span class="simpleTagLabel">Since:</span>   </dt><dd>1.8</dd> <dt> <span class="seeLabel">See Also: </span>   </dt><dd> <a href="../../java/sql/SQLType.html" title="interface in java.sql"><code>SQLType</code></a> </dd>  </dl>  </li></ul> </div> <a end_ctx_id="class:JDBCType"/> </td></tr></table></td></tr></table><table border="0" cellpadding="1" cellspacing="0" width="100%"><tr><td><h3 class="ctxid">field:BIT [NONE]</h3></td></tr><tr><td><table border="0" cellpadding="5" cellspacing="1" bgcolor="black" width="100%"><tr valign="top"><td bgcolor="#FFFFFF" colspan="1"> <a start_ctx_id="field:BIT"/><a name="BIT"/><ul class="blockList"><li class="blockList"><h4>BIT</h4><pre>
                                            public static final <a href="../../java/sql/JDBCType.html" title="enum in java.sql">JDBCType</a> BIT
                                        </pre><div class="block"> Identifies the generic SQL type <code>BIT</code>.      </div></li></ul> <a end_ctx_id="field:BIT"/>  </td></tr></table></td></tr></table><table border="0" cellpadding="1" cellspacing="0" width="100%"><tr><td><h3 class="ctxid">field:TINYINT [NONE]</h3></td></tr><tr><td><table border="0" cellpadding="5" cellspacing="1" bgcolor="black" width="100%"><tr valign="top"><td bgcolor="#FFFFFF" colspan="1"> <a start_ctx_id="field:TINYINT"/><a name="TINYINT"/><ul class="blockList"><li class="blockList"><h4>TINYINT</h4><pre>
                                            public static final <a href="../../java/sql/JDBCType.html" title="enum in java.sql">JDBCType</a> TINYINT
                                        </pre><div class="block"> Identifies the generic SQL type <code>TINYINT</code>.      </div></li></ul> <a end_ctx_id="field:TINYINT"/>  </td></tr></table></td></tr></table><table border="0" cellpadding="1" cellspacing="0" width="100%"><tr><td><h3 class="ctxid">field:SMALLINT [NONE]</h3></td></tr><tr><td><table border="0" cellpadding="5" cellspacing="1" bgcolor="black" width="100%"><tr valign="top"><td bgcolor="#FFFFFF" colspan="1"> <a start_ctx_id="field:SMALLINT"/><a name="SMALLINT"/><ul class="blockList"><li class="blockList"><h4>SMALLINT</h4><pre>
                                            public static final <a href="../../java/sql/JDBCType.html" title="enum in java.sql">JDBCType</a> SMALLINT
                                        </pre><div class="block"> Identifies the generic SQL type <code>SMALLINT</code>.      </div></li></ul> <a end_ctx_id="field:SMALLINT"/>  </td></tr></table></td></tr></table><table border="0" cellpadding="1" cellspacing="0" width="100%"><tr><td><h3 class="ctxid">field:INTEGER [NONE]</h3></td></tr><tr><td><table border="0" cellpadding="5" cellspacing="1" bgcolor="black" width="100%"><tr valign="top"><td bgcolor="#FFFFFF" colspan="1"> <a start_ctx_id="field:INTEGER"/><a name="INTEGER"/><ul class="blockList"><li class="blockList"><h4>INTEGER</h4><pre>
                                            public static final <a href="../../java/sql/JDBCType.html" title="enum in java.sql">JDBCType</a> INTEGER
                                        </pre><div class="block"> Identifies the generic SQL type <code>INTEGER</code>.      </div></li></ul> <a end_ctx_id="field:INTEGER"/>  </td></tr></table></td></tr></table><table border="0" cellpadding="1" cellspacing="0" width="100%"><tr><td><h3 class="ctxid">field:BIGINT [NONE]</h3></td></tr><tr><td><table border="0" cellpadding="5" cellspacing="1" bgcolor="black" width="100%"><tr valign="top"><td bgcolor="#FFFFFF" colspan="1"> <a start_ctx_id="field:BIGINT"/><a name="BIGINT"/><ul class="blockList"><li class="blockList"><h4>BIGINT</h4><pre>
                                            public static final <a href="../../java/sql/JDBCType.html" title="enum in java.sql">JDBCType</a> BIGINT
                                        </pre><div class="block"> Identifies the generic SQL type <code>BIGINT</code>.      </div></li></ul> <a end_ctx_id="field:BIGINT"/>  </td></tr></table></td></tr></table><table border="0" cellpadding="1" cellspacing="0" width="100%"><tr><td><h3 class="ctxid">field:FLOAT [NONE]</h3></td></tr><tr><td><table border="0" cellpadding="5" cellspacing="1" bgcolor="black" width="100%"><tr valign="top"><td bgcolor="#FFFFFF" colspan="1"> <a start_ctx_id="field:FLOAT"/><a name="FLOAT"/><ul class="blockList"><li class="blockList"><h4>FLOAT</h4><pre>
                                            public static final <a href="../../java/sql/JDBCType.html" title="enum in java.sql">JDBCType</a> FLOAT
                                        </pre><div class="block"> Identifies the generic SQL type <code>FLOAT</code>.      </div></li></ul> <a end_ctx_id="field:FLOAT"/>  </td></tr></table></td></tr></table><table border="0" cellpadding="1" cellspacing="0" width="100%"><tr><td><h3 class="ctxid">field:REAL [NONE]</h3></td></tr><tr><td><table border="0" cellpadding="5" cellspacing="1" bgcolor="black" width="100%"><tr valign="top"><td bgcolor="#FFFFFF" colspan="1"> <a start_ctx_id="field:REAL"/><a name="REAL"/><ul class="blockList"><li class="blockList"><h4>REAL</h4><pre>
                                            public static final <a href="../../java/sql/JDBCType.html" title="enum in java.sql">JDBCType</a> REAL
                                        </pre><div class="block"> Identifies the generic SQL type <code>REAL</code>.      </div></li></ul> <a end_ctx_id="field:REAL"/>  </td></tr></table></td></tr></table><table border="0" cellpadding="1" cellspacing="0" width="100%"><tr><td><h3 class="ctxid">field:DOUBLE [NONE]</h3></td></tr><tr><td><table border="0" cellpadding="5" cellspacing="1" bgcolor="black" width="100%"><tr valign="top"><td bgcolor="#FFFFFF" colspan="1"> <a start_ctx_id="field:DOUBLE"/><a name="DOUBLE"/><ul class="blockList"><li class="blockList"><h4>DOUBLE</h4><pre>
                                            public static final <a href="../../java/sql/JDBCType.html" title="enum in java.sql">JDBCType</a> DOUBLE
                                        </pre><div class="block"> Identifies the generic SQL type <code>DOUBLE</code>.      </div></li></ul> <a end_ctx_id="field:DOUBLE"/>  </td></tr></table></td></tr></table><table border="0" cellpadding="1" cellspacing="0" width="100%"><tr><td><h3 class="ctxid">field:NUMERIC [NONE]</h3></td></tr><tr><td><table border="0" cellpadding="5" cellspacing="1" bgcolor="black" width="100%"><tr valign="top"><td bgcolor="#FFFFFF" colspan="1"> <a start_ctx_id="field:NUMERIC"/><a name="NUMERIC"/><ul class="blockList"><li class="blockList"><h4>NUMERIC</h4><pre>
                                            public static final <a href="../../java/sql/JDBCType.html" title="enum in java.sql">JDBCType</a> NUMERIC
                                        </pre><div class="block"> Identifies the generic SQL type <code>NUMERIC</code>.      </div></li></ul> <a end_ctx_id="field:NUMERIC"/>  </td></tr></table></td></tr></table><table border="0" cellpadding="1" cellspacing="0" width="100%"><tr><td><h3 class="ctxid">field:DECIMAL [NONE]</h3></td></tr><tr><td><table border="0" cellpadding="5" cellspacing="1" bgcolor="black" width="100%"><tr valign="top"><td bgcolor="#FFFFFF" colspan="1"> <a start_ctx_id="field:DECIMAL"/><a name="DECIMAL"/><ul class="blockList"><li class="blockList"><h4>DECIMAL</h4><pre>
                                            public static final <a href="../../java/sql/JDBCType.html" title="enum in java.sql">JDBCType</a> DECIMAL
                                        </pre><div class="block"> Identifies the generic SQL type <code>DECIMAL</code>.      </div></li></ul> <a end_ctx_id="field:DECIMAL"/>  </td></tr></table></td></tr></table><table border="0" cellpadding="1" cellspacing="0" width="100%"><tr><td><h3 class="ctxid">field:CHAR [NONE]</h3></td></tr><tr><td><table border="0" cellpadding="5" cellspacing="1" bgcolor="black" width="100%"><tr valign="top"><td bgcolor="#FFFFFF" colspan="1"> <a start_ctx_id="field:CHAR"/><a name="CHAR"/><ul class="blockList"><li class="blockList"><h4>CHAR</h4><pre>
                                            public static final <a href="../../java/sql/JDBCType.html" title="enum in java.sql">JDBCType</a> CHAR
                                        </pre><div class="block"> Identifies the generic SQL type <code>CHAR</code>.      </div></li></ul> <a end_ctx_id="field:CHAR"/>  </td></tr></table></td></tr></table><table border="0" cellpadding="1" cellspacing="0" width="100%"><tr><td><h3 class="ctxid">field:VARCHAR [NONE]</h3></td></tr><tr><td><table border="0" cellpadding="5" cellspacing="1" bgcolor="black" width="100%"><tr valign="top"><td bgcolor="#FFFFFF" colspan="1"> <a start_ctx_id="field:VARCHAR"/><a name="VARCHAR"/><ul class="blockList"><li class="blockList"><h4>VARCHAR</h4><pre>
                                            public static final <a href="../../java/sql/JDBCType.html" title="enum in java.sql">JDBCType</a> VARCHAR
                                        </pre><div class="block"> Identifies the generic SQL type <code>VARCHAR</code>.      </div></li></ul> <a end_ctx_id="field:VARCHAR"/>  </td></tr></table></td></tr></table><table border="0" cellpadding="1" cellspacing="0" width="100%"><tr><td><h3 class="ctxid">field:LONGVARCHAR [NONE]</h3></td></tr><tr><td><table border="0" cellpadding="5" cellspacing="1" bgcolor="black" width="100%"><tr valign="top"><td bgcolor="#FFFFFF" colspan="1"> <a start_ctx_id="field:LONGVARCHAR"/><a name="LONGVARCHAR"/><ul class="blockList"><li class="blockList"><h4>LONGVARCHAR</h4><pre>
                                            public static final <a href="../../java/sql/JDBCType.html" title="enum in java.sql">JDBCType</a> LONGVARCHAR
                                        </pre><div class="block"> Identifies the generic SQL type <code>LONGVARCHAR</code>.      </div></li></ul> <a end_ctx_id="field:LONGVARCHAR"/>  </td></tr></table></td></tr></table><table border="0" cellpadding="1" cellspacing="0" width="100%"><tr><td><h3 class="ctxid">field:DATE [NONE]</h3></td></tr><tr><td><table border="0" cellpadding="5" cellspacing="1" bgcolor="black" width="100%"><tr valign="top"><td bgcolor="#FFFFFF" colspan="1"> <a start_ctx_id="field:DATE"/><a name="DATE"/><ul class="blockList"><li class="blockList"><h4>DATE</h4><pre>
                                            public static final <a href="../../java/sql/JDBCType.html" title="enum in java.sql">JDBCType</a> DATE
                                        </pre><div class="block"> Identifies the generic SQL type <code>DATE</code>.      </div></li></ul> <a end_ctx_id="field:DATE"/>  </td></tr></table></td></tr></table><table border="0" cellpadding="1" cellspacing="0" width="100%"><tr><td><h3 class="ctxid">field:TIME [NONE]</h3></td></tr><tr><td><table border="0" cellpadding="5" cellspacing="1" bgcolor="black" width="100%"><tr valign="top"><td bgcolor="#FFFFFF" colspan="1"> <a start_ctx_id="field:TIME"/><a name="TIME"/><ul class="blockList"><li class="blockList"><h4>TIME</h4><pre>
                                            public static final <a href="../../java/sql/JDBCType.html" title="enum in java.sql">JDBCType</a> TIME
                                        </pre><div class="block"> Identifies the generic SQL type <code>TIME</code>.      </div></li></ul> <a end_ctx_id="field:TIME"/>  </td></tr></table></td></tr></table><table border="0" cellpadding="1" cellspacing="0" width="100%"><tr><td><h3 class="ctxid">field:TIMESTAMP [NONE]</h3></td></tr><tr><td><table border="0" cellpadding="5" cellspacing="1" bgcolor="black" width="100%"><tr valign="top"><td bgcolor="#FFFFFF" colspan="1"> <a start_ctx_id="field:TIMESTAMP"/><a name="TIMESTAMP"/><ul class="blockList"><li class="blockList"><h4>TIMESTAMP</h4><pre>
                                            public static final <a href="../../java/sql/JDBCType.html" title="enum in java.sql">JDBCType</a> TIMESTAMP
                                        </pre><div class="block"> Identifies the generic SQL type <code>TIMESTAMP</code>.      </div></li></ul> <a end_ctx_id="field:TIMESTAMP"/>  </td></tr></table></td></tr></table><table border="0" cellpadding="1" cellspacing="0" width="100%"><tr><td><h3 class="ctxid">field:BINARY [NONE]</h3></td></tr><tr><td><table border="0" cellpadding="5" cellspacing="1" bgcolor="black" width="100%"><tr valign="top"><td bgcolor="#FFFFFF" colspan="1"> <a start_ctx_id="field:BINARY"/><a name="BINARY"/><ul class="blockList"><li class="blockList"><h4>BINARY</h4><pre>
                                            public static final <a href="../../java/sql/JDBCType.html" title="enum in java.sql">JDBCType</a> BINARY
                                        </pre><div class="block"> Identifies the generic SQL type <code>BINARY</code>.      </div></li></ul> <a end_ctx_id="field:BINARY"/>  </td></tr></table></td></tr></table><table border="0" cellpadding="1" cellspacing="0" width="100%"><tr><td><h3 class="ctxid">field:VARBINARY [NONE]</h3></td></tr><tr><td><table border="0" cellpadding="5" cellspacing="1" bgcolor="black" width="100%"><tr valign="top"><td bgcolor="#FFFFFF" colspan="1"> <a start_ctx_id="field:VARBINARY"/><a name="VARBINARY"/><ul class="blockList"><li class="blockList"><h4>VARBINARY</h4><pre>
                                            public static final <a href="../../java/sql/JDBCType.html" title="enum in java.sql">JDBCType</a> VARBINARY
                                        </pre><div class="block"> Identifies the generic SQL type <code>VARBINARY</code>.      </div></li></ul> <a end_ctx_id="field:VARBINARY"/>  </td></tr></table></td></tr></table><table border="0" cellpadding="1" cellspacing="0" width="100%"><tr><td><h3 class="ctxid">field:LONGVARBINARY [NONE]</h3></td></tr><tr><td><table border="0" cellpadding="5" cellspacing="1" bgcolor="black" width="100%"><tr valign="top"><td bgcolor="#FFFFFF" colspan="1"> <a start_ctx_id="field:LONGVARBINARY"/><a name="LONGVARBINARY"/><ul class="blockList"><li class="blockList"><h4>LONGVARBINARY</h4><pre>
                                            public static final <a href="../../java/sql/JDBCType.html" title="enum in java.sql">JDBCType</a> LONGVARBINARY
                                        </pre><div class="block"> Identifies the generic SQL type <code>LONGVARBINARY</code>.      </div></li></ul> <a end_ctx_id="field:LONGVARBINARY"/>  </td></tr></table></td></tr></table><table border="0" cellpadding="1" cellspacing="0" width="100%"><tr><td><h3 class="ctxid">field:NULL [NONE]</h3></td></tr><tr><td><table border="0" cellpadding="5" cellspacing="1" bgcolor="black" width="100%"><tr valign="top"><td bgcolor="#FFFFFF" colspan="1"> <a start_ctx_id="field:NULL"/><a name="NULL"/><ul class="blockList"><li class="blockList"><h4>NULL</h4><pre>
                                            public static final <a href="../../java/sql/JDBCType.html" title="enum in java.sql">JDBCType</a> NULL
                                        </pre><div class="block"> Identifies the generic SQL value <code>NULL</code>.      </div></li></ul> <a end_ctx_id="field:NULL"/>  </td></tr></table></td></tr></table><table border="0" cellpadding="1" cellspacing="0" width="100%"><tr><td><h3 class="ctxid">field:OTHER [NONE]</h3></td></tr><tr><td><table border="0" cellpadding="5" cellspacing="1" bgcolor="black" width="100%"><tr valign="top"><td bgcolor="#FFFFFF" colspan="1"> <a start_ctx_id="field:OTHER"/><a name="OTHER"/><ul class="blockList"><li class="blockList"><h4>OTHER</h4><pre>
                                            public static final <a href="../../java/sql/JDBCType.html" title="enum in java.sql">JDBCType</a> OTHER
                                        </pre><div class="block">Indicates that the SQL type is database-specific and gets mapped to a Java object that can be accessed via the methods getObject and setObject.                       </div></li></ul> <a end_ctx_id="field:OTHER"/>  </td></tr></table></td></tr></table><table border="0" cellpadding="1" cellspacing="0" width="100%"><tr><td><h3 class="ctxid">field:JAVA_OBJECT [NONE]</h3></td></tr><tr><td><table border="0" cellpadding="5" cellspacing="1" bgcolor="black" width="100%"><tr valign="top"><td bgcolor="#FFFFFF" colspan="1"> <a start_ctx_id="field:JAVA_OBJECT"/><a name="JAVA_OBJECT"/><ul class="blockList"><li class="blockList"><h4>JAVA_OBJECT</h4><pre>
                                            public static final <a href="../../java/sql/JDBCType.html" title="enum in java.sql">JDBCType</a> JAVA_OBJECT
                                        </pre><div class="block">Indicates that the SQL type is database-specific and gets mapped to a Java object that can be accessed via the methods getObject and setObject.                       </div></li></ul> <a end_ctx_id="field:JAVA_OBJECT"/>  </td></tr></table></td></tr></table><table border="0" cellpadding="1" cellspacing="0" width="100%"><tr><td><h3 class="ctxid">field:DISTINCT [NONE]</h3></td></tr><tr><td><table border="0" cellpadding="5" cellspacing="1" bgcolor="black" width="100%"><tr valign="top"><td bgcolor="#FFFFFF" colspan="1"> <a start_ctx_id="field:DISTINCT"/><a name="DISTINCT"/><ul class="blockList"><li class="blockList"><h4>DISTINCT</h4><pre>
                                            public static final <a href="../../java/sql/JDBCType.html" title="enum in java.sql">JDBCType</a> DISTINCT
                                        </pre><div class="block"> Identifies the generic SQL type <code>DISTINCT</code>.      </div></li></ul> <a end_ctx_id="field:DISTINCT"/>  </td></tr></table></td></tr></table><table border="0" cellpadding="1" cellspacing="0" width="100%"><tr><td><h3 class="ctxid">field:STRUCT [NONE]</h3></td></tr><tr><td><table border="0" cellpadding="5" cellspacing="1" bgcolor="black" width="100%"><tr valign="top"><td bgcolor="#FFFFFF" colspan="1"> <a start_ctx_id="field:STRUCT"/><a name="STRUCT"/><ul class="blockList"><li class="blockList"><h4>STRUCT</h4><pre>
                                            public static final <a href="../../java/sql/JDBCType.html" title="enum in java.sql">JDBCType</a> STRUCT
                                        </pre><div class="block"> Identifies the generic SQL type <code>STRUCT</code>.      </div></li></ul> <a end_ctx_id="field:STRUCT"/>  </td></tr></table></td></tr></table><table border="0" cellpadding="1" cellspacing="0" width="100%"><tr><td><h3 class="ctxid">field:ARRAY [NONE]</h3></td></tr><tr><td><table border="0" cellpadding="5" cellspacing="1" bgcolor="black" width="100%"><tr valign="top"><td bgcolor="#FFFFFF" colspan="1"> <a start_ctx_id="field:ARRAY"/><a name="ARRAY"/><ul class="blockList"><li class="blockList"><h4>ARRAY</h4><pre>
                                            public static final <a href="../../java/sql/JDBCType.html" title="enum in java.sql">JDBCType</a> ARRAY
                                        </pre><div class="block"> Identifies the generic SQL type <code>ARRAY</code>.      </div></li></ul> <a end_ctx_id="field:ARRAY"/>  </td></tr></table></td></tr></table><table border="0" cellpadding="1" cellspacing="0" width="100%"><tr><td><h3 class="ctxid">field:BLOB [NONE]</h3></td></tr><tr><td><table border="0" cellpadding="5" cellspacing="1" bgcolor="black" width="100%"><tr valign="top"><td bgcolor="#FFFFFF" colspan="1"> <a start_ctx_id="field:BLOB"/><a name="BLOB"/><ul class="blockList"><li class="blockList"><h4>BLOB</h4><pre>
                                            public static final <a href="../../java/sql/JDBCType.html" title="enum in java.sql">JDBCType</a> BLOB
                                        </pre><div class="block"> Identifies the generic SQL type <code>BLOB</code>.      </div></li></ul> <a end_ctx_id="field:BLOB"/>  </td></tr></table></td></tr></table><table border="0" cellpadding="1" cellspacing="0" width="100%"><tr><td><h3 class="ctxid">field:CLOB [NONE]</h3></td></tr><tr><td><table border="0" cellpadding="5" cellspacing="1" bgcolor="black" width="100%"><tr valign="top"><td bgcolor="#FFFFFF" colspan="1"> <a start_ctx_id="field:CLOB"/><a name="CLOB"/><ul class="blockList"><li class="blockList"><h4>CLOB</h4><pre>
                                            public static final <a href="../../java/sql/JDBCType.html" title="enum in java.sql">JDBCType</a> CLOB
                                        </pre><div class="block"> Identifies the generic SQL type <code>CLOB</code>.      </div></li></ul> <a end_ctx_id="field:CLOB"/>  </td></tr></table></td></tr></table><table border="0" cellpadding="1" cellspacing="0" width="100%"><tr><td><h3 class="ctxid">field:REF [NONE]</h3></td></tr><tr><td><table border="0" cellpadding="5" cellspacing="1" bgcolor="black" width="100%"><tr valign="top"><td bgcolor="#FFFFFF" colspan="1"> <a start_ctx_id="field:REF"/><a name="REF"/><ul class="blockList"><li class="blockList"><h4>REF</h4><pre>
                                            public static final <a href="../../java/sql/JDBCType.html" title="enum in java.sql">JDBCType</a> REF
                                        </pre><div class="block"> Identifies the generic SQL type <code>REF</code>.      </div></li></ul> <a end_ctx_id="field:REF"/>  </td></tr></table></td></tr></table><table border="0" cellpadding="1" cellspacing="0" width="100%"><tr><td><h3 class="ctxid">field:DATALINK [NONE]</h3></td></tr><tr><td><table border="0" cellpadding="5" cellspacing="1" bgcolor="black" width="100%"><tr valign="top"><td bgcolor="#FFFFFF" colspan="1"> <a start_ctx_id="field:DATALINK"/><a name="DATALINK"/><ul class="blockList"><li class="blockList"><h4>DATALINK</h4><pre>
                                            public static final <a href="../../java/sql/JDBCType.html" title="enum in java.sql">JDBCType</a> DATALINK
                                        </pre><div class="block"> Identifies the generic SQL type <code>DATALINK</code>.      </div></li></ul> <a end_ctx_id="field:DATALINK"/>  </td></tr></table></td></tr></table><table border="0" cellpadding="1" cellspacing="0" width="100%"><tr><td><h3 class="ctxid">field:BOOLEAN [NONE]</h3></td></tr><tr><td><table border="0" cellpadding="5" cellspacing="1" bgcolor="black" width="100%"><tr valign="top"><td bgcolor="#FFFFFF" colspan="1"> <a start_ctx_id="field:BOOLEAN"/><a name="BOOLEAN"/><ul class="blockList"><li class="blockList"><h4>BOOLEAN</h4><pre>
                                            public static final <a href="../../java/sql/JDBCType.html" title="enum in java.sql">JDBCType</a> BOOLEAN
                                        </pre><div class="block"> Identifies the generic SQL type <code>BOOLEAN</code>.      </div></li></ul> <a end_ctx_id="field:BOOLEAN"/>  </td></tr></table></td></tr></table><table border="0" cellpadding="1" cellspacing="0" width="100%"><tr><td><h3 class="ctxid">field:ROWID [NONE]</h3></td></tr><tr><td><table border="0" cellpadding="5" cellspacing="1" bgcolor="black" width="100%"><tr valign="top"><td bgcolor="#FFFFFF" colspan="1"> <a start_ctx_id="field:ROWID"/><a name="ROWID"/><ul class="blockList"><li class="blockList"><h4>ROWID</h4><pre>
                                            public static final <a href="../../java/sql/JDBCType.html" title="enum in java.sql">JDBCType</a> ROWID
                                        </pre><div class="block"> Identifies the SQL type <code>ROWID</code>.     </div></li></ul> <a end_ctx_id="field:ROWID"/>  </td></tr></table></td></tr></table><table border="0" cellpadding="1" cellspacing="0" width="100%"><tr><td><h3 class="ctxid">field:NCHAR [NONE]</h3></td></tr><tr><td><table border="0" cellpadding="5" cellspacing="1" bgcolor="black" width="100%"><tr valign="top"><td bgcolor="#FFFFFF" colspan="1"> <a start_ctx_id="field:NCHAR"/><a name="NCHAR"/><ul class="blockList"><li class="blockList"><h4>NCHAR</h4><pre>
                                            public static final <a href="../../java/sql/JDBCType.html" title="enum in java.sql">JDBCType</a> NCHAR
                                        </pre><div class="block"> Identifies the generic SQL type <code>NCHAR</code>.      </div></li></ul> <a end_ctx_id="field:NCHAR"/>  </td></tr></table></td></tr></table><table border="0" cellpadding="1" cellspacing="0" width="100%"><tr><td><h3 class="ctxid">field:NVARCHAR [NONE]</h3></td></tr><tr><td><table border="0" cellpadding="5" cellspacing="1" bgcolor="black" width="100%"><tr valign="top"><td bgcolor="#FFFFFF" colspan="1"> <a start_ctx_id="field:NVARCHAR"/><a name="NVARCHAR"/><ul class="blockList"><li class="blockList"><h4>NVARCHAR</h4><pre>
                                            public static final <a href="../../java/sql/JDBCType.html" title="enum in java.sql">JDBCType</a> NVARCHAR
                                        </pre><div class="block"> Identifies the generic SQL type <code>NVARCHAR</code>.      </div></li></ul> <a end_ctx_id="field:NVARCHAR"/>  </td></tr></table></td></tr></table><table border="0" cellpadding="1" cellspacing="0" width="100%"><tr><td><h3 class="ctxid">field:LONGNVARCHAR [NONE]</h3></td></tr><tr><td><table border="0" cellpadding="5" cellspacing="1" bgcolor="black" width="100%"><tr valign="top"><td bgcolor="#FFFFFF" colspan="1"> <a start_ctx_id="field:LONGNVARCHAR"/><a name="LONGNVARCHAR"/><ul class="blockList"><li class="blockList"><h4>LONGNVARCHAR</h4><pre>
                                            public static final <a href="../../java/sql/JDBCType.html" title="enum in java.sql">JDBCType</a> LONGNVARCHAR
                                        </pre><div class="block"> Identifies the generic SQL type <code>LONGNVARCHAR</code>.      </div></li></ul> <a end_ctx_id="field:LONGNVARCHAR"/>  </td></tr></table></td></tr></table><table border="0" cellpadding="1" cellspacing="0" width="100%"><tr><td><h3 class="ctxid">field:NCLOB [NONE]</h3></td></tr><tr><td><table border="0" cellpadding="5" cellspacing="1" bgcolor="black" width="100%"><tr valign="top"><td bgcolor="#FFFFFF" colspan="1"> <a start_ctx_id="field:NCLOB"/><a name="NCLOB"/><ul class="blockList"><li class="blockList"><h4>NCLOB</h4><pre>
                                            public static final <a href="../../java/sql/JDBCType.html" title="enum in java.sql">JDBCType</a> NCLOB
                                        </pre><div class="block"> Identifies the generic SQL type <code>NCLOB</code>.      </div></li></ul> <a end_ctx_id="field:NCLOB"/>  </td></tr></table></td></tr></table><table border="0" cellpadding="1" cellspacing="0" width="100%"><tr><td><h3 class="ctxid">field:SQLXML [NONE]</h3></td></tr><tr><td><table border="0" cellpadding="5" cellspacing="1" bgcolor="black" width="100%"><tr valign="top"><td bgcolor="#FFFFFF" colspan="1"> <a start_ctx_id="field:SQLXML"/><a name="SQLXML"/><ul class="blockList"><li class="blockList"><h4>SQLXML</h4><pre>
                                            public static final <a href="../../java/sql/JDBCType.html" title="enum in java.sql">JDBCType</a> SQLXML
                                        </pre><div class="block"> Identifies the generic SQL type <code>SQLXML</code>.      </div></li></ul> <a end_ctx_id="field:SQLXML"/>  </td></tr></table></td></tr></table><table border="0" cellpadding="1" cellspacing="0" width="100%"><tr><td><h3 class="ctxid">field:REF_CURSOR [NONE]</h3></td></tr><tr><td><table border="0" cellpadding="5" cellspacing="1" bgcolor="black" width="100%"><tr valign="top"><td bgcolor="#FFFFFF" colspan="1"> <a start_ctx_id="field:REF_CURSOR"/><a name="REF_CURSOR"/><ul class="blockList"><li class="blockList"><h4>REF_CURSOR</h4><pre>
                                            public static final <a href="../../java/sql/JDBCType.html" title="enum in java.sql">JDBCType</a> REF_CURSOR
                                        </pre><div class="block"> Identifies the generic SQL type <code>REF_CURSOR</code>.      </div></li></ul> <a end_ctx_id="field:REF_CURSOR"/>  </td></tr></table></td></tr></table><table border="0" cellpadding="1" cellspacing="0" width="100%"><tr><td><h3 class="ctxid">field:TIME_WITH_TIMEZONE [NONE]</h3></td></tr><tr><td><table border="0" cellpadding="5" cellspacing="1" bgcolor="black" width="100%"><tr valign="top"><td bgcolor="#FFFFFF" colspan="1"> <a start_ctx_id="field:TIME_WITH_TIMEZONE"/><a name="TIME_WITH_TIMEZONE"/><ul class="blockList"><li class="blockList"><h4>TIME_WITH_TIMEZONE</h4><pre>
                                            public static final <a href="../../java/sql/JDBCType.html" title="enum in java.sql">JDBCType</a> TIME_WITH_TIMEZONE
                                        </pre><div class="block"> Identifies the generic SQL type <code>TIME_WITH_TIMEZONE</code>.      </div></li></ul> <a end_ctx_id="field:TIME_WITH_TIMEZONE"/>  </td></tr></table></td></tr></table><table border="0" cellpadding="1" cellspacing="0" width="100%"><tr><td><h3 class="ctxid">field:TIMESTAMP_WITH_TIMEZONE [NONE]</h3></td></tr><tr><td><table border="0" cellpadding="5" cellspacing="1" bgcolor="black" width="100%"><tr valign="top"><td bgcolor="#FFFFFF" colspan="1"> <a start_ctx_id="field:TIMESTAMP_WITH_TIMEZONE"/><a name="TIMESTAMP_WITH_TIMEZONE"/><ul class="blockListLast"><li class="blockList"><h4>TIMESTAMP_WITH_TIMEZONE</h4><pre>
                                            public static final <a href="../../java/sql/JDBCType.html" title="enum in java.sql">JDBCType</a> TIMESTAMP_WITH_TIMEZONE
                                        </pre><div class="block"> Identifies the generic SQL type <code>TIMESTAMP_WITH_TIMEZONE</code>.      </div></li></ul> <a end_ctx_id="field:TIMESTAMP_WITH_TIMEZONE"/>  </td></tr></table></td></tr></table><table border="0" cellpadding="1" cellspacing="0" width="100%"><tr><td><h3 class="ctxid">method:values() [NONE]</h3></td></tr><tr><td><table border="0" cellpadding="5" cellspacing="1" bgcolor="black" width="100%"><tr valign="top"><td bgcolor="#FFFFFF" colspan="1"> <a start_ctx_id="method:values()"/><a name="values--"/><ul class="blockList"><li class="blockList"><h4>values</h4><pre>
                                            public static <a href="../../java/sql/JDBCType.html" title="enum in java.sql">JDBCType</a>[] values()
                                        </pre><div class="block"> Returns an array containing the constants of this enum type, in the order they are declared. This method may be used to iterate over the constants as follows:<pre>
for (JDBCType c : JDBCType.values())
    System.out.println(c);
</pre>                            </div><dl> <dt> <span class="returnLabel">Returns:</span>   </dt><dd>an array containing the constants of this enum type, in the order they are declared              </dd> </dl></li></ul> <a end_ctx_id="method:values()"/>  </td></tr></table></td></tr></table><table border="0" cellpadding="1" cellspacing="0" width="100%"><tr><td><h3 class="ctxid">method:valueOf(java.lang.String) [NONE]</h3></td></tr><tr><td><table border="0" cellpadding="5" cellspacing="1" bgcolor="black" width="100%"><tr valign="top"><td bgcolor="#FFFFFF" colspan="1"> <a start_ctx_id="method:valueOf(java.lang.String)"/><a name="valueOf-java.lang.String-"/><ul class="blockList"><li class="blockList"><h4>valueOf</h4><pre>
                                            public static <a href="../../java/sql/JDBCType.html" title="enum in java.sql">JDBCType</a> valueOf(java.lang.String name)
                                        </pre><div class="block"> Returns the enum constant of this type with the specified name. The string must match <i>exactly</i> an identifier used to declare an enum constant in this type. (Extraneous whitespace characters are not permitted.)                                 </div><dl> <dt> <span class="paramLabel">Parameters:</span>   </dt><dd> <code>name</code> - the name of the enum constant to be returned.           </dd> <dt> <span class="returnLabel">Returns:</span>   </dt><dd>the enum constant with the specified name      </dd> <dt> <span class="throwsLabel">Throws:</span>   </dt><dd> <code>java.lang.IllegalArgumentException</code> - if this enum type has no constant with the specified name             </dd><dd> <code>java.lang.NullPointerException</code> - if the argument is null       </dd>   </dl></li></ul> <a end_ctx_id="method:valueOf(java.lang.String)"/>  </td></tr></table></td></tr></table><table border="0" cellpadding="1" cellspacing="0" width="100%"><tr><td><h3 class="ctxid">method:getName() [NONE]</h3></td></tr><tr><td><table border="0" cellpadding="5" cellspacing="1" bgcolor="black" width="100%"><tr valign="top"><td bgcolor="#FFFFFF" colspan="1"> <a start_ctx_id="method:getName()"/><a name="getName--"/><ul class="blockList"><li class="blockList"><h4>getName</h4><pre>public java.lang.String getName()</pre><div class="block"> Returns the <code>SQLType</code> name that represents a SQL data type.          </div><dl> <dt> <span class="overrideSpecifyLabel">Specified by: </span>   </dt><dd> <code><a href="../../java/sql/SQLType.html#getName--">getName</a></code> in interface <code><a href="../../java/sql/SQLType.html" title="interface in java.sql">SQLType</a></code>  </dd> <dt> <span class="returnLabel">Returns:</span>   </dt><dd> The name of this <code>SQLType</code>.     </dd>  </dl></li></ul> <a end_ctx_id="method:getName()"/>  </td></tr></table></td></tr></table><table border="0" cellpadding="1" cellspacing="0" width="100%"><tr><td><h3 class="ctxid">method:getVendor() [NONE]</h3></td></tr><tr><td><table border="0" cellpadding="5" cellspacing="1" bgcolor="black" width="100%"><tr valign="top"><td bgcolor="#FFFFFF" colspan="1"> <a start_ctx_id="method:getVendor()"/><a name="getVendor--"/><ul class="blockList"><li class="blockList"><h4>getVendor</h4><pre>public java.lang.String getVendor()</pre><div class="block">Returns the name of the vendor that supports this data type.          </div><dl> <dt> <span class="overrideSpecifyLabel">Specified by: </span>   </dt><dd> <code><a href="../../java/sql/SQLType.html#getVendor--">getVendor</a></code> in interface <code><a href="../../java/sql/SQLType.html" title="interface in java.sql">SQLType</a></code>  </dd> <dt> <span class="returnLabel">Returns:</span>   </dt><dd>The name of the vendor for this data type which is java.sql for JDBCType.             </dd>  </dl></li></ul> <a end_ctx_id="method:getVendor()"/>  </td></tr></table></td></tr></table><table border="0" cellpadding="1" cellspacing="0" width="100%"><tr><td><h3 class="ctxid">method:getVendorTypeNumber() [NONE]</h3></td></tr><tr><td><table border="0" cellpadding="5" cellspacing="1" bgcolor="black" width="100%"><tr valign="top"><td bgcolor="#FFFFFF" colspan="1"> <a start_ctx_id="method:getVendorTypeNumber()"/><a name="getVendorTypeNumber--"/><ul class="blockList"><li class="blockList"><h4>getVendorTypeNumber</h4><pre>public java.lang.Integer getVendorTypeNumber()</pre><div class="block">Returns the vendor specific type number for the data type.         </div><dl> <dt> <span class="overrideSpecifyLabel">Specified by: </span>   </dt><dd> <code><a href="../../java/sql/SQLType.html#getVendorTypeNumber--">getVendorTypeNumber</a></code> in interface <code><a href="../../java/sql/SQLType.html" title="interface in java.sql">SQLType</a></code>  </dd> <dt> <span class="returnLabel">Returns:</span>   </dt><dd> An Integer representing the data type. For <code>JDBCType</code>, the value will be the same value as in <code>Types</code> for the data type.                      </dd>  </dl></li></ul> <a end_ctx_id="method:getVendorTypeNumber()"/>  </td></tr></table></td></tr></table><table border="0" cellpadding="1" cellspacing="0" width="100%"><tr><td><h3 class="ctxid">method:valueOf(int) [NONE]</h3></td></tr><tr><td><table border="0" cellpadding="5" cellspacing="1" bgcolor="black" width="100%"><tr valign="top"><td bgcolor="#FFFFFF" colspan="1"> <a start_ctx_id="method:valueOf(int)"/><a name="valueOf-int-"/><ul class="blockListLast"><li class="blockList"><h4>valueOf</h4><pre>
                                            public static <a href="../../java/sql/JDBCType.html" title="enum in java.sql">JDBCType</a> valueOf(int type)
                                        </pre><div class="block"> Returns the <code>JDBCType</code> that corresponds to the specified <code>Types</code> value          </div><dl> <dt> <span class="paramLabel">Parameters:</span>   </dt><dd> <code>type</code> - <code>Types</code> value    </dd> <dt> <span class="returnLabel">Returns:</span>   </dt><dd> The <code>JDBCType</code> constant   </dd> <dt> <span class="throwsLabel">Throws:</span>   </dt><dd> <code>java.lang.IllegalArgumentException</code> - if this enum type has no constant with the specified <code>Types</code> value              </dd> <dt> <span class="seeLabel">See Also: </span>   </dt><dd> <a href="../../java/sql/Types.html" title="class in java.sql"><code>Types</code></a> </dd>    </dl></li></ul> <a end_ctx_id="method:valueOf(int)"/>  </td></tr></table></td></tr></table></diff></diffreport>