<?xml version="1.0" encoding="UTF-8" standalone="yes"?><Document><name>java/sql/ParameterMetaData.spec</name><Context><name>class:ParameterMetaData</name><mt>NONE</mt></Context><Context><name>field:parameterModeIn</name><mt>NONE</mt></Context><Context><name>field:parameterModeInOut</name><mt>NONE</mt></Context><Context><name>field:parameterModeOut</name><mt>NONE</mt></Context><Context><name>field:parameterModeUnknown</name><mt>NONE</mt></Context><Context><name>field:parameterNoNulls</name><mt>NONE</mt></Context><Context><name>field:parameterNullable</name><mt>NONE</mt></Context><Context><name>field:parameterNullableUnknown</name><mt>NONE</mt></Context><Context><name>method:getParameterClassName(int)</name><mt>NONE</mt></Context><Context><name>method:getParameterCount()</name><mt>NONE</mt></Context><Context><name>method:getParameterMode(int)</name><mt>NONE</mt></Context><Context><name>method:getParameterType(int)</name><mt>NONE</mt></Context><Context><name>method:getParameterTypeName(int)</name><mt>NONE</mt></Context><Context><name>method:getPrecision(int)</name><mt>NONE</mt></Context><Context><name>method:getScale(int)</name><mt>NONE</mt></Context><Context><name>method:isNullable(int)</name><mt>NONE</mt></Context><Context><name>method:isSigned(int)</name><mt>NONE</mt></Context><Stat><name>java/sql/ParameterMetaData.spec</name><mt>NONE</mt><Group name="context"><Item name="ADDED" count="0"/><Item name="REMOVED" count="0"/><Item name="CHANGED" count="0"/><Item name="MODIFIED" count="0"/><Item name="MOVED" count="0"/><Item name="MOVED_CHANGED" count="0"/><Item name="JOINT" count="0"/><Item name="SPLIT" count="0"/><Item name="TOTAL" count="17"/></Group><Group name="assertion"><Item name="ADDED" count="0"/><Item name="REMOVED" count="0"/><Item name="CHANGED" count="0"/><Item name="MODIFIED" count="0"/><Item name="MOVED" count="0"/><Item name="MOVED_CHANGED" count="0"/><Item name="JOINT" count="0"/><Item name="SPLIT" count="0"/><Item name="TOTAL" count="0"/></Group></Stat></Document>