<?xml version="1.0" encoding="UTF-8"?><diffreport><diff><table border="0" cellpadding="1" cellspacing="0" width="100%"><tr><td><h3 class="ctxid">class:ParameterMetaData [NONE]</h3></td></tr><tr><td><table border="0" cellpadding="5" cellspacing="1" bgcolor="black" width="100%"><tr valign="top"><td bgcolor="#FFFFFF" colspan="1"><div class="description"> <a start_ctx_id="class:ParameterMetaData"/><ul class="blockList"><li class="blockList"><dl> <dt>All Superinterfaces: </dt><dd> <code><a href="../../java/sql/Wrapper.html" title="interface in java.sql">Wrapper</a></code> </dd> </dl> <hr/> <br/><pre>
                            public interface <span class="typeNameLabel">ParameterMetaData</span>
extends <a href="../../java/sql/Wrapper.html" title="interface in java.sql">Wrapper</a>
                        </pre><div class="block"> An object that can be used to get information about the types and properties for each parameter marker in a <code>PreparedStatement</code> object. For some queries and driver implementations, the data that would be returned by a <code>ParameterMetaData</code> object may not be available until the <code>PreparedStatement</code> has been executed.<p> Some driver implementations may not be able to provide information about the types and properties for each parameter marker in a <code>CallableStatement</code> object.                       </p>                                                </div><dl> <dt> <span class="simpleTagLabel">Since:</span>   </dt><dd>1.4</dd> </dl>  </li></ul> </div> <a end_ctx_id="class:ParameterMetaData"/> </td></tr></table></td></tr></table><table border="0" cellpadding="1" cellspacing="0" width="100%"><tr><td><h3 class="ctxid">field:parameterNoNulls [NONE]</h3></td></tr><tr><td><table border="0" cellpadding="5" cellspacing="1" bgcolor="black" width="100%"><tr valign="top"><td bgcolor="#FFFFFF" colspan="1"> <a start_ctx_id="field:parameterNoNulls"/><a name="parameterNoNulls"/><ul class="blockList"><li class="blockList"><h4>parameterNoNulls</h4><pre>static final int parameterNoNulls</pre><div class="block"> The constant indicating that a parameter will not allow <code>NULL</code> values.           </div><dl> <dt> <span class="seeLabel">See Also: </span>   </dt><dd> <a href="../../constant-values.html#java.sql.ParameterMetaData.parameterNoNulls">Constant Field Values  </a> </dd> </dl></li></ul> <a end_ctx_id="field:parameterNoNulls"/>  </td></tr></table></td></tr></table><table border="0" cellpadding="1" cellspacing="0" width="100%"><tr><td><h3 class="ctxid">field:parameterNullable [NONE]</h3></td></tr><tr><td><table border="0" cellpadding="5" cellspacing="1" bgcolor="black" width="100%"><tr valign="top"><td bgcolor="#FFFFFF" colspan="1"> <a start_ctx_id="field:parameterNullable"/><a name="parameterNullable"/><ul class="blockList"><li class="blockList"><h4>parameterNullable</h4><pre>static final int parameterNullable</pre><div class="block"> The constant indicating that a parameter will allow <code>NULL</code> values.          </div><dl> <dt> <span class="seeLabel">See Also: </span>   </dt><dd> <a href="../../constant-values.html#java.sql.ParameterMetaData.parameterNullable">Constant Field Values  </a> </dd> </dl></li></ul> <a end_ctx_id="field:parameterNullable"/>  </td></tr></table></td></tr></table><table border="0" cellpadding="1" cellspacing="0" width="100%"><tr><td><h3 class="ctxid">field:parameterNullableUnknown [NONE]</h3></td></tr><tr><td><table border="0" cellpadding="5" cellspacing="1" bgcolor="black" width="100%"><tr valign="top"><td bgcolor="#FFFFFF" colspan="1"> <a start_ctx_id="field:parameterNullableUnknown"/><a name="parameterNullableUnknown"/><ul class="blockList"><li class="blockList"><h4>parameterNullableUnknown</h4><pre>static final int parameterNullableUnknown</pre><div class="block">The constant indicating that the nullability of a parameter is unknown.          </div><dl> <dt> <span class="seeLabel">See Also: </span>   </dt><dd> <a href="../../constant-values.html#java.sql.ParameterMetaData.parameterNullableUnknown">Constant Field Values  </a> </dd> </dl></li></ul> <a end_ctx_id="field:parameterNullableUnknown"/>  </td></tr></table></td></tr></table><table border="0" cellpadding="1" cellspacing="0" width="100%"><tr><td><h3 class="ctxid">field:parameterModeUnknown [NONE]</h3></td></tr><tr><td><table border="0" cellpadding="5" cellspacing="1" bgcolor="black" width="100%"><tr valign="top"><td bgcolor="#FFFFFF" colspan="1"> <a start_ctx_id="field:parameterModeUnknown"/><a name="parameterModeUnknown"/><ul class="blockList"><li class="blockList"><h4>parameterModeUnknown</h4><pre>static final int parameterModeUnknown</pre><div class="block">The constant indicating that the mode of the parameter is unknown.          </div><dl> <dt> <span class="seeLabel">See Also: </span>   </dt><dd> <a href="../../constant-values.html#java.sql.ParameterMetaData.parameterModeUnknown">Constant Field Values  </a> </dd> </dl></li></ul> <a end_ctx_id="field:parameterModeUnknown"/>  </td></tr></table></td></tr></table><table border="0" cellpadding="1" cellspacing="0" width="100%"><tr><td><h3 class="ctxid">field:parameterModeIn [NONE]</h3></td></tr><tr><td><table border="0" cellpadding="5" cellspacing="1" bgcolor="black" width="100%"><tr valign="top"><td bgcolor="#FFFFFF" colspan="1"> <a start_ctx_id="field:parameterModeIn"/><a name="parameterModeIn"/><ul class="blockList"><li class="blockList"><h4>parameterModeIn</h4><pre>static final int parameterModeIn</pre><div class="block">The constant indicating that the parameter's mode is IN.        </div><dl> <dt> <span class="seeLabel">See Also: </span>   </dt><dd> <a href="../../constant-values.html#java.sql.ParameterMetaData.parameterModeIn">Constant Field Values  </a> </dd> </dl></li></ul> <a end_ctx_id="field:parameterModeIn"/>  </td></tr></table></td></tr></table><table border="0" cellpadding="1" cellspacing="0" width="100%"><tr><td><h3 class="ctxid">field:parameterModeInOut [NONE]</h3></td></tr><tr><td><table border="0" cellpadding="5" cellspacing="1" bgcolor="black" width="100%"><tr valign="top"><td bgcolor="#FFFFFF" colspan="1"> <a start_ctx_id="field:parameterModeInOut"/><a name="parameterModeInOut"/><ul class="blockList"><li class="blockList"><h4>parameterModeInOut</h4><pre>static final int parameterModeInOut</pre><div class="block">The constant indicating that the parameter's mode is INOUT.        </div><dl> <dt> <span class="seeLabel">See Also: </span>   </dt><dd> <a href="../../constant-values.html#java.sql.ParameterMetaData.parameterModeInOut">Constant Field Values  </a> </dd> </dl></li></ul> <a end_ctx_id="field:parameterModeInOut"/>  </td></tr></table></td></tr></table><table border="0" cellpadding="1" cellspacing="0" width="100%"><tr><td><h3 class="ctxid">field:parameterModeOut [NONE]</h3></td></tr><tr><td><table border="0" cellpadding="5" cellspacing="1" bgcolor="black" width="100%"><tr valign="top"><td bgcolor="#FFFFFF" colspan="1"> <a start_ctx_id="field:parameterModeOut"/><a name="parameterModeOut"/><ul class="blockListLast"><li class="blockList"><h4>parameterModeOut</h4><pre>static final int parameterModeOut</pre><div class="block">The constant indicating that the parameter's mode is OUT.        </div><dl> <dt> <span class="seeLabel">See Also: </span>   </dt><dd> <a href="../../constant-values.html#java.sql.ParameterMetaData.parameterModeOut">Constant Field Values  </a> </dd> </dl></li></ul> <a end_ctx_id="field:parameterModeOut"/>  </td></tr></table></td></tr></table><table border="0" cellpadding="1" cellspacing="0" width="100%"><tr><td><h3 class="ctxid">method:getParameterCount() [NONE]</h3></td></tr><tr><td><table border="0" cellpadding="5" cellspacing="1" bgcolor="black" width="100%"><tr valign="top"><td bgcolor="#FFFFFF" colspan="1"> <a start_ctx_id="method:getParameterCount()"/><a name="getParameterCount--"/><ul class="blockList"><li class="blockList"><h4>getParameterCount</h4><pre>
                                            int getParameterCount()
               throws <a href="../../java/sql/SQLException.html" title="class in java.sql">SQLException</a>
                                        </pre><div class="block"> Retrieves the number of parameters in the <code>PreparedStatement</code> object for which this <code>ParameterMetaData</code> object contains information.                </div><dl> <dt> <span class="returnLabel">Returns:</span>   </dt><dd>the number of parameters   </dd> <dt> <span class="throwsLabel">Throws:</span>   </dt><dd> <code><a href="../../java/sql/SQLException.html" title="class in java.sql">SQLException</a></code> - if a database access error occurs        </dd> <dt> <span class="simpleTagLabel">Since:</span>   </dt><dd>1.4</dd>   </dl></li></ul> <a end_ctx_id="method:getParameterCount()"/>  </td></tr></table></td></tr></table><table border="0" cellpadding="1" cellspacing="0" width="100%"><tr><td><h3 class="ctxid">method:isNullable(int) [NONE]</h3></td></tr><tr><td><table border="0" cellpadding="5" cellspacing="1" bgcolor="black" width="100%"><tr valign="top"><td bgcolor="#FFFFFF" colspan="1"> <a start_ctx_id="method:isNullable(int)"/><a name="isNullable-int-"/><ul class="blockList"><li class="blockList"><h4>isNullable</h4><pre>
                                            int isNullable(int param)
        throws <a href="../../java/sql/SQLException.html" title="class in java.sql">SQLException</a>
                                        </pre><div class="block">Retrieves whether null values are allowed in the designated parameter.         </div><dl> <dt> <span class="paramLabel">Parameters:</span>   </dt><dd> <code>param</code> - the first parameter is 1, the second is 2, ...            </dd> <dt> <span class="returnLabel">Returns:</span>   </dt><dd> the nullability status of the given parameter; one of <code>ParameterMetaData.parameterNoNulls</code>, <code>ParameterMetaData.parameterNullable</code>, or <code>ParameterMetaData.parameterNullableUnknown</code>             </dd> <dt> <span class="throwsLabel">Throws:</span>   </dt><dd> <code><a href="../../java/sql/SQLException.html" title="class in java.sql">SQLException</a></code> - if a database access error occurs        </dd> <dt> <span class="simpleTagLabel">Since:</span>   </dt><dd>1.4</dd>    </dl></li></ul> <a end_ctx_id="method:isNullable(int)"/>  </td></tr></table></td></tr></table><table border="0" cellpadding="1" cellspacing="0" width="100%"><tr><td><h3 class="ctxid">method:isSigned(int) [NONE]</h3></td></tr><tr><td><table border="0" cellpadding="5" cellspacing="1" bgcolor="black" width="100%"><tr valign="top"><td bgcolor="#FFFFFF" colspan="1"> <a start_ctx_id="method:isSigned(int)"/><a name="isSigned-int-"/><ul class="blockList"><li class="blockList"><h4>isSigned</h4><pre>
                                            boolean isSigned(int param)
          throws <a href="../../java/sql/SQLException.html" title="class in java.sql">SQLException</a>
                                        </pre><div class="block">Retrieves whether values for the designated parameter can be signed numbers.          </div><dl> <dt> <span class="paramLabel">Parameters:</span>   </dt><dd> <code>param</code> - the first parameter is 1, the second is 2, ...            </dd> <dt> <span class="returnLabel">Returns:</span>   </dt><dd> <code>true</code> if so; <code>false</code> otherwise     </dd> <dt> <span class="throwsLabel">Throws:</span>   </dt><dd> <code><a href="../../java/sql/SQLException.html" title="class in java.sql">SQLException</a></code> - if a database access error occurs        </dd> <dt> <span class="simpleTagLabel">Since:</span>   </dt><dd>1.4</dd>    </dl></li></ul> <a end_ctx_id="method:isSigned(int)"/>  </td></tr></table></td></tr></table><table border="0" cellpadding="1" cellspacing="0" width="100%"><tr><td><h3 class="ctxid">method:getPrecision(int) [NONE]</h3></td></tr><tr><td><table border="0" cellpadding="5" cellspacing="1" bgcolor="black" width="100%"><tr valign="top"><td bgcolor="#FFFFFF" colspan="1"> <a start_ctx_id="method:getPrecision(int)"/><a name="getPrecision-int-"/><ul class="blockList"><li class="blockList"><h4>getPrecision</h4><pre>
                                            int getPrecision(int param)
          throws <a href="../../java/sql/SQLException.html" title="class in java.sql">SQLException</a>
                                        </pre><div class="block"> Retrieves the designated parameter's specified column size.<p>The returned value represents the maximum column size for the given parameter. For numeric data, this is the maximum precision. For character data, this is the length in characters. For datetime datatypes, this is the length in characters of the String representation (assuming the maximum allowed precision of the fractional seconds component). For binary data, this is the length in bytes. For the ROWID datatype, this is the length in bytes. 0 is returned for data types where the column size is not applicable.                                                                                   </p>       </div><dl> <dt> <span class="paramLabel">Parameters:</span>   </dt><dd> <code>param</code> - the first parameter is 1, the second is 2, ...            </dd> <dt> <span class="returnLabel">Returns:</span>   </dt><dd>precision</dd> <dt> <span class="throwsLabel">Throws:</span>   </dt><dd> <code><a href="../../java/sql/SQLException.html" title="class in java.sql">SQLException</a></code> - if a database access error occurs        </dd> <dt> <span class="simpleTagLabel">Since:</span>   </dt><dd>1.4</dd>    </dl></li></ul> <a end_ctx_id="method:getPrecision(int)"/>  </td></tr></table></td></tr></table><table border="0" cellpadding="1" cellspacing="0" width="100%"><tr><td><h3 class="ctxid">method:getScale(int) [NONE]</h3></td></tr><tr><td><table border="0" cellpadding="5" cellspacing="1" bgcolor="black" width="100%"><tr valign="top"><td bgcolor="#FFFFFF" colspan="1"> <a start_ctx_id="method:getScale(int)"/><a name="getScale-int-"/><ul class="blockList"><li class="blockList"><h4>getScale</h4><pre>
                                            int getScale(int param)
      throws <a href="../../java/sql/SQLException.html" title="class in java.sql">SQLException</a>
                                        </pre><div class="block">Retrieves the designated parameter's number of digits to right of the decimal point. 0 is returned for data types where the scale is not applicable.                        </div><dl> <dt> <span class="paramLabel">Parameters:</span>   </dt><dd> <code>param</code> - the first parameter is 1, the second is 2, ...            </dd> <dt> <span class="returnLabel">Returns:</span>   </dt><dd>scale</dd> <dt> <span class="throwsLabel">Throws:</span>   </dt><dd> <code><a href="../../java/sql/SQLException.html" title="class in java.sql">SQLException</a></code> - if a database access error occurs        </dd> <dt> <span class="simpleTagLabel">Since:</span>   </dt><dd>1.4</dd>    </dl></li></ul> <a end_ctx_id="method:getScale(int)"/>  </td></tr></table></td></tr></table><table border="0" cellpadding="1" cellspacing="0" width="100%"><tr><td><h3 class="ctxid">method:getParameterType(int) [NONE]</h3></td></tr><tr><td><table border="0" cellpadding="5" cellspacing="1" bgcolor="black" width="100%"><tr valign="top"><td bgcolor="#FFFFFF" colspan="1"> <a start_ctx_id="method:getParameterType(int)"/><a name="getParameterType-int-"/><ul class="blockList"><li class="blockList"><h4>getParameterType</h4><pre>
                                            int getParameterType(int param)
              throws <a href="../../java/sql/SQLException.html" title="class in java.sql">SQLException</a>
                                        </pre><div class="block">Retrieves the designated parameter's SQL type.     </div><dl> <dt> <span class="paramLabel">Parameters:</span>   </dt><dd> <code>param</code> - the first parameter is 1, the second is 2, ...            </dd> <dt> <span class="returnLabel">Returns:</span>   </dt><dd> SQL type from <code>java.sql.Types</code>    </dd> <dt> <span class="throwsLabel">Throws:</span>   </dt><dd> <code><a href="../../java/sql/SQLException.html" title="class in java.sql">SQLException</a></code> - if a database access error occurs        </dd> <dt> <span class="simpleTagLabel">Since:</span>   </dt><dd>1.4</dd> <dt> <span class="seeLabel">See Also: </span>   </dt><dd> <a href="../../java/sql/Types.html" title="class in java.sql"><code>Types</code></a> </dd>     </dl></li></ul> <a end_ctx_id="method:getParameterType(int)"/>  </td></tr></table></td></tr></table><table border="0" cellpadding="1" cellspacing="0" width="100%"><tr><td><h3 class="ctxid">method:getParameterTypeName(int) [NONE]</h3></td></tr><tr><td><table border="0" cellpadding="5" cellspacing="1" bgcolor="black" width="100%"><tr valign="top"><td bgcolor="#FFFFFF" colspan="1"> <a start_ctx_id="method:getParameterTypeName(int)"/><a name="getParameterTypeName-int-"/><ul class="blockList"><li class="blockList"><h4>getParameterTypeName</h4><pre>
                                            java.lang.String getParameterTypeName(int param)
                               throws <a href="../../java/sql/SQLException.html" title="class in java.sql">SQLException</a>
                                        </pre><div class="block">Retrieves the designated parameter's database-specific type name.      </div><dl> <dt> <span class="paramLabel">Parameters:</span>   </dt><dd> <code>param</code> - the first parameter is 1, the second is 2, ...            </dd> <dt> <span class="returnLabel">Returns:</span>   </dt><dd>type the name used by the database. If the parameter type is a user-defined type, then a fully-qualified type name is returned.                     </dd> <dt> <span class="throwsLabel">Throws:</span>   </dt><dd> <code><a href="../../java/sql/SQLException.html" title="class in java.sql">SQLException</a></code> - if a database access error occurs        </dd> <dt> <span class="simpleTagLabel">Since:</span>   </dt><dd>1.4</dd>    </dl></li></ul> <a end_ctx_id="method:getParameterTypeName(int)"/>  </td></tr></table></td></tr></table><table border="0" cellpadding="1" cellspacing="0" width="100%"><tr><td><h3 class="ctxid">method:getParameterClassName(int) [NONE]</h3></td></tr><tr><td><table border="0" cellpadding="5" cellspacing="1" bgcolor="black" width="100%"><tr valign="top"><td bgcolor="#FFFFFF" colspan="1"> <a start_ctx_id="method:getParameterClassName(int)"/><a name="getParameterClassName-int-"/><ul class="blockList"><li class="blockList"><h4>getParameterClassName</h4><pre>
                                            java.lang.String getParameterClassName(int param)
                                throws <a href="../../java/sql/SQLException.html" title="class in java.sql">SQLException</a>
                                        </pre><div class="block"> Retrieves the fully-qualified name of the Java class whose instances should be passed to the method <code>PreparedStatement.setObject</code>.                 </div><dl> <dt> <span class="paramLabel">Parameters:</span>   </dt><dd> <code>param</code> - the first parameter is 1, the second is 2, ...            </dd> <dt> <span class="returnLabel">Returns:</span>   </dt><dd> the fully-qualified name of the class in the Java programming language that would be used by the method <code>PreparedStatement.setObject</code> to set the value in the specified parameter. This is the class name used for custom mapping.                                    </dd> <dt> <span class="throwsLabel">Throws:</span>   </dt><dd> <code><a href="../../java/sql/SQLException.html" title="class in java.sql">SQLException</a></code> - if a database access error occurs        </dd> <dt> <span class="simpleTagLabel">Since:</span>   </dt><dd>1.4</dd>    </dl></li></ul> <a end_ctx_id="method:getParameterClassName(int)"/>  </td></tr></table></td></tr></table><table border="0" cellpadding="1" cellspacing="0" width="100%"><tr><td><h3 class="ctxid">method:getParameterMode(int) [NONE]</h3></td></tr><tr><td><table border="0" cellpadding="5" cellspacing="1" bgcolor="black" width="100%"><tr valign="top"><td bgcolor="#FFFFFF" colspan="1"> <a start_ctx_id="method:getParameterMode(int)"/><a name="getParameterMode-int-"/><ul class="blockListLast"><li class="blockList"><h4>getParameterMode</h4><pre>
                                            int getParameterMode(int param)
              throws <a href="../../java/sql/SQLException.html" title="class in java.sql">SQLException</a>
                                        </pre><div class="block">Retrieves the designated parameter's mode.    </div><dl> <dt> <span class="paramLabel">Parameters:</span>   </dt><dd> <code>param</code> - the first parameter is 1, the second is 2, ...            </dd> <dt> <span class="returnLabel">Returns:</span>   </dt><dd> mode of the parameter; one of <code>ParameterMetaData.parameterModeIn</code>, <code>ParameterMetaData.parameterModeOut</code>, or <code>ParameterMetaData.parameterModeInOut</code><code>ParameterMetaData.parameterModeUnknown</code>.          </dd> <dt> <span class="throwsLabel">Throws:</span>   </dt><dd> <code><a href="../../java/sql/SQLException.html" title="class in java.sql">SQLException</a></code> - if a database access error occurs        </dd> <dt> <span class="simpleTagLabel">Since:</span>   </dt><dd>1.4</dd>    </dl></li></ul> <a end_ctx_id="method:getParameterMode(int)"/>  </td></tr></table></td></tr></table></diff></diffreport>