<?xml version="1.0" encoding="UTF-8"?><diffreport><diff><table border="0" cellpadding="1" cellspacing="0" width="100%"><tr><td><h3 class="ctxid">class:PseudoColumnUsage [NONE]</h3></td></tr><tr><td><table border="0" cellpadding="5" cellspacing="1" bgcolor="black" width="100%"><tr valign="top"><td bgcolor="#FFFFFF" colspan="1"><div class="description"> <a start_ctx_id="class:PseudoColumnUsage"/><ul class="blockList"><li class="blockList"> <hr/> <br/><pre>
                            public enum <span class="typeNameLabel">PseudoColumnUsage</span>
extends java.lang.Enum&lt;<a href="../../java/sql/PseudoColumnUsage.html" title="enum in java.sql">PseudoColumnUsage</a>&gt;
                        </pre><div class="block">Enumeration for pseudo/hidden column usage.    </div><dl> <dt> <span class="simpleTagLabel">Since:</span>   </dt><dd>1.7</dd> <dt> <span class="seeLabel">See Also: </span>   </dt><dd> <a href="../../java/sql/DatabaseMetaData.html#getPseudoColumns-java.lang.String-java.lang.String-java.lang.String-java.lang.String-"><code>DatabaseMetaData.getPseudoColumns(java.lang.String, java.lang.String, java.lang.String, java.lang.String)   </code></a> </dd>  </dl>  </li></ul> </div> <a end_ctx_id="class:PseudoColumnUsage"/> </td></tr></table></td></tr></table><table border="0" cellpadding="1" cellspacing="0" width="100%"><tr><td><h3 class="ctxid">field:SELECT_LIST_ONLY [NONE]</h3></td></tr><tr><td><table border="0" cellpadding="5" cellspacing="1" bgcolor="black" width="100%"><tr valign="top"><td bgcolor="#FFFFFF" colspan="1"> <a start_ctx_id="field:SELECT_LIST_ONLY"/><a name="SELECT_LIST_ONLY"/><ul class="blockList"><li class="blockList"><h4>SELECT_LIST_ONLY</h4><pre>
                                            public static final <a href="../../java/sql/PseudoColumnUsage.html" title="enum in java.sql">PseudoColumnUsage</a> SELECT_LIST_ONLY
                                        </pre><div class="block">The pseudo/hidden column may only be used in a SELECT list.          </div></li></ul> <a end_ctx_id="field:SELECT_LIST_ONLY"/>  </td></tr></table></td></tr></table><table border="0" cellpadding="1" cellspacing="0" width="100%"><tr><td><h3 class="ctxid">field:WHERE_CLAUSE_ONLY [NONE]</h3></td></tr><tr><td><table border="0" cellpadding="5" cellspacing="1" bgcolor="black" width="100%"><tr valign="top"><td bgcolor="#FFFFFF" colspan="1"> <a start_ctx_id="field:WHERE_CLAUSE_ONLY"/><a name="WHERE_CLAUSE_ONLY"/><ul class="blockList"><li class="blockList"><h4>WHERE_CLAUSE_ONLY</h4><pre>
                                            public static final <a href="../../java/sql/PseudoColumnUsage.html" title="enum in java.sql">PseudoColumnUsage</a> WHERE_CLAUSE_ONLY
                                        </pre><div class="block">The pseudo/hidden column may only be used in a WHERE clause.          </div></li></ul> <a end_ctx_id="field:WHERE_CLAUSE_ONLY"/>  </td></tr></table></td></tr></table><table border="0" cellpadding="1" cellspacing="0" width="100%"><tr><td><h3 class="ctxid">field:NO_USAGE_RESTRICTIONS [NONE]</h3></td></tr><tr><td><table border="0" cellpadding="5" cellspacing="1" bgcolor="black" width="100%"><tr valign="top"><td bgcolor="#FFFFFF" colspan="1"> <a start_ctx_id="field:NO_USAGE_RESTRICTIONS"/><a name="NO_USAGE_RESTRICTIONS"/><ul class="blockList"><li class="blockList"><h4>NO_USAGE_RESTRICTIONS</h4><pre>
                                            public static final <a href="../../java/sql/PseudoColumnUsage.html" title="enum in java.sql">PseudoColumnUsage</a> NO_USAGE_RESTRICTIONS
                                        </pre><div class="block">There are no restrictions on the usage of the pseudo/hidden columns.          </div></li></ul> <a end_ctx_id="field:NO_USAGE_RESTRICTIONS"/>  </td></tr></table></td></tr></table><table border="0" cellpadding="1" cellspacing="0" width="100%"><tr><td><h3 class="ctxid">field:USAGE_UNKNOWN [NONE]</h3></td></tr><tr><td><table border="0" cellpadding="5" cellspacing="1" bgcolor="black" width="100%"><tr valign="top"><td bgcolor="#FFFFFF" colspan="1"> <a start_ctx_id="field:USAGE_UNKNOWN"/><a name="USAGE_UNKNOWN"/><ul class="blockListLast"><li class="blockList"><h4>USAGE_UNKNOWN</h4><pre>
                                            public static final <a href="../../java/sql/PseudoColumnUsage.html" title="enum in java.sql">PseudoColumnUsage</a> USAGE_UNKNOWN
                                        </pre><div class="block">The usage of the pseudo/hidden column cannot be determined.        </div></li></ul> <a end_ctx_id="field:USAGE_UNKNOWN"/>  </td></tr></table></td></tr></table><table border="0" cellpadding="1" cellspacing="0" width="100%"><tr><td><h3 class="ctxid">method:values() [NONE]</h3></td></tr><tr><td><table border="0" cellpadding="5" cellspacing="1" bgcolor="black" width="100%"><tr valign="top"><td bgcolor="#FFFFFF" colspan="1"> <a start_ctx_id="method:values()"/><a name="values--"/><ul class="blockList"><li class="blockList"><h4>values</h4><pre>
                                            public static <a href="../../java/sql/PseudoColumnUsage.html" title="enum in java.sql">PseudoColumnUsage</a>[] values()
                                        </pre><div class="block"> Returns an array containing the constants of this enum type, in the order they are declared. This method may be used to iterate over the constants as follows:<pre>
for (PseudoColumnUsage c : PseudoColumnUsage.values())
    System.out.println(c);
</pre>                            </div><dl> <dt> <span class="returnLabel">Returns:</span>   </dt><dd>an array containing the constants of this enum type, in the order they are declared              </dd> </dl></li></ul> <a end_ctx_id="method:values()"/>  </td></tr></table></td></tr></table><table border="0" cellpadding="1" cellspacing="0" width="100%"><tr><td><h3 class="ctxid">method:valueOf(java.lang.String) [NONE]</h3></td></tr><tr><td><table border="0" cellpadding="5" cellspacing="1" bgcolor="black" width="100%"><tr valign="top"><td bgcolor="#FFFFFF" colspan="1"> <a start_ctx_id="method:valueOf(java.lang.String)"/><a name="valueOf-java.lang.String-"/><ul class="blockListLast"><li class="blockList"><h4>valueOf</h4><pre>
                                            public static <a href="../../java/sql/PseudoColumnUsage.html" title="enum in java.sql">PseudoColumnUsage</a> valueOf(java.lang.String name)
                                        </pre><div class="block"> Returns the enum constant of this type with the specified name. The string must match <i>exactly</i> an identifier used to declare an enum constant in this type. (Extraneous whitespace characters are not permitted.)                                 </div><dl> <dt> <span class="paramLabel">Parameters:</span>   </dt><dd> <code>name</code> - the name of the enum constant to be returned.           </dd> <dt> <span class="returnLabel">Returns:</span>   </dt><dd>the enum constant with the specified name      </dd> <dt> <span class="throwsLabel">Throws:</span>   </dt><dd> <code>java.lang.IllegalArgumentException</code> - if this enum type has no constant with the specified name             </dd><dd> <code>java.lang.NullPointerException</code> - if the argument is null       </dd>   </dl></li></ul> <a end_ctx_id="method:valueOf(java.lang.String)"/>  </td></tr></table></td></tr></table></diff></diffreport>