<?xml version="1.0" encoding="UTF-8" standalone="yes"?><Document><name>java/sql/PseudoColumnUsage.spec</name><Context><name>class:PseudoColumnUsage</name><mt>NONE</mt></Context><Context><name>field:NO_USAGE_RESTRICTIONS</name><mt>NONE</mt></Context><Context><name>field:SELECT_LIST_ONLY</name><mt>NONE</mt></Context><Context><name>field:USAGE_UNKNOWN</name><mt>NONE</mt></Context><Context><name>field:WHERE_CLAUSE_ONLY</name><mt>NONE</mt></Context><Context><name>method:valueOf(java.lang.String)</name><mt>NONE</mt></Context><Context><name>method:values()</name><mt>NONE</mt></Context><Stat><name>java/sql/PseudoColumnUsage.spec</name><mt>NONE</mt><Group name="context"><Item name="ADDED" count="0"/><Item name="REMOVED" count="0"/><Item name="CHANGED" count="0"/><Item name="MODIFIED" count="0"/><Item name="MOVED" count="0"/><Item name="MOVED_CHANGED" count="0"/><Item name="JOINT" count="0"/><Item name="SPLIT" count="0"/><Item name="TOTAL" count="7"/></Group><Group name="assertion"><Item name="ADDED" count="0"/><Item name="REMOVED" count="0"/><Item name="CHANGED" count="0"/><Item name="MODIFIED" count="0"/><Item name="MOVED" count="0"/><Item name="MOVED_CHANGED" count="0"/><Item name="JOINT" count="0"/><Item name="SPLIT" count="0"/><Item name="TOTAL" count="0"/></Group></Stat></Document>