<?xml version="1.0" encoding="UTF-8"?><diffreport><diff><table border="0" cellpadding="1" cellspacing="0" width="100%"><tr><td><h3 class="ctxid">class:ResultSetMetaData [NONE]</h3></td></tr><tr><td><table border="0" cellpadding="5" cellspacing="1" bgcolor="black" width="100%"><tr valign="top"><td bgcolor="#FFFFFF" colspan="1"><div class="description"> <a start_ctx_id="class:ResultSetMetaData"/><ul class="blockList"><li class="blockList"><dl> <dt>All Superinterfaces: </dt><dd> <code><a href="../../java/sql/Wrapper.html" title="interface in java.sql">Wrapper</a></code> </dd> </dl><dl> <dt>All Known Subinterfaces:  </dt><dd> <code><a href="../../javax/sql/RowSetMetaData.html" title="interface in javax.sql">RowSetMetaData</a></code> </dd> </dl> <hr/> <br/><pre>
                            public interface <span class="typeNameLabel">ResultSetMetaData</span>
extends <a href="../../java/sql/Wrapper.html" title="interface in java.sql">Wrapper</a>
                        </pre><div class="block"> An object that can be used to get information about the types and properties of the columns in a <code>ResultSet</code> object. The following code fragment creates the <code>ResultSet</code> object rs, creates the <code>ResultSetMetaData</code> object rsmd, and uses rsmd to find out how many columns rs has and whether the first column in rs can be used in a <code>WHERE</code> clause.<pre>

     ResultSet rs = stmt.executeQuery("SELECT a, b, c FROM TABLE2");
     ResultSetMetaData rsmd = rs.getMetaData();
     int numberOfColumns = rsmd.getColumnCount();
     boolean b = rsmd.isSearchable(1);

 </pre>                                                            </div>  </li></ul> </div> <a end_ctx_id="class:ResultSetMetaData"/> </td></tr></table></td></tr></table><table border="0" cellpadding="1" cellspacing="0" width="100%"><tr><td><h3 class="ctxid">field:columnNoNulls [NONE]</h3></td></tr><tr><td><table border="0" cellpadding="5" cellspacing="1" bgcolor="black" width="100%"><tr valign="top"><td bgcolor="#FFFFFF" colspan="1"> <a start_ctx_id="field:columnNoNulls"/><a name="columnNoNulls"/><ul class="blockList"><li class="blockList"><h4>columnNoNulls</h4><pre>static final int columnNoNulls</pre><div class="block"> The constant indicating that a column does not allow <code>NULL</code> values.           </div><dl> <dt> <span class="seeLabel">See Also: </span>   </dt><dd> <a href="../../constant-values.html#java.sql.ResultSetMetaData.columnNoNulls">Constant Field Values  </a> </dd> </dl></li></ul> <a end_ctx_id="field:columnNoNulls"/>  </td></tr></table></td></tr></table><table border="0" cellpadding="1" cellspacing="0" width="100%"><tr><td><h3 class="ctxid">field:columnNullable [NONE]</h3></td></tr><tr><td><table border="0" cellpadding="5" cellspacing="1" bgcolor="black" width="100%"><tr valign="top"><td bgcolor="#FFFFFF" colspan="1"> <a start_ctx_id="field:columnNullable"/><a name="columnNullable"/><ul class="blockList"><li class="blockList"><h4>columnNullable</h4><pre>static final int columnNullable</pre><div class="block"> The constant indicating that a column allows <code>NULL</code> values.         </div><dl> <dt> <span class="seeLabel">See Also: </span>   </dt><dd> <a href="../../constant-values.html#java.sql.ResultSetMetaData.columnNullable">Constant Field Values  </a> </dd> </dl></li></ul> <a end_ctx_id="field:columnNullable"/>  </td></tr></table></td></tr></table><table border="0" cellpadding="1" cellspacing="0" width="100%"><tr><td><h3 class="ctxid">field:columnNullableUnknown [NONE]</h3></td></tr><tr><td><table border="0" cellpadding="5" cellspacing="1" bgcolor="black" width="100%"><tr valign="top"><td bgcolor="#FFFFFF" colspan="1"> <a start_ctx_id="field:columnNullableUnknown"/><a name="columnNullableUnknown"/><ul class="blockListLast"><li class="blockList"><h4>columnNullableUnknown</h4><pre>static final int columnNullableUnknown</pre><div class="block">The constant indicating that the nullability of a column's values is unknown.           </div><dl> <dt> <span class="seeLabel">See Also: </span>   </dt><dd> <a href="../../constant-values.html#java.sql.ResultSetMetaData.columnNullableUnknown">Constant Field Values  </a> </dd> </dl></li></ul> <a end_ctx_id="field:columnNullableUnknown"/>  </td></tr></table></td></tr></table><table border="0" cellpadding="1" cellspacing="0" width="100%"><tr><td><h3 class="ctxid">method:getColumnCount() [NONE]</h3></td></tr><tr><td><table border="0" cellpadding="5" cellspacing="1" bgcolor="black" width="100%"><tr valign="top"><td bgcolor="#FFFFFF" colspan="1"> <a start_ctx_id="method:getColumnCount()"/><a name="getColumnCount--"/><ul class="blockList"><li class="blockList"><h4>getColumnCount</h4><pre>
                                            int getColumnCount()
            throws <a href="../../java/sql/SQLException.html" title="class in java.sql">SQLException</a>
                                        </pre><div class="block"> Returns the number of columns in this <code>ResultSet</code> object.         </div><dl> <dt> <span class="returnLabel">Returns:</span>   </dt><dd>the number of columns   </dd> <dt> <span class="throwsLabel">Throws:</span>   </dt><dd> <code><a href="../../java/sql/SQLException.html" title="class in java.sql">SQLException</a></code> - if a database access error occurs        </dd>  </dl></li></ul> <a end_ctx_id="method:getColumnCount()"/>  </td></tr></table></td></tr></table><table border="0" cellpadding="1" cellspacing="0" width="100%"><tr><td><h3 class="ctxid">method:isAutoIncrement(int) [NONE]</h3></td></tr><tr><td><table border="0" cellpadding="5" cellspacing="1" bgcolor="black" width="100%"><tr valign="top"><td bgcolor="#FFFFFF" colspan="1"> <a start_ctx_id="method:isAutoIncrement(int)"/><a name="isAutoIncrement-int-"/><ul class="blockList"><li class="blockList"><h4>isAutoIncrement</h4><pre>
                                            boolean isAutoIncrement(int column)
                 throws <a href="../../java/sql/SQLException.html" title="class in java.sql">SQLException</a>
                                        </pre><div class="block">Indicates whether the designated column is automatically numbered.       </div><dl> <dt> <span class="paramLabel">Parameters:</span>   </dt><dd> <code>column</code> - the first column is 1, the second is 2, ...            </dd> <dt> <span class="returnLabel">Returns:</span>   </dt><dd> <code>true</code> if so; <code>false</code> otherwise     </dd> <dt> <span class="throwsLabel">Throws:</span>   </dt><dd> <code><a href="../../java/sql/SQLException.html" title="class in java.sql">SQLException</a></code> - if a database access error occurs        </dd>   </dl></li></ul> <a end_ctx_id="method:isAutoIncrement(int)"/>  </td></tr></table></td></tr></table><table border="0" cellpadding="1" cellspacing="0" width="100%"><tr><td><h3 class="ctxid">method:isCaseSensitive(int) [NONE]</h3></td></tr><tr><td><table border="0" cellpadding="5" cellspacing="1" bgcolor="black" width="100%"><tr valign="top"><td bgcolor="#FFFFFF" colspan="1"> <a start_ctx_id="method:isCaseSensitive(int)"/><a name="isCaseSensitive-int-"/><ul class="blockList"><li class="blockList"><h4>isCaseSensitive</h4><pre>
                                            boolean isCaseSensitive(int column)
                 throws <a href="../../java/sql/SQLException.html" title="class in java.sql">SQLException</a>
                                        </pre><div class="block">Indicates whether a column's case matters.     </div><dl> <dt> <span class="paramLabel">Parameters:</span>   </dt><dd> <code>column</code> - the first column is 1, the second is 2, ...            </dd> <dt> <span class="returnLabel">Returns:</span>   </dt><dd> <code>true</code> if so; <code>false</code> otherwise     </dd> <dt> <span class="throwsLabel">Throws:</span>   </dt><dd> <code><a href="../../java/sql/SQLException.html" title="class in java.sql">SQLException</a></code> - if a database access error occurs        </dd>   </dl></li></ul> <a end_ctx_id="method:isCaseSensitive(int)"/>  </td></tr></table></td></tr></table><table border="0" cellpadding="1" cellspacing="0" width="100%"><tr><td><h3 class="ctxid">method:isSearchable(int) [NONE]</h3></td></tr><tr><td><table border="0" cellpadding="5" cellspacing="1" bgcolor="black" width="100%"><tr valign="top"><td bgcolor="#FFFFFF" colspan="1"> <a start_ctx_id="method:isSearchable(int)"/><a name="isSearchable-int-"/><ul class="blockList"><li class="blockList"><h4>isSearchable</h4><pre>
                                            boolean isSearchable(int column)
              throws <a href="../../java/sql/SQLException.html" title="class in java.sql">SQLException</a>
                                        </pre><div class="block">Indicates whether the designated column can be used in a where clause.           </div><dl> <dt> <span class="paramLabel">Parameters:</span>   </dt><dd> <code>column</code> - the first column is 1, the second is 2, ...            </dd> <dt> <span class="returnLabel">Returns:</span>   </dt><dd> <code>true</code> if so; <code>false</code> otherwise     </dd> <dt> <span class="throwsLabel">Throws:</span>   </dt><dd> <code><a href="../../java/sql/SQLException.html" title="class in java.sql">SQLException</a></code> - if a database access error occurs        </dd>   </dl></li></ul> <a end_ctx_id="method:isSearchable(int)"/>  </td></tr></table></td></tr></table><table border="0" cellpadding="1" cellspacing="0" width="100%"><tr><td><h3 class="ctxid">method:isCurrency(int) [NONE]</h3></td></tr><tr><td><table border="0" cellpadding="5" cellspacing="1" bgcolor="black" width="100%"><tr valign="top"><td bgcolor="#FFFFFF" colspan="1"> <a start_ctx_id="method:isCurrency(int)"/><a name="isCurrency-int-"/><ul class="blockList"><li class="blockList"><h4>isCurrency</h4><pre>
                                            boolean isCurrency(int column)
            throws <a href="../../java/sql/SQLException.html" title="class in java.sql">SQLException</a>
                                        </pre><div class="block">Indicates whether the designated column is a cash value.        </div><dl> <dt> <span class="paramLabel">Parameters:</span>   </dt><dd> <code>column</code> - the first column is 1, the second is 2, ...            </dd> <dt> <span class="returnLabel">Returns:</span>   </dt><dd> <code>true</code> if so; <code>false</code> otherwise     </dd> <dt> <span class="throwsLabel">Throws:</span>   </dt><dd> <code><a href="../../java/sql/SQLException.html" title="class in java.sql">SQLException</a></code> - if a database access error occurs        </dd>   </dl></li></ul> <a end_ctx_id="method:isCurrency(int)"/>  </td></tr></table></td></tr></table><table border="0" cellpadding="1" cellspacing="0" width="100%"><tr><td><h3 class="ctxid">method:isNullable(int) [NONE]</h3></td></tr><tr><td><table border="0" cellpadding="5" cellspacing="1" bgcolor="black" width="100%"><tr valign="top"><td bgcolor="#FFFFFF" colspan="1"> <a start_ctx_id="method:isNullable(int)"/><a name="isNullable-int-"/><ul class="blockList"><li class="blockList"><h4>isNullable</h4><pre>
                                            int isNullable(int column)
        throws <a href="../../java/sql/SQLException.html" title="class in java.sql">SQLException</a>
                                        </pre><div class="block">Indicates the nullability of values in the designated column.        </div><dl> <dt> <span class="paramLabel">Parameters:</span>   </dt><dd> <code>column</code> - the first column is 1, the second is 2, ...            </dd> <dt> <span class="returnLabel">Returns:</span>   </dt><dd> the nullability status of the given column; one of <code>columnNoNulls</code>, <code>columnNullable</code> or <code>columnNullableUnknown</code>             </dd> <dt> <span class="throwsLabel">Throws:</span>   </dt><dd> <code><a href="../../java/sql/SQLException.html" title="class in java.sql">SQLException</a></code> - if a database access error occurs        </dd>   </dl></li></ul> <a end_ctx_id="method:isNullable(int)"/>  </td></tr></table></td></tr></table><table border="0" cellpadding="1" cellspacing="0" width="100%"><tr><td><h3 class="ctxid">method:isSigned(int) [NONE]</h3></td></tr><tr><td><table border="0" cellpadding="5" cellspacing="1" bgcolor="black" width="100%"><tr valign="top"><td bgcolor="#FFFFFF" colspan="1"> <a start_ctx_id="method:isSigned(int)"/><a name="isSigned-int-"/><ul class="blockList"><li class="blockList"><h4>isSigned</h4><pre>
                                            boolean isSigned(int column)
          throws <a href="../../java/sql/SQLException.html" title="class in java.sql">SQLException</a>
                                        </pre><div class="block">Indicates whether values in the designated column are signed numbers.         </div><dl> <dt> <span class="paramLabel">Parameters:</span>   </dt><dd> <code>column</code> - the first column is 1, the second is 2, ...            </dd> <dt> <span class="returnLabel">Returns:</span>   </dt><dd> <code>true</code> if so; <code>false</code> otherwise     </dd> <dt> <span class="throwsLabel">Throws:</span>   </dt><dd> <code><a href="../../java/sql/SQLException.html" title="class in java.sql">SQLException</a></code> - if a database access error occurs        </dd>   </dl></li></ul> <a end_ctx_id="method:isSigned(int)"/>  </td></tr></table></td></tr></table><table border="0" cellpadding="1" cellspacing="0" width="100%"><tr><td><h3 class="ctxid">method:getColumnDisplaySize(int) [NONE]</h3></td></tr><tr><td><table border="0" cellpadding="5" cellspacing="1" bgcolor="black" width="100%"><tr valign="top"><td bgcolor="#FFFFFF" colspan="1"> <a start_ctx_id="method:getColumnDisplaySize(int)"/><a name="getColumnDisplaySize-int-"/><ul class="blockList"><li class="blockList"><h4>getColumnDisplaySize</h4><pre>
                                            int getColumnDisplaySize(int column)
                  throws <a href="../../java/sql/SQLException.html" title="class in java.sql">SQLException</a>
                                        </pre><div class="block">Indicates the designated column's normal maximum width in characters.        </div><dl> <dt> <span class="paramLabel">Parameters:</span>   </dt><dd> <code>column</code> - the first column is 1, the second is 2, ...            </dd> <dt> <span class="returnLabel">Returns:</span>   </dt><dd>the normal maximum number of characters allowed as the width of the designated column             </dd> <dt> <span class="throwsLabel">Throws:</span>   </dt><dd> <code><a href="../../java/sql/SQLException.html" title="class in java.sql">SQLException</a></code> - if a database access error occurs        </dd>   </dl></li></ul> <a end_ctx_id="method:getColumnDisplaySize(int)"/>  </td></tr></table></td></tr></table><table border="0" cellpadding="1" cellspacing="0" width="100%"><tr><td><h3 class="ctxid">method:getColumnLabel(int) [NONE]</h3></td></tr><tr><td><table border="0" cellpadding="5" cellspacing="1" bgcolor="black" width="100%"><tr valign="top"><td bgcolor="#FFFFFF" colspan="1"> <a start_ctx_id="method:getColumnLabel(int)"/><a name="getColumnLabel-int-"/><ul class="blockList"><li class="blockList"><h4>getColumnLabel</h4><pre>
                                            java.lang.String getColumnLabel(int column)
                         throws <a href="../../java/sql/SQLException.html" title="class in java.sql">SQLException</a>
                                        </pre><div class="block"> Gets the designated column's suggested title for use in printouts and displays. The suggested title is usually specified by the SQL <code>AS</code> clause. If a SQL <code>AS</code> is not specified, the value returned from <code>getColumnLabel</code> will be the same as the value returned by the <code>getColumnName</code> method.                                               </div><dl> <dt> <span class="paramLabel">Parameters:</span>   </dt><dd> <code>column</code> - the first column is 1, the second is 2, ...            </dd> <dt> <span class="returnLabel">Returns:</span>   </dt><dd>the suggested column title   </dd> <dt> <span class="throwsLabel">Throws:</span>   </dt><dd> <code><a href="../../java/sql/SQLException.html" title="class in java.sql">SQLException</a></code> - if a database access error occurs        </dd>   </dl></li></ul> <a end_ctx_id="method:getColumnLabel(int)"/>  </td></tr></table></td></tr></table><table border="0" cellpadding="1" cellspacing="0" width="100%"><tr><td><h3 class="ctxid">method:getColumnName(int) [NONE]</h3></td></tr><tr><td><table border="0" cellpadding="5" cellspacing="1" bgcolor="black" width="100%"><tr valign="top"><td bgcolor="#FFFFFF" colspan="1"> <a start_ctx_id="method:getColumnName(int)"/><a name="getColumnName-int-"/><ul class="blockList"><li class="blockList"><h4>getColumnName</h4><pre>
                                            java.lang.String getColumnName(int column)
                        throws <a href="../../java/sql/SQLException.html" title="class in java.sql">SQLException</a>
                                        </pre><div class="block">Get the designated column's name.    </div><dl> <dt> <span class="paramLabel">Parameters:</span>   </dt><dd> <code>column</code> - the first column is 1, the second is 2, ...            </dd> <dt> <span class="returnLabel">Returns:</span>   </dt><dd>column name </dd> <dt> <span class="throwsLabel">Throws:</span>   </dt><dd> <code><a href="../../java/sql/SQLException.html" title="class in java.sql">SQLException</a></code> - if a database access error occurs        </dd>   </dl></li></ul> <a end_ctx_id="method:getColumnName(int)"/>  </td></tr></table></td></tr></table><table border="0" cellpadding="1" cellspacing="0" width="100%"><tr><td><h3 class="ctxid">method:getSchemaName(int) [NONE]</h3></td></tr><tr><td><table border="0" cellpadding="5" cellspacing="1" bgcolor="black" width="100%"><tr valign="top"><td bgcolor="#FFFFFF" colspan="1"> <a start_ctx_id="method:getSchemaName(int)"/><a name="getSchemaName-int-"/><ul class="blockList"><li class="blockList"><h4>getSchemaName</h4><pre>
                                            java.lang.String getSchemaName(int column)
                        throws <a href="../../java/sql/SQLException.html" title="class in java.sql">SQLException</a>
                                        </pre><div class="block">Get the designated column's table's schema.     </div><dl> <dt> <span class="paramLabel">Parameters:</span>   </dt><dd> <code>column</code> - the first column is 1, the second is 2, ...            </dd> <dt> <span class="returnLabel">Returns:</span>   </dt><dd>schema name or "" if not applicable      </dd> <dt> <span class="throwsLabel">Throws:</span>   </dt><dd> <code><a href="../../java/sql/SQLException.html" title="class in java.sql">SQLException</a></code> - if a database access error occurs        </dd>   </dl></li></ul> <a end_ctx_id="method:getSchemaName(int)"/>  </td></tr></table></td></tr></table><table border="0" cellpadding="1" cellspacing="0" width="100%"><tr><td><h3 class="ctxid">method:getPrecision(int) [NONE]</h3></td></tr><tr><td><table border="0" cellpadding="5" cellspacing="1" bgcolor="black" width="100%"><tr valign="top"><td bgcolor="#FFFFFF" colspan="1"> <a start_ctx_id="method:getPrecision(int)"/><a name="getPrecision-int-"/><ul class="blockList"><li class="blockList"><h4>getPrecision</h4><pre>
                                            int getPrecision(int column)
          throws <a href="../../java/sql/SQLException.html" title="class in java.sql">SQLException</a>
                                        </pre><div class="block">Get the designated column's specified column size. For numeric data, this is the maximum precision. For character data, this is the length in characters. For datetime datatypes, this is the length in characters of the String representation (assuming the maximum allowed precision of the fractional seconds component). For binary data, this is the length in bytes. For the ROWID datatype, this is the length in bytes. 0 is returned for data types where the column size is not applicable.                                                                              </div><dl> <dt> <span class="paramLabel">Parameters:</span>   </dt><dd> <code>column</code> - the first column is 1, the second is 2, ...            </dd> <dt> <span class="returnLabel">Returns:</span>   </dt><dd>precision</dd> <dt> <span class="throwsLabel">Throws:</span>   </dt><dd> <code><a href="../../java/sql/SQLException.html" title="class in java.sql">SQLException</a></code> - if a database access error occurs        </dd>   </dl></li></ul> <a end_ctx_id="method:getPrecision(int)"/>  </td></tr></table></td></tr></table><table border="0" cellpadding="1" cellspacing="0" width="100%"><tr><td><h3 class="ctxid">method:getScale(int) [NONE]</h3></td></tr><tr><td><table border="0" cellpadding="5" cellspacing="1" bgcolor="black" width="100%"><tr valign="top"><td bgcolor="#FFFFFF" colspan="1"> <a start_ctx_id="method:getScale(int)"/><a name="getScale-int-"/><ul class="blockList"><li class="blockList"><h4>getScale</h4><pre>
                                            int getScale(int column)
      throws <a href="../../java/sql/SQLException.html" title="class in java.sql">SQLException</a>
                                        </pre><div class="block">Gets the designated column's number of digits to right of the decimal point. 0 is returned for data types where the scale is not applicable.                        </div><dl> <dt> <span class="paramLabel">Parameters:</span>   </dt><dd> <code>column</code> - the first column is 1, the second is 2, ...            </dd> <dt> <span class="returnLabel">Returns:</span>   </dt><dd>scale</dd> <dt> <span class="throwsLabel">Throws:</span>   </dt><dd> <code><a href="../../java/sql/SQLException.html" title="class in java.sql">SQLException</a></code> - if a database access error occurs        </dd>   </dl></li></ul> <a end_ctx_id="method:getScale(int)"/>  </td></tr></table></td></tr></table><table border="0" cellpadding="1" cellspacing="0" width="100%"><tr><td><h3 class="ctxid">method:getTableName(int) [NONE]</h3></td></tr><tr><td><table border="0" cellpadding="5" cellspacing="1" bgcolor="black" width="100%"><tr valign="top"><td bgcolor="#FFFFFF" colspan="1"> <a start_ctx_id="method:getTableName(int)"/><a name="getTableName-int-"/><ul class="blockList"><li class="blockList"><h4>getTableName</h4><pre>
                                            java.lang.String getTableName(int column)
                       throws <a href="../../java/sql/SQLException.html" title="class in java.sql">SQLException</a>
                                        </pre><div class="block">Gets the designated column's table name.     </div><dl> <dt> <span class="paramLabel">Parameters:</span>   </dt><dd> <code>column</code> - the first column is 1, the second is 2, ...            </dd> <dt> <span class="returnLabel">Returns:</span>   </dt><dd>table name or "" if not applicable      </dd> <dt> <span class="throwsLabel">Throws:</span>   </dt><dd> <code><a href="../../java/sql/SQLException.html" title="class in java.sql">SQLException</a></code> - if a database access error occurs        </dd>   </dl></li></ul> <a end_ctx_id="method:getTableName(int)"/>  </td></tr></table></td></tr></table><table border="0" cellpadding="1" cellspacing="0" width="100%"><tr><td><h3 class="ctxid">method:getCatalogName(int) [NONE]</h3></td></tr><tr><td><table border="0" cellpadding="5" cellspacing="1" bgcolor="black" width="100%"><tr valign="top"><td bgcolor="#FFFFFF" colspan="1"> <a start_ctx_id="method:getCatalogName(int)"/><a name="getCatalogName-int-"/><ul class="blockList"><li class="blockList"><h4>getCatalogName</h4><pre>
                                            java.lang.String getCatalogName(int column)
                         throws <a href="../../java/sql/SQLException.html" title="class in java.sql">SQLException</a>
                                        </pre><div class="block">Gets the designated column's table's catalog name.      </div><dl> <dt> <span class="paramLabel">Parameters:</span>   </dt><dd> <code>column</code> - the first column is 1, the second is 2, ...            </dd> <dt> <span class="returnLabel">Returns:</span>   </dt><dd>the name of the catalog for the table in which the given column appears or "" if not applicable                  </dd> <dt> <span class="throwsLabel">Throws:</span>   </dt><dd> <code><a href="../../java/sql/SQLException.html" title="class in java.sql">SQLException</a></code> - if a database access error occurs        </dd>   </dl></li></ul> <a end_ctx_id="method:getCatalogName(int)"/>  </td></tr></table></td></tr></table><table border="0" cellpadding="1" cellspacing="0" width="100%"><tr><td><h3 class="ctxid">method:getColumnType(int) [NONE]</h3></td></tr><tr><td><table border="0" cellpadding="5" cellspacing="1" bgcolor="black" width="100%"><tr valign="top"><td bgcolor="#FFFFFF" colspan="1"> <a start_ctx_id="method:getColumnType(int)"/><a name="getColumnType-int-"/><ul class="blockList"><li class="blockList"><h4>getColumnType</h4><pre>
                                            int getColumnType(int column)
           throws <a href="../../java/sql/SQLException.html" title="class in java.sql">SQLException</a>
                                        </pre><div class="block">Retrieves the designated column's SQL type.     </div><dl> <dt> <span class="paramLabel">Parameters:</span>   </dt><dd> <code>column</code> - the first column is 1, the second is 2, ...            </dd> <dt> <span class="returnLabel">Returns:</span>   </dt><dd>SQL type from java.sql.Types   </dd> <dt> <span class="throwsLabel">Throws:</span>   </dt><dd> <code><a href="../../java/sql/SQLException.html" title="class in java.sql">SQLException</a></code> - if a database access error occurs        </dd> <dt> <span class="seeLabel">See Also: </span>   </dt><dd> <a href="../../java/sql/Types.html" title="class in java.sql"><code>Types</code></a> </dd>    </dl></li></ul> <a end_ctx_id="method:getColumnType(int)"/>  </td></tr></table></td></tr></table><table border="0" cellpadding="1" cellspacing="0" width="100%"><tr><td><h3 class="ctxid">method:getColumnTypeName(int) [NONE]</h3></td></tr><tr><td><table border="0" cellpadding="5" cellspacing="1" bgcolor="black" width="100%"><tr valign="top"><td bgcolor="#FFFFFF" colspan="1"> <a start_ctx_id="method:getColumnTypeName(int)"/><a name="getColumnTypeName-int-"/><ul class="blockList"><li class="blockList"><h4>getColumnTypeName</h4><pre>
                                            java.lang.String getColumnTypeName(int column)
                            throws <a href="../../java/sql/SQLException.html" title="class in java.sql">SQLException</a>
                                        </pre><div class="block">Retrieves the designated column's database-specific type name.      </div><dl> <dt> <span class="paramLabel">Parameters:</span>   </dt><dd> <code>column</code> - the first column is 1, the second is 2, ...            </dd> <dt> <span class="returnLabel">Returns:</span>   </dt><dd>type name used by the database. If the column type is a user-defined type, then a fully-qualified type name is returned.                    </dd> <dt> <span class="throwsLabel">Throws:</span>   </dt><dd> <code><a href="../../java/sql/SQLException.html" title="class in java.sql">SQLException</a></code> - if a database access error occurs        </dd>   </dl></li></ul> <a end_ctx_id="method:getColumnTypeName(int)"/>  </td></tr></table></td></tr></table><table border="0" cellpadding="1" cellspacing="0" width="100%"><tr><td><h3 class="ctxid">method:isReadOnly(int) [NONE]</h3></td></tr><tr><td><table border="0" cellpadding="5" cellspacing="1" bgcolor="black" width="100%"><tr valign="top"><td bgcolor="#FFFFFF" colspan="1"> <a start_ctx_id="method:isReadOnly(int)"/><a name="isReadOnly-int-"/><ul class="blockList"><li class="blockList"><h4>isReadOnly</h4><pre>
                                            boolean isReadOnly(int column)
            throws <a href="../../java/sql/SQLException.html" title="class in java.sql">SQLException</a>
                                        </pre><div class="block">Indicates whether the designated column is definitely not writable.        </div><dl> <dt> <span class="paramLabel">Parameters:</span>   </dt><dd> <code>column</code> - the first column is 1, the second is 2, ...            </dd> <dt> <span class="returnLabel">Returns:</span>   </dt><dd> <code>true</code> if so; <code>false</code> otherwise     </dd> <dt> <span class="throwsLabel">Throws:</span>   </dt><dd> <code><a href="../../java/sql/SQLException.html" title="class in java.sql">SQLException</a></code> - if a database access error occurs        </dd>   </dl></li></ul> <a end_ctx_id="method:isReadOnly(int)"/>  </td></tr></table></td></tr></table><table border="0" cellpadding="1" cellspacing="0" width="100%"><tr><td><h3 class="ctxid">method:isWritable(int) [NONE]</h3></td></tr><tr><td><table border="0" cellpadding="5" cellspacing="1" bgcolor="black" width="100%"><tr valign="top"><td bgcolor="#FFFFFF" colspan="1"> <a start_ctx_id="method:isWritable(int)"/><a name="isWritable-int-"/><ul class="blockList"><li class="blockList"><h4>isWritable</h4><pre>
                                            boolean isWritable(int column)
            throws <a href="../../java/sql/SQLException.html" title="class in java.sql">SQLException</a>
                                        </pre><div class="block">Indicates whether it is possible for a write on the designated column to succeed.             </div><dl> <dt> <span class="paramLabel">Parameters:</span>   </dt><dd> <code>column</code> - the first column is 1, the second is 2, ...            </dd> <dt> <span class="returnLabel">Returns:</span>   </dt><dd> <code>true</code> if so; <code>false</code> otherwise     </dd> <dt> <span class="throwsLabel">Throws:</span>   </dt><dd> <code><a href="../../java/sql/SQLException.html" title="class in java.sql">SQLException</a></code> - if a database access error occurs        </dd>   </dl></li></ul> <a end_ctx_id="method:isWritable(int)"/>  </td></tr></table></td></tr></table><table border="0" cellpadding="1" cellspacing="0" width="100%"><tr><td><h3 class="ctxid">method:isDefinitelyWritable(int) [NONE]</h3></td></tr><tr><td><table border="0" cellpadding="5" cellspacing="1" bgcolor="black" width="100%"><tr valign="top"><td bgcolor="#FFFFFF" colspan="1"> <a start_ctx_id="method:isDefinitelyWritable(int)"/><a name="isDefinitelyWritable-int-"/><ul class="blockList"><li class="blockList"><h4>isDefinitelyWritable</h4><pre>
                                            boolean isDefinitelyWritable(int column)
                      throws <a href="../../java/sql/SQLException.html" title="class in java.sql">SQLException</a>
                                        </pre><div class="block">Indicates whether a write on the designated column will definitely succeed.          </div><dl> <dt> <span class="paramLabel">Parameters:</span>   </dt><dd> <code>column</code> - the first column is 1, the second is 2, ...            </dd> <dt> <span class="returnLabel">Returns:</span>   </dt><dd> <code>true</code> if so; <code>false</code> otherwise     </dd> <dt> <span class="throwsLabel">Throws:</span>   </dt><dd> <code><a href="../../java/sql/SQLException.html" title="class in java.sql">SQLException</a></code> - if a database access error occurs        </dd>   </dl></li></ul> <a end_ctx_id="method:isDefinitelyWritable(int)"/>  </td></tr></table></td></tr></table><table border="0" cellpadding="1" cellspacing="0" width="100%"><tr><td><h3 class="ctxid">method:getColumnClassName(int) [NONE]</h3></td></tr><tr><td><table border="0" cellpadding="5" cellspacing="1" bgcolor="black" width="100%"><tr valign="top"><td bgcolor="#FFFFFF" colspan="1"> <a start_ctx_id="method:getColumnClassName(int)"/><a name="getColumnClassName-int-"/><ul class="blockListLast"><li class="blockList"><h4>getColumnClassName</h4><pre>
                                            java.lang.String getColumnClassName(int column)
                             throws <a href="../../java/sql/SQLException.html" title="class in java.sql">SQLException</a>
                                        </pre><div class="block"><p> Returns the fully-qualified name of the Java class whose instances are manufactured if the method <code>ResultSet.getObject</code> is called to retrieve a value from the column. <code>ResultSet.getObject</code> may return a subclass of the class returned by this method.                                     </p></div><dl> <dt> <span class="paramLabel">Parameters:</span>   </dt><dd> <code>column</code> - the first column is 1, the second is 2, ...            </dd> <dt> <span class="returnLabel">Returns:</span>   </dt><dd> the fully-qualified name of the class in the Java programming language that would be used by the method <code>ResultSet.getObject</code> to retrieve the value in the specified column. This is the class name used for custom mapping.                                    </dd> <dt> <span class="throwsLabel">Throws:</span>   </dt><dd> <code><a href="../../java/sql/SQLException.html" title="class in java.sql">SQLException</a></code> - if a database access error occurs        </dd> <dt> <span class="simpleTagLabel">Since:</span>   </dt><dd>1.2</dd>    </dl></li></ul> <a end_ctx_id="method:getColumnClassName(int)"/>  </td></tr></table></td></tr></table></diff></diffreport>