<?xml version="1.0" encoding="UTF-8"?><diffreport><diff><table border="0" cellpadding="1" cellspacing="0" width="100%"><tr><td><h3 class="ctxid">class:RowIdLifetime [NONE]</h3></td></tr><tr><td><table border="0" cellpadding="5" cellspacing="1" bgcolor="black" width="100%"><tr valign="top"><td bgcolor="#FFFFFF" colspan="1"><div class="description"> <a start_ctx_id="class:RowIdLifetime"/><ul class="blockList"><li class="blockList"> <hr/> <br/><pre>
                            public enum <span class="typeNameLabel">RowIdLifetime</span>
extends java.lang.Enum&lt;<a href="../../java/sql/RowIdLifetime.html" title="enum in java.sql">RowIdLifetime</a>&gt;
                        </pre><div class="block">Enumeration for RowId life-time values.    </div><dl> <dt> <span class="simpleTagLabel">Since:</span>   </dt><dd>1.6</dd> </dl>  </li></ul> </div> <a end_ctx_id="class:RowIdLifetime"/> </td></tr></table></td></tr></table><table border="0" cellpadding="1" cellspacing="0" width="100%"><tr><td><h3 class="ctxid">field:ROWID_UNSUPPORTED [NONE]</h3></td></tr><tr><td><table border="0" cellpadding="5" cellspacing="1" bgcolor="black" width="100%"><tr valign="top"><td bgcolor="#FFFFFF" colspan="1"> <a start_ctx_id="field:ROWID_UNSUPPORTED"/><a name="ROWID_UNSUPPORTED"/><ul class="blockList"><li class="blockList"><h4>ROWID_UNSUPPORTED</h4><pre>
                                            public static final <a href="../../java/sql/RowIdLifetime.html" title="enum in java.sql">RowIdLifetime</a> ROWID_UNSUPPORTED
                                        </pre><div class="block">Indicates that this data source does not support the ROWID type.          </div></li></ul> <a end_ctx_id="field:ROWID_UNSUPPORTED"/>  </td></tr></table></td></tr></table><table border="0" cellpadding="1" cellspacing="0" width="100%"><tr><td><h3 class="ctxid">field:ROWID_VALID_OTHER [NONE]</h3></td></tr><tr><td><table border="0" cellpadding="5" cellspacing="1" bgcolor="black" width="100%"><tr valign="top"><td bgcolor="#FFFFFF" colspan="1"> <a start_ctx_id="field:ROWID_VALID_OTHER"/><a name="ROWID_VALID_OTHER"/><ul class="blockList"><li class="blockList"><h4>ROWID_VALID_OTHER</h4><pre>
                                            public static final <a href="../../java/sql/RowIdLifetime.html" title="enum in java.sql">RowIdLifetime</a> ROWID_VALID_OTHER
                                        </pre><div class="block">Indicates that the lifetime of a RowId from this data source is indeterminate; but not one of ROWID_VALID_TRANSACTION, ROWID_VALID_SESSION, or, ROWID_VALID_FOREVER.                    </div></li></ul> <a end_ctx_id="field:ROWID_VALID_OTHER"/>  </td></tr></table></td></tr></table><table border="0" cellpadding="1" cellspacing="0" width="100%"><tr><td><h3 class="ctxid">field:ROWID_VALID_SESSION [NONE]</h3></td></tr><tr><td><table border="0" cellpadding="5" cellspacing="1" bgcolor="black" width="100%"><tr valign="top"><td bgcolor="#FFFFFF" colspan="1"> <a start_ctx_id="field:ROWID_VALID_SESSION"/><a name="ROWID_VALID_SESSION"/><ul class="blockList"><li class="blockList"><h4>ROWID_VALID_SESSION</h4><pre>
                                            public static final <a href="../../java/sql/RowIdLifetime.html" title="enum in java.sql">RowIdLifetime</a> ROWID_VALID_SESSION
                                        </pre><div class="block">Indicates that the lifetime of a RowId from this data source is at least the containing session.                </div></li></ul> <a end_ctx_id="field:ROWID_VALID_SESSION"/>  </td></tr></table></td></tr></table><table border="0" cellpadding="1" cellspacing="0" width="100%"><tr><td><h3 class="ctxid">field:ROWID_VALID_TRANSACTION [NONE]</h3></td></tr><tr><td><table border="0" cellpadding="5" cellspacing="1" bgcolor="black" width="100%"><tr valign="top"><td bgcolor="#FFFFFF" colspan="1"> <a start_ctx_id="field:ROWID_VALID_TRANSACTION"/><a name="ROWID_VALID_TRANSACTION"/><ul class="blockList"><li class="blockList"><h4>ROWID_VALID_TRANSACTION</h4><pre>
                                            public static final <a href="../../java/sql/RowIdLifetime.html" title="enum in java.sql">RowIdLifetime</a> ROWID_VALID_TRANSACTION
                                        </pre><div class="block">Indicates that the lifetime of a RowId from this data source is at least the containing transaction.                </div></li></ul> <a end_ctx_id="field:ROWID_VALID_TRANSACTION"/>  </td></tr></table></td></tr></table><table border="0" cellpadding="1" cellspacing="0" width="100%"><tr><td><h3 class="ctxid">field:ROWID_VALID_FOREVER [NONE]</h3></td></tr><tr><td><table border="0" cellpadding="5" cellspacing="1" bgcolor="black" width="100%"><tr valign="top"><td bgcolor="#FFFFFF" colspan="1"> <a start_ctx_id="field:ROWID_VALID_FOREVER"/><a name="ROWID_VALID_FOREVER"/><ul class="blockListLast"><li class="blockList"><h4>ROWID_VALID_FOREVER</h4><pre>
                                            public static final <a href="../../java/sql/RowIdLifetime.html" title="enum in java.sql">RowIdLifetime</a> ROWID_VALID_FOREVER
                                        </pre><div class="block">Indicates that the lifetime of a RowId from this data source is, effectively, unlimited.             </div></li></ul> <a end_ctx_id="field:ROWID_VALID_FOREVER"/>  </td></tr></table></td></tr></table><table border="0" cellpadding="1" cellspacing="0" width="100%"><tr><td><h3 class="ctxid">method:values() [NONE]</h3></td></tr><tr><td><table border="0" cellpadding="5" cellspacing="1" bgcolor="black" width="100%"><tr valign="top"><td bgcolor="#FFFFFF" colspan="1"> <a start_ctx_id="method:values()"/><a name="values--"/><ul class="blockList"><li class="blockList"><h4>values</h4><pre>
                                            public static <a href="../../java/sql/RowIdLifetime.html" title="enum in java.sql">RowIdLifetime</a>[] values()
                                        </pre><div class="block"> Returns an array containing the constants of this enum type, in the order they are declared. This method may be used to iterate over the constants as follows:<pre>
for (RowIdLifetime c : RowIdLifetime.values())
    System.out.println(c);
</pre>                            </div><dl> <dt> <span class="returnLabel">Returns:</span>   </dt><dd>an array containing the constants of this enum type, in the order they are declared              </dd> </dl></li></ul> <a end_ctx_id="method:values()"/>  </td></tr></table></td></tr></table><table border="0" cellpadding="1" cellspacing="0" width="100%"><tr><td><h3 class="ctxid">method:valueOf(java.lang.String) [NONE]</h3></td></tr><tr><td><table border="0" cellpadding="5" cellspacing="1" bgcolor="black" width="100%"><tr valign="top"><td bgcolor="#FFFFFF" colspan="1"> <a start_ctx_id="method:valueOf(java.lang.String)"/><a name="valueOf-java.lang.String-"/><ul class="blockListLast"><li class="blockList"><h4>valueOf</h4><pre>
                                            public static <a href="../../java/sql/RowIdLifetime.html" title="enum in java.sql">RowIdLifetime</a> valueOf(java.lang.String name)
                                        </pre><div class="block"> Returns the enum constant of this type with the specified name. The string must match <i>exactly</i> an identifier used to declare an enum constant in this type. (Extraneous whitespace characters are not permitted.)                                 </div><dl> <dt> <span class="paramLabel">Parameters:</span>   </dt><dd> <code>name</code> - the name of the enum constant to be returned.           </dd> <dt> <span class="returnLabel">Returns:</span>   </dt><dd>the enum constant with the specified name      </dd> <dt> <span class="throwsLabel">Throws:</span>   </dt><dd> <code>java.lang.IllegalArgumentException</code> - if this enum type has no constant with the specified name             </dd><dd> <code>java.lang.NullPointerException</code> - if the argument is null       </dd>   </dl></li></ul> <a end_ctx_id="method:valueOf(java.lang.String)"/>  </td></tr></table></td></tr></table></diff></diffreport>