<?xml version="1.0" encoding="UTF-8"?><diffreport><diff><table border="0" cellpadding="1" cellspacing="0" width="100%"><tr><td><h3 class="ctxid">class:Savepoint [NONE]</h3></td></tr><tr><td><table border="0" cellpadding="5" cellspacing="1" bgcolor="black" width="100%"><tr valign="top"><td bgcolor="#FFFFFF" colspan="1"><div class="description"> <a start_ctx_id="class:Savepoint"/><ul class="blockList"><li class="blockList"> <hr/> <br/><pre>
                            public interface <span class="typeNameLabel">Savepoint</span>
                        </pre><div class="block"> The representation of a savepoint, which is a point within the current transaction that can be referenced from the <code>Connection.rollback</code> method. When a transaction is rolled back to a savepoint all changes made after that savepoint are undone.<p> Savepoints can be either named or unnamed. Unnamed savepoints are identified by an ID generated by the underlying data source.                    </p>                                      </div><dl> <dt> <span class="simpleTagLabel">Since:</span>   </dt><dd>1.4</dd> </dl>  </li></ul> </div> <a end_ctx_id="class:Savepoint"/> </td></tr></table></td></tr></table><table border="0" cellpadding="1" cellspacing="0" width="100%"><tr><td><h3 class="ctxid">method:getSavepointId() [NONE]</h3></td></tr><tr><td><table border="0" cellpadding="5" cellspacing="1" bgcolor="black" width="100%"><tr valign="top"><td bgcolor="#FFFFFF" colspan="1"> <a start_ctx_id="method:getSavepointId()"/><a name="getSavepointId--"/><ul class="blockList"><li class="blockList"><h4>getSavepointId</h4><pre>
                                            int getSavepointId()
            throws <a href="../../java/sql/SQLException.html" title="class in java.sql">SQLException</a>
                                        </pre><div class="block"> Retrieves the generated ID for the savepoint that this <code>Savepoint</code> object represents.            </div><dl> <dt> <span class="returnLabel">Returns:</span>   </dt><dd>the numeric ID of this savepoint     </dd> <dt> <span class="throwsLabel">Throws:</span>   </dt><dd> <code><a href="../../java/sql/SQLException.html" title="class in java.sql">SQLException</a></code> - if this is a named savepoint        </dd> <dt> <span class="simpleTagLabel">Since:</span>   </dt><dd>1.4</dd>   </dl></li></ul> <a end_ctx_id="method:getSavepointId()"/>  </td></tr></table></td></tr></table><table border="0" cellpadding="1" cellspacing="0" width="100%"><tr><td><h3 class="ctxid">method:getSavepointName() [NONE]</h3></td></tr><tr><td><table border="0" cellpadding="5" cellspacing="1" bgcolor="black" width="100%"><tr valign="top"><td bgcolor="#FFFFFF" colspan="1"> <a start_ctx_id="method:getSavepointName()"/><a name="getSavepointName--"/><ul class="blockListLast"><li class="blockList"><h4>getSavepointName</h4><pre>
                                            java.lang.String getSavepointName()
                           throws <a href="../../java/sql/SQLException.html" title="class in java.sql">SQLException</a>
                                        </pre><div class="block"> Retrieves the name of the savepoint that this <code>Savepoint</code> object represents.           </div><dl> <dt> <span class="returnLabel">Returns:</span>   </dt><dd>the name of this savepoint    </dd> <dt> <span class="throwsLabel">Throws:</span>   </dt><dd> <code><a href="../../java/sql/SQLException.html" title="class in java.sql">SQLException</a></code> - if this is an un-named savepoint        </dd> <dt> <span class="simpleTagLabel">Since:</span>   </dt><dd>1.4</dd>   </dl></li></ul> <a end_ctx_id="method:getSavepointName()"/>  </td></tr></table></td></tr></table></diff></diffreport>