<?xml version="1.0" encoding="UTF-8"?><diffreport><diff><div class="fixedNav"/><div class="navPadding"> </div><div class="header"><div class="subTitle"> <span class="moduleLabelInClass">Module</span> <a href="../../java.sql-summary.html">java.sql</a> </div><div class="subTitle"> <span class="packageLabelInClass">Package</span> <a href="../../java/sql/package-summary.html">java.sql</a> </div><h2 title="Interface ShardingKey" class="title">Interface ShardingKey </h2></div><div class="contentContainer"><div class="description"> <a start_ctx_id="class:ShardingKey"/><ul class="blockList"><li class="blockList"> <hr/> <br/><pre>
                            public interface <span class="typeNameLabel">ShardingKey</span>
                        </pre><div class="block"> Interface used to indicate that this object represents a Sharding Key. A <code>ShardingKey</code> instance is only guaranteed to be compatible with the data source instance that it was derived from. A <code>ShardingKey</code> is created using <a href="../../java/sql/ShardingKeyBuilder.html" title="interface in java.sql"><code>ShardingKeyBuilder</code></a>.<p> The following example illustrates the use of <a href="../../java/sql/ShardingKeyBuilder.html" title="interface in java.sql"><code>ShardingKeyBuilder</code></a> to create a <code>ShardingKey</code>:<pre>
                                    <code>

     DataSource ds = new MyDataSource();
     ShardingKey shardingKey = ds.createShardingKeyBuilder()
                           .subkey("abc", JDBCType.VARCHAR)
                           .subkey(94002, JDBCType.INTEGER)
                           .build();
 </code>
                                </pre>            </p><p> A <code>ShardingKey</code> may also be used for specifying a <code>superShardingKey</code>. Databases that support composite Sharding may use a <code>superShardingKey</code> to specify a additional level of partitioning within the Shard.                             </p><p> The following example illustrates the use of <a href="../../java/sql/ShardingKeyBuilder.html" title="interface in java.sql"><code>ShardingKeyBuilder</code></a> to create a <code>superShardingKey</code> for an eastern region with a <code>ShardingKey</code> specified for the Pittsburgh branch office:<pre>
                                    <code>

     DataSource ds = new MyDataSource();
     ShardingKey superShardingKey = ds.createShardingKeyBuilder()
                           .subkey("EASTERN_REGION", JDBCType.VARCHAR)
                           .build();
     ShardingKey shardingKey = ds.createShardingKeyBuilder()
                           .subkey("PITTSBURGH_BRANCH", JDBCType.VARCHAR)
                           .build();
     Connection con = ds.createConnectionBuilder()
                           .superShardingKey(superShardingKey)
                           .shardingKey(shardingKey)
                           .build();
 </code>
                                </pre>                         </p>                                    </div><dl> <dt> <span class="simpleTagLabel">Since:</span>   </dt><dd>9</dd> </dl>  </li></ul> </div></div> <a end_ctx_id="class:ShardingKey"/> </diff></diffreport>