<?xml version="1.0" encoding="UTF-8" standalone="yes"?><Document><name>java/sql/ShardingKey.spec</name><Context><name>class:ShardingKey</name><mt>ADDED</mt></Context><Stat><name>java/sql/ShardingKey.spec</name><mt>ADDED</mt><Group name="context"><Item name="ADDED" count="1"/><Item name="REMOVED" count="0"/><Item name="CHANGED" count="0"/><Item name="MODIFIED" count="1"/><Item name="MOVED" count="0"/><Item name="MOVED_CHANGED" count="0"/><Item name="JOINT" count="0"/><Item name="SPLIT" count="0"/><Item name="TOTAL" count="1"/></Group><Group name="assertion"><Item name="ADDED" count="0"/><Item name="REMOVED" count="0"/><Item name="CHANGED" count="0"/><Item name="MODIFIED" count="0"/><Item name="MOVED" count="0"/><Item name="MOVED_CHANGED" count="0"/><Item name="JOINT" count="0"/><Item name="SPLIT" count="0"/><Item name="TOTAL" count="0"/></Group></Stat></Document>