<?xml version="1.0" encoding="UTF-8" standalone="yes"?><Document><name>java/sql/ShardingKeyBuilder.spec</name><Context><name>class:ShardingKeyBuilder</name><mt>ADDED</mt></Context><Context><name>method:build()</name><mt>ADDED</mt></Context><Context><name>method:subkey(java.lang.Object, java.sql.SQLType)</name><mt>ADDED</mt></Context><Stat><name>java/sql/ShardingKeyBuilder.spec</name><mt>ADDED</mt><Group name="context"><Item name="ADDED" count="3"/><Item name="REMOVED" count="0"/><Item name="CHANGED" count="0"/><Item name="MODIFIED" count="3"/><Item name="MOVED" count="0"/><Item name="MOVED_CHANGED" count="0"/><Item name="JOINT" count="0"/><Item name="SPLIT" count="0"/><Item name="TOTAL" count="3"/></Group><Group name="assertion"><Item name="ADDED" count="0"/><Item name="REMOVED" count="0"/><Item name="CHANGED" count="0"/><Item name="MODIFIED" count="0"/><Item name="MOVED" count="0"/><Item name="MOVED_CHANGED" count="0"/><Item name="JOINT" count="0"/><Item name="SPLIT" count="0"/><Item name="TOTAL" count="0"/></Group></Stat></Document>