<?xml version="1.0" encoding="UTF-8" standalone="yes"?><Document><name>java/sql/SQLClientInfoException.spec</name><Context><name>class:SQLClientInfoException</name><mt>NONE</mt></Context><Context><name>constructor:SQLClientInfoException()</name><mt>NONE</mt></Context><Context><name>constructor:SQLClientInfoException(java.lang.String, java.lang.String, int, java.util.Map)</name><mt>NONE</mt></Context><Context><name>constructor:SQLClientInfoException(java.lang.String, java.lang.String, int, java.util.Map, java.lang.Throwable)</name><mt>NONE</mt></Context><Context><name>constructor:SQLClientInfoException(java.lang.String, java.lang.String, java.util.Map)</name><mt>NONE</mt></Context><Context><name>constructor:SQLClientInfoException(java.lang.String, java.lang.String, java.util.Map, java.lang.Throwable)</name><mt>NONE</mt></Context><Context><name>constructor:SQLClientInfoException(java.lang.String, java.util.Map)</name><mt>NONE</mt></Context><Context><name>constructor:SQLClientInfoException(java.lang.String, java.util.Map, java.lang.Throwable)</name><mt>NONE</mt></Context><Context><name>constructor:SQLClientInfoException(java.util.Map)</name><mt>NONE</mt></Context><Context><name>constructor:SQLClientInfoException(java.util.Map, java.lang.Throwable)</name><mt>NONE</mt></Context><Context><name>method:getFailedProperties()</name><mt>NONE</mt></Context><Stat><name>java/sql/SQLClientInfoException.spec</name><mt>NONE</mt><Group name="context"><Item name="ADDED" count="0"/><Item name="REMOVED" count="0"/><Item name="CHANGED" count="0"/><Item name="MODIFIED" count="0"/><Item name="MOVED" count="0"/><Item name="MOVED_CHANGED" count="0"/><Item name="JOINT" count="0"/><Item name="SPLIT" count="0"/><Item name="TOTAL" count="11"/></Group><Group name="assertion"><Item name="ADDED" count="0"/><Item name="REMOVED" count="0"/><Item name="CHANGED" count="0"/><Item name="MODIFIED" count="0"/><Item name="MOVED" count="0"/><Item name="MOVED_CHANGED" count="0"/><Item name="JOINT" count="0"/><Item name="SPLIT" count="0"/><Item name="TOTAL" count="0"/></Group></Stat></Document>