<?xml version="1.0" encoding="UTF-8"?><diffreport><diff><table border="0" cellpadding="1" cellspacing="0" width="100%"><tr><td><h3 class="ctxid">class:SQLClientInfoException [NONE]</h3></td></tr><tr><td><table border="0" cellpadding="5" cellspacing="1" bgcolor="black" width="100%"><tr valign="top"><td bgcolor="#FFFFFF" colspan="1"><div class="description"> <a start_ctx_id="class:SQLClientInfoException"/><ul class="blockList"><li class="blockList"> <hr/> <br/><pre>
                            public class <span class="typeNameLabel">SQLClientInfoException</span>
extends <a href="../../java/sql/SQLException.html" title="class in java.sql">SQLException</a>
                        </pre><div class="block"> The subclass of <a href="../../java/sql/SQLException.html" title="class in java.sql"><code>SQLException</code></a> is thrown when one or more client info properties could not be set on a <code>Connection</code>. In addition to the information provided by <code>SQLException</code>, a <code>SQLClientInfoException</code> provides a list of client info properties that were not set. Some databases do not allow multiple client info properties to be set atomically. For those databases, it is possible that some of the client info properties had been set even though the <code>Connection.setClientInfo</code> method threw an exception. An application can use the <code>getFailedProperties  </code> method to retrieve a list of client info properties that were not set. The properties are identified by passing a <code>Map&lt;String,ClientInfoStatus&gt;</code> to the appropriate <code>SQLClientInfoException</code> constructor.                                                                                                              </div><dl> <dt> <span class="simpleTagLabel">Since:</span>   </dt><dd>1.6</dd> <dt> <span class="seeLabel">See Also: </span>   </dt><dd> <a href="../../java/sql/ClientInfoStatus.html" title="enum in java.sql"><code>ClientInfoStatus</code></a>, <a href="../../java/sql/Connection.html#setClientInfo-java.lang.String-java.lang.String-"><code>Connection.setClientInfo(java.lang.String, java.lang.String) </code></a>, <a href="../../serialized-form.html#java.sql.SQLClientInfoException">Serialized Form </a>   </dd>  </dl>  </li></ul> </div> <a end_ctx_id="class:SQLClientInfoException"/> </td></tr></table></td></tr></table><table border="0" cellpadding="1" cellspacing="0" width="100%"><tr><td><h3 class="ctxid">constructor:SQLClientInfoException() [NONE]</h3></td></tr><tr><td><table border="0" cellpadding="5" cellspacing="1" bgcolor="black" width="100%"><tr valign="top"><td bgcolor="#FFFFFF" colspan="1"> <a start_ctx_id="constructor:SQLClientInfoException()"/><a name="SQLClientInfoException--"/><ul class="blockList"><li class="blockList"><h4>SQLClientInfoException</h4><pre>public SQLClientInfoException()</pre><div class="block"> Constructs a <code>SQLClientInfoException</code> Object. The <code>reason</code>, <code>SQLState</code>, and failedProperties list are initialized to <code> null </code> and the vendor code is initialized to 0. The <code>cause</code> is not initialized, and may subsequently be initialized by a call to the <code>Throwable.initCause(java.lang.Throwable)</code> method.                                       </div><dl> <dt> <span class="simpleTagLabel">Since:</span>   </dt><dd>1.6</dd> </dl></li></ul> <a end_ctx_id="constructor:SQLClientInfoException()"/>  </td></tr></table></td></tr></table><table border="0" cellpadding="1" cellspacing="0" width="100%"><tr><td><h3 class="ctxid">constructor:SQLClientInfoException(java.util.Map) [NONE]</h3></td></tr><tr><td><table border="0" cellpadding="5" cellspacing="1" bgcolor="black" width="100%"><tr valign="top"><td bgcolor="#FFFFFF" colspan="1"> <a start_ctx_id="constructor:SQLClientInfoException(java.util.Map)"/><a name="SQLClientInfoException-java.util.Map-"/><ul class="blockList"><li class="blockList"><h4>SQLClientInfoException</h4><pre>
                                            public SQLClientInfoException(java.util.Map&lt;java.lang.String,<a href="../../java/sql/ClientInfoStatus.html" title="enum in java.sql">ClientInfoStatus</a>&gt; failedProperties)
                                        </pre><div class="block"> Constructs a <code>SQLClientInfoException</code> object initialized with a given <code>failedProperties</code>. The <code>reason</code> and <code>SQLState</code> are initialized to <code>null</code> and the vendor code is initialized to 0. The <code>cause</code> is not initialized, and may subsequently be initialized by a call to the <code>Throwable.initCause(java.lang.Throwable)</code> method.                                          </div><dl> <dt> <span class="paramLabel">Parameters:</span>   </dt><dd> <code>failedProperties</code> - A Map containing the property values that could not be set. The keys in the Map contain the names of the client info properties that could not be set and the values contain one of the reason codes defined in <code>ClientInfoStatus</code>                                           </dd> <dt> <span class="simpleTagLabel">Since:</span>   </dt><dd>1.6</dd>  </dl></li></ul> <a end_ctx_id="constructor:SQLClientInfoException(java.util.Map)"/>  </td></tr></table></td></tr></table><table border="0" cellpadding="1" cellspacing="0" width="100%"><tr><td><h3 class="ctxid">constructor:SQLClientInfoException(java.util.Map, java.lang.Throwable) [NONE]</h3></td></tr><tr><td><table border="0" cellpadding="5" cellspacing="1" bgcolor="black" width="100%"><tr valign="top"><td bgcolor="#FFFFFF" colspan="1"> <a start_ctx_id="constructor:SQLClientInfoException(java.util.Map, java.lang.Throwable)"/><a name="SQLClientInfoException-java.util.Map-java.lang.Throwable-"/><ul class="blockList"><li class="blockList"><h4>SQLClientInfoException</h4><pre>
                                            public SQLClientInfoException(java.util.Map&lt;java.lang.String,<a href="../../java/sql/ClientInfoStatus.html" title="enum in java.sql">ClientInfoStatus</a>&gt; failedProperties,
                              java.lang.Throwable cause)
                                        </pre><div class="block"> Constructs a <code>SQLClientInfoException</code> object initialized with a given <code>cause</code> and <code>failedProperties</code>. The <code>reason</code> is initialized to <code>null</code> if <code>cause==null</code> or to <code>cause.toString()</code> if <code>cause!=null</code> and the vendor code is initialized to 0.                                </div><dl> <dt> <span class="paramLabel">Parameters:</span>   </dt><dd> <code>failedProperties</code> - A Map containing the property values that could not be set. The keys in the Map contain the names of the client info properties that could not be set and the values contain one of the reason codes defined in <code>ClientInfoStatus</code>                                           </dd><dd> <code>cause</code> - the (which is saved for later retrieval by the <code>getCause()</code> method); may be null indicating the cause is non-existent or unknown.                       </dd> <dt> <span class="simpleTagLabel">Since:</span>   </dt><dd>1.6</dd>  </dl></li></ul> <a end_ctx_id="constructor:SQLClientInfoException(java.util.Map, java.lang.Throwable)"/>  </td></tr></table></td></tr></table><table border="0" cellpadding="1" cellspacing="0" width="100%"><tr><td><h3 class="ctxid">constructor:SQLClientInfoException(java.lang.String, java.util.Map) [NONE]</h3></td></tr><tr><td><table border="0" cellpadding="5" cellspacing="1" bgcolor="black" width="100%"><tr valign="top"><td bgcolor="#FFFFFF" colspan="1"> <a start_ctx_id="constructor:SQLClientInfoException(java.lang.String, java.util.Map)"/><a name="SQLClientInfoException-java.lang.String-java.util.Map-"/><ul class="blockList"><li class="blockList"><h4>SQLClientInfoException</h4><pre>
                                            public SQLClientInfoException(java.lang.String reason,
                              java.util.Map&lt;java.lang.String,<a href="../../java/sql/ClientInfoStatus.html" title="enum in java.sql">ClientInfoStatus</a>&gt; failedProperties)
                                        </pre><div class="block"> Constructs a <code>SQLClientInfoException</code> object initialized with a given <code>reason</code> and <code>failedProperties</code>. The <code>SQLState</code> is initialized to <code>null</code> and the vendor code is initialized to 0. The <code>cause</code> is not initialized, and may subsequently be initialized by a call to the <code>Throwable.initCause(java.lang.Throwable)</code> method.                                          </div><dl> <dt> <span class="paramLabel">Parameters:</span>   </dt><dd> <code>reason</code> - a description of the exception       </dd><dd> <code>failedProperties</code> - A Map containing the property values that could not be set. The keys in the Map contain the names of the client info properties that could not be set and the values contain one of the reason codes defined in <code>ClientInfoStatus</code>                                           </dd> <dt> <span class="simpleTagLabel">Since:</span>   </dt><dd>1.6</dd>  </dl></li></ul> <a end_ctx_id="constructor:SQLClientInfoException(java.lang.String, java.util.Map)"/>  </td></tr></table></td></tr></table><table border="0" cellpadding="1" cellspacing="0" width="100%"><tr><td><h3 class="ctxid">constructor:SQLClientInfoException(java.lang.String, java.util.Map, java.lang.Throwable) [NONE]</h3></td></tr><tr><td><table border="0" cellpadding="5" cellspacing="1" bgcolor="black" width="100%"><tr valign="top"><td bgcolor="#FFFFFF" colspan="1"> <a start_ctx_id="constructor:SQLClientInfoException(java.lang.String, java.util.Map, java.lang.Throwable)"/><a name="SQLClientInfoException-java.lang.String-java.util.Map-java.lang.Throwable-"/><ul class="blockList"><li class="blockList"><h4>SQLClientInfoException</h4><pre>
                                            public SQLClientInfoException(java.lang.String reason,
                              java.util.Map&lt;java.lang.String,<a href="../../java/sql/ClientInfoStatus.html" title="enum in java.sql">ClientInfoStatus</a>&gt; failedProperties,
                              java.lang.Throwable cause)
                                        </pre><div class="block"> Constructs a <code>SQLClientInfoException</code> object initialized with a given <code>reason</code>, <code>cause</code> and <code>failedProperties</code>. The <code>SQLState</code> is initialized to <code>null</code> and the vendor code is initialized to 0.                          </div><dl> <dt> <span class="paramLabel">Parameters:</span>   </dt><dd> <code>reason</code> - a description of the exception       </dd><dd> <code>failedProperties</code> - A Map containing the property values that could not be set. The keys in the Map contain the names of the client info properties that could not be set and the values contain one of the reason codes defined in <code>ClientInfoStatus</code>                                           </dd><dd> <code>cause</code> - the underlying reason for this <code>SQLException</code> (which is saved for later retrieval by the <code>getCause()</code> method); may be null indicating the cause is non-existent or unknown.                            </dd> <dt> <span class="simpleTagLabel">Since:</span>   </dt><dd>1.6</dd>  </dl></li></ul> <a end_ctx_id="constructor:SQLClientInfoException(java.lang.String, java.util.Map, java.lang.Throwable)"/>  </td></tr></table></td></tr></table><table border="0" cellpadding="1" cellspacing="0" width="100%"><tr><td><h3 class="ctxid">constructor:SQLClientInfoException(java.lang.String, java.lang.String, java.util.Map) [NONE]</h3></td></tr><tr><td><table border="0" cellpadding="5" cellspacing="1" bgcolor="black" width="100%"><tr valign="top"><td bgcolor="#FFFFFF" colspan="1"> <a start_ctx_id="constructor:SQLClientInfoException(java.lang.String, java.lang.String, java.util.Map)"/><a name="SQLClientInfoException-java.lang.String-java.lang.String-java.util.Map-"/><ul class="blockList"><li class="blockList"><h4>SQLClientInfoException</h4><pre>
                                            public SQLClientInfoException(java.lang.String reason,
                              java.lang.String SQLState,
                              java.util.Map&lt;java.lang.String,<a href="../../java/sql/ClientInfoStatus.html" title="enum in java.sql">ClientInfoStatus</a>&gt; failedProperties)
                                        </pre><div class="block"> Constructs a <code>SQLClientInfoException</code> object initialized with a given <code>reason</code>, <code>SQLState</code> and <code>failedProperties</code>. The <code>cause</code> is not initialized, and may subsequently be initialized by a call to the <code>Throwable.initCause(java.lang.Throwable)</code> method. The vendor code is initialized to 0.                                    </div><dl> <dt> <span class="paramLabel">Parameters:</span>   </dt><dd> <code>reason</code> - a description of the exception       </dd><dd> <code>SQLState</code> - an XOPEN or SQL:2003 code identifying the exception          </dd><dd> <code>failedProperties</code> - A Map containing the property values that could not be set. The keys in the Map contain the names of the client info properties that could not be set and the values contain one of the reason codes defined in <code>ClientInfoStatus</code>                                           </dd> <dt> <span class="simpleTagLabel">Since:</span>   </dt><dd>1.6</dd>  </dl></li></ul> <a end_ctx_id="constructor:SQLClientInfoException(java.lang.String, java.lang.String, java.util.Map)"/>  </td></tr></table></td></tr></table><table border="0" cellpadding="1" cellspacing="0" width="100%"><tr><td><h3 class="ctxid">constructor:SQLClientInfoException(java.lang.String, java.lang.String, java.util.Map, java.lang.Throwable) [NONE]</h3></td></tr><tr><td><table border="0" cellpadding="5" cellspacing="1" bgcolor="black" width="100%"><tr valign="top"><td bgcolor="#FFFFFF" colspan="1"> <a start_ctx_id="constructor:SQLClientInfoException(java.lang.String, java.lang.String, java.util.Map, java.lang.Throwable)"/><a name="SQLClientInfoException-java.lang.String-java.lang.String-java.util.Map-java.lang.Throwable-"/><ul class="blockList"><li class="blockList"><h4>SQLClientInfoException</h4><pre>
                                            public SQLClientInfoException(java.lang.String reason,
                              java.lang.String SQLState,
                              java.util.Map&lt;java.lang.String,<a href="../../java/sql/ClientInfoStatus.html" title="enum in java.sql">ClientInfoStatus</a>&gt; failedProperties,
                              java.lang.Throwable cause)
                                        </pre><div class="block"> Constructs a <code>SQLClientInfoException</code> object initialized with a given <code>reason</code>, <code>SQLState</code>, <code>cause</code> and <code>failedProperties</code>. The vendor code is initialized to 0.                    </div><dl> <dt> <span class="paramLabel">Parameters:</span>   </dt><dd> <code>reason</code> - a description of the exception       </dd><dd> <code>SQLState</code> - an XOPEN or SQL:2003 code identifying the exception          </dd><dd> <code>failedProperties</code> - A Map containing the property values that could not be set. The keys in the Map contain the names of the client info properties that could not be set and the values contain one of the reason codes defined in <code>ClientInfoStatus</code>                                           </dd><dd> <code>cause</code> - the underlying reason for this <code>SQLException</code> (which is saved for later retrieval by the <code>getCause()</code> method); may be null indicating the cause is non-existent or unknown.                            </dd> <dt> <span class="simpleTagLabel">Since:</span>   </dt><dd>1.6</dd>  </dl></li></ul> <a end_ctx_id="constructor:SQLClientInfoException(java.lang.String, java.lang.String, java.util.Map, java.lang.Throwable)"/>  </td></tr></table></td></tr></table><table border="0" cellpadding="1" cellspacing="0" width="100%"><tr><td><h3 class="ctxid">constructor:SQLClientInfoException(java.lang.String, java.lang.String, int, java.util.Map) [NONE]</h3></td></tr><tr><td><table border="0" cellpadding="5" cellspacing="1" bgcolor="black" width="100%"><tr valign="top"><td bgcolor="#FFFFFF" colspan="1"> <a start_ctx_id="constructor:SQLClientInfoException(java.lang.String, java.lang.String, int, java.util.Map)"/><a name="SQLClientInfoException-java.lang.String-java.lang.String-int-java.util.Map-"/><ul class="blockList"><li class="blockList"><h4>SQLClientInfoException</h4><pre>
                                            public SQLClientInfoException(java.lang.String reason,
                              java.lang.String SQLState,
                              int vendorCode,
                              java.util.Map&lt;java.lang.String,<a href="../../java/sql/ClientInfoStatus.html" title="enum in java.sql">ClientInfoStatus</a>&gt; failedProperties)
                                        </pre><div class="block"> Constructs a <code>SQLClientInfoException</code> object initialized with a given <code>reason</code>, <code>SQLState</code>, <code>vendorCode</code> and <code>failedProperties</code>. The <code>cause</code> is not initialized, and may subsequently be initialized by a call to the <code>Throwable.initCause(java.lang.Throwable)</code> method.                              </div><dl> <dt> <span class="paramLabel">Parameters:</span>   </dt><dd> <code>reason</code> - a description of the exception       </dd><dd> <code>SQLState</code> - an XOPEN or SQL:2003 code identifying the exception          </dd><dd> <code>vendorCode</code> - a database vendor-specific exception code       </dd><dd> <code>failedProperties</code> - A Map containing the property values that could not be set. The keys in the Map contain the names of the client info properties that could not be set and the values contain one of the reason codes defined in <code>ClientInfoStatus</code>                                           </dd> <dt> <span class="simpleTagLabel">Since:</span>   </dt><dd>1.6</dd>  </dl></li></ul> <a end_ctx_id="constructor:SQLClientInfoException(java.lang.String, java.lang.String, int, java.util.Map)"/>  </td></tr></table></td></tr></table><table border="0" cellpadding="1" cellspacing="0" width="100%"><tr><td><h3 class="ctxid">constructor:SQLClientInfoException(java.lang.String, java.lang.String, int, java.util.Map, java.lang.Throwable) [NONE]</h3></td></tr><tr><td><table border="0" cellpadding="5" cellspacing="1" bgcolor="black" width="100%"><tr valign="top"><td bgcolor="#FFFFFF" colspan="1"> <a start_ctx_id="constructor:SQLClientInfoException(java.lang.String, java.lang.String, int, java.util.Map, java.lang.Throwable)"/><a name="SQLClientInfoException-java.lang.String-java.lang.String-int-java.util.Map-java.lang.Throwable-"/><ul class="blockListLast"><li class="blockList"><h4>SQLClientInfoException</h4><pre>
                                            public SQLClientInfoException(java.lang.String reason,
                              java.lang.String SQLState,
                              int vendorCode,
                              java.util.Map&lt;java.lang.String,<a href="../../java/sql/ClientInfoStatus.html" title="enum in java.sql">ClientInfoStatus</a>&gt; failedProperties,
                              java.lang.Throwable cause)
                                        </pre><div class="block"> Constructs a <code>SQLClientInfoException</code> object initialized with a given <code>reason</code>, <code>SQLState</code>, <code>cause</code>, <code>vendorCode</code> and <code>failedProperties</code>.              </div><dl> <dt> <span class="paramLabel">Parameters:</span>   </dt><dd> <code>reason</code> - a description of the exception       </dd><dd> <code>SQLState</code> - an XOPEN or SQL:2003 code identifying the exception          </dd><dd> <code>vendorCode</code> - a database vendor-specific exception code       </dd><dd> <code>failedProperties</code> - A Map containing the property values that could not be set. The keys in the Map contain the names of the client info properties that could not be set and the values contain one of the reason codes defined in <code>ClientInfoStatus</code>                                           </dd><dd> <code>cause</code> - the underlying reason for this <code>SQLException</code> (which is saved for later retrieval by the <code>getCause()</code> method); may be null indicating the cause is non-existent or unknown.                            </dd> <dt> <span class="simpleTagLabel">Since:</span>   </dt><dd>1.6</dd>  </dl></li></ul> <a end_ctx_id="constructor:SQLClientInfoException(java.lang.String, java.lang.String, int, java.util.Map, java.lang.Throwable)"/>  </td></tr></table></td></tr></table><table border="0" cellpadding="1" cellspacing="0" width="100%"><tr><td><h3 class="ctxid">method:getFailedProperties() [NONE]</h3></td></tr><tr><td><table border="0" cellpadding="5" cellspacing="1" bgcolor="black" width="100%"><tr valign="top"><td bgcolor="#FFFFFF" colspan="1"> <a start_ctx_id="method:getFailedProperties()"/><a name="getFailedProperties--"/><ul class="blockListLast"><li class="blockList"><h4>getFailedProperties</h4><pre>
                                            public java.util.Map&lt;java.lang.String,<a href="../../java/sql/ClientInfoStatus.html" title="enum in java.sql">ClientInfoStatus</a>&gt; getFailedProperties()
                                        </pre><div class="block"> Returns the list of client info properties that could not be set. The keys in the Map contain the names of the client info properties that could not be set and the values contain one of the reason codes defined in <code>ClientInfoStatus</code>                                          </div><dl> <dt> <span class="returnLabel">Returns:</span>   </dt><dd>Map list containing the client info properties that could not be set           </dd> <dt> <span class="simpleTagLabel">Since:</span>   </dt><dd>1.6</dd>  </dl></li></ul> <a end_ctx_id="method:getFailedProperties()"/>  </td></tr></table></td></tr></table></diff></diffreport>