<?xml version="1.0" encoding="UTF-8" standalone="yes"?><Document><name>java/sql/SQLInvalidAuthorizationSpecException.spec</name><Context><name>class:SQLInvalidAuthorizationSpecException</name><mt>NONE</mt></Context><Context><name>constructor:SQLInvalidAuthorizationSpecException()</name><mt>NONE</mt></Context><Context><name>constructor:SQLInvalidAuthorizationSpecException(java.lang.String)</name><mt>NONE</mt></Context><Context><name>constructor:SQLInvalidAuthorizationSpecException(java.lang.String, java.lang.String)</name><mt>NONE</mt></Context><Context><name>constructor:SQLInvalidAuthorizationSpecException(java.lang.String, java.lang.String, int)</name><mt>NONE</mt></Context><Context><name>constructor:SQLInvalidAuthorizationSpecException(java.lang.String, java.lang.String, int, java.lang.Throwable)</name><mt>NONE</mt></Context><Context><name>constructor:SQLInvalidAuthorizationSpecException(java.lang.String, java.lang.String, java.lang.Throwable)</name><mt>NONE</mt></Context><Context><name>constructor:SQLInvalidAuthorizationSpecException(java.lang.String, java.lang.Throwable)</name><mt>NONE</mt></Context><Context><name>constructor:SQLInvalidAuthorizationSpecException(java.lang.Throwable)</name><mt>NONE</mt></Context><Stat><name>java/sql/SQLInvalidAuthorizationSpecException.spec</name><mt>NONE</mt><Group name="context"><Item name="ADDED" count="0"/><Item name="REMOVED" count="0"/><Item name="CHANGED" count="0"/><Item name="MODIFIED" count="0"/><Item name="MOVED" count="0"/><Item name="MOVED_CHANGED" count="0"/><Item name="JOINT" count="0"/><Item name="SPLIT" count="0"/><Item name="TOTAL" count="9"/></Group><Group name="assertion"><Item name="ADDED" count="0"/><Item name="REMOVED" count="0"/><Item name="CHANGED" count="0"/><Item name="MODIFIED" count="0"/><Item name="MOVED" count="0"/><Item name="MOVED_CHANGED" count="0"/><Item name="JOINT" count="0"/><Item name="SPLIT" count="0"/><Item name="TOTAL" count="0"/></Group></Stat></Document>