<?xml version="1.0" encoding="UTF-8" standalone="yes"?><Document><name>java/sql/SQLType.spec</name><Context><name>class:SQLType</name><mt>NONE</mt></Context><Context><name>method:getName()</name><mt>NONE</mt></Context><Context><name>method:getVendor()</name><mt>NONE</mt></Context><Context><name>method:getVendorTypeNumber()</name><mt>NONE</mt></Context><Stat><name>java/sql/SQLType.spec</name><mt>NONE</mt><Group name="context"><Item name="ADDED" count="0"/><Item name="REMOVED" count="0"/><Item name="CHANGED" count="0"/><Item name="MODIFIED" count="0"/><Item name="MOVED" count="0"/><Item name="MOVED_CHANGED" count="0"/><Item name="JOINT" count="0"/><Item name="SPLIT" count="0"/><Item name="TOTAL" count="4"/></Group><Group name="assertion"><Item name="ADDED" count="0"/><Item name="REMOVED" count="0"/><Item name="CHANGED" count="0"/><Item name="MODIFIED" count="0"/><Item name="MOVED" count="0"/><Item name="MOVED_CHANGED" count="0"/><Item name="JOINT" count="0"/><Item name="SPLIT" count="0"/><Item name="TOTAL" count="0"/></Group></Stat></Document>