<?xml version="1.0" encoding="UTF-8"?><diffreport><diff><table border="0" cellpadding="1" cellspacing="0" width="100%"><tr><td><h3 class="ctxid">class:SQLType [NONE]</h3></td></tr><tr><td><table border="0" cellpadding="5" cellspacing="1" bgcolor="black" width="100%"><tr valign="top"><td bgcolor="#FFFFFF" colspan="1"><div class="description"> <a start_ctx_id="class:SQLType"/><ul class="blockList"><li class="blockList"><dl> <dt>All Known Implementing Classes:   </dt><dd> <code><a href="../../java/sql/JDBCType.html" title="enum in java.sql">JDBCType</a></code> </dd> </dl> <hr/> <br/><pre>
                            public interface <span class="typeNameLabel">SQLType</span>
                        </pre><div class="block">An object that is used to identify a generic SQL type, called a JDBC type or a vendor specific data type.                    </div><dl> <dt> <span class="simpleTagLabel">Since:</span>   </dt><dd>1.8</dd> </dl>  </li></ul> </div> <a end_ctx_id="class:SQLType"/> </td></tr></table></td></tr></table><table border="0" cellpadding="1" cellspacing="0" width="100%"><tr><td><h3 class="ctxid">method:getName() [NONE]</h3></td></tr><tr><td><table border="0" cellpadding="5" cellspacing="1" bgcolor="black" width="100%"><tr valign="top"><td bgcolor="#FFFFFF" colspan="1"> <a start_ctx_id="method:getName()"/><a name="getName--"/><ul class="blockList"><li class="blockList"><h4>getName</h4><pre>java.lang.String getName()</pre><div class="block"> Returns the <code>SQLType</code> name that represents a SQL data type.          </div><dl> <dt> <span class="returnLabel">Returns:</span>   </dt><dd> The name of this <code>SQLType</code>.     </dd> </dl></li></ul> <a end_ctx_id="method:getName()"/>  </td></tr></table></td></tr></table><table border="0" cellpadding="1" cellspacing="0" width="100%"><tr><td><h3 class="ctxid">method:getVendor() [NONE]</h3></td></tr><tr><td><table border="0" cellpadding="5" cellspacing="1" bgcolor="black" width="100%"><tr valign="top"><td bgcolor="#FFFFFF" colspan="1"> <a start_ctx_id="method:getVendor()"/><a name="getVendor--"/><ul class="blockList"><li class="blockList"><h4>getVendor</h4><pre>java.lang.String getVendor()</pre><div class="block">Returns the name of the vendor that supports this data type. The value returned typically is the package name for this vendor.                     </div><dl> <dt> <span class="returnLabel">Returns:</span>   </dt><dd>The name of the vendor for this data type        </dd> </dl></li></ul> <a end_ctx_id="method:getVendor()"/>  </td></tr></table></td></tr></table><table border="0" cellpadding="1" cellspacing="0" width="100%"><tr><td><h3 class="ctxid">method:getVendorTypeNumber() [NONE]</h3></td></tr><tr><td><table border="0" cellpadding="5" cellspacing="1" bgcolor="black" width="100%"><tr valign="top"><td bgcolor="#FFFFFF" colspan="1"> <a start_ctx_id="method:getVendorTypeNumber()"/><a name="getVendorTypeNumber--"/><ul class="blockListLast"><li class="blockList"><h4>getVendorTypeNumber</h4><pre>java.lang.Integer getVendorTypeNumber()</pre><div class="block">Returns the vendor specific type number for the data type.         </div><dl> <dt> <span class="returnLabel">Returns:</span>   </dt><dd>An Integer representing the vendor specific data type       </dd> </dl></li></ul> <a end_ctx_id="method:getVendorTypeNumber()"/>  </td></tr></table></td></tr></table></diff></diffreport>