<?xml version="1.0" encoding="UTF-8" standalone="yes"?><Document><name>java/sql/Statement.spec</name><Context><name>class:Statement</name><mt>NONE</mt></Context><Context><name>field:CLOSE_ALL_RESULTS</name><mt>NONE</mt></Context><Context><name>field:CLOSE_CURRENT_RESULT</name><mt>NONE</mt></Context><Context><name>field:EXECUTE_FAILED</name><mt>NONE</mt></Context><Context><name>field:KEEP_CURRENT_RESULT</name><mt>NONE</mt></Context><Context><name>field:NO_GENERATED_KEYS</name><mt>NONE</mt></Context><Context><name>field:RETURN_GENERATED_KEYS</name><mt>NONE</mt></Context><Context><name>field:SUCCESS_NO_INFO</name><mt>NONE</mt></Context><Context><name>method:addBatch(java.lang.String)</name><mt>NONE</mt></Context><Context><name>method:cancel()</name><mt>NONE</mt></Context><Context><name>method:clearBatch()</name><mt>NONE</mt></Context><Context><name>method:clearWarnings()</name><mt>NONE</mt></Context><Context><name>method:close()</name><mt>NONE</mt></Context><Context><name>method:closeOnCompletion()</name><mt>NONE</mt></Context><Context><name>method:enquoteIdentifier(java.lang.String, boolean)</name><mt>ADDED</mt></Context><Context><name>method:enquoteLiteral(java.lang.String)</name><mt>ADDED</mt></Context><Context><name>method:enquoteNCharLiteral(java.lang.String)</name><mt>ADDED</mt></Context><Context><name>method:execute(java.lang.String)</name><mt>NONE</mt></Context><Context><name>method:execute(java.lang.String, int)</name><mt>NONE</mt></Context><Context><name>method:execute(java.lang.String, int[])</name><mt>NONE</mt></Context><Context><name>method:execute(java.lang.String, java.lang.String[])</name><mt>NONE</mt></Context><Context><name>method:executeBatch()</name><mt>NONE</mt></Context><Context><name>method:executeLargeBatch()</name><mt>NONE</mt></Context><Context><name>method:executeLargeUpdate(java.lang.String)</name><mt>NONE</mt></Context><Context><name>method:executeLargeUpdate(java.lang.String, int)</name><mt>NONE</mt></Context><Context><name>method:executeLargeUpdate(java.lang.String, int[])</name><mt>NONE</mt></Context><Context><name>method:executeLargeUpdate(java.lang.String, java.lang.String[])</name><mt>NONE</mt></Context><Context><name>method:executeQuery(java.lang.String)</name><mt>NONE</mt></Context><Context><name>method:executeUpdate(java.lang.String)</name><mt>NONE</mt></Context><Context><name>method:executeUpdate(java.lang.String, int)</name><mt>NONE</mt></Context><Context><name>method:executeUpdate(java.lang.String, int[])</name><mt>NONE</mt></Context><Context><name>method:executeUpdate(java.lang.String, java.lang.String[])</name><mt>NONE</mt></Context><Context><name>method:getConnection()</name><mt>NONE</mt></Context><Context><name>method:getFetchDirection()</name><mt>NONE</mt></Context><Context><name>method:getFetchSize()</name><mt>NONE</mt></Context><Context><name>method:getGeneratedKeys()</name><mt>NONE</mt></Context><Context><name>method:getLargeMaxRows()</name><mt>NONE</mt></Context><Context><name>method:getLargeUpdateCount()</name><mt>NONE</mt></Context><Context><name>method:getMaxFieldSize()</name><mt>NONE</mt></Context><Context><name>method:getMaxRows()</name><mt>NONE</mt></Context><Context><name>method:getMoreResults()</name><mt>NONE</mt></Context><Context><name>method:getMoreResults(int)</name><mt>NONE</mt></Context><Context><name>method:getQueryTimeout()</name><mt>NONE</mt></Context><Context><name>method:getResultSet()</name><mt>NONE</mt></Context><Context><name>method:getResultSetConcurrency()</name><mt>NONE</mt></Context><Context><name>method:getResultSetHoldability()</name><mt>NONE</mt></Context><Context><name>method:getResultSetType()</name><mt>NONE</mt></Context><Context><name>method:getUpdateCount()</name><mt>NONE</mt></Context><Context><name>method:getWarnings()</name><mt>NONE</mt></Context><Context><name>method:isCloseOnCompletion()</name><mt>NONE</mt></Context><Context><name>method:isClosed()</name><mt>NONE</mt></Context><Context><name>method:isPoolable()</name><mt>NONE</mt></Context><Context><name>method:isSimpleIdentifier(java.lang.String)</name><mt>ADDED</mt></Context><Context><name>method:setCursorName(java.lang.String)</name><mt>NONE</mt></Context><Context><name>method:setEscapeProcessing(boolean)</name><mt>NONE</mt></Context><Context><name>method:setFetchDirection(int)</name><mt>NONE</mt></Context><Context><name>method:setFetchSize(int)</name><mt>NONE</mt></Context><Context><name>method:setLargeMaxRows(long)</name><mt>NONE</mt></Context><Context><name>method:setMaxFieldSize(int)</name><mt>NONE</mt></Context><Context><name>method:setMaxRows(int)</name><mt>NONE</mt></Context><Context><name>method:setPoolable(boolean)</name><mt>NONE</mt></Context><Context><name>method:setQueryTimeout(int)</name><mt>NONE</mt></Context><Stat><name>java/sql/Statement.spec</name><mt>CHANGED</mt><Group name="context"><Item name="ADDED" count="4"/><Item name="REMOVED" count="0"/><Item name="CHANGED" count="0"/><Item name="MODIFIED" count="4"/><Item name="MOVED" count="0"/><Item name="MOVED_CHANGED" count="0"/><Item name="JOINT" count="0"/><Item name="SPLIT" count="0"/><Item name="TOTAL" count="62"/></Group><Group name="assertion"><Item name="ADDED" count="0"/><Item name="REMOVED" count="0"/><Item name="CHANGED" count="0"/><Item name="MODIFIED" count="0"/><Item name="MOVED" count="0"/><Item name="MOVED_CHANGED" count="0"/><Item name="JOINT" count="0"/><Item name="SPLIT" count="0"/><Item name="TOTAL" count="0"/></Group></Stat></Document>