<?xml version="1.0" encoding="UTF-8" standalone="yes"?><Document><name>java/sql/Time.spec</name><Context><name>class:Time</name><mt>NONE</mt></Context><Context><name>constructor:Time(int, int, int)</name><mt>CHANGED</mt></Context><Context><name>constructor:Time(long)</name><mt>NONE</mt></Context><Context><name>method:getDate()</name><mt>CHANGED</mt></Context><Context><name>method:getDay()</name><mt>CHANGED</mt></Context><Context><name>method:getMonth()</name><mt>CHANGED</mt></Context><Context><name>method:getYear()</name><mt>CHANGED</mt></Context><Context><name>method:setDate(int)</name><mt>CHANGED</mt></Context><Context><name>method:setMonth(int)</name><mt>CHANGED</mt></Context><Context><name>method:setTime(long)</name><mt>NONE</mt></Context><Context><name>method:setYear(int)</name><mt>CHANGED</mt></Context><Context><name>method:toInstant()</name><mt>CHANGED</mt></Context><Context><name>method:toLocalTime()</name><mt>CHANGED</mt></Context><Context><name>method:toString()</name><mt>CHANGED</mt></Context><Context><name>method:valueOf(java.lang.String)</name><mt>NONE</mt></Context><Context><name>method:valueOf(java.time.LocalTime)</name><mt>CHANGED</mt></Context><Stat><name>java/sql/Time.spec</name><mt>CHANGED</mt><Group name="context"><Item name="ADDED" count="0"/><Item name="REMOVED" count="0"/><Item name="CHANGED" count="12"/><Item name="MODIFIED" count="12"/><Item name="MOVED" count="0"/><Item name="MOVED_CHANGED" count="0"/><Item name="JOINT" count="0"/><Item name="SPLIT" count="0"/><Item name="TOTAL" count="16"/></Group><Group name="assertion"><Item name="ADDED" count="0"/><Item name="REMOVED" count="0"/><Item name="CHANGED" count="0"/><Item name="MODIFIED" count="0"/><Item name="MOVED" count="0"/><Item name="MOVED_CHANGED" count="0"/><Item name="JOINT" count="0"/><Item name="SPLIT" count="0"/><Item name="TOTAL" count="0"/></Group></Stat></Document>