<?xml version="1.0" encoding="UTF-8"?><diffreport><diff><table border="0" cellpadding="1" cellspacing="0" width="100%"><tr><td><h3 class="ctxid">class:Time [NONE]</h3></td></tr><tr><td><table border="0" cellpadding="5" cellspacing="1" bgcolor="black" width="100%"><tr valign="top"><td bgcolor="#FFFFFF" colspan="1"><div class="description"> <a start_ctx_id="class:Time"/><ul class="blockList"><li class="blockList"> <hr/> <br/><pre>
                            public class <span class="typeNameLabel">Time</span>
extends java.util.Date
                        </pre><div class="block"><p> A thin wrapper around the <code>java.util.Date</code> class that allows the JDBC API to identify this as an SQL <code>TIME</code> value. The <code>Time</code> class adds formatting and parsing operations to support the JDBC escape syntax for time values.                                     </p><p>The date components should be set to the "zero epoch" value of January 1, 1970 and should not be accessed.                   </p></div><dl> <dt> <span class="seeLabel">See Also: </span>   </dt><dd> <a href="../../serialized-form.html#java.sql.Time">Serialized Form </a> </dd> </dl>  </li></ul> </div> <a end_ctx_id="class:Time"/> </td></tr></table></td></tr></table><table border="0" cellpadding="1" cellspacing="0" width="100%"><tr><td><h3 class="ctxid">constructor:Time(int, int, int) [CHANGED]</h3></td></tr><tr><td><table border="0" cellpadding="5" cellspacing="1" bgcolor="black" width="100%"><tr valign="top"><td bgcolor="#EEEEEE" colspan="2"> <a start_ctx_id="constructor:Time(int, int, int)"/><a name="Time-int-int-int-"/><ul class="blockList"><li class="blockList"><h4>Time</h4><pre>@Deprecated<span class="diff-html-added">(since="1.2")</span>
public Time(int hour,
            int minute,
            int second)</pre><div class="block"> <span class="deprecatedLabel">Deprecated.</span> <span class="deprecationComment">Use the constructor that takes a milliseconds value in place of this constructor            </span> </div><div class="block"> Constructs a <code>Time</code> object initialized with the given values for the hour, minute, and second. The driver sets the date components to January 1, 1970. Any method that attempts to access the date components of a <code>Time</code> object will throw a <code>java.lang.IllegalArgumentException</code>.<p> The result is undefined if a given argument is out of bounds.            </p>                                          </div><dl> <dt> <span class="paramLabel">Parameters:</span>   </dt><dd> <code>hour</code> - 0 to 23     </dd><dd> <code>minute</code> - 0 to 59     </dd><dd> <code>second</code> - 0 to 59     </dd> </dl></li></ul> <a end_ctx_id="constructor:Time(int, int, int)"/>  </td></tr><tr valign="top"><td bgcolor="#CCCCCC" colspan="1"> <a start_ctx_id="constructor:Time(int, int, int)"/><a name="Time-int-int-int-"/><ul class="blockList"><li class="blockList"><h4>Time</h4><pre>@Deprecated
public Time(int hour,
            int minute,
            int second)</pre><div class="block"> <span class="deprecatedLabel">Deprecated.</span> <span class="deprecationComment">Use the constructor that takes a milliseconds value in place of this constructor            </span> </div><div class="block"> Constructs a <code>Time</code> object initialized with the given values for the hour, minute, and second. The driver sets the date components to January 1, 1970. Any method that attempts to access the date components of a <code>Time</code> object will throw a <code>java.lang.IllegalArgumentException</code>.<p> The result is undefined if a given argument is out of bounds.            </p>                                          </div><dl> <dt> <span class="paramLabel">Parameters:</span>   </dt><dd> <code>hour</code> - 0 to 23     </dd><dd> <code>minute</code> - 0 to 59     </dd><dd> <code>second</code> - 0 to 59     </dd> </dl></li></ul> <a end_ctx_id="constructor:Time(int, int, int)"/>  </td><td bgcolor="#FFFFFF" colspan="1"> <a start_ctx_id="constructor:Time(int, int, int)"/><a name="Time-int-int-int-"/><ul class="blockList"><li class="blockList"><h4>Time</h4><pre>@Deprecated(since="1.2")
public Time(int hour,
            int minute,
            int second)</pre><div class="block"> <span class="deprecatedLabel">Deprecated.</span> <span class="deprecationComment">Use the constructor that takes a milliseconds value in place of this constructor            </span> </div><div class="block"> Constructs a <code>Time</code> object initialized with the given values for the hour, minute, and second. The driver sets the date components to January 1, 1970. Any method that attempts to access the date components of a <code>Time</code> object will throw a <code>java.lang.IllegalArgumentException</code>.<p> The result is undefined if a given argument is out of bounds.            </p>                                          </div><dl> <dt> <span class="paramLabel">Parameters:</span>   </dt><dd> <code>hour</code> - 0 to 23     </dd><dd> <code>minute</code> - 0 to 59     </dd><dd> <code>second</code> - 0 to 59     </dd> </dl></li></ul> <a end_ctx_id="constructor:Time(int, int, int)"/>  </td></tr></table></td></tr></table><table border="0" cellpadding="1" cellspacing="0" width="100%"><tr><td><h3 class="ctxid">constructor:Time(long) [NONE]</h3></td></tr><tr><td><table border="0" cellpadding="5" cellspacing="1" bgcolor="black" width="100%"><tr valign="top"><td bgcolor="#FFFFFF" colspan="1"> <a start_ctx_id="constructor:Time(long)"/><a name="Time-long-"/><ul class="blockListLast"><li class="blockList"><h4>Time</h4><pre>public Time(long time)</pre><div class="block"> Constructs a <code>Time</code> object using a milliseconds time value.         </div><dl> <dt> <span class="paramLabel">Parameters:</span>   </dt><dd> <code>time</code> - milliseconds since January 1, 1970, 00:00:00 GMT; a negative number is milliseconds before January 1, 1970, 00:00:00 GMT                    </dd> </dl></li></ul> <a end_ctx_id="constructor:Time(long)"/>  </td></tr></table></td></tr></table><table border="0" cellpadding="1" cellspacing="0" width="100%"><tr><td><h3 class="ctxid">method:setTime(long) [NONE]</h3></td></tr><tr><td><table border="0" cellpadding="5" cellspacing="1" bgcolor="black" width="100%"><tr valign="top"><td bgcolor="#FFFFFF" colspan="1"> <a start_ctx_id="method:setTime(long)"/><a name="setTime-long-"/><ul class="blockList"><li class="blockList"><h4>setTime</h4><pre>public void setTime(long time)</pre><div class="block"> Sets a <code>Time</code> object using a milliseconds time value.         </div><dl> <dt> <span class="overrideSpecifyLabel">Overrides:</span>   </dt><dd> <code>setTime</code> in class <code>java.util.Date</code>  </dd> <dt> <span class="paramLabel">Parameters:</span>   </dt><dd> <code>time</code> - milliseconds since January 1, 1970, 00:00:00 GMT; a negative number is milliseconds before January 1, 1970, 00:00:00 GMT                    </dd>  </dl></li></ul> <a end_ctx_id="method:setTime(long)"/>  </td></tr></table></td></tr></table><table border="0" cellpadding="1" cellspacing="0" width="100%"><tr><td><h3 class="ctxid">method:valueOf(java.lang.String) [NONE]</h3></td></tr><tr><td><table border="0" cellpadding="5" cellspacing="1" bgcolor="black" width="100%"><tr valign="top"><td bgcolor="#FFFFFF" colspan="1"> <a start_ctx_id="method:valueOf(java.lang.String)"/><a name="valueOf-java.lang.String-"/><ul class="blockList"><li class="blockList"><h4>valueOf</h4><pre>
                                            public static <a href="../../java/sql/Time.html" title="class in java.sql">Time</a> valueOf(java.lang.String s)
                                        </pre><div class="block"> Converts a string in JDBC time escape format to a <code>Time</code> value.            </div><dl> <dt> <span class="paramLabel">Parameters:</span>   </dt><dd> <code>s</code> - time in format "hh:mm:ss"      </dd> <dt> <span class="returnLabel">Returns:</span>   </dt><dd> a corresponding <code>Time</code> object    </dd>  </dl></li></ul> <a end_ctx_id="method:valueOf(java.lang.String)"/>  </td></tr></table></td></tr></table><table border="0" cellpadding="1" cellspacing="0" width="100%"><tr><td><h3 class="ctxid">method:toString() [CHANGED]</h3></td></tr><tr><td><table border="0" cellpadding="5" cellspacing="1" bgcolor="black" width="100%"><tr valign="top"><td bgcolor="#EEEEEE" colspan="2"> <a start_ctx_id="method:toString()"/><a name="toString--"/><ul class="blockList"><li class="blockList"><h4>toString</h4><pre>public java.lang.String toString()</pre><div class="block">Formats a time in JDBC time escape format.       </div><dl> <dt> <span class="overrideSpecifyLabel">Overrides:</span>   </dt><dd> <code>toString</code> in class <code>java.util.Date</code>  </dd> <dt> <span class="returnLabel">Returns:</span>   </dt><dd> a <code>String</code> in hh:mm:ss format <dt changeType="diff-removed-tag"> <span class="seeLabel"><span class="diff-html-removed">See</span> <span class="diff-html-removed">Also:</span> </span> <span class="diff-html-removed"/>  </dt><dd changeType="diff-removed-tag"> <code><span class="diff-html-removed">Date.toLocaleString()</span></code><span class="diff-html-removed">,</span> <code><span class="diff-html-removed">Date.toGMTString()</span></code>  </dd>      </dd>  </dl></li></ul> <a end_ctx_id="method:toString()"/>  </td></tr><tr valign="top"><td bgcolor="#CCCCCC" colspan="1"> <a start_ctx_id="method:toString()"/><a name="toString--"/><ul class="blockList"><li class="blockList"><h4>toString</h4><pre>public java.lang.String toString()</pre><div class="block">Formats a time in JDBC time escape format.       </div><dl> <dt> <span class="overrideSpecifyLabel">Overrides:</span>   </dt><dd> <code>toString</code> in class <code>java.util.Date</code>  </dd> <dt> <span class="returnLabel">Returns:</span>   </dt><dd> a <code>String</code> in hh:mm:ss format     </dd> <dt changeType="diff-removed-tag"> <span class="seeLabel">See Also: </span>   </dt><dd changeType="diff-removed-tag"> <code>Date.toLocaleString()</code>, <code>Date.toGMTString()</code>  </dd>   </dl></li></ul> <a end_ctx_id="method:toString()"/>  </td><td bgcolor="#FFFFFF" colspan="1"> <a start_ctx_id="method:toString()"/><a name="toString--"/><ul class="blockList"><li class="blockList"><h4>toString</h4><pre>public java.lang.String toString()</pre><div class="block">Formats a time in JDBC time escape format.       </div><dl> <dt> <span class="overrideSpecifyLabel">Overrides:</span>   </dt><dd> <code>toString</code> in class <code>java.util.Date</code>  </dd> <dt> <span class="returnLabel">Returns:</span>   </dt><dd> a <code>String</code> in hh:mm:ss format     </dd>  </dl></li></ul> <a end_ctx_id="method:toString()"/>  </td></tr></table></td></tr></table><table border="0" cellpadding="1" cellspacing="0" width="100%"><tr><td><h3 class="ctxid">method:getYear() [CHANGED]</h3></td></tr><tr><td><table border="0" cellpadding="5" cellspacing="1" bgcolor="black" width="100%"><tr valign="top"><td bgcolor="#EEEEEE" colspan="2"> <a start_ctx_id="method:getYear()"/><a name="getYear--"/><ul class="blockList"><li class="blockList"><h4>getYear</h4><pre>@Deprecated<span class="diff-html-added">(since="1.2")</span>
public int getYear()</pre><div class="block"> <span class="deprecatedLabel">Deprecated.</span>  </div><div class="block"> This method is deprecated and should not be used because SQL <code>TIME</code> values do not have a year component.                   </div><dl> <dt> <span class="overrideSpecifyLabel">Overrides:</span>   </dt><dd> <code>getYear</code> in class <code>java.util.Date</code>  </dd> <dt> <span class="throwsLabel"> <dt changeType="diff-removed-tag"> <span class="returnLabel"><span class="diff-html-removed">Returns:</span></span> <span class="diff-html-removed"/>  </dt><dd changeType="diff-removed-tag"><span class="diff-html-removed">the</span> <span class="diff-html-removed">year</span> <span class="diff-html-removed">represented</span> <span class="diff-html-removed">by</span> <span class="diff-html-removed">this</span> <span class="diff-html-removed">date,</span> <span class="diff-html-removed">minus</span> <span class="diff-html-removed">1900.</span>       </dd>Throws: </span>   </dt><dd> <code>java.lang.IllegalArgumentException</code> - if this method is invoked       </dd> <dt> <span class="seeLabel">See Also: </span>   </dt><dd> <a href="../../java/sql/Time.html#setYear-int-"><code>setYear(int)</code></a> </dd>   </dl></li></ul> <a end_ctx_id="method:getYear()"/>  </td></tr><tr valign="top"><td bgcolor="#CCCCCC" colspan="1"> <a start_ctx_id="method:getYear()"/><a name="getYear--"/><ul class="blockList"><li class="blockList"><h4>getYear</h4><pre>@Deprecated
public int getYear()</pre><div class="block"> <span class="deprecatedLabel">Deprecated.</span>  </div><div class="block"> This method is deprecated and should not be used because SQL <code>TIME</code> values do not have a year component.                   </div><dl> <dt> <span class="overrideSpecifyLabel">Overrides:</span>   </dt><dd> <code>getYear</code> in class <code>java.util.Date</code>  </dd> <dt changeType="diff-removed-tag"> <span class="returnLabel">Returns:</span>   </dt><dd changeType="diff-removed-tag">the year represented by this date, minus 1900.       </dd> <dt> <span class="throwsLabel">Throws:</span>   </dt><dd> <code>java.lang.IllegalArgumentException</code> - if this method is invoked       </dd> <dt> <span class="seeLabel">See Also: </span>   </dt><dd> <a href="../../java/sql/Time.html#setYear-int-"><code>setYear(int)</code></a> </dd>    </dl></li></ul> <a end_ctx_id="method:getYear()"/>  </td><td bgcolor="#FFFFFF" colspan="1"> <a start_ctx_id="method:getYear()"/><a name="getYear--"/><ul class="blockList"><li class="blockList"><h4>getYear</h4><pre>@Deprecated(since="1.2")
public int getYear()</pre><div class="block"> <span class="deprecatedLabel">Deprecated.</span>  </div><div class="block"> This method is deprecated and should not be used because SQL <code>TIME</code> values do not have a year component.                   </div><dl> <dt> <span class="overrideSpecifyLabel">Overrides:</span>   </dt><dd> <code>getYear</code> in class <code>java.util.Date</code>  </dd> <dt> <span class="throwsLabel">Throws:</span>   </dt><dd> <code>java.lang.IllegalArgumentException</code> - if this method is invoked       </dd> <dt> <span class="seeLabel">See Also: </span>   </dt><dd> <a href="../../java/sql/Time.html#setYear-int-"><code>setYear(int)</code></a> </dd>   </dl></li></ul> <a end_ctx_id="method:getYear()"/>  </td></tr></table></td></tr></table><table border="0" cellpadding="1" cellspacing="0" width="100%"><tr><td><h3 class="ctxid">method:getMonth() [CHANGED]</h3></td></tr><tr><td><table border="0" cellpadding="5" cellspacing="1" bgcolor="black" width="100%"><tr valign="top"><td bgcolor="#EEEEEE" colspan="2"> <a start_ctx_id="method:getMonth()"/><a name="getMonth--"/><ul class="blockList"><li class="blockList"><h4>getMonth</h4><pre>@Deprecated<span class="diff-html-added">(since="1.2")</span>
public int getMonth()</pre><div class="block"> <span class="deprecatedLabel">Deprecated.</span>  </div><div class="block"> This method is deprecated and should not be used because SQL <code>TIME</code> values do not have a month component.                   </div><dl> <dt> <span class="overrideSpecifyLabel">Overrides:</span>   </dt><dd> <code>getMonth</code> in class <code>java.util.Date</code>  </dd> <dt> <span class="throwsLabel"> <dt changeType="diff-removed-tag"> <span class="returnLabel"><span class="diff-html-removed">Returns:</span></span> <span class="diff-html-removed"/>  </dt><dd changeType="diff-removed-tag"><span class="diff-html-removed">the</span> <span class="diff-html-removed">month</span> <span class="diff-html-removed">represented</span> <span class="diff-html-removed">by</span> <span class="diff-html-removed">this</span> <span class="diff-html-removed">date.</span>     </dd>Throws: </span>   </dt><dd> <code>java.lang.IllegalArgumentException</code> - if this method is invoked       </dd> <dt> <span class="seeLabel">See Also: </span>   </dt><dd> <a href="../../java/sql/Time.html#setMonth-int-"><code>setMonth(int)</code></a> </dd>   </dl></li></ul> <a end_ctx_id="method:getMonth()"/>  </td></tr><tr valign="top"><td bgcolor="#CCCCCC" colspan="1"> <a start_ctx_id="method:getMonth()"/><a name="getMonth--"/><ul class="blockList"><li class="blockList"><h4>getMonth</h4><pre>@Deprecated
public int getMonth()</pre><div class="block"> <span class="deprecatedLabel">Deprecated.</span>  </div><div class="block"> This method is deprecated and should not be used because SQL <code>TIME</code> values do not have a month component.                   </div><dl> <dt> <span class="overrideSpecifyLabel">Overrides:</span>   </dt><dd> <code>getMonth</code> in class <code>java.util.Date</code>  </dd> <dt changeType="diff-removed-tag"> <span class="returnLabel">Returns:</span>   </dt><dd changeType="diff-removed-tag">the month represented by this date.     </dd> <dt> <span class="throwsLabel">Throws:</span>   </dt><dd> <code>java.lang.IllegalArgumentException</code> - if this method is invoked       </dd> <dt> <span class="seeLabel">See Also: </span>   </dt><dd> <a href="../../java/sql/Time.html#setMonth-int-"><code>setMonth(int)</code></a> </dd>    </dl></li></ul> <a end_ctx_id="method:getMonth()"/>  </td><td bgcolor="#FFFFFF" colspan="1"> <a start_ctx_id="method:getMonth()"/><a name="getMonth--"/><ul class="blockList"><li class="blockList"><h4>getMonth</h4><pre>@Deprecated(since="1.2")
public int getMonth()</pre><div class="block"> <span class="deprecatedLabel">Deprecated.</span>  </div><div class="block"> This method is deprecated and should not be used because SQL <code>TIME</code> values do not have a month component.                   </div><dl> <dt> <span class="overrideSpecifyLabel">Overrides:</span>   </dt><dd> <code>getMonth</code> in class <code>java.util.Date</code>  </dd> <dt> <span class="throwsLabel">Throws:</span>   </dt><dd> <code>java.lang.IllegalArgumentException</code> - if this method is invoked       </dd> <dt> <span class="seeLabel">See Also: </span>   </dt><dd> <a href="../../java/sql/Time.html#setMonth-int-"><code>setMonth(int)</code></a> </dd>   </dl></li></ul> <a end_ctx_id="method:getMonth()"/>  </td></tr></table></td></tr></table><table border="0" cellpadding="1" cellspacing="0" width="100%"><tr><td><h3 class="ctxid">method:getDay() [CHANGED]</h3></td></tr><tr><td><table border="0" cellpadding="5" cellspacing="1" bgcolor="black" width="100%"><tr valign="top"><td bgcolor="#EEEEEE" colspan="2"> <a start_ctx_id="method:getDay()"/><a name="getDay--"/><ul class="blockList"><li class="blockList"><h4>getDay</h4><pre>@Deprecated<span class="diff-html-added">(since="1.2")</span>
public int getDay()</pre><div class="block"> <span class="deprecatedLabel">Deprecated.</span>  </div><div class="block"> This method is deprecated and should not be used because SQL <code>TIME</code> values do not have a day component.                   </div><dl> <dt> <span class="overrideSpecifyLabel">Overrides:</span>   </dt><dd> <code>getDay</code> in class <code>java.util.Date</code>  </dd> <dt> <span class="throwsLabel"> <dt changeType="diff-removed-tag"> <span class="returnLabel"><span class="diff-html-removed">Returns:</span></span> <span class="diff-html-removed"/>  </dt><dd changeType="diff-removed-tag"><span class="diff-html-removed">the</span> <span class="diff-html-removed">day</span> <span class="diff-html-removed">of</span> <span class="diff-html-removed">the</span> <span class="diff-html-removed">week</span> <span class="diff-html-removed">represented</span> <span class="diff-html-removed">by</span> <span class="diff-html-removed">this</span> <span class="diff-html-removed">date.</span>        </dd>Throws: </span>   </dt><dd> <code>java.lang.IllegalArgumentException</code> - if this method is invoked <dt changeType="diff-removed-tag"> <span class="seeLabel"><span class="diff-html-removed">See</span> <span class="diff-html-removed">Also:</span> </span> <span class="diff-html-removed"/>  </dt><dd changeType="diff-removed-tag"> <code><span class="diff-html-removed">Calendar</span></code> </dd>        </dd>  </dl></li></ul> <a end_ctx_id="method:getDay()"/>  </td></tr><tr valign="top"><td bgcolor="#CCCCCC" colspan="1"> <a start_ctx_id="method:getDay()"/><a name="getDay--"/><ul class="blockList"><li class="blockList"><h4>getDay</h4><pre>@Deprecated
public int getDay()</pre><div class="block"> <span class="deprecatedLabel">Deprecated.</span>  </div><div class="block"> This method is deprecated and should not be used because SQL <code>TIME</code> values do not have a day component.                   </div><dl> <dt> <span class="overrideSpecifyLabel">Overrides:</span>   </dt><dd> <code>getDay</code> in class <code>java.util.Date</code>  </dd> <dt changeType="diff-removed-tag"> <span class="returnLabel">Returns:</span>   </dt><dd changeType="diff-removed-tag">the day of the week represented by this date.        </dd> <dt> <span class="throwsLabel">Throws:</span>   </dt><dd> <code>java.lang.IllegalArgumentException</code> - if this method is invoked       </dd> <dt changeType="diff-removed-tag"> <span class="seeLabel">See Also: </span>   </dt><dd changeType="diff-removed-tag"> <code>Calendar</code> </dd>    </dl></li></ul> <a end_ctx_id="method:getDay()"/>  </td><td bgcolor="#FFFFFF" colspan="1"> <a start_ctx_id="method:getDay()"/><a name="getDay--"/><ul class="blockList"><li class="blockList"><h4>getDay</h4><pre>@Deprecated(since="1.2")
public int getDay()</pre><div class="block"> <span class="deprecatedLabel">Deprecated.</span>  </div><div class="block"> This method is deprecated and should not be used because SQL <code>TIME</code> values do not have a day component.                   </div><dl> <dt> <span class="overrideSpecifyLabel">Overrides:</span>   </dt><dd> <code>getDay</code> in class <code>java.util.Date</code>  </dd> <dt> <span class="throwsLabel">Throws:</span>   </dt><dd> <code>java.lang.IllegalArgumentException</code> - if this method is invoked       </dd>  </dl></li></ul> <a end_ctx_id="method:getDay()"/>  </td></tr></table></td></tr></table><table border="0" cellpadding="1" cellspacing="0" width="100%"><tr><td><h3 class="ctxid">method:getDate() [CHANGED]</h3></td></tr><tr><td><table border="0" cellpadding="5" cellspacing="1" bgcolor="black" width="100%"><tr valign="top"><td bgcolor="#EEEEEE" colspan="2"> <a start_ctx_id="method:getDate()"/><a name="getDate--"/><ul class="blockList"><li class="blockList"><h4>getDate</h4><pre>@Deprecated<span class="diff-html-added">(since="1.2")</span>
public int getDate()</pre><div class="block"> <span class="deprecatedLabel">Deprecated.</span>  </div><div class="block"> This method is deprecated and should not be used because SQL <code>TIME</code> values do not have a date component.                   </div><dl> <dt> <span class="overrideSpecifyLabel">Overrides:</span>   </dt><dd> <code>getDate</code> in class <code>java.util.Date</code>  </dd> <dt> <span class="throwsLabel"> <dt changeType="diff-removed-tag"> <span class="returnLabel"><span class="diff-html-removed">Returns:</span></span> <span class="diff-html-removed"/>  </dt><dd changeType="diff-removed-tag"><span class="diff-html-removed">the</span> <span class="diff-html-removed">day</span> <span class="diff-html-removed">of</span> <span class="diff-html-removed">the</span> <span class="diff-html-removed">month</span> <span class="diff-html-removed">represented</span> <span class="diff-html-removed">by</span> <span class="diff-html-removed">this</span> <span class="diff-html-removed">date.</span>        </dd>Throws: </span>   </dt><dd> <code>java.lang.IllegalArgumentException</code> - if this method is invoked       </dd> <dt> <span class="seeLabel">See Also: </span>   </dt><dd> <a href="../../java/sql/Time.html#setDate-int-"><code>setDate(int)</code></a> </dd>   </dl></li></ul> <a end_ctx_id="method:getDate()"/>  </td></tr><tr valign="top"><td bgcolor="#CCCCCC" colspan="1"> <a start_ctx_id="method:getDate()"/><a name="getDate--"/><ul class="blockList"><li class="blockList"><h4>getDate</h4><pre>@Deprecated
public int getDate()</pre><div class="block"> <span class="deprecatedLabel">Deprecated.</span>  </div><div class="block"> This method is deprecated and should not be used because SQL <code>TIME</code> values do not have a date component.                   </div><dl> <dt> <span class="overrideSpecifyLabel">Overrides:</span>   </dt><dd> <code>getDate</code> in class <code>java.util.Date</code>  </dd> <dt changeType="diff-removed-tag"> <span class="returnLabel">Returns:</span>   </dt><dd changeType="diff-removed-tag">the day of the month represented by this date.        </dd> <dt> <span class="throwsLabel">Throws:</span>   </dt><dd> <code>java.lang.IllegalArgumentException</code> - if this method is invoked       </dd> <dt> <span class="seeLabel">See Also: </span>   </dt><dd> <a href="../../java/sql/Time.html#setDate-int-"><code>setDate(int)</code></a> </dd>    </dl></li></ul> <a end_ctx_id="method:getDate()"/>  </td><td bgcolor="#FFFFFF" colspan="1"> <a start_ctx_id="method:getDate()"/><a name="getDate--"/><ul class="blockList"><li class="blockList"><h4>getDate</h4><pre>@Deprecated(since="1.2")
public int getDate()</pre><div class="block"> <span class="deprecatedLabel">Deprecated.</span>  </div><div class="block"> This method is deprecated and should not be used because SQL <code>TIME</code> values do not have a date component.                   </div><dl> <dt> <span class="overrideSpecifyLabel">Overrides:</span>   </dt><dd> <code>getDate</code> in class <code>java.util.Date</code>  </dd> <dt> <span class="throwsLabel">Throws:</span>   </dt><dd> <code>java.lang.IllegalArgumentException</code> - if this method is invoked       </dd> <dt> <span class="seeLabel">See Also: </span>   </dt><dd> <a href="../../java/sql/Time.html#setDate-int-"><code>setDate(int)</code></a> </dd>   </dl></li></ul> <a end_ctx_id="method:getDate()"/>  </td></tr></table></td></tr></table><table border="0" cellpadding="1" cellspacing="0" width="100%"><tr><td><h3 class="ctxid">method:setYear(int) [CHANGED]</h3></td></tr><tr><td><table border="0" cellpadding="5" cellspacing="1" bgcolor="black" width="100%"><tr valign="top"><td bgcolor="#EEEEEE" colspan="2"> <a start_ctx_id="method:setYear(int)"/><a name="setYear-int-"/><ul class="blockList"><li class="blockList"><h4>setYear</h4><pre>@Deprecated<span class="diff-html-added">(since="1.2")</span>
public void setYear(int i)</pre><div class="block"> <span class="deprecatedLabel">Deprecated.</span>  </div><div class="block"> This method is deprecated and should not be used because SQL <code>TIME</code> values do not have a year component.                   </div><dl> <dt> <span class="overrideSpecifyLabel">Overrides:</span>   </dt><dd> <code>setYear</code> in class <code>java.util.Date</code>  </dd> <dt> <span class="throwsLabel"> <dt changeType="diff-removed-tag"> <span class="paramLabel"><span class="diff-html-removed">Parameters:</span></span> <span class="diff-html-removed"/>  </dt><dd changeType="diff-removed-tag"> <code><span class="diff-html-removed">i</span></code> <span class="diff-html-removed">-</span> <span class="diff-html-removed">the</span> <span class="diff-html-removed">year</span> <span class="diff-html-removed">value.</span>     </dd>Throws: </span>   </dt><dd> <code>java.lang.IllegalArgumentException</code> - if this method is invoked       </dd> <dt> <span class="seeLabel">See Also: </span>   </dt><dd> <a href="../../java/sql/Time.html#getYear--"><code>getYear()</code></a> </dd>   </dl></li></ul> <a end_ctx_id="method:setYear(int)"/>  </td></tr><tr valign="top"><td bgcolor="#CCCCCC" colspan="1"> <a start_ctx_id="method:setYear(int)"/><a name="setYear-int-"/><ul class="blockList"><li class="blockList"><h4>setYear</h4><pre>@Deprecated
public void setYear(int i)</pre><div class="block"> <span class="deprecatedLabel">Deprecated.</span>  </div><div class="block"> This method is deprecated and should not be used because SQL <code>TIME</code> values do not have a year component.                   </div><dl> <dt> <span class="overrideSpecifyLabel">Overrides:</span>   </dt><dd> <code>setYear</code> in class <code>java.util.Date</code>  </dd> <dt changeType="diff-removed-tag"> <span class="paramLabel">Parameters:</span>   </dt><dd changeType="diff-removed-tag"> <code>i</code> - the year value.     </dd> <dt> <span class="throwsLabel">Throws:</span>   </dt><dd> <code>java.lang.IllegalArgumentException</code> - if this method is invoked       </dd> <dt> <span class="seeLabel">See Also: </span>   </dt><dd> <a href="../../java/sql/Time.html#getYear--"><code>getYear()</code></a> </dd>    </dl></li></ul> <a end_ctx_id="method:setYear(int)"/>  </td><td bgcolor="#FFFFFF" colspan="1"> <a start_ctx_id="method:setYear(int)"/><a name="setYear-int-"/><ul class="blockList"><li class="blockList"><h4>setYear</h4><pre>@Deprecated(since="1.2")
public void setYear(int i)</pre><div class="block"> <span class="deprecatedLabel">Deprecated.</span>  </div><div class="block"> This method is deprecated and should not be used because SQL <code>TIME</code> values do not have a year component.                   </div><dl> <dt> <span class="overrideSpecifyLabel">Overrides:</span>   </dt><dd> <code>setYear</code> in class <code>java.util.Date</code>  </dd> <dt> <span class="throwsLabel">Throws:</span>   </dt><dd> <code>java.lang.IllegalArgumentException</code> - if this method is invoked       </dd> <dt> <span class="seeLabel">See Also: </span>   </dt><dd> <a href="../../java/sql/Time.html#getYear--"><code>getYear()</code></a> </dd>   </dl></li></ul> <a end_ctx_id="method:setYear(int)"/>  </td></tr></table></td></tr></table><table border="0" cellpadding="1" cellspacing="0" width="100%"><tr><td><h3 class="ctxid">method:setMonth(int) [CHANGED]</h3></td></tr><tr><td><table border="0" cellpadding="5" cellspacing="1" bgcolor="black" width="100%"><tr valign="top"><td bgcolor="#EEEEEE" colspan="2"> <a start_ctx_id="method:setMonth(int)"/><a name="setMonth-int-"/><ul class="blockList"><li class="blockList"><h4>setMonth</h4><pre>@Deprecated<span class="diff-html-added">(since="1.2")</span>
public void setMonth(int i)</pre><div class="block"> <span class="deprecatedLabel">Deprecated.</span>  </div><div class="block"> This method is deprecated and should not be used because SQL <code>TIME</code> values do not have a month component.                   </div><dl> <dt> <span class="overrideSpecifyLabel">Overrides:</span>   </dt><dd> <code>setMonth</code> in class <code>java.util.Date</code>  </dd> <dt> <span class="throwsLabel"> <dt changeType="diff-removed-tag"> <span class="paramLabel"><span class="diff-html-removed">Parameters:</span></span> <span class="diff-html-removed"/>  </dt><dd changeType="diff-removed-tag"> <code><span class="diff-html-removed">i</span></code> <span class="diff-html-removed">-</span> <span class="diff-html-removed">the</span> <span class="diff-html-removed">month</span> <span class="diff-html-removed">value</span> <span class="diff-html-removed">between</span> <span class="diff-html-removed">0-11.</span>       </dd>Throws: </span>   </dt><dd> <code>java.lang.IllegalArgumentException</code> - if this method is invoked       </dd> <dt> <span class="seeLabel">See Also: </span>   </dt><dd> <a href="../../java/sql/Time.html#getMonth--"><code>getMonth()</code></a> </dd>   </dl></li></ul> <a end_ctx_id="method:setMonth(int)"/>  </td></tr><tr valign="top"><td bgcolor="#CCCCCC" colspan="1"> <a start_ctx_id="method:setMonth(int)"/><a name="setMonth-int-"/><ul class="blockList"><li class="blockList"><h4>setMonth</h4><pre>@Deprecated
public void setMonth(int i)</pre><div class="block"> <span class="deprecatedLabel">Deprecated.</span>  </div><div class="block"> This method is deprecated and should not be used because SQL <code>TIME</code> values do not have a month component.                   </div><dl> <dt> <span class="overrideSpecifyLabel">Overrides:</span>   </dt><dd> <code>setMonth</code> in class <code>java.util.Date</code>  </dd> <dt changeType="diff-removed-tag"> <span class="paramLabel">Parameters:</span>   </dt><dd changeType="diff-removed-tag"> <code>i</code> - the month value between 0-11.       </dd> <dt> <span class="throwsLabel">Throws:</span>   </dt><dd> <code>java.lang.IllegalArgumentException</code> - if this method is invoked       </dd> <dt> <span class="seeLabel">See Also: </span>   </dt><dd> <a href="../../java/sql/Time.html#getMonth--"><code>getMonth()</code></a> </dd>    </dl></li></ul> <a end_ctx_id="method:setMonth(int)"/>  </td><td bgcolor="#FFFFFF" colspan="1"> <a start_ctx_id="method:setMonth(int)"/><a name="setMonth-int-"/><ul class="blockList"><li class="blockList"><h4>setMonth</h4><pre>@Deprecated(since="1.2")
public void setMonth(int i)</pre><div class="block"> <span class="deprecatedLabel">Deprecated.</span>  </div><div class="block"> This method is deprecated and should not be used because SQL <code>TIME</code> values do not have a month component.                   </div><dl> <dt> <span class="overrideSpecifyLabel">Overrides:</span>   </dt><dd> <code>setMonth</code> in class <code>java.util.Date</code>  </dd> <dt> <span class="throwsLabel">Throws:</span>   </dt><dd> <code>java.lang.IllegalArgumentException</code> - if this method is invoked       </dd> <dt> <span class="seeLabel">See Also: </span>   </dt><dd> <a href="../../java/sql/Time.html#getMonth--"><code>getMonth()</code></a> </dd>   </dl></li></ul> <a end_ctx_id="method:setMonth(int)"/>  </td></tr></table></td></tr></table><table border="0" cellpadding="1" cellspacing="0" width="100%"><tr><td><h3 class="ctxid">method:setDate(int) [CHANGED]</h3></td></tr><tr><td><table border="0" cellpadding="5" cellspacing="1" bgcolor="black" width="100%"><tr valign="top"><td bgcolor="#EEEEEE" colspan="2"> <a start_ctx_id="method:setDate(int)"/><a name="setDate-int-"/><ul class="blockList"><li class="blockList"><h4>setDate</h4><pre>@Deprecated<span class="diff-html-added">(since="1.2")</span>
public void setDate(int i)</pre><div class="block"> <span class="deprecatedLabel">Deprecated.</span>  </div><div class="block"> This method is deprecated and should not be used because SQL <code>TIME</code> values do not have a date component.                   </div><dl> <dt> <span class="overrideSpecifyLabel">Overrides:</span>   </dt><dd> <code>setDate</code> in class <code>java.util.Date</code>  </dd> <dt> <span class="throwsLabel"> <dt changeType="diff-removed-tag"> <span class="paramLabel"><span class="diff-html-removed">Parameters:</span></span> <span class="diff-html-removed"/>  </dt><dd changeType="diff-removed-tag"> <code><span class="diff-html-removed">i</span></code> <span class="diff-html-removed">-</span> <span class="diff-html-removed">the</span> <span class="diff-html-removed">day</span> <span class="diff-html-removed">of</span> <span class="diff-html-removed">the</span> <span class="diff-html-removed">month</span> <span class="diff-html-removed">value</span> <span class="diff-html-removed">between</span> <span class="diff-html-removed">1-31.</span>          </dd>Throws: </span>   </dt><dd> <code>java.lang.IllegalArgumentException</code> - if this method is invoked       </dd> <dt> <span class="seeLabel">See Also: </span>   </dt><dd> <a href="../../java/sql/Time.html#getDate--"><code>getDate()</code></a> </dd>   </dl></li></ul> <a end_ctx_id="method:setDate(int)"/>  </td></tr><tr valign="top"><td bgcolor="#CCCCCC" colspan="1"> <a start_ctx_id="method:setDate(int)"/><a name="setDate-int-"/><ul class="blockList"><li class="blockList"><h4>setDate</h4><pre>@Deprecated
public void setDate(int i)</pre><div class="block"> <span class="deprecatedLabel">Deprecated.</span>  </div><div class="block"> This method is deprecated and should not be used because SQL <code>TIME</code> values do not have a date component.                   </div><dl> <dt> <span class="overrideSpecifyLabel">Overrides:</span>   </dt><dd> <code>setDate</code> in class <code>java.util.Date</code>  </dd> <dt changeType="diff-removed-tag"> <span class="paramLabel">Parameters:</span>   </dt><dd changeType="diff-removed-tag"> <code>i</code> - the day of the month value between 1-31.          </dd> <dt> <span class="throwsLabel">Throws:</span>   </dt><dd> <code>java.lang.IllegalArgumentException</code> - if this method is invoked       </dd> <dt> <span class="seeLabel">See Also: </span>   </dt><dd> <a href="../../java/sql/Time.html#getDate--"><code>getDate()</code></a> </dd>    </dl></li></ul> <a end_ctx_id="method:setDate(int)"/>  </td><td bgcolor="#FFFFFF" colspan="1"> <a start_ctx_id="method:setDate(int)"/><a name="setDate-int-"/><ul class="blockList"><li class="blockList"><h4>setDate</h4><pre>@Deprecated(since="1.2")
public void setDate(int i)</pre><div class="block"> <span class="deprecatedLabel">Deprecated.</span>  </div><div class="block"> This method is deprecated and should not be used because SQL <code>TIME</code> values do not have a date component.                   </div><dl> <dt> <span class="overrideSpecifyLabel">Overrides:</span>   </dt><dd> <code>setDate</code> in class <code>java.util.Date</code>  </dd> <dt> <span class="throwsLabel">Throws:</span>   </dt><dd> <code>java.lang.IllegalArgumentException</code> - if this method is invoked       </dd> <dt> <span class="seeLabel">See Also: </span>   </dt><dd> <a href="../../java/sql/Time.html#getDate--"><code>getDate()</code></a> </dd>   </dl></li></ul> <a end_ctx_id="method:setDate(int)"/>  </td></tr></table></td></tr></table><table border="0" cellpadding="1" cellspacing="0" width="100%"><tr><td><h3 class="ctxid">method:valueOf(java.time.LocalTime) [CHANGED]</h3></td></tr><tr><td><table border="0" cellpadding="5" cellspacing="1" bgcolor="black" width="100%"><tr valign="top"><td bgcolor="#EEEEEE" colspan="2"> <a start_ctx_id="method:valueOf(java.time.LocalTime)"/><a name="valueOf-java.time.LocalTime-"/><ul class="blockList"><li class="blockList"><h4>valueOf</h4><pre>
                                            public static <a href="../../java/sql/Time.html" title="class in java.sql">Time</a> valueOf(java.time.LocalTime time)
                                        </pre><div class="block"> Obtains an instance of <code>Time</code> from a <code>LocalTime</code> object with the same hour, minute and second time value as the given <code>LocalTime</code>. <span class="diff-html-added">The</span> <span class="diff-html-added">nanosecond</span> <span class="diff-html-added">field</span> <span class="diff-html-added">from</span> <code><span class="diff-html-added">LocalTime</span></code> <span class="diff-html-added">is</span> <span class="diff-html-added">not</span> <span class="diff-html-added">part</span> <span class="diff-html-added">of</span> <span class="diff-html-added">the</span> <span class="diff-html-added">newly</span> <span class="diff-html-added">created</span> <code><span class="diff-html-added">Time</span></code> <span class="diff-html-added">object.</span>                                    </div><dl> <dt> <span class="paramLabel">Parameters:</span>   </dt><dd> <code>time</code> - a <code>LocalTime</code> to convert      </dd> <dt> <span class="returnLabel">Returns:</span>   </dt><dd> a <code>Time</code> object   </dd> <dt> <span class="throwsLabel">Throws:</span>   </dt><dd> <code>java.lang.NullPointerException</code> - if <code>time</code> is null      </dd> <dt> <span class="simpleTagLabel">Since:</span>   </dt><dd>1.8</dd>    </dl></li></ul> <a end_ctx_id="method:valueOf(java.time.LocalTime)"/>  </td></tr><tr valign="top"><td bgcolor="#CCCCCC" colspan="1"> <a start_ctx_id="method:valueOf(java.time.LocalTime)"/><a name="valueOf-java.time.LocalTime-"/><ul class="blockList"><li class="blockList"><h4>valueOf</h4><pre>
                                            public static <a href="../../java/sql/Time.html" title="class in java.sql">Time</a> valueOf(java.time.LocalTime time)
                                        </pre><div class="block"> Obtains an instance of <code>Time</code> from a <code>LocalTime</code> object with the same hour, minute and second time value as the given <code>LocalTime</code>.                      </div><dl> <dt> <span class="paramLabel">Parameters:</span>   </dt><dd> <code>time</code> - a <code>LocalTime</code> to convert      </dd> <dt> <span class="returnLabel">Returns:</span>   </dt><dd> a <code>Time</code> object   </dd> <dt> <span class="throwsLabel">Throws:</span>   </dt><dd> <code>java.lang.NullPointerException</code> - if <code>time</code> is null      </dd> <dt> <span class="simpleTagLabel">Since:</span>   </dt><dd>1.8</dd>    </dl></li></ul> <a end_ctx_id="method:valueOf(java.time.LocalTime)"/>  </td><td bgcolor="#FFFFFF" colspan="1"> <a start_ctx_id="method:valueOf(java.time.LocalTime)"/><a name="valueOf-java.time.LocalTime-"/><ul class="blockList"><li class="blockList"><h4>valueOf</h4><pre>
                                            public static <a href="../../java/sql/Time.html" title="class in java.sql">Time</a> valueOf(java.time.LocalTime time)
                                        </pre><div class="block"> Obtains an instance of <code>Time</code> from a <code>LocalTime</code> object with the same hour, minute and second time value as the given <code>LocalTime</code>. The nanosecond field from <code>LocalTime</code> is not part of the newly created <code>Time</code> object.                                    </div><dl> <dt> <span class="paramLabel">Parameters:</span>   </dt><dd> <code>time</code> - a <code>LocalTime</code> to convert      </dd> <dt> <span class="returnLabel">Returns:</span>   </dt><dd> a <code>Time</code> object   </dd> <dt> <span class="throwsLabel">Throws:</span>   </dt><dd> <code>java.lang.NullPointerException</code> - if <code>time</code> is null      </dd> <dt> <span class="simpleTagLabel">Since:</span>   </dt><dd>1.8</dd>    </dl></li></ul> <a end_ctx_id="method:valueOf(java.time.LocalTime)"/>  </td></tr></table></td></tr></table><table border="0" cellpadding="1" cellspacing="0" width="100%"><tr><td><h3 class="ctxid">method:toLocalTime() [CHANGED]</h3></td></tr><tr><td><table border="0" cellpadding="5" cellspacing="1" bgcolor="black" width="100%"><tr valign="top"><td bgcolor="#EEEEEE" colspan="2"> <a start_ctx_id="method:toLocalTime()"/><a name="toLocalTime--"/><ul class="blockList"><li class="blockList"><h4>toLocalTime</h4><pre>public java.time.LocalTime toLocalTime()</pre><div class="block"> Converts this <code>Time</code> object to a <code>LocalTime</code>.<p> The conversion creates a <code>LocalTime</code> that represents the same hour, minute, and second time value as this <code>Time</code>. <span class="diff-html-added">The</span> <span class="diff-html-added">nanosecond</span> <code><span class="diff-html-added">LocalTime</span></code> <span class="diff-html-added">field</span> <span class="diff-html-added">will</span> <span class="diff-html-added">be</span> <span class="diff-html-added">set</span> <span class="diff-html-added">to</span> <span class="diff-html-added">zero.</span>                           </p>       </div><dl> <dt> <span class="returnLabel">Returns:</span>   </dt><dd> a <code>LocalTime</code> object representing the same time value        </dd> <dt> <span class="simpleTagLabel">Since:</span>   </dt><dd>1.8</dd>  </dl></li></ul> <a end_ctx_id="method:toLocalTime()"/>  </td></tr><tr valign="top"><td bgcolor="#CCCCCC" colspan="1"> <a start_ctx_id="method:toLocalTime()"/><a name="toLocalTime--"/><ul class="blockList"><li class="blockList"><h4>toLocalTime</h4><pre>public java.time.LocalTime toLocalTime()</pre><div class="block"> Converts this <code>Time</code> object to a <code>LocalTime</code>.<p> The conversion creates a <code>LocalTime</code> that represents the same hour, minute, and second time value as this <code>Time</code>.                  </p>       </div><dl> <dt> <span class="returnLabel">Returns:</span>   </dt><dd> a <code>LocalTime</code> object representing the same time value        </dd> <dt> <span class="simpleTagLabel">Since:</span>   </dt><dd>1.8</dd>  </dl></li></ul> <a end_ctx_id="method:toLocalTime()"/>  </td><td bgcolor="#FFFFFF" colspan="1"> <a start_ctx_id="method:toLocalTime()"/><a name="toLocalTime--"/><ul class="blockList"><li class="blockList"><h4>toLocalTime</h4><pre>public java.time.LocalTime toLocalTime()</pre><div class="block"> Converts this <code>Time</code> object to a <code>LocalTime</code>.<p> The conversion creates a <code>LocalTime</code> that represents the same hour, minute, and second time value as this <code>Time</code>. The nanosecond <code>LocalTime</code> field will be set to zero.                           </p>       </div><dl> <dt> <span class="returnLabel">Returns:</span>   </dt><dd> a <code>LocalTime</code> object representing the same time value        </dd> <dt> <span class="simpleTagLabel">Since:</span>   </dt><dd>1.8</dd>  </dl></li></ul> <a end_ctx_id="method:toLocalTime()"/>  </td></tr></table></td></tr></table><table border="0" cellpadding="1" cellspacing="0" width="100%"><tr><td><h3 class="ctxid">method:toInstant() [CHANGED]</h3></td></tr><tr><td><table border="0" cellpadding="5" cellspacing="1" bgcolor="black" width="100%"><tr valign="top"><td bgcolor="#EEEEEE" colspan="2"> <a start_ctx_id="method:toInstant()"/><a name="toInstant--"/><ul class="blockListLast"><li class="blockList"><h4>toInstant</h4><pre>public java.time.Instant toInstant()</pre><div class="block"> This method always throws an UnsupportedOperationException and should not be used because SQL <code>Time</code> values do not have a date component.                     </div><dl> <dt> <span class="overrideSpecifyLabel">Overrides:</span>   </dt><dd> <code>toInstant</code> in class <code>java.util.Date</code>  </dd> <dt> <span class="throwsLabel"> <dt changeType="diff-removed-tag"> <span class="returnLabel"><span class="diff-html-removed">Returns:</span></span> <span class="diff-html-removed"/>  </dt><dd changeType="diff-removed-tag"> <span class="diff-html-removed">an</span> <span class="diff-html-removed">instant</span> <span class="diff-html-removed">representing</span> <span class="diff-html-removed">the</span> <span class="diff-html-removed">same</span> <span class="diff-html-removed">point</span> <span class="diff-html-removed">on</span> <span class="diff-html-removed">the</span> <span class="diff-html-removed">time-line</span> <span class="diff-html-removed">as</span> <span class="diff-html-removed">this</span> <code><span class="diff-html-removed">Date</span></code> <span class="diff-html-removed">object</span>             </dd>Throws: </span>   </dt><dd> <code>java.lang.UnsupportedOperationException</code> - if this method is invoked       </dd>  </dl></li></ul> <a end_ctx_id="method:toInstant()"/>  </td></tr><tr valign="top"><td bgcolor="#CCCCCC" colspan="1"> <a start_ctx_id="method:toInstant()"/><a name="toInstant--"/><ul class="blockListLast"><li class="blockList"><h4>toInstant</h4><pre>public java.time.Instant toInstant()</pre><div class="block"> This method always throws an UnsupportedOperationException and should not be used because SQL <code>Time</code> values do not have a date component.                     </div><dl> <dt> <span class="overrideSpecifyLabel">Overrides:</span>   </dt><dd> <code>toInstant</code> in class <code>java.util.Date</code>  </dd> <dt changeType="diff-removed-tag"> <span class="returnLabel">Returns:</span>   </dt><dd changeType="diff-removed-tag"> an instant representing the same point on the time-line as this <code>Date</code> object             </dd> <dt> <span class="throwsLabel">Throws:</span>   </dt><dd> <code>java.lang.UnsupportedOperationException</code> - if this method is invoked       </dd>   </dl></li></ul> <a end_ctx_id="method:toInstant()"/>  </td><td bgcolor="#FFFFFF" colspan="1"> <a start_ctx_id="method:toInstant()"/><a name="toInstant--"/><ul class="blockListLast"><li class="blockList"><h4>toInstant</h4><pre>public java.time.Instant toInstant()</pre><div class="block"> This method always throws an UnsupportedOperationException and should not be used because SQL <code>Time</code> values do not have a date component.                     </div><dl> <dt> <span class="overrideSpecifyLabel">Overrides:</span>   </dt><dd> <code>toInstant</code> in class <code>java.util.Date</code>  </dd> <dt> <span class="throwsLabel">Throws:</span>   </dt><dd> <code>java.lang.UnsupportedOperationException</code> - if this method is invoked       </dd>  </dl></li></ul> <a end_ctx_id="method:toInstant()"/>  </td></tr></table></td></tr></table></diff></diffreport>