<?xml version="1.0" encoding="UTF-8"?><diffreport><diff><table border="0" cellpadding="1" cellspacing="0" width="100%"><tr><td><h3 class="ctxid">class:Timestamp [NONE]</h3></td></tr><tr><td><table border="0" cellpadding="5" cellspacing="1" bgcolor="black" width="100%"><tr valign="top"><td bgcolor="#FFFFFF" colspan="1"><div class="description"> <a start_ctx_id="class:Timestamp"/><ul class="blockList"><li class="blockList"> <hr/> <br/><pre>
                            public class <span class="typeNameLabel">Timestamp</span>
extends java.util.Date
                        </pre><div class="block"><p> A thin wrapper around <code>java.util.Date</code> that allows the JDBC API to identify this as an SQL <code>TIMESTAMP</code> value. It adds the ability to hold the SQL <code>TIMESTAMP</code> fractional seconds value, by allowing the specification of fractional seconds to a precision of nanoseconds. A Timestamp also provides formatting and parsing operations to support the JDBC escape syntax for timestamp values.                                                           </p><p> The precision of a Timestamp object is calculated to be either:<ul><li> <code>19  </code>, which is the number of characters in yyyy-mm-dd hh:mm:ss          </li><li> <code> 20 + s     </code>, which is the number of characters in the yyyy-mm-dd hh:mm:ss.[fff...] and <code>s</code> represents the scale of the given Timestamp, its fractional seconds precision.                        </li></ul>           </p><p> <b>Note:</b> This type is a composite of a <code>java.util.Date</code> and a separate nanoseconds value. Only integral seconds are stored in the <code>java.util.Date</code> component. The fractional seconds - the nanos - are separate. The <code>Timestamp.equals(Object)</code> method never returns <code>true</code> when passed an object that isn't an instance of <code>java.sql.Timestamp</code>, because the nanos component of a date is unknown. As a result, the <code>Timestamp.equals(Object)</code> method is not symmetric with respect to the <code>java.util.Date.equals(Object)</code> method. Also, the <code>hashCode</code> method uses the underlying <code>java.util.Date</code> implementation and therefore does not include nanos in its computation.                                                                                          </p><p> Due to the differences between the <code>Timestamp</code> class and the <code>java.util.Date</code> class mentioned above, it is recommended that code not view <code>Timestamp</code> values generically as an instance of <code>java.util.Date</code>. The inheritance relationship between <code>Timestamp</code> and <code>java.util.Date</code> really denotes implementation inheritance, and not type inheritance.                                            </p></div><dl> <dt> <span class="seeLabel">See Also: </span>   </dt><dd> <a href="../../serialized-form.html#java.sql.Timestamp">Serialized Form </a> </dd> </dl>  </li></ul> </div> <a end_ctx_id="class:Timestamp"/> </td></tr></table></td></tr></table><table border="0" cellpadding="1" cellspacing="0" width="100%"><tr><td><h3 class="ctxid">constructor:Timestamp(int, int, int, int, int, int, int) [CHANGED]</h3></td></tr><tr><td><table border="0" cellpadding="5" cellspacing="1" bgcolor="black" width="100%"><tr valign="top"><td bgcolor="#EEEEEE" colspan="2"> <a start_ctx_id="constructor:Timestamp(int, int, int, int, int, int, int)"/><a name="Timestamp-int-int-int-int-int-int-int-"/><ul class="blockList"><li class="blockList"><h4>Timestamp</h4><pre>@Deprecated<span class="diff-html-added">(since="1.2")</span>
public Timestamp(int year,
                 int month,
                 int date,
                 int hour,
                 int minute,
                 int second,
                 int nano)</pre><div class="block"> <span class="deprecatedLabel">Deprecated.</span> <span class="deprecationComment">instead use the constructor <code>Timestamp(long millis) </code>    </span> </div><div class="block"> Constructs a <code>Timestamp</code> object initialized with the given values.         </div><dl> <dt> <span class="paramLabel">Parameters:</span>   </dt><dd> <code>year</code> - the year minus 1900      </dd><dd> <code>month</code> - 0 to 11     </dd><dd> <code>date</code> - 1 to 31     </dd><dd> <code>hour</code> - 0 to 23     </dd><dd> <code>minute</code> - 0 to 59     </dd><dd> <code>second</code> - 0 to 59     </dd><dd> <code>nano</code> - 0 to 999,999,999     </dd> <dt> <span class="throwsLabel">Throws:</span>   </dt><dd> <code>java.lang.IllegalArgumentException</code> - if the nano argument is out of bounds          </dd>  </dl></li></ul> <a end_ctx_id="constructor:Timestamp(int, int, int, int, int, int, int)"/>  </td></tr><tr valign="top"><td bgcolor="#CCCCCC" colspan="1"> <a start_ctx_id="constructor:Timestamp(int, int, int, int, int, int, int)"/><a name="Timestamp-int-int-int-int-int-int-int-"/><ul class="blockList"><li class="blockList"><h4>Timestamp</h4><pre>@Deprecated
public Timestamp(int year,
                 int month,
                 int date,
                 int hour,
                 int minute,
                 int second,
                 int nano)</pre><div class="block"> <span class="deprecatedLabel">Deprecated.</span> <span class="deprecationComment">instead use the constructor <code>Timestamp(long millis) </code>    </span> </div><div class="block"> Constructs a <code>Timestamp</code> object initialized with the given values.         </div><dl> <dt> <span class="paramLabel">Parameters:</span>   </dt><dd> <code>year</code> - the year minus 1900      </dd><dd> <code>month</code> - 0 to 11     </dd><dd> <code>date</code> - 1 to 31     </dd><dd> <code>hour</code> - 0 to 23     </dd><dd> <code>minute</code> - 0 to 59     </dd><dd> <code>second</code> - 0 to 59     </dd><dd> <code>nano</code> - 0 to 999,999,999     </dd> <dt> <span class="throwsLabel">Throws:</span>   </dt><dd> <code>java.lang.IllegalArgumentException</code> - if the nano argument is out of bounds          </dd>  </dl></li></ul> <a end_ctx_id="constructor:Timestamp(int, int, int, int, int, int, int)"/>  </td><td bgcolor="#FFFFFF" colspan="1"> <a start_ctx_id="constructor:Timestamp(int, int, int, int, int, int, int)"/><a name="Timestamp-int-int-int-int-int-int-int-"/><ul class="blockList"><li class="blockList"><h4>Timestamp</h4><pre>@Deprecated(since="1.2")
public Timestamp(int year,
                 int month,
                 int date,
                 int hour,
                 int minute,
                 int second,
                 int nano)</pre><div class="block"> <span class="deprecatedLabel">Deprecated.</span> <span class="deprecationComment">instead use the constructor <code>Timestamp(long millis) </code>    </span> </div><div class="block"> Constructs a <code>Timestamp</code> object initialized with the given values.         </div><dl> <dt> <span class="paramLabel">Parameters:</span>   </dt><dd> <code>year</code> - the year minus 1900      </dd><dd> <code>month</code> - 0 to 11     </dd><dd> <code>date</code> - 1 to 31     </dd><dd> <code>hour</code> - 0 to 23     </dd><dd> <code>minute</code> - 0 to 59     </dd><dd> <code>second</code> - 0 to 59     </dd><dd> <code>nano</code> - 0 to 999,999,999     </dd> <dt> <span class="throwsLabel">Throws:</span>   </dt><dd> <code>java.lang.IllegalArgumentException</code> - if the nano argument is out of bounds          </dd>  </dl></li></ul> <a end_ctx_id="constructor:Timestamp(int, int, int, int, int, int, int)"/>  </td></tr></table></td></tr></table><table border="0" cellpadding="1" cellspacing="0" width="100%"><tr><td><h3 class="ctxid">constructor:Timestamp(long) [NONE]</h3></td></tr><tr><td><table border="0" cellpadding="5" cellspacing="1" bgcolor="black" width="100%"><tr valign="top"><td bgcolor="#FFFFFF" colspan="1"> <a start_ctx_id="constructor:Timestamp(long)"/><a name="Timestamp-long-"/><ul class="blockListLast"><li class="blockList"><h4>Timestamp</h4><pre>public Timestamp(long time)</pre><div class="block"> Constructs a <code>Timestamp</code> object using a milliseconds time value. The integral seconds are stored in the underlying date value; the fractional seconds are stored in the <code>nanos</code> field of the <code>Timestamp</code> object.                                </div><dl> <dt> <span class="paramLabel">Parameters:</span>   </dt><dd> <code>time</code> - milliseconds since January 1, 1970, 00:00:00 GMT. A negative number is the number of milliseconds before January 1, 1970, 00:00:00 GMT.                       </dd> <dt> <span class="seeLabel">See Also: </span>   </dt><dd> <code>Calendar</code> </dd>  </dl></li></ul> <a end_ctx_id="constructor:Timestamp(long)"/>  </td></tr></table></td></tr></table><table border="0" cellpadding="1" cellspacing="0" width="100%"><tr><td><h3 class="ctxid">method:setTime(long) [NONE]</h3></td></tr><tr><td><table border="0" cellpadding="5" cellspacing="1" bgcolor="black" width="100%"><tr valign="top"><td bgcolor="#FFFFFF" colspan="1"> <a start_ctx_id="method:setTime(long)"/><a name="setTime-long-"/><ul class="blockList"><li class="blockList"><h4>setTime</h4><pre>public void setTime(long time)</pre><div class="block"> Sets this <code>Timestamp</code> object to represent a point in time that is <code>time</code> milliseconds after January 1, 1970 00:00:00 GMT.                    </div><dl> <dt> <span class="overrideSpecifyLabel">Overrides:</span>   </dt><dd> <code>setTime</code> in class <code>java.util.Date</code>  </dd> <dt> <span class="paramLabel">Parameters:</span>   </dt><dd> <code>time</code> - the number of milliseconds.      </dd> <dt> <span class="seeLabel">See Also: </span>   </dt><dd> <a href="../../java/sql/Timestamp.html#getTime--"><code>getTime()</code></a>, <a href="../../java/sql/Timestamp.html#Timestamp-long-"><code>Timestamp(long time) </code></a>, <code>Calendar</code>   </dd>   </dl></li></ul> <a end_ctx_id="method:setTime(long)"/>  </td></tr></table></td></tr></table><table border="0" cellpadding="1" cellspacing="0" width="100%"><tr><td><h3 class="ctxid">method:getTime() [NONE]</h3></td></tr><tr><td><table border="0" cellpadding="5" cellspacing="1" bgcolor="black" width="100%"><tr valign="top"><td bgcolor="#FFFFFF" colspan="1"> <a start_ctx_id="method:getTime()"/><a name="getTime--"/><ul class="blockList"><li class="blockList"><h4>getTime</h4><pre>public long getTime()</pre><div class="block"> Returns the number of milliseconds since January 1, 1970, 00:00:00 GMT represented by this <code>Timestamp</code> object.                </div><dl> <dt> <span class="overrideSpecifyLabel">Overrides:</span>   </dt><dd> <code>getTime</code> in class <code>java.util.Date</code>  </dd> <dt> <span class="returnLabel">Returns:</span>   </dt><dd>the number of milliseconds since January 1, 1970, 00:00:00 GMT represented by this date.             </dd> <dt> <span class="seeLabel">See Also: </span>   </dt><dd> <a href="../../java/sql/Timestamp.html#setTime-long-"><code>setTime(long)</code></a> </dd>   </dl></li></ul> <a end_ctx_id="method:getTime()"/>  </td></tr></table></td></tr></table><table border="0" cellpadding="1" cellspacing="0" width="100%"><tr><td><h3 class="ctxid">method:valueOf(java.lang.String) [NONE]</h3></td></tr><tr><td><table border="0" cellpadding="5" cellspacing="1" bgcolor="black" width="100%"><tr valign="top"><td bgcolor="#FFFFFF" colspan="1"> <a start_ctx_id="method:valueOf(java.lang.String)"/><a name="valueOf-java.lang.String-"/><ul class="blockList"><li class="blockList"><h4>valueOf</h4><pre>
                                            public static <a href="../../java/sql/Timestamp.html" title="class in java.sql">Timestamp</a> valueOf(java.lang.String s)
                                        </pre><div class="block"> Converts a <code>String</code> object in JDBC timestamp escape format to a <code>Timestamp</code> value.             </div><dl> <dt> <span class="paramLabel">Parameters:</span>   </dt><dd> <code>s</code> - timestamp in format <code>yyyy-[m]m-[d]d hh:mm:ss[.f...] </code>. The fractional seconds may be omitted. The leading zero for <code>mm</code> and <code>dd</code> may also be omitted.                       </dd> <dt> <span class="returnLabel">Returns:</span>   </dt><dd> corresponding <code>Timestamp</code> value   </dd> <dt> <span class="throwsLabel">Throws:</span>   </dt><dd> <code>java.lang.IllegalArgumentException</code> - if the given argument does not have the format <code>yyyy-[m]m-[d]d hh:mm:ss[.f...] </code>            </dd>   </dl></li></ul> <a end_ctx_id="method:valueOf(java.lang.String)"/>  </td></tr></table></td></tr></table><table border="0" cellpadding="1" cellspacing="0" width="100%"><tr><td><h3 class="ctxid">method:toString() [CHANGED]</h3></td></tr><tr><td><table border="0" cellpadding="5" cellspacing="1" bgcolor="black" width="100%"><tr valign="top"><td bgcolor="#EEEEEE" colspan="2"> <a start_ctx_id="method:toString()"/><a name="toString--"/><ul class="blockList"><li class="blockList"><h4>toString</h4><pre>public java.lang.String toString()</pre><div class="block"> Formats a timestamp in JDBC timestamp escape format. <code>yyyy-mm-dd hh:mm:ss.fffffffff </code>, where <code> <code changeType="diff-removed-tag"><span class="diff-html-removed">ffffffffff</span></code><span class="diff-html-added">fffffffff</span> </code> indicates nanoseconds.             </div><dl> <dt> <span class="overrideSpecifyLabel">Overrides:</span>   </dt><dd> <code>toString</code> in class <code>java.util.Date</code>  </dd> <dt> <span class="returnLabel">Returns:</span>   </dt><dd> a <code>String</code> object in <code>yyyy-mm-dd hh:mm:ss.fffffffff </code> format <dt changeType="diff-removed-tag"> <span class="seeLabel"><span class="diff-html-removed">See</span> <span class="diff-html-removed">Also:</span> </span> <span class="diff-html-removed"/>  </dt><dd changeType="diff-removed-tag"> <code><span class="diff-html-removed">Date.toLocaleString()</span></code><span class="diff-html-removed">,</span> <code><span class="diff-html-removed">Date.toGMTString()</span></code>  </dd>       </dd>  </dl></li></ul> <a end_ctx_id="method:toString()"/>  </td></tr><tr valign="top"><td bgcolor="#CCCCCC" colspan="1"> <a start_ctx_id="method:toString()"/><a name="toString--"/><ul class="blockList"><li class="blockList"><h4>toString</h4><pre>public java.lang.String toString()</pre><div class="block"> Formats a timestamp in JDBC timestamp escape format. <code>yyyy-mm-dd hh:mm:ss.fffffffff </code>, where <code changeType="diff-removed-tag">ffffffffff</code> indicates nanoseconds.<p/>             </div><dl> <dt> <span class="overrideSpecifyLabel">Overrides:</span>   </dt><dd> <code>toString</code> in class <code>java.util.Date</code>  </dd> <dt> <span class="returnLabel">Returns:</span>   </dt><dd> a <code>String</code> object in <code>yyyy-mm-dd hh:mm:ss.fffffffff </code> format      </dd> <dt changeType="diff-removed-tag"> <span class="seeLabel">See Also: </span>   </dt><dd changeType="diff-removed-tag"> <code>Date.toLocaleString()</code>, <code>Date.toGMTString()</code>  </dd>   </dl></li></ul> <a end_ctx_id="method:toString()"/>  </td><td bgcolor="#FFFFFF" colspan="1"> <a start_ctx_id="method:toString()"/><a name="toString--"/><ul class="blockList"><li class="blockList"><h4>toString</h4><pre>public java.lang.String toString()</pre><div class="block"> Formats a timestamp in JDBC timestamp escape format. <code>yyyy-mm-dd hh:mm:ss.fffffffff </code>, where <code>fffffffff</code> indicates nanoseconds.             </div><dl> <dt> <span class="overrideSpecifyLabel">Overrides:</span>   </dt><dd> <code>toString</code> in class <code>java.util.Date</code>  </dd> <dt> <span class="returnLabel">Returns:</span>   </dt><dd> a <code>String</code> object in <code>yyyy-mm-dd hh:mm:ss.fffffffff </code> format      </dd>  </dl></li></ul> <a end_ctx_id="method:toString()"/>  </td></tr></table></td></tr></table><table border="0" cellpadding="1" cellspacing="0" width="100%"><tr><td><h3 class="ctxid">method:getNanos() [NONE]</h3></td></tr><tr><td><table border="0" cellpadding="5" cellspacing="1" bgcolor="black" width="100%"><tr valign="top"><td bgcolor="#FFFFFF" colspan="1"> <a start_ctx_id="method:getNanos()"/><a name="getNanos--"/><ul class="blockList"><li class="blockList"><h4>getNanos</h4><pre>public int getNanos()</pre><div class="block"> Gets this <code>Timestamp</code> object's <code>nanos</code> value.      </div><dl> <dt> <span class="returnLabel">Returns:</span>   </dt><dd> this <code>Timestamp</code> object's fractional seconds component      </dd> <dt> <span class="seeLabel">See Also: </span>   </dt><dd> <a href="../../java/sql/Timestamp.html#setNanos-int-"><code>setNanos(int)</code></a> </dd>  </dl></li></ul> <a end_ctx_id="method:getNanos()"/>  </td></tr></table></td></tr></table><table border="0" cellpadding="1" cellspacing="0" width="100%"><tr><td><h3 class="ctxid">method:setNanos(int) [NONE]</h3></td></tr><tr><td><table border="0" cellpadding="5" cellspacing="1" bgcolor="black" width="100%"><tr valign="top"><td bgcolor="#FFFFFF" colspan="1"> <a start_ctx_id="method:setNanos(int)"/><a name="setNanos-int-"/><ul class="blockList"><li class="blockList"><h4>setNanos</h4><pre>public void setNanos(int n)</pre><div class="block"> Sets this <code>Timestamp</code> object's <code>nanos</code> field to the given value.          </div><dl> <dt> <span class="paramLabel">Parameters:</span>   </dt><dd> <code>n</code> - the new fractional seconds component       </dd> <dt> <span class="throwsLabel">Throws:</span>   </dt><dd> <code>java.lang.IllegalArgumentException</code> - if the given argument is greater than 999999999 or less than 0              </dd> <dt> <span class="seeLabel">See Also: </span>   </dt><dd> <a href="../../java/sql/Timestamp.html#getNanos--"><code>getNanos()</code></a> </dd>   </dl></li></ul> <a end_ctx_id="method:setNanos(int)"/>  </td></tr></table></td></tr></table><table border="0" cellpadding="1" cellspacing="0" width="100%"><tr><td><h3 class="ctxid">method:equals(java.sql.Timestamp) [NONE]</h3></td></tr><tr><td><table border="0" cellpadding="5" cellspacing="1" bgcolor="black" width="100%"><tr valign="top"><td bgcolor="#FFFFFF" colspan="1"> <a start_ctx_id="method:equals(java.sql.Timestamp)"/><a name="equals-java.sql.Timestamp-"/><ul class="blockList"><li class="blockList"><h4>equals</h4><pre>
                                            public boolean equals(<a href="../../java/sql/Timestamp.html" title="class in java.sql">Timestamp</a> ts)
                                        </pre><div class="block"> Tests to see if this <code>Timestamp</code> object is equal to the given <code>Timestamp</code> object.              </div><dl> <dt> <span class="paramLabel">Parameters:</span>   </dt><dd> <code>ts</code> - the <code>Timestamp</code> value to compare with        </dd> <dt> <span class="returnLabel">Returns:</span>   </dt><dd> <code>true</code> if the given <code>Timestamp</code> object is equal to this <code>Timestamp</code> object; <code>false</code> otherwise              </dd>  </dl></li></ul> <a end_ctx_id="method:equals(java.sql.Timestamp)"/>  </td></tr></table></td></tr></table><table border="0" cellpadding="1" cellspacing="0" width="100%"><tr><td><h3 class="ctxid">method:equals(java.lang.Object) [CHANGED]</h3></td></tr><tr><td><table border="0" cellpadding="5" cellspacing="1" bgcolor="black" width="100%"><tr valign="top"><td bgcolor="#EEEEEE" colspan="2"> <a start_ctx_id="method:equals(java.lang.Object)"/><a name="equals-java.lang.Object-"/><ul class="blockList"><li class="blockList"><h4>equals</h4><pre>public boolean equals(java.lang.Object ts)</pre><div class="block"> Tests to see if this <code>Timestamp</code> object is equal to the given object. This version of the method <code>equals</code> has been added to fix the incorrect signature of <code>Timestamp.equals(Timestamp)</code> and to preserve backward compatibility with existing class files. Note: This method is not symmetric with respect to the <code>equals(Object)</code> method in the base class.                                                      </div><dl> <dt> <span class="overrideSpecifyLabel">Overrides:</span>   </dt><dd> <code>equals</code> in class <code>java.util.Date</code>  </dd> <dt> <span class="paramLabel">Parameters:</span>   </dt><dd> <code>ts</code> - the <code>Object</code> value to compare with        </dd> <dt> <span class="returnLabel">Returns:</span>   </dt><dd> <code>true</code> if the given <code>Object</code> is an instance of a <code>Timestamp</code> that is equal to this <code>Timestamp</code> object; <code>false</code> otherwise <dt changeType="diff-removed-tag"> <span class="seeLabel"><span class="diff-html-removed">See</span> <span class="diff-html-removed">Also:</span> </span> <span class="diff-html-removed"/>  </dt><dd changeType="diff-removed-tag"> <code><span class="diff-html-removed">Date.getTime()</span></code> </dd>                     </dd>   </dl></li></ul> <a end_ctx_id="method:equals(java.lang.Object)"/>  </td></tr><tr valign="top"><td bgcolor="#CCCCCC" colspan="1"> <a start_ctx_id="method:equals(java.lang.Object)"/><a name="equals-java.lang.Object-"/><ul class="blockList"><li class="blockList"><h4>equals</h4><pre>public boolean equals(java.lang.Object ts)</pre><div class="block"> Tests to see if this <code>Timestamp</code> object is equal to the given object. This version of the method <code>equals</code> has been added to fix the incorrect signature of <code>Timestamp.equals(Timestamp)</code> and to preserve backward compatibility with existing class files. Note: This method is not symmetric with respect to the <code>equals(Object)</code> method in the base class.                                                      </div><dl> <dt> <span class="overrideSpecifyLabel">Overrides:</span>   </dt><dd> <code>equals</code> in class <code>java.util.Date</code>  </dd> <dt> <span class="paramLabel">Parameters:</span>   </dt><dd> <code>ts</code> - the <code>Object</code> value to compare with        </dd> <dt> <span class="returnLabel">Returns:</span>   </dt><dd> <code>true</code> if the given <code>Object</code> is an instance of a <code>Timestamp</code> that is equal to this <code>Timestamp</code> object; <code>false</code> otherwise                    </dd> <dt changeType="diff-removed-tag"> <span class="seeLabel">See Also: </span>   </dt><dd changeType="diff-removed-tag"> <code>Date.getTime()</code> </dd>    </dl></li></ul> <a end_ctx_id="method:equals(java.lang.Object)"/>  </td><td bgcolor="#FFFFFF" colspan="1"> <a start_ctx_id="method:equals(java.lang.Object)"/><a name="equals-java.lang.Object-"/><ul class="blockList"><li class="blockList"><h4>equals</h4><pre>public boolean equals(java.lang.Object ts)</pre><div class="block"> Tests to see if this <code>Timestamp</code> object is equal to the given object. This version of the method <code>equals</code> has been added to fix the incorrect signature of <code>Timestamp.equals(Timestamp)</code> and to preserve backward compatibility with existing class files. Note: This method is not symmetric with respect to the <code>equals(Object)</code> method in the base class.                                                      </div><dl> <dt> <span class="overrideSpecifyLabel">Overrides:</span>   </dt><dd> <code>equals</code> in class <code>java.util.Date</code>  </dd> <dt> <span class="paramLabel">Parameters:</span>   </dt><dd> <code>ts</code> - the <code>Object</code> value to compare with        </dd> <dt> <span class="returnLabel">Returns:</span>   </dt><dd> <code>true</code> if the given <code>Object</code> is an instance of a <code>Timestamp</code> that is equal to this <code>Timestamp</code> object; <code>false</code> otherwise                    </dd>   </dl></li></ul> <a end_ctx_id="method:equals(java.lang.Object)"/>  </td></tr></table></td></tr></table><table border="0" cellpadding="1" cellspacing="0" width="100%"><tr><td><h3 class="ctxid">method:before(java.sql.Timestamp) [NONE]</h3></td></tr><tr><td><table border="0" cellpadding="5" cellspacing="1" bgcolor="black" width="100%"><tr valign="top"><td bgcolor="#FFFFFF" colspan="1"> <a start_ctx_id="method:before(java.sql.Timestamp)"/><a name="before-java.sql.Timestamp-"/><ul class="blockList"><li class="blockList"><h4>before</h4><pre>
                                            public boolean before(<a href="../../java/sql/Timestamp.html" title="class in java.sql">Timestamp</a> ts)
                                        </pre><div class="block"> Indicates whether this <code>Timestamp</code> object is earlier than the given <code>Timestamp</code> object.            </div><dl> <dt> <span class="paramLabel">Parameters:</span>   </dt><dd> <code>ts</code> - the <code>Timestamp</code> value to compare with        </dd> <dt> <span class="returnLabel">Returns:</span>   </dt><dd> <code>true</code> if this <code>Timestamp</code> object is earlier; <code>false</code> otherwise         </dd>  </dl></li></ul> <a end_ctx_id="method:before(java.sql.Timestamp)"/>  </td></tr></table></td></tr></table><table border="0" cellpadding="1" cellspacing="0" width="100%"><tr><td><h3 class="ctxid">method:after(java.sql.Timestamp) [NONE]</h3></td></tr><tr><td><table border="0" cellpadding="5" cellspacing="1" bgcolor="black" width="100%"><tr valign="top"><td bgcolor="#FFFFFF" colspan="1"> <a start_ctx_id="method:after(java.sql.Timestamp)"/><a name="after-java.sql.Timestamp-"/><ul class="blockList"><li class="blockList"><h4>after</h4><pre>
                                            public boolean after(<a href="../../java/sql/Timestamp.html" title="class in java.sql">Timestamp</a> ts)
                                        </pre><div class="block"> Indicates whether this <code>Timestamp</code> object is later than the given <code>Timestamp</code> object.            </div><dl> <dt> <span class="paramLabel">Parameters:</span>   </dt><dd> <code>ts</code> - the <code>Timestamp</code> value to compare with        </dd> <dt> <span class="returnLabel">Returns:</span>   </dt><dd> <code>true</code> if this <code>Timestamp</code> object is later; <code>false</code> otherwise         </dd>  </dl></li></ul> <a end_ctx_id="method:after(java.sql.Timestamp)"/>  </td></tr></table></td></tr></table><table border="0" cellpadding="1" cellspacing="0" width="100%"><tr><td><h3 class="ctxid">method:compareTo(java.sql.Timestamp) [NONE]</h3></td></tr><tr><td><table border="0" cellpadding="5" cellspacing="1" bgcolor="black" width="100%"><tr valign="top"><td bgcolor="#FFFFFF" colspan="1"> <a start_ctx_id="method:compareTo(java.sql.Timestamp)"/><a name="compareTo-java.sql.Timestamp-"/><ul class="blockList"><li class="blockList"><h4>compareTo</h4><pre>
                                            public int compareTo(<a href="../../java/sql/Timestamp.html" title="class in java.sql">Timestamp</a> ts)
                                        </pre><div class="block"> Compares this <code>Timestamp</code> object to the given <code>Timestamp</code> object.         </div><dl> <dt> <span class="paramLabel">Parameters:</span>   </dt><dd> <code>ts</code> - the <code>Timestamp</code> object to be compared to this <code>Timestamp</code> object            </dd> <dt> <span class="returnLabel">Returns:</span>   </dt><dd> the value <code>0</code> if the two <code>Timestamp</code> objects are equal; a value less than <code>0</code> if this <code>Timestamp</code> object is before the given argument; and a value greater than <code>0</code> if this <code>Timestamp</code> object is after the given argument.                                       </dd> <dt> <span class="simpleTagLabel">Since:</span>   </dt><dd>1.4</dd>   </dl></li></ul> <a end_ctx_id="method:compareTo(java.sql.Timestamp)"/>  </td></tr></table></td></tr></table><table border="0" cellpadding="1" cellspacing="0" width="100%"><tr><td><h3 class="ctxid">method:compareTo(java.util.Date) [NONE]</h3></td></tr><tr><td><table border="0" cellpadding="5" cellspacing="1" bgcolor="black" width="100%"><tr valign="top"><td bgcolor="#FFFFFF" colspan="1"> <a start_ctx_id="method:compareTo(java.util.Date)"/><a name="compareTo-java.util.Date-"/><ul class="blockList"><li class="blockList"><h4>compareTo</h4><pre>public int compareTo(java.util.Date o)</pre><div class="block"> Compares this <code>Timestamp</code> object to the given <code>Date</code> object.         </div><dl> <dt> <span class="overrideSpecifyLabel">Overrides:</span>   </dt><dd> <code>compareTo</code> in class <code>java.util.Date</code>  </dd> <dt> <span class="paramLabel">Parameters:</span>   </dt><dd> <code>o</code> - the <code>Date</code> to be compared to this <code>Timestamp</code> object           </dd> <dt> <span class="returnLabel">Returns:</span>   </dt><dd> the value <code>0</code> if this <code>Timestamp</code> object and the given object are equal; a value less than <code>0</code> if this <code>Timestamp</code> object is before the given argument; and a value greater than <code>0</code> if this <code>Timestamp</code> object is after the given argument.                                          </dd> <dt> <span class="simpleTagLabel">Since:</span>   </dt><dd>1.5</dd>    </dl></li></ul> <a end_ctx_id="method:compareTo(java.util.Date)"/>  </td></tr></table></td></tr></table><table border="0" cellpadding="1" cellspacing="0" width="100%"><tr><td><h3 class="ctxid">method:hashCode() [CHANGED]</h3></td></tr><tr><td><table border="0" cellpadding="5" cellspacing="1" bgcolor="black" width="100%"><tr valign="top"><td bgcolor="#EEEEEE" colspan="2"> <a start_ctx_id="method:hashCode()"/><a name="hashCode--"/><ul class="blockList"><li class="blockList"><h4>hashCode</h4><pre>public int hashCode()</pre><div class="block"> <span class="diff-html-removed">Returns</span> <span class="diff-html-removed">a</span> <span class="diff-html-removed">hash</span> <span class="diff-html-removed">code</span> <span class="diff-html-removed">value</span> <span class="diff-html-removed">for</span> <span class="diff-html-removed">this</span> <span class="diff-html-removed">object.</span>The <code> <span class="diff-html-removed">result</span> <span class="diff-html-removed">is</span> <span class="diff-html-removed">the</span> <span class="diff-html-removed">exclusive</span> <span class="diff-html-removed">OR</span> <span class="diff-html-removed">of</span> <span class="diff-html-removed">the</span> <span class="diff-html-removed">two</span> <span class="diff-html-removed">halves</span> <span class="diff-html-removed">of</span> <span class="diff-html-removed">the</span> <span class="diff-html-removed">primitive</span> <tt changeType="diff-removed-tag"><span class="diff-html-removed">long</span></tt> <span class="diff-html-removed">value</span> <span class="diff-html-removed">returned</span> <span class="diff-html-removed">by</span> <span class="diff-html-removed">the</span> <code changeType="diff-removed-tag"><span class="diff-html-removed">Date.getTime()</span></code> <span class="diff-html-removed">method.</span> <span class="diff-html-removed">That</span> <span class="diff-html-removed">is,</span> <span class="diff-html-removed">the</span> <span class="diff-html-removed">hash</span> <span class="diff-html-removed">code</span> <span class="diff-html-removed">is</span> <span class="diff-html-removed">the</span> <span class="diff-html-removed">value</span> <span class="diff-html-removed">of</span> <span class="diff-html-removed">the</span> <span class="diff-html-removed">expression:</span><blockquote changeType="diff-removed-tag"><pre><span class="diff-html-removed">
                                                    </span><code><span class="diff-html-removed">
 (int)(this.getTime()^(this.getTime() &gt;&gt;&gt; 32))
 </span></code><span class="diff-html-removed">
                                                </span></pre></blockquote> <span class="diff-html-removed">The</span>hashCode                               </code> method uses the underlying <code>java.util.Date</code> implementation and therefore does not include nanos in its computation.                        </div><dl> <dt> <span class="overrideSpecifyLabel">Overrides:</span>   </dt><dd> <code>hashCode</code> in class <code>java.util.Date <dt changeType="diff-removed-tag"> <span class="returnLabel"><span class="diff-html-removed">Returns:</span></span> <span class="diff-html-removed"/>  </dt><dd changeType="diff-removed-tag"><span class="diff-html-removed">a</span> <span class="diff-html-removed">hash</span> <span class="diff-html-removed">code</span> <span class="diff-html-removed">value</span> <span class="diff-html-removed">for</span> <span class="diff-html-removed">this</span> <span class="diff-html-removed">object.</span>      </dd> <dt changeType="diff-removed-tag"> <span class="seeLabel"><span class="diff-html-removed">See</span> <span class="diff-html-removed">Also:</span> </span> <span class="diff-html-removed"/>  </dt><dd changeType="diff-removed-tag"> <code><span class="diff-html-removed">Object.equals(java.lang.Object)</span></code><span class="diff-html-removed">,</span> <code><span class="diff-html-removed">System.identityHashCode(java.lang.Object)</span></code>  </dd>  </code>  </dd> </dl></li></ul> <a end_ctx_id="method:hashCode()"/>  </td></tr><tr valign="top"><td bgcolor="#CCCCCC" colspan="1"> <a start_ctx_id="method:hashCode()"/><a name="hashCode--"/><ul class="blockList"><li class="blockList"><h4>hashCode</h4><pre>public int hashCode()</pre><div class="block"> Returns a hash code value for this object. The result is the exclusive OR of the two halves of the primitive <tt changeType="diff-removed-tag">long</tt> value returned by the <code changeType="diff-removed-tag">Date.getTime()</code> method. That is, the hash code is the value of the expression:<blockquote changeType="diff-removed-tag"><pre>
                                                    <code>
 (int)(this.getTime()^(this.getTime() &gt;&gt;&gt; 32))
 </code>
                                                </pre></blockquote> The <code>hashCode</code> method uses the underlying <code>java.util.Date</code> implementation and therefore does not include nanos in its computation.                                                        </div><dl> <dt> <span class="overrideSpecifyLabel">Overrides:</span>   </dt><dd> <code>hashCode</code> in class <code>java.util.Date</code>  </dd> <dt changeType="diff-removed-tag"> <span class="returnLabel">Returns:</span>   </dt><dd changeType="diff-removed-tag">a hash code value for this object.      </dd> <dt changeType="diff-removed-tag"> <span class="seeLabel">See Also: </span>   </dt><dd changeType="diff-removed-tag"> <code>Object.equals(java.lang.Object)</code>, <code>System.identityHashCode(java.lang.Object)</code>  </dd>   </dl></li></ul> <a end_ctx_id="method:hashCode()"/>  </td><td bgcolor="#FFFFFF" colspan="1"> <a start_ctx_id="method:hashCode()"/><a name="hashCode--"/><ul class="blockList"><li class="blockList"><h4>hashCode</h4><pre>public int hashCode()</pre><div class="block"> The <code>hashCode</code> method uses the underlying <code>java.util.Date</code> implementation and therefore does not include nanos in its computation.                 </div><dl> <dt> <span class="overrideSpecifyLabel">Overrides:</span>   </dt><dd> <code>hashCode</code> in class <code>java.util.Date</code>  </dd> </dl></li></ul> <a end_ctx_id="method:hashCode()"/>  </td></tr></table></td></tr></table><table border="0" cellpadding="1" cellspacing="0" width="100%"><tr><td><h3 class="ctxid">method:valueOf(java.time.LocalDateTime) [NONE]</h3></td></tr><tr><td><table border="0" cellpadding="5" cellspacing="1" bgcolor="black" width="100%"><tr valign="top"><td bgcolor="#FFFFFF" colspan="1"> <a start_ctx_id="method:valueOf(java.time.LocalDateTime)"/><a name="valueOf-java.time.LocalDateTime-"/><ul class="blockList"><li class="blockList"><h4>valueOf</h4><pre>
                                            public static <a href="../../java/sql/Timestamp.html" title="class in java.sql">Timestamp</a> valueOf(java.time.LocalDateTime dateTime)
                                        </pre><div class="block"> Obtains an instance of <code>Timestamp</code> from a <code>LocalDateTime</code> object, with the same year, month, day of month, hours, minutes, seconds and nanos date-time value as the provided <code>LocalDateTime</code>.<p> The provided <code>LocalDateTime</code> is interpreted as the local date-time in the local time zone.              </p>                            </div><dl> <dt> <span class="paramLabel">Parameters:</span>   </dt><dd> <code>dateTime</code> - a <code>LocalDateTime</code> to convert      </dd> <dt> <span class="returnLabel">Returns:</span>   </dt><dd> a <code>Timestamp</code> object   </dd> <dt> <span class="throwsLabel">Throws:</span>   </dt><dd> <code>java.lang.NullPointerException</code> - if <code>dateTime</code> is null.      </dd> <dt> <span class="simpleTagLabel">Since:</span>   </dt><dd>1.8</dd>    </dl></li></ul> <a end_ctx_id="method:valueOf(java.time.LocalDateTime)"/>  </td></tr></table></td></tr></table><table border="0" cellpadding="1" cellspacing="0" width="100%"><tr><td><h3 class="ctxid">method:toLocalDateTime() [NONE]</h3></td></tr><tr><td><table border="0" cellpadding="5" cellspacing="1" bgcolor="black" width="100%"><tr valign="top"><td bgcolor="#FFFFFF" colspan="1"> <a start_ctx_id="method:toLocalDateTime()"/><a name="toLocalDateTime--"/><ul class="blockList"><li class="blockList"><h4>toLocalDateTime</h4><pre>public java.time.LocalDateTime toLocalDateTime()</pre><div class="block"> Converts this <code>Timestamp</code> object to a <code>LocalDateTime</code>.<p> The conversion creates a <code>LocalDateTime</code> that represents the same year, month, day of month, hours, minutes, seconds and nanos date-time value as this <code>Timestamp</code> in the local time zone.                             </p>       </div><dl> <dt> <span class="returnLabel">Returns:</span>   </dt><dd> a <code>LocalDateTime</code> object representing the same date-time value        </dd> <dt> <span class="simpleTagLabel">Since:</span>   </dt><dd>1.8</dd>  </dl></li></ul> <a end_ctx_id="method:toLocalDateTime()"/>  </td></tr></table></td></tr></table><table border="0" cellpadding="1" cellspacing="0" width="100%"><tr><td><h3 class="ctxid">method:from(java.time.Instant) [CHANGED]</h3></td></tr><tr><td><table border="0" cellpadding="5" cellspacing="1" bgcolor="black" width="100%"><tr valign="top"><td bgcolor="#EEEEEE" colspan="2"> <a start_ctx_id="method:from(java.time.Instant)"/><a name="from-java.time.Instant-"/><ul class="blockList"><li class="blockList"><h4>from</h4><pre>
                                            public static <a href="../../java/sql/Timestamp.html" title="class in java.sql">Timestamp</a> from(java.time.Instant instant)
                                        </pre><div class="block"> Obtains an instance of <code>Timestamp</code> from an <code>Instant</code> object.<p> <code>Instant</code> can store points on the time-line further in the future and further in the past than <code>Date</code>. In this scenario, this method will throw an exception.                           </p>         </div><dl> <dt> <span class="paramLabel">Parameters:</span>   </dt><dd> <code>instant</code> - the instant to convert      </dd> <dt> <span class="returnLabel">Returns:</span>   </dt><dd> an <code>Timestamp</code> representing the same point on the time-line as the provided instant             </dd> <dt> <span class="throwsLabel">Throws:</span>   </dt><dd> <code>java.lang.NullPointerException</code> - if <code>instant</code> is null.      </dd><dd> <code>java.lang.IllegalArgumentException</code> - if the instant is too large to represent as a <code> <code changeType="diff-removed-tag"><span class="diff-html-removed">Timesamp</span></code><span class="diff-html-added">Timestamp</span> </code>             </dd> <dt> <span class="simpleTagLabel">Since:</span>   </dt><dd>1.8</dd>    </dl></li></ul> <a end_ctx_id="method:from(java.time.Instant)"/>  </td></tr><tr valign="top"><td bgcolor="#CCCCCC" colspan="1"> <a start_ctx_id="method:from(java.time.Instant)"/><a name="from-java.time.Instant-"/><ul class="blockList"><li class="blockList"><h4>from</h4><pre>
                                            public static <a href="../../java/sql/Timestamp.html" title="class in java.sql">Timestamp</a> from(java.time.Instant instant)
                                        </pre><div class="block"> Obtains an instance of <code>Timestamp</code> from an <code>Instant</code> object.<p> <code>Instant</code> can store points on the time-line further in the future and further in the past than <code>Date</code>. In this scenario, this method will throw an exception.                           </p>         </div><dl> <dt> <span class="paramLabel">Parameters:</span>   </dt><dd> <code>instant</code> - the instant to convert      </dd> <dt> <span class="returnLabel">Returns:</span>   </dt><dd> an <code>Timestamp</code> representing the same point on the time-line as the provided instant             </dd> <dt> <span class="throwsLabel">Throws:</span>   </dt><dd> <code>java.lang.NullPointerException</code> - if <code>instant</code> is null.      </dd><dd> <code>java.lang.IllegalArgumentException</code> - if the instant is too large to represent as a <code changeType="diff-removed-tag">Timesamp</code>             </dd> <dt> <span class="simpleTagLabel">Since:</span>   </dt><dd>1.8</dd>    </dl></li></ul> <a end_ctx_id="method:from(java.time.Instant)"/>  </td><td bgcolor="#FFFFFF" colspan="1"> <a start_ctx_id="method:from(java.time.Instant)"/><a name="from-java.time.Instant-"/><ul class="blockList"><li class="blockList"><h4>from</h4><pre>
                                            public static <a href="../../java/sql/Timestamp.html" title="class in java.sql">Timestamp</a> from(java.time.Instant instant)
                                        </pre><div class="block"> Obtains an instance of <code>Timestamp</code> from an <code>Instant</code> object.<p> <code>Instant</code> can store points on the time-line further in the future and further in the past than <code>Date</code>. In this scenario, this method will throw an exception.                           </p>         </div><dl> <dt> <span class="paramLabel">Parameters:</span>   </dt><dd> <code>instant</code> - the instant to convert      </dd> <dt> <span class="returnLabel">Returns:</span>   </dt><dd> an <code>Timestamp</code> representing the same point on the time-line as the provided instant             </dd> <dt> <span class="throwsLabel">Throws:</span>   </dt><dd> <code>java.lang.NullPointerException</code> - if <code>instant</code> is null.      </dd><dd> <code>java.lang.IllegalArgumentException</code> - if the instant is too large to represent as a <code>Timestamp</code>             </dd> <dt> <span class="simpleTagLabel">Since:</span>   </dt><dd>1.8</dd>    </dl></li></ul> <a end_ctx_id="method:from(java.time.Instant)"/>  </td></tr></table></td></tr></table><table border="0" cellpadding="1" cellspacing="0" width="100%"><tr><td><h3 class="ctxid">method:toInstant() [NONE]</h3></td></tr><tr><td><table border="0" cellpadding="5" cellspacing="1" bgcolor="black" width="100%"><tr valign="top"><td bgcolor="#FFFFFF" colspan="1"> <a start_ctx_id="method:toInstant()"/><a name="toInstant--"/><ul class="blockListLast"><li class="blockList"><h4>toInstant</h4><pre>public java.time.Instant toInstant()</pre><div class="block"> Converts this <code>Timestamp</code> object to an <code>Instant</code>.<p> The conversion creates an <code>Instant</code> that represents the same point on the time-line as this <code>Timestamp</code>.                </p>       </div><dl> <dt> <span class="overrideSpecifyLabel">Overrides:</span>   </dt><dd> <code>toInstant</code> in class <code>java.util.Date</code>  </dd> <dt> <span class="returnLabel">Returns:</span>   </dt><dd>an instant representing the same point on the time-line        </dd> <dt> <span class="simpleTagLabel">Since:</span>   </dt><dd>1.8</dd>   </dl></li></ul> <a end_ctx_id="method:toInstant()"/>  </td></tr></table></td></tr></table></diff></diffreport>