<?xml version="1.0" encoding="UTF-8"?><diffreport><diff><table border="0" cellpadding="1" cellspacing="0" width="100%"><tr><td><h3 class="ctxid">class:Wrapper [NONE]</h3></td></tr><tr><td><table border="0" cellpadding="5" cellspacing="1" bgcolor="black" width="100%"><tr valign="top"><td bgcolor="#FFFFFF" colspan="1"><div class="description"> <a start_ctx_id="class:Wrapper"/><ul class="blockList"><li class="blockList"><dl> <dt>All Known Subinterfaces:  </dt><dd> <code><a href="../../java/sql/CallableStatement.html" title="interface in java.sql">CallableStatement</a></code>, <code><a href="../../java/sql/Connection.html" title="interface in java.sql">Connection</a></code>, <code><a href="../../java/sql/DatabaseMetaData.html" title="interface in java.sql">DatabaseMetaData</a></code>, <code><a href="../../javax/sql/DataSource.html" title="interface in javax.sql">DataSource</a></code>, <code><a href="../../java/sql/ParameterMetaData.html" title="interface in java.sql">ParameterMetaData</a></code>, <code><a href="../../java/sql/PreparedStatement.html" title="interface in java.sql">PreparedStatement</a></code>, <code><a href="../../java/sql/ResultSet.html" title="interface in java.sql">ResultSet</a></code>, <code><a href="../../java/sql/ResultSetMetaData.html" title="interface in java.sql">ResultSetMetaData</a></code>, <code><a href="../../javax/sql/RowSet.html" title="interface in javax.sql">RowSet</a></code>, <code><a href="../../javax/sql/RowSetMetaData.html" title="interface in javax.sql">RowSetMetaData</a></code>, <code><a href="../../java/sql/Statement.html" title="interface in java.sql">Statement</a></code>           </dd> </dl> <hr/> <br/><pre>
                            public interface <span class="typeNameLabel">Wrapper</span>
                        </pre><div class="block"> Interface for JDBC classes which provide the ability to retrieve the delegate instance when the instance in question is in fact a proxy class.<p> The wrapper pattern is employed by many JDBC driver implementations to provide extensions beyond the traditional JDBC API that are specific to a data source. Developers may wish to gain access to these resources that are wrapped (the delegates) as proxy class instances representing the the actual resources. This interface describes a standard mechanism to access these wrapped resources represented by their proxy, to permit direct access to the resource delegates.                                                                       </p>                        </div><dl> <dt> <span class="simpleTagLabel">Since:</span>   </dt><dd>1.6</dd> </dl>  </li></ul> </div> <a end_ctx_id="class:Wrapper"/> </td></tr></table></td></tr></table><table border="0" cellpadding="1" cellspacing="0" width="100%"><tr><td><h3 class="ctxid">method:unwrap(java.lang.Class) [NONE]</h3></td></tr><tr><td><table border="0" cellpadding="5" cellspacing="1" bgcolor="black" width="100%"><tr valign="top"><td bgcolor="#FFFFFF" colspan="1"> <a start_ctx_id="method:unwrap(java.lang.Class)"/><a name="unwrap-java.lang.Class-"/><ul class="blockList"><li class="blockList"><h4>unwrap</h4><pre>
                                            &lt;T&gt; T unwrap(java.lang.Class&lt;T&gt; iface)
      throws <a href="../../java/sql/SQLException.html" title="class in java.sql">SQLException</a>
                                        </pre><div class="block"> Returns an object that implements the given interface to allow access to non-standard methods, or standard methods not exposed by the proxy. If the receiver implements the interface then the result is the receiver or a proxy for the receiver. If the receiver is a wrapper and the wrapped object implements the interface then the result is the wrapped object or a proxy for the wrapped object. Otherwise return the the result of calling <code>unwrap</code> recursively on the wrapped object or a proxy for that result. If the receiver is not a wrapper and does not implement the interface, then an <code>SQLException</code> is thrown.                                                                                                        </div><dl> <dt> <span class="paramLabel">Type Parameters: </span>   </dt><dd> <code>T</code> - the type of the class modeled by this Class object            </dd> <dt> <span class="paramLabel">Parameters:</span>   </dt><dd> <code>iface</code> - A Class defining an interface that the result must implement.            </dd> <dt> <span class="returnLabel">Returns:</span>   </dt><dd>an object that implements the interface. May be a proxy for the actual implementing object.              </dd> <dt> <span class="throwsLabel">Throws:</span>   </dt><dd> <code><a href="../../java/sql/SQLException.html" title="class in java.sql">SQLException</a></code> - If no object found that implements the interface          </dd> <dt> <span class="simpleTagLabel">Since:</span>   </dt><dd>1.6</dd>     </dl></li></ul> <a end_ctx_id="method:unwrap(java.lang.Class)"/>  </td></tr></table></td></tr></table><table border="0" cellpadding="1" cellspacing="0" width="100%"><tr><td><h3 class="ctxid">method:isWrapperFor(java.lang.Class) [NONE]</h3></td></tr><tr><td><table border="0" cellpadding="5" cellspacing="1" bgcolor="black" width="100%"><tr valign="top"><td bgcolor="#FFFFFF" colspan="1"> <a start_ctx_id="method:isWrapperFor(java.lang.Class)"/><a name="isWrapperFor-java.lang.Class-"/><ul class="blockListLast"><li class="blockList"><h4>isWrapperFor</h4><pre>
                                            boolean isWrapperFor(java.lang.Class&lt;?&gt; iface)
              throws <a href="../../java/sql/SQLException.html" title="class in java.sql">SQLException</a>
                                        </pre><div class="block"> Returns true if this either implements the interface argument or is directly or indirectly a wrapper for an object that does. Returns false otherwise. If this implements the interface then return true, else if this is a wrapper then return the result of recursively calling <code>isWrapperFor</code> on the wrapped object. If this does not implement the interface and is not a wrapper, return false. This method should be implemented as a low-cost operation compared to <code>unwrap</code> so that callers can use this method to avoid expensive <code>unwrap</code> calls that may fail. If this method returns true then calling <code>unwrap</code> with the same argument should succeed.                                                                                                         </div><dl> <dt> <span class="paramLabel">Parameters:</span>   </dt><dd> <code>iface</code> - a Class defining an interface.       </dd> <dt> <span class="returnLabel">Returns:</span>   </dt><dd>true if this implements the interface or directly or indirectly wraps an object that does.              </dd> <dt> <span class="throwsLabel">Throws:</span>   </dt><dd> <code><a href="../../java/sql/SQLException.html" title="class in java.sql">SQLException</a></code> - if an error occurs while determining whether this is a wrapper for an object with the given interface.                    </dd> <dt> <span class="simpleTagLabel">Since:</span>   </dt><dd>1.6</dd>    </dl></li></ul> <a end_ctx_id="method:isWrapperFor(java.lang.Class)"/>  </td></tr></table></td></tr></table></diff></diffreport>