<?xml version="1.0" encoding="UTF-8" standalone="yes"?><Document><name>overview-summary</name><Stat><name>overview-summary</name><mt>NONE</mt><Group name="global_package"><Item name="ADDED" count="0"/><Item name="REMOVED" count="0"/><Item name="CHANGED" count="0"/><Item name="MODIFIED" count="0"/><Item name="MOVED" count="0"/><Item name="MOVED_CHANGED" count="0"/><Item name="JOINT" count="0"/><Item name="SPLIT" count="0"/><Item name="TOTAL" count="7"/></Group><Group name="global_document"><Item name="ADDED" count="5"/><Item name="REMOVED" count="0"/><Item name="CHANGED" count="27"/><Item name="MODIFIED" count="32"/><Item name="MOVED" count="0"/><Item name="MOVED_CHANGED" count="0"/><Item name="JOINT" count="0"/><Item name="SPLIT" count="0"/><Item name="TOTAL" count="76"/></Group><Group name="global_context"><Item name="ADDED" count="50"/><Item name="REMOVED" count="0"/><Item name="CHANGED" count="106"/><Item name="MODIFIED" count="156"/><Item name="MOVED" count="0"/><Item name="MOVED_CHANGED" count="0"/><Item name="JOINT" count="0"/><Item name="SPLIT" count="0"/><Item name="TOTAL" count="1518"/></Group><Group name="global_assertion"><Item name="ADDED" count="0"/><Item name="REMOVED" count="0"/><Item name="CHANGED" count="0"/><Item name="MODIFIED" count="0"/><Item name="MOVED" count="0"/><Item name="MOVED_CHANGED" count="0"/><Item name="JOINT" count="0"/><Item name="SPLIT" count="0"/><Item name="TOTAL" count="0"/></Group><Group name="global_module"><Item name="ADDED" count="1"/><Item name="REMOVED" count="0"/><Item name="UPDATED" count="0"/><Item name="TOTAL" count="1"/></Group><Stats><Stat><name>java/sql/package-summary.spec</name><mt>CHANGED</mt><Group name="context"><Item name="ADDED" count="0"/><Item name="REMOVED" count="0"/><Item name="CHANGED" count="1"/><Item name="MODIFIED" count="1"/><Item name="MOVED" count="0"/><Item name="MOVED_CHANGED" count="0"/><Item name="JOINT" count="0"/><Item name="SPLIT" count="0"/><Item name="TOTAL" count="1"/></Group><Group name="assertion"><Item name="ADDED" count="0"/><Item name="REMOVED" count="0"/><Item name="CHANGED" count="0"/><Item name="MODIFIED" count="0"/><Item name="MOVED" count="0"/><Item name="MOVED_CHANGED" count="0"/><Item name="JOINT" count="0"/><Item name="SPLIT" count="0"/><Item name="TOTAL" count="0"/></Group><Group name="package_document"><Item name="ADDED" count="3"/><Item name="REMOVED" count="0"/><Item name="CHANGED" count="20"/><Item name="MODIFIED" count="23"/><Item name="MOVED" count="0"/><Item name="MOVED_CHANGED" count="0"/><Item name="JOINT" count="0"/><Item name="SPLIT" count="0"/><Item name="TOTAL" count="56"/></Group><Group name="package_context"><Item name="ADDED" count="22"/><Item name="REMOVED" count="0"/><Item name="CHANGED" count="85"/><Item name="MODIFIED" count="107"/><Item name="MOVED" count="0"/><Item name="MOVED_CHANGED" count="0"/><Item name="JOINT" count="0"/><Item name="SPLIT" count="0"/><Item name="TOTAL" count="1300"/></Group><Group name="package_assertion"><Item name="ADDED" count="0"/><Item name="REMOVED" count="0"/><Item name="CHANGED" count="0"/><Item name="MODIFIED" count="0"/><Item name="MOVED" count="0"/><Item name="MOVED_CHANGED" count="0"/><Item name="JOINT" count="0"/><Item name="SPLIT" count="0"/><Item name="TOTAL" count="0"/></Group></Stat><Stat><name>javax/sql/package-summary.spec</name><mt>CHANGED</mt><Group name="context"><Item name="ADDED" count="0"/><Item name="REMOVED" count="0"/><Item name="CHANGED" count="1"/><Item name="MODIFIED" count="1"/><Item name="MOVED" count="0"/><Item name="MOVED_CHANGED" count="0"/><Item name="JOINT" count="0"/><Item name="SPLIT" count="0"/><Item name="TOTAL" count="1"/></Group><Group name="assertion"><Item name="ADDED" count="0"/><Item name="REMOVED" count="0"/><Item name="CHANGED" count="0"/><Item name="MODIFIED" count="0"/><Item name="MOVED" count="0"/><Item name="MOVED_CHANGED" count="0"/><Item name="JOINT" count="0"/><Item name="SPLIT" count="0"/><Item name="TOTAL" count="0"/></Group><Group name="package_document"><Item name="ADDED" count="2"/><Item name="REMOVED" count="0"/><Item name="CHANGED" count="7"/><Item name="MODIFIED" count="9"/><Item name="MOVED" count="0"/><Item name="MOVED_CHANGED" count="0"/><Item name="JOINT" count="0"/><Item name="SPLIT" count="0"/><Item name="TOTAL" count="20"/></Group><Group name="package_context"><Item name="ADDED" count="28"/><Item name="REMOVED" count="0"/><Item name="CHANGED" count="21"/><Item name="MODIFIED" count="49"/><Item name="MOVED" count="0"/><Item name="MOVED_CHANGED" count="0"/><Item name="JOINT" count="0"/><Item name="SPLIT" count="0"/><Item name="TOTAL" count="218"/></Group><Group name="package_assertion"><Item name="ADDED" count="0"/><Item name="REMOVED" count="0"/><Item name="CHANGED" count="0"/><Item name="MODIFIED" count="0"/><Item name="MOVED" count="0"/><Item name="MOVED_CHANGED" count="0"/><Item name="JOINT" count="0"/><Item name="SPLIT" count="0"/><Item name="TOTAL" count="0"/></Group></Stat><Stat><name>jquery/package-summary.spec</name><mt>NONE</mt><Group name="context"><Item name="ADDED" count="0"/><Item name="REMOVED" count="0"/><Item name="CHANGED" count="0"/><Item name="MODIFIED" count="0"/><Item name="MOVED" count="0"/><Item name="MOVED_CHANGED" count="0"/><Item name="JOINT" count="0"/><Item name="SPLIT" count="0"/><Item name="TOTAL" count="0"/></Group><Group name="assertion"><Item name="ADDED" count="0"/><Item name="REMOVED" count="0"/><Item name="CHANGED" count="0"/><Item name="MODIFIED" count="0"/><Item name="MOVED" count="0"/><Item name="MOVED_CHANGED" count="0"/><Item name="JOINT" count="0"/><Item name="SPLIT" count="0"/><Item name="TOTAL" count="0"/></Group><Group name="package_document"><Item name="ADDED" count="0"/><Item name="REMOVED" count="0"/><Item name="CHANGED" count="0"/><Item name="MODIFIED" count="0"/><Item name="MOVED" count="0"/><Item name="MOVED_CHANGED" count="0"/><Item name="JOINT" count="0"/><Item name="SPLIT" count="0"/><Item name="TOTAL" count="0"/></Group><Group name="package_context"><Item name="ADDED" count="0"/><Item name="REMOVED" count="0"/><Item name="CHANGED" count="0"/><Item name="MODIFIED" count="0"/><Item name="MOVED" count="0"/><Item name="MOVED_CHANGED" count="0"/><Item name="JOINT" count="0"/><Item name="SPLIT" count="0"/><Item name="TOTAL" count="0"/></Group><Group name="package_assertion"><Item name="ADDED" count="0"/><Item name="REMOVED" count="0"/><Item name="CHANGED" count="0"/><Item name="MODIFIED" count="0"/><Item name="MOVED" count="0"/><Item name="MOVED_CHANGED" count="0"/><Item name="JOINT" count="0"/><Item name="SPLIT" count="0"/><Item name="TOTAL" count="0"/></Group></Stat><Stat><name>jquery/external/jquery/package-summary.spec</name><mt>NONE</mt><Group name="context"><Item name="ADDED" count="0"/><Item name="REMOVED" count="0"/><Item name="CHANGED" count="0"/><Item name="MODIFIED" count="0"/><Item name="MOVED" count="0"/><Item name="MOVED_CHANGED" count="0"/><Item name="JOINT" count="0"/><Item name="SPLIT" count="0"/><Item name="TOTAL" count="0"/></Group><Group name="assertion"><Item name="ADDED" count="0"/><Item name="REMOVED" count="0"/><Item name="CHANGED" count="0"/><Item name="MODIFIED" count="0"/><Item name="MOVED" count="0"/><Item name="MOVED_CHANGED" count="0"/><Item name="JOINT" count="0"/><Item name="SPLIT" count="0"/><Item name="TOTAL" count="0"/></Group><Group name="package_document"><Item name="ADDED" count="0"/><Item name="REMOVED" count="0"/><Item name="CHANGED" count="0"/><Item name="MODIFIED" count="0"/><Item name="MOVED" count="0"/><Item name="MOVED_CHANGED" count="0"/><Item name="JOINT" count="0"/><Item name="SPLIT" count="0"/><Item name="TOTAL" count="0"/></Group><Group name="package_context"><Item name="ADDED" count="0"/><Item name="REMOVED" count="0"/><Item name="CHANGED" count="0"/><Item name="MODIFIED" count="0"/><Item name="MOVED" count="0"/><Item name="MOVED_CHANGED" count="0"/><Item name="JOINT" count="0"/><Item name="SPLIT" count="0"/><Item name="TOTAL" count="0"/></Group><Group name="package_assertion"><Item name="ADDED" count="0"/><Item name="REMOVED" count="0"/><Item name="CHANGED" count="0"/><Item name="MODIFIED" count="0"/><Item name="MOVED" count="0"/><Item name="MOVED_CHANGED" count="0"/><Item name="JOINT" count="0"/><Item name="SPLIT" count="0"/><Item name="TOTAL" count="0"/></Group></Stat><Stat><name>jquery/images/package-summary.spec</name><mt>NONE</mt><Group name="context"><Item name="ADDED" count="0"/><Item name="REMOVED" count="0"/><Item name="CHANGED" count="0"/><Item name="MODIFIED" count="0"/><Item name="MOVED" count="0"/><Item name="MOVED_CHANGED" count="0"/><Item name="JOINT" count="0"/><Item name="SPLIT" count="0"/><Item name="TOTAL" count="0"/></Group><Group name="assertion"><Item name="ADDED" count="0"/><Item name="REMOVED" count="0"/><Item name="CHANGED" count="0"/><Item name="MODIFIED" count="0"/><Item name="MOVED" count="0"/><Item name="MOVED_CHANGED" count="0"/><Item name="JOINT" count="0"/><Item name="SPLIT" count="0"/><Item name="TOTAL" count="0"/></Group><Group name="package_document"><Item name="ADDED" count="0"/><Item name="REMOVED" count="0"/><Item name="CHANGED" count="0"/><Item name="MODIFIED" count="0"/><Item name="MOVED" count="0"/><Item name="MOVED_CHANGED" count="0"/><Item name="JOINT" count="0"/><Item name="SPLIT" count="0"/><Item name="TOTAL" count="0"/></Group><Group name="package_context"><Item name="ADDED" count="0"/><Item name="REMOVED" count="0"/><Item name="CHANGED" count="0"/><Item name="MODIFIED" count="0"/><Item name="MOVED" count="0"/><Item name="MOVED_CHANGED" count="0"/><Item name="JOINT" count="0"/><Item name="SPLIT" count="0"/><Item name="TOTAL" count="0"/></Group><Group name="package_assertion"><Item name="ADDED" count="0"/><Item name="REMOVED" count="0"/><Item name="CHANGED" count="0"/><Item name="MODIFIED" count="0"/><Item name="MOVED" count="0"/><Item name="MOVED_CHANGED" count="0"/><Item name="JOINT" count="0"/><Item name="SPLIT" count="0"/><Item name="TOTAL" count="0"/></Group></Stat><Stat><name>jquery/jszip-utils/dist/package-summary.spec</name><mt>NONE</mt><Group name="context"><Item name="ADDED" count="0"/><Item name="REMOVED" count="0"/><Item name="CHANGED" count="0"/><Item name="MODIFIED" count="0"/><Item name="MOVED" count="0"/><Item name="MOVED_CHANGED" count="0"/><Item name="JOINT" count="0"/><Item name="SPLIT" count="0"/><Item name="TOTAL" count="0"/></Group><Group name="assertion"><Item name="ADDED" count="0"/><Item name="REMOVED" count="0"/><Item name="CHANGED" count="0"/><Item name="MODIFIED" count="0"/><Item name="MOVED" count="0"/><Item name="MOVED_CHANGED" count="0"/><Item name="JOINT" count="0"/><Item name="SPLIT" count="0"/><Item name="TOTAL" count="0"/></Group><Group name="package_document"><Item name="ADDED" count="0"/><Item name="REMOVED" count="0"/><Item name="CHANGED" count="0"/><Item name="MODIFIED" count="0"/><Item name="MOVED" count="0"/><Item name="MOVED_CHANGED" count="0"/><Item name="JOINT" count="0"/><Item name="SPLIT" count="0"/><Item name="TOTAL" count="0"/></Group><Group name="package_context"><Item name="ADDED" count="0"/><Item name="REMOVED" count="0"/><Item name="CHANGED" count="0"/><Item name="MODIFIED" count="0"/><Item name="MOVED" count="0"/><Item name="MOVED_CHANGED" count="0"/><Item name="JOINT" count="0"/><Item name="SPLIT" count="0"/><Item name="TOTAL" count="0"/></Group><Group name="package_assertion"><Item name="ADDED" count="0"/><Item name="REMOVED" count="0"/><Item name="CHANGED" count="0"/><Item name="MODIFIED" count="0"/><Item name="MOVED" count="0"/><Item name="MOVED_CHANGED" count="0"/><Item name="JOINT" count="0"/><Item name="SPLIT" count="0"/><Item name="TOTAL" count="0"/></Group></Stat><Stat><name>jquery/jszip/dist/package-summary.spec</name><mt>NONE</mt><Group name="context"><Item name="ADDED" count="0"/><Item name="REMOVED" count="0"/><Item name="CHANGED" count="0"/><Item name="MODIFIED" count="0"/><Item name="MOVED" count="0"/><Item name="MOVED_CHANGED" count="0"/><Item name="JOINT" count="0"/><Item name="SPLIT" count="0"/><Item name="TOTAL" count="0"/></Group><Group name="assertion"><Item name="ADDED" count="0"/><Item name="REMOVED" count="0"/><Item name="CHANGED" count="0"/><Item name="MODIFIED" count="0"/><Item name="MOVED" count="0"/><Item name="MOVED_CHANGED" count="0"/><Item name="JOINT" count="0"/><Item name="SPLIT" count="0"/><Item name="TOTAL" count="0"/></Group><Group name="package_document"><Item name="ADDED" count="0"/><Item name="REMOVED" count="0"/><Item name="CHANGED" count="0"/><Item name="MODIFIED" count="0"/><Item name="MOVED" count="0"/><Item name="MOVED_CHANGED" count="0"/><Item name="JOINT" count="0"/><Item name="SPLIT" count="0"/><Item name="TOTAL" count="0"/></Group><Group name="package_context"><Item name="ADDED" count="0"/><Item name="REMOVED" count="0"/><Item name="CHANGED" count="0"/><Item name="MODIFIED" count="0"/><Item name="MOVED" count="0"/><Item name="MOVED_CHANGED" count="0"/><Item name="JOINT" count="0"/><Item name="SPLIT" count="0"/><Item name="TOTAL" count="0"/></Group><Group name="package_assertion"><Item name="ADDED" count="0"/><Item name="REMOVED" count="0"/><Item name="CHANGED" count="0"/><Item name="MODIFIED" count="0"/><Item name="MOVED" count="0"/><Item name="MOVED_CHANGED" count="0"/><Item name="JOINT" count="0"/><Item name="SPLIT" count="0"/><Item name="TOTAL" count="0"/></Group></Stat></Stats></Stat></Document>