<?xml version="1.0" encoding="UTF-8"?><diffreport><diff><table border="0" cellpadding="1" cellspacing="0" width="100%"><tr><td><h3 class="ctxid">class:AbstractProcessor [CHANGED]</h3></td></tr><tr><td><table border="0" cellpadding="5" cellspacing="1" bgcolor="black" width="100%"><tr valign="top"><td bgcolor="#EEEEEE" colspan="2"><div class="description"> <a start_ctx_id="class:AbstractProcessor"/><ul class="blockList"><li class="blockList"><dl> <dt>All Implemented Interfaces:  </dt><dd> <a href="../../../javax/annotation/processing/Processor.html" title="interface in javax.annotation.processing">Processor</a> </dd> </dl> <hr/> <br/><pre>public abstract class <span class="typeNameLabel">AbstractProcessor</span>
extends java.lang.Object
implements <a href="../../../javax/annotation/processing/Processor.html" title="interface in javax.annotation.processing">Processor</a></pre><div class="block">An abstract annotation processor designed to be a convenient superclass for most concrete annotation processors. This class examines annotation values to compute the <a href="../../../javax/annotation/processing/AbstractProcessor.html#getSupportedOptions--">options</a>, <a href="../../../javax/annotation/processing/AbstractProcessor.html#getSupportedAnnotationTypes--"> <a href="../../../javax/annotation/processing/AbstractProcessor.html#getSupportedAnnotationTypes--" changeType="diff-removed-tag"><span class="diff-html-removed">annotations</span></a><span class="diff-html-added">annotation</span> <span class="diff-html-added">types</span>  </a>, and <a href="../../../javax/annotation/processing/AbstractProcessor.html#getSupportedSourceVersion--">source version </a> supported by its subtypes.<p>The getter methods may <a href="../../../javax/annotation/processing/Messager.html#printMessage-javax.tools.Diagnostic.Kind-java.lang.CharSequence-">issue warnings </a> about noteworthy conditions using the facilities available after the processor has been <a href="../../../javax/annotation/processing/AbstractProcessor.html#isInitialized--">initialized</a>.                 </p><p>Subclasses are free to override the implementation and specification of any of the methods in this class as long as the general <a href="../../../javax/annotation/processing/Processor.html" title="interface in javax.annotation.processing"><code>Processor</code></a> contract for that method is obeyed.                            </p>                              </div><dl> <dt> <span class="simpleTagLabel">Since:</span>   </dt><dd>1.6</dd> </dl>  </li></ul> </div> <a end_ctx_id="class:AbstractProcessor"/> </td></tr><tr valign="top"><td bgcolor="#CCCCCC" colspan="1"><div class="description"> <a start_ctx_id="class:AbstractProcessor"/><ul class="blockList"><li class="blockList"><dl> <dt>All Implemented Interfaces:  </dt><dd> <a href="../../../javax/annotation/processing/Processor.html" title="interface in javax.annotation.processing">Processor</a> </dd> </dl> <hr/> <br/><pre>public abstract class <span class="typeNameLabel">AbstractProcessor</span>
extends java.lang.Object
implements <a href="../../../javax/annotation/processing/Processor.html" title="interface in javax.annotation.processing">Processor</a></pre><div class="block">An abstract annotation processor designed to be a convenient superclass for most concrete annotation processors. This class examines annotation values to compute the <a href="../../../javax/annotation/processing/AbstractProcessor.html#getSupportedOptions--">options</a>, <a href="../../../javax/annotation/processing/AbstractProcessor.html#getSupportedAnnotationTypes--" changeType="diff-removed-tag">annotations</a>, and <a href="../../../javax/annotation/processing/AbstractProcessor.html#getSupportedSourceVersion--">source version </a> supported by its subtypes.<p>The getter methods may <a href="../../../javax/annotation/processing/Messager.html#printMessage-javax.tools.Diagnostic.Kind-java.lang.CharSequence-">issue warnings </a> about noteworthy conditions using the facilities available after the processor has been <a href="../../../javax/annotation/processing/AbstractProcessor.html#isInitialized--">initialized</a>.                 </p><p>Subclasses are free to override the implementation and specification of any of the methods in this class as long as the general <a href="../../../javax/annotation/processing/Processor.html" title="interface in javax.annotation.processing"><code>Processor</code></a> contract for that method is obeyed.                            </p>                              </div><dl> <dt> <span class="simpleTagLabel">Since:</span>   </dt><dd>1.6</dd> </dl>  </li></ul> </div> <a end_ctx_id="class:AbstractProcessor"/> </td><td bgcolor="#FFFFFF" colspan="1"><div class="description"> <a start_ctx_id="class:AbstractProcessor"/><ul class="blockList"><li class="blockList"><dl> <dt>All Implemented Interfaces:  </dt><dd> <a href="../../../javax/annotation/processing/Processor.html" title="interface in javax.annotation.processing">Processor</a> </dd> </dl> <hr/> <br/><pre>public abstract class <span class="typeNameLabel">AbstractProcessor</span>
extends java.lang.Object
implements <a href="../../../javax/annotation/processing/Processor.html" title="interface in javax.annotation.processing">Processor</a></pre><div class="block">An abstract annotation processor designed to be a convenient superclass for most concrete annotation processors. This class examines annotation values to compute the <a href="../../../javax/annotation/processing/AbstractProcessor.html#getSupportedOptions--">options</a>, <a href="../../../javax/annotation/processing/AbstractProcessor.html#getSupportedAnnotationTypes--">annotation types </a>, and <a href="../../../javax/annotation/processing/AbstractProcessor.html#getSupportedSourceVersion--">source version </a> supported by its subtypes.<p>The getter methods may <a href="../../../javax/annotation/processing/Messager.html#printMessage-javax.tools.Diagnostic.Kind-java.lang.CharSequence-">issue warnings </a> about noteworthy conditions using the facilities available after the processor has been <a href="../../../javax/annotation/processing/AbstractProcessor.html#isInitialized--">initialized</a>.                 </p><p>Subclasses are free to override the implementation and specification of any of the methods in this class as long as the general <a href="../../../javax/annotation/processing/Processor.html" title="interface in javax.annotation.processing"><code>Processor</code></a> contract for that method is obeyed.                            </p>                              </div><dl> <dt> <span class="simpleTagLabel">Since:</span>   </dt><dd>1.6</dd> </dl>  </li></ul> </div> <a end_ctx_id="class:AbstractProcessor"/> </td></tr></table></td></tr></table><table border="0" cellpadding="1" cellspacing="0" width="100%"><tr><td><h3 class="ctxid">field:processingEnv [NONE]</h3></td></tr><tr><td><table border="0" cellpadding="5" cellspacing="1" bgcolor="black" width="100%"><tr valign="top"><td bgcolor="#FFFFFF" colspan="1"> <a start_ctx_id="field:processingEnv"/><a name="processingEnv"/><ul class="blockListLast"><li class="blockList"><h4>processingEnv</h4><pre>protected <a href="../../../javax/annotation/processing/ProcessingEnvironment.html" title="interface in javax.annotation.processing">ProcessingEnvironment</a> processingEnv</pre><div class="block">Processing environment providing by the tool framework.      </div></li></ul> <a end_ctx_id="field:processingEnv"/>  </td></tr></table></td></tr></table><table border="0" cellpadding="1" cellspacing="0" width="100%"><tr><td><h3 class="ctxid">constructor:AbstractProcessor-- [NONE]</h3></td></tr><tr><td><table border="0" cellpadding="5" cellspacing="1" bgcolor="black" width="100%"><tr valign="top"><td bgcolor="#FFFFFF" colspan="1"> <a start_ctx_id="constructor:AbstractProcessor--"/><a name="AbstractProcessor--"/><ul class="blockListLast"><li class="blockList"><h4>AbstractProcessor</h4><pre>protected AbstractProcessor()</pre><div class="block">Constructor for subclasses to call.    </div></li></ul> <a end_ctx_id="constructor:AbstractProcessor--"/>  </td></tr></table></td></tr></table><table border="0" cellpadding="1" cellspacing="0" width="100%"><tr><td><h3 class="ctxid">method:getSupportedOptions-- [NONE]</h3></td></tr><tr><td><table border="0" cellpadding="5" cellspacing="1" bgcolor="black" width="100%"><tr valign="top"><td bgcolor="#FFFFFF" colspan="1"> <a start_ctx_id="method:getSupportedOptions--"/><a name="getSupportedOptions--"/><ul class="blockList"><li class="blockList"><h4>getSupportedOptions</h4><pre>public java.util.Set&lt;java.lang.String&gt; getSupportedOptions()</pre><div class="block">If the processor class is annotated with <a href="../../../javax/annotation/processing/SupportedOptions.html" title="annotation in javax.annotation.processing"><code>SupportedOptions</code></a>, return an unmodifiable set with the same set of strings as the annotation. If the class is not so annotated, an empty set is returned.                                </div><dl> <dt> <span class="overrideSpecifyLabel">Specified by: </span>   </dt><dd> <code><a href="../../../javax/annotation/processing/Processor.html#getSupportedOptions--">getSupportedOptions</a></code> in interface <code><a href="../../../javax/annotation/processing/Processor.html" title="interface in javax.annotation.processing">Processor</a></code>  </dd> <dt> <span class="returnLabel">Returns:</span>   </dt><dd>the options recognized by this processor, or an empty set if none           </dd> <dt> <span class="seeLabel">See Also: </span>   </dt><dd> <a href="../../../javax/annotation/processing/SupportedOptions.html" title="annotation in javax.annotation.processing"><code>SupportedOptions</code></a> </dd>   </dl></li></ul> <a end_ctx_id="method:getSupportedOptions--"/>  </td></tr></table></td></tr></table><table border="0" cellpadding="1" cellspacing="0" width="100%"><tr><td><h3 class="ctxid">method:getSupportedAnnotationTypes-- [NONE]</h3></td></tr><tr><td><table border="0" cellpadding="5" cellspacing="1" bgcolor="black" width="100%"><tr valign="top"><td bgcolor="#FFFFFF" colspan="1"> <a start_ctx_id="method:getSupportedAnnotationTypes--"/><a name="getSupportedAnnotationTypes--"/><ul class="blockList"><li class="blockList"><h4>getSupportedAnnotationTypes</h4><pre>public java.util.Set&lt;java.lang.String&gt; getSupportedAnnotationTypes()</pre><div class="block">If the processor class is annotated with <a href="../../../javax/annotation/processing/SupportedAnnotationTypes.html" title="annotation in javax.annotation.processing"><code>SupportedAnnotationTypes</code></a>, return an unmodifiable set with the same set of strings as the annotation. If the class is not so annotated, an empty set is returned.                                </div><dl> <dt> <span class="overrideSpecifyLabel">Specified by: </span>   </dt><dd> <code><a href="../../../javax/annotation/processing/Processor.html#getSupportedAnnotationTypes--">getSupportedAnnotationTypes</a></code> in interface <code><a href="../../../javax/annotation/processing/Processor.html" title="interface in javax.annotation.processing">Processor</a></code>  </dd> <dt> <span class="returnLabel">Returns:</span>   </dt><dd>the names of the annotation types supported by this processor, or an empty set if none               </dd> <dt> <span class="seeLabel">See Also: </span>   </dt><dd> <a href="../../../javax/annotation/processing/SupportedAnnotationTypes.html" title="annotation in javax.annotation.processing"><code>SupportedAnnotationTypes</code></a> </dd>   </dl></li></ul> <a end_ctx_id="method:getSupportedAnnotationTypes--"/>  </td></tr></table></td></tr></table><table border="0" cellpadding="1" cellspacing="0" width="100%"><tr><td><h3 class="ctxid">method:getSupportedSourceVersion-- [NONE]</h3></td></tr><tr><td><table border="0" cellpadding="5" cellspacing="1" bgcolor="black" width="100%"><tr valign="top"><td bgcolor="#FFFFFF" colspan="1"> <a start_ctx_id="method:getSupportedSourceVersion--"/><a name="getSupportedSourceVersion--"/><ul class="blockList"><li class="blockList"><h4>getSupportedSourceVersion</h4><pre>public <a href="../../../javax/lang/model/SourceVersion.html" title="enum in javax.lang.model">SourceVersion</a> getSupportedSourceVersion()</pre><div class="block">If the processor class is annotated with <a href="../../../javax/annotation/processing/SupportedSourceVersion.html" title="annotation in javax.annotation.processing"><code>SupportedSourceVersion</code></a>, return the source version in the annotation. If the class is not so annotated, <a href="../../../javax/lang/model/SourceVersion.html#RELEASE_6"><code>SourceVersion.RELEASE_6</code></a> is returned.                        </div><dl> <dt> <span class="overrideSpecifyLabel">Specified by: </span>   </dt><dd> <code><a href="../../../javax/annotation/processing/Processor.html#getSupportedSourceVersion--">getSupportedSourceVersion</a></code> in interface <code><a href="../../../javax/annotation/processing/Processor.html" title="interface in javax.annotation.processing">Processor</a></code>  </dd> <dt> <span class="returnLabel">Returns:</span>   </dt><dd>the latest source version supported by this processor       </dd> <dt> <span class="seeLabel">See Also: </span>   </dt><dd> <a href="../../../javax/annotation/processing/SupportedSourceVersion.html" title="annotation in javax.annotation.processing"><code>SupportedSourceVersion</code></a>, <a href="../../../javax/annotation/processing/ProcessingEnvironment.html#getSourceVersion--"><code>ProcessingEnvironment.getSourceVersion()</code></a>  </dd>   </dl></li></ul> <a end_ctx_id="method:getSupportedSourceVersion--"/>  </td></tr></table></td></tr></table><table border="0" cellpadding="1" cellspacing="0" width="100%"><tr><td><h3 class="ctxid">method:init-javax.annotation.processing.ProcessingEnvironment- [NONE]</h3></td></tr><tr><td><table border="0" cellpadding="5" cellspacing="1" bgcolor="black" width="100%"><tr valign="top"><td bgcolor="#FFFFFF" colspan="1"> <a start_ctx_id="method:init-javax.annotation.processing.ProcessingEnvironment-"/><a name="init-javax.annotation.processing.ProcessingEnvironment-"/><ul class="blockList"><li class="blockList"><h4>init</h4><pre>public void init(<a href="../../../javax/annotation/processing/ProcessingEnvironment.html" title="interface in javax.annotation.processing">ProcessingEnvironment</a> processingEnv)</pre><div class="block">Initializes the processor with the processing environment by setting the <code>processingEnv</code> field to the value of the <code>processingEnv</code> argument. An <code>IllegalStateException</code> will be thrown if this method is called more than once on the same object.                                   </div><dl> <dt> <span class="overrideSpecifyLabel">Specified by: </span>   </dt><dd> <code><a href="../../../javax/annotation/processing/Processor.html#init-javax.annotation.processing.ProcessingEnvironment-">init</a></code> in interface <code><a href="../../../javax/annotation/processing/Processor.html" title="interface in javax.annotation.processing">Processor</a></code>  </dd> <dt> <span class="paramLabel">Parameters:</span>   </dt><dd> <code>processingEnv</code> - environment to access facilities the tool framework provides to the processor             </dd> <dt> <span class="throwsLabel">Throws:</span>   </dt><dd> <code>java.lang.IllegalStateException</code> - if this method is called more than once.          </dd>   </dl></li></ul> <a end_ctx_id="method:init-javax.annotation.processing.ProcessingEnvironment-"/>  </td></tr></table></td></tr></table><table border="0" cellpadding="1" cellspacing="0" width="100%"><tr><td><h3 class="ctxid">method:process-java.util.Set-javax.annotation.processing.RoundEnvironment- [CHANGED]</h3></td></tr><tr><td><table border="0" cellpadding="5" cellspacing="1" bgcolor="black" width="100%"><tr valign="top"><td bgcolor="#EEEEEE" colspan="2"> <a start_ctx_id="method:process-java.util.Set-javax.annotation.processing.RoundEnvironment-"/><a name="process-java.util.Set-javax.annotation.processing.RoundEnvironment-"/><ul class="blockList"><li class="blockList"><h4>process</h4><pre>public abstract boolean process(java.util.Set&lt;? extends <a href="../../../javax/lang/model/element/TypeElement.html" title="interface in javax.lang.model.element">TypeElement</a>&gt; annotations,
                                <a href="../../../javax/annotation/processing/RoundEnvironment.html" title="interface in javax.annotation.processing">RoundEnvironment</a> roundEnv)</pre><div class="block">Processes a set of annotation types on type elements originating from the prior round and returns whether or not these <span class="diff-html-removed">annotations</span><span class="diff-html-added">annotation</span> <span class="diff-html-added">types</span> are claimed by this processor. If <code>true</code> is returned, the <span class="diff-html-removed">annotations</span><span class="diff-html-added">annotation</span> <span class="diff-html-added">types</span> are claimed and subsequent processors will not be asked to process them; if <code>false</code> is returned, the <span class="diff-html-removed">annotations</span><span class="diff-html-added">annotation</span> <span class="diff-html-added">types</span> are unclaimed and subsequent processors may be asked to process them. A processor may always return the same boolean value or may vary the result based on chosen criteria.<p>The input set will be empty if the processor supports <code>"*"</code> and the root elements have no annotations. A <code>Processor</code> must gracefully handle an empty set of annotations.                           </p>                                                                                 </div><dl> <dt> <span class="overrideSpecifyLabel">Specified by: </span>   </dt><dd> <code><a href="../../../javax/annotation/processing/Processor.html#process-java.util.Set-javax.annotation.processing.RoundEnvironment-">process</a></code> in interface <code><a href="../../../javax/annotation/processing/Processor.html" title="interface in javax.annotation.processing">Processor</a></code>  </dd> <dt> <span class="paramLabel">Parameters:</span>   </dt><dd> <code>annotations</code> - the annotation types requested to be processed         </dd><dd> <code>roundEnv</code> - environment for information about the current and prior round           </dd> <dt> <span class="returnLabel">Returns:</span>   </dt><dd>whether or not the set of <span class="diff-html-removed">annotations</span><span class="diff-html-added">annotation</span> <span class="diff-html-added">types</span> are claimed by this processor            </dd>   </dl></li></ul> <a end_ctx_id="method:process-java.util.Set-javax.annotation.processing.RoundEnvironment-"/>  </td></tr><tr valign="top"><td bgcolor="#CCCCCC" colspan="1"> <a start_ctx_id="method:process-java.util.Set-javax.annotation.processing.RoundEnvironment-"/><a name="process-java.util.Set-javax.annotation.processing.RoundEnvironment-"/><ul class="blockList"><li class="blockList"><h4>process</h4><pre>public abstract boolean process(java.util.Set&lt;? extends <a href="../../../javax/lang/model/element/TypeElement.html" title="interface in javax.lang.model.element">TypeElement</a>&gt; annotations,
                                <a href="../../../javax/annotation/processing/RoundEnvironment.html" title="interface in javax.annotation.processing">RoundEnvironment</a> roundEnv)</pre><div class="block">Processes a set of annotation types on type elements originating from the prior round and returns whether or not these annotations are claimed by this processor. If <code>true</code> is returned, the annotations are claimed and subsequent processors will not be asked to process them; if <code>false</code> is returned, the annotations are unclaimed and subsequent processors may be asked to process them. A processor may always return the same boolean value or may vary the result based on chosen criteria.<p>The input set will be empty if the processor supports <code>"*"</code> and the root elements have no annotations. A <code>Processor</code> must gracefully handle an empty set of annotations.                           </p>                                                                              </div><dl> <dt> <span class="overrideSpecifyLabel">Specified by: </span>   </dt><dd> <code><a href="../../../javax/annotation/processing/Processor.html#process-java.util.Set-javax.annotation.processing.RoundEnvironment-">process</a></code> in interface <code><a href="../../../javax/annotation/processing/Processor.html" title="interface in javax.annotation.processing">Processor</a></code>  </dd> <dt> <span class="paramLabel">Parameters:</span>   </dt><dd> <code>annotations</code> - the annotation types requested to be processed         </dd><dd> <code>roundEnv</code> - environment for information about the current and prior round           </dd> <dt> <span class="returnLabel">Returns:</span>   </dt><dd>whether or not the set of annotations are claimed by this processor           </dd>   </dl></li></ul> <a end_ctx_id="method:process-java.util.Set-javax.annotation.processing.RoundEnvironment-"/>  </td><td bgcolor="#FFFFFF" colspan="1"> <a start_ctx_id="method:process-java.util.Set-javax.annotation.processing.RoundEnvironment-"/><a name="process-java.util.Set-javax.annotation.processing.RoundEnvironment-"/><ul class="blockList"><li class="blockList"><h4>process</h4><pre>public abstract boolean process(java.util.Set&lt;? extends <a href="../../../javax/lang/model/element/TypeElement.html" title="interface in javax.lang.model.element">TypeElement</a>&gt; annotations,
                                <a href="../../../javax/annotation/processing/RoundEnvironment.html" title="interface in javax.annotation.processing">RoundEnvironment</a> roundEnv)</pre><div class="block">Processes a set of annotation types on type elements originating from the prior round and returns whether or not these annotation types are claimed by this processor. If <code>true</code> is returned, the annotation types are claimed and subsequent processors will not be asked to process them; if <code>false</code> is returned, the annotation types are unclaimed and subsequent processors may be asked to process them. A processor may always return the same boolean value or may vary the result based on chosen criteria.<p>The input set will be empty if the processor supports <code>"*"</code> and the root elements have no annotations. A <code>Processor</code> must gracefully handle an empty set of annotations.                           </p>                                                                                 </div><dl> <dt> <span class="overrideSpecifyLabel">Specified by: </span>   </dt><dd> <code><a href="../../../javax/annotation/processing/Processor.html#process-java.util.Set-javax.annotation.processing.RoundEnvironment-">process</a></code> in interface <code><a href="../../../javax/annotation/processing/Processor.html" title="interface in javax.annotation.processing">Processor</a></code>  </dd> <dt> <span class="paramLabel">Parameters:</span>   </dt><dd> <code>annotations</code> - the annotation types requested to be processed         </dd><dd> <code>roundEnv</code> - environment for information about the current and prior round           </dd> <dt> <span class="returnLabel">Returns:</span>   </dt><dd>whether or not the set of annotation types are claimed by this processor            </dd>   </dl></li></ul> <a end_ctx_id="method:process-java.util.Set-javax.annotation.processing.RoundEnvironment-"/>  </td></tr></table></td></tr></table><table border="0" cellpadding="1" cellspacing="0" width="100%"><tr><td><h3 class="ctxid">method:getCompletions-javax.lang.model.element.Element-javax.lang.model.element.AnnotationMirror-javax.lang.model.element.ExecutableElement-java.lang.String- [NONE]</h3></td></tr><tr><td><table border="0" cellpadding="5" cellspacing="1" bgcolor="black" width="100%"><tr valign="top"><td bgcolor="#FFFFFF" colspan="1"> <a start_ctx_id="method:getCompletions-javax.lang.model.element.Element-javax.lang.model.element.AnnotationMirror-javax.lang.model.element.ExecutableElement-java.lang.String-"/><a name="getCompletions-javax.lang.model.element.Element-javax.lang.model.element.AnnotationMirror-javax.lang.model.element.ExecutableElement-java.lang.String-"/><ul class="blockList"><li class="blockList"><h4>getCompletions</h4><pre>public java.lang.Iterable&lt;? extends <a href="../../../javax/annotation/processing/Completion.html" title="interface in javax.annotation.processing">Completion</a>&gt; getCompletions(<a href="../../../javax/lang/model/element/Element.html" title="interface in javax.lang.model.element">Element</a> element,
                                                               <a href="../../../javax/lang/model/element/AnnotationMirror.html" title="interface in javax.lang.model.element">AnnotationMirror</a> annotation,
                                                               <a href="../../../javax/lang/model/element/ExecutableElement.html" title="interface in javax.lang.model.element">ExecutableElement</a> member,
                                                               java.lang.String userText)</pre><div class="block">Returns an empty iterable of completions.     </div><dl> <dt> <span class="overrideSpecifyLabel">Specified by: </span>   </dt><dd> <code><a href="../../../javax/annotation/processing/Processor.html#getCompletions-javax.lang.model.element.Element-javax.lang.model.element.AnnotationMirror-javax.lang.model.element.ExecutableElement-java.lang.String-">getCompletions</a></code> in interface <code><a href="../../../javax/annotation/processing/Processor.html" title="interface in javax.annotation.processing">Processor</a></code>  </dd> <dt> <span class="paramLabel">Parameters:</span>   </dt><dd> <code>element</code> - the element being annotated      </dd><dd> <code>annotation</code> - the (perhaps partial) annotation being applied to the element           </dd><dd> <code>member</code> - the annotation member to return possible completions for          </dd><dd> <code>userText</code> - source code text to be completed        </dd> <dt> <span class="returnLabel">Returns:</span>   </dt><dd>suggested completions to the annotation    </dd>   </dl></li></ul> <a end_ctx_id="method:getCompletions-javax.lang.model.element.Element-javax.lang.model.element.AnnotationMirror-javax.lang.model.element.ExecutableElement-java.lang.String-"/>  </td></tr></table></td></tr></table><table border="0" cellpadding="1" cellspacing="0" width="100%"><tr><td><h3 class="ctxid">method:isInitialized-- [NONE]</h3></td></tr><tr><td><table border="0" cellpadding="5" cellspacing="1" bgcolor="black" width="100%"><tr valign="top"><td bgcolor="#FFFFFF" colspan="1"> <a start_ctx_id="method:isInitialized--"/><a name="isInitialized--"/><ul class="blockListLast"><li class="blockList"><h4>isInitialized</h4><pre>protected boolean isInitialized()</pre><div class="block">Returns <code>true</code> if this object has been <a href="../../../javax/annotation/processing/AbstractProcessor.html#init-javax.annotation.processing.ProcessingEnvironment-">initialized</a>, <code>false</code> otherwise.         </div><dl> <dt> <span class="returnLabel">Returns:</span>   </dt><dd> <code>true</code> if this object has been initialized, <code>false</code> otherwise.         </dd> </dl></li></ul> <a end_ctx_id="method:isInitialized--"/>  </td></tr></table></td></tr></table></diff></diffreport>