<?xml version="1.0" encoding="UTF-8"?><diffreport><diff><table border="0" cellpadding="1" cellspacing="0" width="100%"><tr><td><h3 class="ctxid">class:Completion [NONE]</h3></td></tr><tr><td><table border="0" cellpadding="5" cellspacing="1" bgcolor="black" width="100%"><tr valign="top"><td bgcolor="#FFFFFF" colspan="1"><div class="description"> <a start_ctx_id="class:Completion"/><ul class="blockList"><li class="blockList"> <hr/> <br/><pre>public interface <span class="typeNameLabel">Completion</span></pre><div class="block">A suggested <a href="../../../javax/annotation/processing/Processor.html#getCompletions-javax.lang.model.element.Element-javax.lang.model.element.AnnotationMirror-javax.lang.model.element.ExecutableElement-java.lang.String-"><em>completion</em></a> for an annotation. A completion is text meant to be inserted into a program as part of an annotation.                     </div><dl> <dt> <span class="simpleTagLabel">Since:</span>   </dt><dd>1.6</dd> </dl>  </li></ul> </div> <a end_ctx_id="class:Completion"/> </td></tr></table></td></tr></table><table border="0" cellpadding="1" cellspacing="0" width="100%"><tr><td><h3 class="ctxid">method:getValue-- [NONE]</h3></td></tr><tr><td><table border="0" cellpadding="5" cellspacing="1" bgcolor="black" width="100%"><tr valign="top"><td bgcolor="#FFFFFF" colspan="1"> <a start_ctx_id="method:getValue--"/><a name="getValue--"/><ul class="blockList"><li class="blockList"><h4>getValue</h4><pre>java.lang.String getValue()</pre><div class="block">Returns the text of the suggested completion.      </div><dl> <dt> <span class="returnLabel">Returns:</span>   </dt><dd>the text of the suggested completion.     </dd> </dl></li></ul> <a end_ctx_id="method:getValue--"/>  </td></tr></table></td></tr></table><table border="0" cellpadding="1" cellspacing="0" width="100%"><tr><td><h3 class="ctxid">method:getMessage-- [NONE]</h3></td></tr><tr><td><table border="0" cellpadding="5" cellspacing="1" bgcolor="black" width="100%"><tr valign="top"><td bgcolor="#FFFFFF" colspan="1"> <a start_ctx_id="method:getMessage--"/><a name="getMessage--"/><ul class="blockListLast"><li class="blockList"><h4>getMessage</h4><pre>java.lang.String getMessage()</pre><div class="block">Returns an informative message about the completion.      </div><dl> <dt> <span class="returnLabel">Returns:</span>   </dt><dd>an informative message about the completion.     </dd> </dl></li></ul> <a end_ctx_id="method:getMessage--"/>  </td></tr></table></td></tr></table></diff></diffreport>