<?xml version="1.0" encoding="UTF-8"?><diffreport><diff><table border="0" cellpadding="1" cellspacing="0" width="100%"><tr><td><h3 class="ctxid">class:Filer [NONE]</h3></td></tr><tr><td><table border="0" cellpadding="5" cellspacing="1" bgcolor="black" width="100%"><tr valign="top"><td bgcolor="#FFFFFF" colspan="1"><div class="description"> <a start_ctx_id="class:Filer"/><ul class="blockList"><li class="blockList"> <hr/> <br/><pre>public interface <span class="typeNameLabel">Filer</span></pre><div class="block">This interface supports the creation of new files by an annotation processor. Files created in this way will be known to the annotation processing tool implementing this interface, better enabling the tool to manage them. Source and class files so created will be <a href="../../../javax/annotation/processing/RoundEnvironment.html#getRootElements--">considered for processing  </a> by the tool in a subsequent <a href="../../../javax/annotation/processing/RoundEnvironment.html" title="interface in javax.annotation.processing">round of processing  </a> after the <code>close</code> method has been called on the <code>Writer</code> or <code>OutputStream</code> used to write the contents of the file. Three kinds of files are distinguished: source files, class files, and auxiliary resource files.<p> There are two distinguished supported locations (subtrees within the logical file system) where newly created files are placed: one for new source files, and one for new class files. (These might be specified on a tool's command line, for example, using flags such as <code>-s</code> and <code>-d</code>.) The actual locations for new source files and new class files may or may not be distinct on a particular run of the tool. Resource files may be created in either location. The methods for reading and writing resources take a relative name argument. A relative name is a non-null, non-empty sequence of path segments separated by <code>'/'</code>; <code>'.'</code> and <code>'..'</code> are invalid path segments. A valid relative name must match the "path-rootless" rule of <a href="http://www.ietf.org/rfc/rfc3986.txt">RFC 3986 </a>, section 3.3.                                                                                                                             </p><p>The file creation methods take a variable number of arguments to allow the <em>originating elements </em> to be provided as hints to the tool infrastructure to better manage dependencies. The originating elements are the types or packages (representing <code>package-info</code> files) which caused an annotation processor to attempt to create a new file. For example, if an annotation processor tries to create a source file, <code>GeneratedFromUserSource</code>, in response to processing                                                                  </p><blockquote><pre>
  @Generate
  public class UserSource {}
 </pre></blockquote> the type element for <code>UserSource</code> should be passed as part of the creation method call as in:<blockquote><pre>
      filer.createSourceFile("GeneratedFromUserSource",
                             eltUtils.getTypeElement("UserSource"));
 </pre></blockquote> If there are no originating elements, none need to be passed. This information may be used in an incremental environment to determine the need to rerun processors or remove generated files. Non-incremental environments may ignore the originating element information.<p> During each run of an annotation processing tool, a file with a given pathname may be created only once. If that file already exists before the first attempt to create it, the old contents will be deleted. Any subsequent attempt to create the same file during a run will throw a <a href="../../../javax/annotation/processing/FilerException.html" title="class in javax.annotation.processing"><code>FilerException</code></a>, as will attempting to create both a class file and source file for the same type name or same package name. The <a href="../../../javax/annotation/processing/Processor.html" title="interface in javax.annotation.processing">initial inputs </a> to the tool are considered to be created by the zeroth round; therefore, attempting to create a source or class file corresponding to one of those inputs will result in a <a href="../../../javax/annotation/processing/FilerException.html" title="class in javax.annotation.processing"><code>FilerException</code></a>.                                                                                                           </p><p> In general, processors must not knowingly attempt to overwrite existing files that were not generated by some processor. A <code>Filer</code> may reject attempts to open a file corresponding to an existing type, like <code>java.lang.Object</code>. Likewise, the invoker of the annotation processing tool must not knowingly configure the tool such that the discovered processors will attempt to overwrite existing files that were not generated.                                                               </p><p> Processors can indicate a source or class file is generated by including an <code>@Generated</code> annotation.               </p><p> Note that some of the effect of overwriting a file can be achieved by using a <i>decorator</i>-style pattern. Instead of modifying a class directly, the class is designed so that either its superclass is generated by annotation processing or subclasses of the class are generated by annotation processing. If the subclasses are generated, the parent class may be designed to use factories instead of public constructors so that only subclass instances would be presented to clients of the parent class.                                                                                </p>                                                                                                                                            </div><dl> <dt> <span class="simpleTagLabel">Since:</span>   </dt><dd>1.6</dd> </dl>  </li></ul> </div> <a end_ctx_id="class:Filer"/> </td></tr></table></td></tr></table><table border="0" cellpadding="1" cellspacing="0" width="100%"><tr><td><h3 class="ctxid">method:createSourceFile-java.lang.CharSequence-javax.lang.model.element.Element...- [NONE]</h3></td></tr><tr><td><table border="0" cellpadding="5" cellspacing="1" bgcolor="black" width="100%"><tr valign="top"><td bgcolor="#FFFFFF" colspan="1"> <a start_ctx_id="method:createSourceFile-java.lang.CharSequence-javax.lang.model.element.Element...-"/><a name="createSourceFile-java.lang.CharSequence-javax.lang.model.element.Element...-"/><ul class="blockList"><li class="blockList"><h4>createSourceFile</h4><pre>javax.tools.JavaFileObject createSourceFile(java.lang.CharSequence name,
                                            <a href="../../../javax/lang/model/element/Element.html" title="interface in javax.lang.model.element">Element</a>... originatingElements)
                                     throws java.io.IOException</pre><div class="block">Creates a new source file and returns an object to allow writing to it. The file's name and path (relative to the root output location for source files) are based on the type to be declared in that file. If more than one type is being declared, the name of the principal top-level type (the public one, for example) should be used. A source file can also be created to hold information about a package, including package annotations. To create a source file for a named package, have <code>name</code> be the package's name followed by <code>".package-info"</code>; to create a source file for an unnamed package, use <code>"package-info"</code>.<p> Note that to use a particular charset to encode the contents of the file, an <code>OutputStreamWriter</code> with the chosen charset can be created from the <code>OutputStream</code> from the returned object. If the <code>Writer</code> from the returned object is directly used for writing, its charset is determined by the implementation. An annotation processing tool may have an <code>-encoding</code> flag or analogous option for specifying this; otherwise, it will typically be the platform's default encoding.                                                                         </p><p>To avoid subsequent errors, the contents of the source file should be compatible with the <a href="../../../javax/annotation/processing/ProcessingEnvironment.html#getSourceVersion--">source version </a> being used for this run.                    </p>                                                                                                          </div><dl> <dt> <span class="paramLabel">Parameters:</span>   </dt><dd> <code>name</code> - canonical (fully qualified) name of the principal type being declared in this file or a package name followed by <code>".package-info"</code> for a package information file                           </dd><dd> <code>originatingElements</code> - type or package elements causally associated with the creation of this file, may be elided or <code>null</code>                   </dd> <dt> <span class="returnLabel">Returns:</span>   </dt><dd>a <code>JavaFileObject</code> to write the new source file       </dd> <dt> <span class="throwsLabel">Throws:</span>   </dt><dd> <code><a href="../../../javax/annotation/processing/FilerException.html" title="class in javax.annotation.processing">FilerException</a></code> - if the same pathname has already been created, the same type has already been created, or the name is not valid for a type                          </dd><dd> <code>java.io.IOException</code> - if the file cannot be created        </dd>   </dl></li></ul> <a end_ctx_id="method:createSourceFile-java.lang.CharSequence-javax.lang.model.element.Element...-"/>  </td></tr></table></td></tr></table><table border="0" cellpadding="1" cellspacing="0" width="100%"><tr><td><h3 class="ctxid">method:createClassFile-java.lang.CharSequence-javax.lang.model.element.Element...- [NONE]</h3></td></tr><tr><td><table border="0" cellpadding="5" cellspacing="1" bgcolor="black" width="100%"><tr valign="top"><td bgcolor="#FFFFFF" colspan="1"> <a start_ctx_id="method:createClassFile-java.lang.CharSequence-javax.lang.model.element.Element...-"/><a name="createClassFile-java.lang.CharSequence-javax.lang.model.element.Element...-"/><ul class="blockList"><li class="blockList"><h4>createClassFile</h4><pre>javax.tools.JavaFileObject createClassFile(java.lang.CharSequence name,
                                           <a href="../../../javax/lang/model/element/Element.html" title="interface in javax.lang.model.element">Element</a>... originatingElements)
                                    throws java.io.IOException</pre><div class="block">Creates a new class file, and returns an object to allow writing to it. The file's name and path (relative to the root output location for class files) are based on the name of the type being written. A class file can also be created to hold information about a package, including package annotations. To create a class file for a named package, have <code>name</code> be the package's name followed by <code>".package-info"</code>; creating a class file for an unnamed package is not supported.<p>To avoid subsequent errors, the contents of the class file should be compatible with the <a href="../../../javax/annotation/processing/ProcessingEnvironment.html#getSourceVersion--">source version </a> being used for this run.                    </p>                                                                                  </div><dl> <dt> <span class="paramLabel">Parameters:</span>   </dt><dd> <code>name</code> - binary name of the type being written or a package name followed by <code>".package-info"</code> for a package information file                     </dd><dd> <code>originatingElements</code> - type or package elements causally associated with the creation of this file, may be elided or <code>null</code>                   </dd> <dt> <span class="returnLabel">Returns:</span>   </dt><dd>a <code>JavaFileObject</code> to write the new class file       </dd> <dt> <span class="throwsLabel">Throws:</span>   </dt><dd> <code><a href="../../../javax/annotation/processing/FilerException.html" title="class in javax.annotation.processing">FilerException</a></code> - if the same pathname has already been created, the same type has already been created, or the name is not valid for a type                          </dd><dd> <code>java.io.IOException</code> - if the file cannot be created        </dd>   </dl></li></ul> <a end_ctx_id="method:createClassFile-java.lang.CharSequence-javax.lang.model.element.Element...-"/>  </td></tr></table></td></tr></table><table border="0" cellpadding="1" cellspacing="0" width="100%"><tr><td><h3 class="ctxid">method:createResource-javax.tools.JavaFileManager.Location-java.lang.CharSequence-java.lang.CharSequence-javax.lang.model.element.Element...- [NONE]</h3></td></tr><tr><td><table border="0" cellpadding="5" cellspacing="1" bgcolor="black" width="100%"><tr valign="top"><td bgcolor="#FFFFFF" colspan="1"> <a start_ctx_id="method:createResource-javax.tools.JavaFileManager.Location-java.lang.CharSequence-java.lang.CharSequence-javax.lang.model.element.Element...-"/><a name="createResource-javax.tools.JavaFileManager.Location-java.lang.CharSequence-java.lang.CharSequence-javax.lang.model.element.Element...-"/><ul class="blockList"><li class="blockList"><h4>createResource</h4><pre>javax.tools.FileObject createResource(javax.tools.JavaFileManager.Location location,
                                      java.lang.CharSequence pkg,
                                      java.lang.CharSequence relativeName,
                                      <a href="../../../javax/lang/model/element/Element.html" title="interface in javax.lang.model.element">Element</a>... originatingElements)
                               throws java.io.IOException</pre><div class="block">Creates a new auxiliary resource file for writing and returns a file object for it. The file may be located along with the newly created source files, newly created binary files, or other supported location. The locations <code>CLASS_OUTPUT</code> and <code>SOURCE_OUTPUT</code> must be supported. The resource may be named relative to some package (as are source and class files), and from there by a relative pathname. In a loose sense, the full pathname of the new file will be the concatenation of <code>location</code>, <code>pkg</code>, and <code>relativeName</code>.<p>Files created via this method are not registered for annotation processing, even if the full pathname of the file would correspond to the full pathname of a new source file or new class file.                                 </p>                                                                                    </div><dl> <dt> <span class="paramLabel">Parameters:</span>   </dt><dd> <code>location</code> - location of the new file       </dd><dd> <code>pkg</code> - package relative to which the file should be named, or the empty string if none                 </dd><dd> <code>relativeName</code> - final pathname components of the file        </dd><dd> <code>originatingElements</code> - type or package elements causally associated with the creation of this file, may be elided or <code>null</code>                   </dd> <dt> <span class="returnLabel">Returns:</span>   </dt><dd>a <code>FileObject</code> to write the new resource      </dd> <dt> <span class="throwsLabel">Throws:</span>   </dt><dd> <code>java.io.IOException</code> - if the file cannot be created        </dd><dd> <code><a href="../../../javax/annotation/processing/FilerException.html" title="class in javax.annotation.processing">FilerException</a></code> - if the same pathname has already been created          </dd><dd> <code>java.lang.IllegalArgumentException</code> - for an unsupported location      </dd><dd> <code>java.lang.IllegalArgumentException</code> - if <code>relativeName</code> is not relative       </dd>   </dl></li></ul> <a end_ctx_id="method:createResource-javax.tools.JavaFileManager.Location-java.lang.CharSequence-java.lang.CharSequence-javax.lang.model.element.Element...-"/>  </td></tr></table></td></tr></table><table border="0" cellpadding="1" cellspacing="0" width="100%"><tr><td><h3 class="ctxid">method:getResource-javax.tools.JavaFileManager.Location-java.lang.CharSequence-java.lang.CharSequence- [NONE]</h3></td></tr><tr><td><table border="0" cellpadding="5" cellspacing="1" bgcolor="black" width="100%"><tr valign="top"><td bgcolor="#FFFFFF" colspan="1"> <a start_ctx_id="method:getResource-javax.tools.JavaFileManager.Location-java.lang.CharSequence-java.lang.CharSequence-"/><a name="getResource-javax.tools.JavaFileManager.Location-java.lang.CharSequence-java.lang.CharSequence-"/><ul class="blockListLast"><li class="blockList"><h4>getResource</h4><pre>javax.tools.FileObject getResource(javax.tools.JavaFileManager.Location location,
                                   java.lang.CharSequence pkg,
                                   java.lang.CharSequence relativeName)
                            throws java.io.IOException</pre><div class="block">Returns an object for reading an existing resource. The locations <code>CLASS_OUTPUT</code> and <code>SOURCE_OUTPUT</code> must be supported.               </div><dl> <dt> <span class="paramLabel">Parameters:</span>   </dt><dd> <code>location</code> - location of the file      </dd><dd> <code>pkg</code> - package relative to which the file should be searched, or the empty string if none                 </dd><dd> <code>relativeName</code> - final pathname components of the file        </dd> <dt> <span class="returnLabel">Returns:</span>   </dt><dd>an object to read the file     </dd> <dt> <span class="throwsLabel">Throws:</span>   </dt><dd> <code><a href="../../../javax/annotation/processing/FilerException.html" title="class in javax.annotation.processing">FilerException</a></code> - if the same pathname has already been opened for writing            </dd><dd> <code>java.io.IOException</code> - if the file cannot be opened        </dd><dd> <code>java.lang.IllegalArgumentException</code> - for an unsupported location      </dd><dd> <code>java.lang.IllegalArgumentException</code> - if <code>relativeName</code> is not relative       </dd>   </dl></li></ul> <a end_ctx_id="method:getResource-javax.tools.JavaFileManager.Location-java.lang.CharSequence-java.lang.CharSequence-"/>  </td></tr></table></td></tr></table></diff></diffreport>