<?xml version="1.0" encoding="UTF-8" standalone="yes"?><Document><name>javax/annotation/processing/Messager.spec</name><Context><name>class:Messager</name><mt>NONE</mt></Context><Context><name>method:printMessage-javax.tools.Diagnostic.Kind-java.lang.CharSequence-</name><mt>NONE</mt></Context><Context><name>method:printMessage-javax.tools.Diagnostic.Kind-java.lang.CharSequence-javax.lang.model.element.Element-</name><mt>NONE</mt></Context><Context><name>method:printMessage-javax.tools.Diagnostic.Kind-java.lang.CharSequence-javax.lang.model.element.Element-javax.lang.model.element.AnnotationMirror-</name><mt>NONE</mt></Context><Context><name>method:printMessage-javax.tools.Diagnostic.Kind-java.lang.CharSequence-javax.lang.model.element.Element-javax.lang.model.element.AnnotationMirror-javax.lang.model.element.AnnotationValue-</name><mt>NONE</mt></Context><Stat><name>javax/annotation/processing/Messager.spec</name><mt>NONE</mt><Group name="context"><Item count="0" name="ADDED"/><Item count="0" name="REMOVED"/><Item count="0" name="CHANGED"/><Item count="0" name="MODIFIED"/><Item count="0" name="MOVED"/><Item count="0" name="MOVED_CHANGED"/><Item count="0" name="JOINT"/><Item count="0" name="SPLIT"/><Item count="5" name="TOTAL"/></Group><Group name="assertion"><Item count="0" name="ADDED"/><Item count="0" name="REMOVED"/><Item count="0" name="CHANGED"/><Item count="0" name="MODIFIED"/><Item count="0" name="MOVED"/><Item count="0" name="MOVED_CHANGED"/><Item count="0" name="JOINT"/><Item count="0" name="SPLIT"/><Item count="0" name="TOTAL"/></Group></Stat></Document>