<?xml version="1.0" encoding="UTF-8" standalone="yes"?><Document><name>javax/annotation/processing/package-summary.spec</name><Context><mt>NONE</mt></Context><Stat><name>javax/annotation/processing/package-summary.spec</name><mt>NONE</mt><Group name="context"><Item count="0" name="ADDED"/><Item count="0" name="REMOVED"/><Item count="0" name="CHANGED"/><Item count="0" name="MODIFIED"/><Item count="0" name="MOVED"/><Item count="0" name="MOVED_CHANGED"/><Item count="0" name="JOINT"/><Item count="0" name="SPLIT"/><Item count="1" name="TOTAL"/></Group><Group name="assertion"><Item count="0" name="ADDED"/><Item count="0" name="REMOVED"/><Item count="0" name="CHANGED"/><Item count="0" name="MODIFIED"/><Item count="0" name="MOVED"/><Item count="0" name="MOVED_CHANGED"/><Item count="0" name="JOINT"/><Item count="0" name="SPLIT"/><Item count="0" name="TOTAL"/></Group><Group name="package_document"><Item count="0" name="ADDED"/><Item count="0" name="REMOVED"/><Item count="5" name="CHANGED"/><Item count="5" name="MODIFIED"/><Item count="0" name="MOVED"/><Item count="0" name="MOVED_CHANGED"/><Item count="0" name="JOINT"/><Item count="0" name="SPLIT"/><Item count="13" name="TOTAL"/></Group><Group name="package_context"><Item count="0" name="ADDED"/><Item count="0" name="REMOVED"/><Item count="7" name="CHANGED"/><Item count="7" name="MODIFIED"/><Item count="0" name="MOVED"/><Item count="0" name="MOVED_CHANGED"/><Item count="0" name="JOINT"/><Item count="0" name="SPLIT"/><Item count="56" name="TOTAL"/></Group><Group name="package_assertion"><Item count="0" name="ADDED"/><Item count="0" name="REMOVED"/><Item count="0" name="CHANGED"/><Item count="0" name="MODIFIED"/><Item count="0" name="MOVED"/><Item count="0" name="MOVED_CHANGED"/><Item count="0" name="JOINT"/><Item count="0" name="SPLIT"/><Item count="0" name="TOTAL"/></Group><Stats><Stat><name>javax/annotation/processing/AbstractProcessor.spec</name><mt>CHANGED</mt><Group name="context"><Item count="0" name="ADDED"/><Item count="0" name="REMOVED"/><Item count="2" name="CHANGED"/><Item count="2" name="MODIFIED"/><Item count="0" name="MOVED"/><Item count="0" name="MOVED_CHANGED"/><Item count="0" name="JOINT"/><Item count="0" name="SPLIT"/><Item count="10" name="TOTAL"/></Group><Group name="assertion"><Item count="0" name="ADDED"/><Item count="0" name="REMOVED"/><Item count="0" name="CHANGED"/><Item count="0" name="MODIFIED"/><Item count="0" name="MOVED"/><Item count="0" name="MOVED_CHANGED"/><Item count="0" name="JOINT"/><Item count="0" name="SPLIT"/><Item count="0" name="TOTAL"/></Group></Stat><Stat><name>javax/annotation/processing/Completion.spec</name><mt>NONE</mt><Group name="context"><Item count="0" name="ADDED"/><Item count="0" name="REMOVED"/><Item count="0" name="CHANGED"/><Item count="0" name="MODIFIED"/><Item count="0" name="MOVED"/><Item count="0" name="MOVED_CHANGED"/><Item count="0" name="JOINT"/><Item count="0" name="SPLIT"/><Item count="3" name="TOTAL"/></Group><Group name="assertion"><Item count="0" name="ADDED"/><Item count="0" name="REMOVED"/><Item count="0" name="CHANGED"/><Item count="0" name="MODIFIED"/><Item count="0" name="MOVED"/><Item count="0" name="MOVED_CHANGED"/><Item count="0" name="JOINT"/><Item count="0" name="SPLIT"/><Item count="0" name="TOTAL"/></Group></Stat><Stat><name>javax/annotation/processing/Completions.spec</name><mt>NONE</mt><Group name="context"><Item count="0" name="ADDED"/><Item count="0" name="REMOVED"/><Item count="0" name="CHANGED"/><Item count="0" name="MODIFIED"/><Item count="0" name="MOVED"/><Item count="0" name="MOVED_CHANGED"/><Item count="0" name="JOINT"/><Item count="0" name="SPLIT"/><Item count="3" name="TOTAL"/></Group><Group name="assertion"><Item count="0" name="ADDED"/><Item count="0" name="REMOVED"/><Item count="0" name="CHANGED"/><Item count="0" name="MODIFIED"/><Item count="0" name="MOVED"/><Item count="0" name="MOVED_CHANGED"/><Item count="0" name="JOINT"/><Item count="0" name="SPLIT"/><Item count="0" name="TOTAL"/></Group></Stat><Stat><name>javax/annotation/processing/Filer.spec</name><mt>NONE</mt><Group name="context"><Item count="0" name="ADDED"/><Item count="0" name="REMOVED"/><Item count="0" name="CHANGED"/><Item count="0" name="MODIFIED"/><Item count="0" name="MOVED"/><Item count="0" name="MOVED_CHANGED"/><Item count="0" name="JOINT"/><Item count="0" name="SPLIT"/><Item count="5" name="TOTAL"/></Group><Group name="assertion"><Item count="0" name="ADDED"/><Item count="0" name="REMOVED"/><Item count="0" name="CHANGED"/><Item count="0" name="MODIFIED"/><Item count="0" name="MOVED"/><Item count="0" name="MOVED_CHANGED"/><Item count="0" name="JOINT"/><Item count="0" name="SPLIT"/><Item count="0" name="TOTAL"/></Group></Stat><Stat><name>javax/annotation/processing/FilerException.spec</name><mt>NONE</mt><Group name="context"><Item count="0" name="ADDED"/><Item count="0" name="REMOVED"/><Item count="0" name="CHANGED"/><Item count="0" name="MODIFIED"/><Item count="0" name="MOVED"/><Item count="0" name="MOVED_CHANGED"/><Item count="0" name="JOINT"/><Item count="0" name="SPLIT"/><Item count="2" name="TOTAL"/></Group><Group name="assertion"><Item count="0" name="ADDED"/><Item count="0" name="REMOVED"/><Item count="0" name="CHANGED"/><Item count="0" name="MODIFIED"/><Item count="0" name="MOVED"/><Item count="0" name="MOVED_CHANGED"/><Item count="0" name="JOINT"/><Item count="0" name="SPLIT"/><Item count="0" name="TOTAL"/></Group></Stat><Stat><name>javax/annotation/processing/Messager.spec</name><mt>NONE</mt><Group name="context"><Item count="0" name="ADDED"/><Item count="0" name="REMOVED"/><Item count="0" name="CHANGED"/><Item count="0" name="MODIFIED"/><Item count="0" name="MOVED"/><Item count="0" name="MOVED_CHANGED"/><Item count="0" name="JOINT"/><Item count="0" name="SPLIT"/><Item count="5" name="TOTAL"/></Group><Group name="assertion"><Item count="0" name="ADDED"/><Item count="0" name="REMOVED"/><Item count="0" name="CHANGED"/><Item count="0" name="MODIFIED"/><Item count="0" name="MOVED"/><Item count="0" name="MOVED_CHANGED"/><Item count="0" name="JOINT"/><Item count="0" name="SPLIT"/><Item count="0" name="TOTAL"/></Group></Stat><Stat><name>javax/annotation/processing/ProcessingEnvironment.spec</name><mt>NONE</mt><Group name="context"><Item count="0" name="ADDED"/><Item count="0" name="REMOVED"/><Item count="0" name="CHANGED"/><Item count="0" name="MODIFIED"/><Item count="0" name="MOVED"/><Item count="0" name="MOVED_CHANGED"/><Item count="0" name="JOINT"/><Item count="0" name="SPLIT"/><Item count="8" name="TOTAL"/></Group><Group name="assertion"><Item count="0" name="ADDED"/><Item count="0" name="REMOVED"/><Item count="0" name="CHANGED"/><Item count="0" name="MODIFIED"/><Item count="0" name="MOVED"/><Item count="0" name="MOVED_CHANGED"/><Item count="0" name="JOINT"/><Item count="0" name="SPLIT"/><Item count="0" name="TOTAL"/></Group></Stat><Stat><name>javax/annotation/processing/Processor.spec</name><mt>CHANGED</mt><Group name="context"><Item count="0" name="ADDED"/><Item count="0" name="REMOVED"/><Item count="2" name="CHANGED"/><Item count="2" name="MODIFIED"/><Item count="0" name="MOVED"/><Item count="0" name="MOVED_CHANGED"/><Item count="0" name="JOINT"/><Item count="0" name="SPLIT"/><Item count="7" name="TOTAL"/></Group><Group name="assertion"><Item count="0" name="ADDED"/><Item count="0" name="REMOVED"/><Item count="0" name="CHANGED"/><Item count="0" name="MODIFIED"/><Item count="0" name="MOVED"/><Item count="0" name="MOVED_CHANGED"/><Item count="0" name="JOINT"/><Item count="0" name="SPLIT"/><Item count="0" name="TOTAL"/></Group></Stat><Stat><name>javax/annotation/processing/RoundEnvironment.spec</name><mt>NONE</mt><Group name="context"><Item count="0" name="ADDED"/><Item count="0" name="REMOVED"/><Item count="0" name="CHANGED"/><Item count="0" name="MODIFIED"/><Item count="0" name="MOVED"/><Item count="0" name="MOVED_CHANGED"/><Item count="0" name="JOINT"/><Item count="0" name="SPLIT"/><Item count="6" name="TOTAL"/></Group><Group name="assertion"><Item count="0" name="ADDED"/><Item count="0" name="REMOVED"/><Item count="0" name="CHANGED"/><Item count="0" name="MODIFIED"/><Item count="0" name="MOVED"/><Item count="0" name="MOVED_CHANGED"/><Item count="0" name="JOINT"/><Item count="0" name="SPLIT"/><Item count="0" name="TOTAL"/></Group></Stat><Stat><name>javax/annotation/processing/SupportedAnnotationTypes.spec</name><mt>CHANGED</mt><Group name="context"><Item count="0" name="ADDED"/><Item count="0" name="REMOVED"/><Item count="1" name="CHANGED"/><Item count="1" name="MODIFIED"/><Item count="0" name="MOVED"/><Item count="0" name="MOVED_CHANGED"/><Item count="0" name="JOINT"/><Item count="0" name="SPLIT"/><Item count="2" name="TOTAL"/></Group><Group name="assertion"><Item count="0" name="ADDED"/><Item count="0" name="REMOVED"/><Item count="0" name="CHANGED"/><Item count="0" name="MODIFIED"/><Item count="0" name="MOVED"/><Item count="0" name="MOVED_CHANGED"/><Item count="0" name="JOINT"/><Item count="0" name="SPLIT"/><Item count="0" name="TOTAL"/></Group></Stat><Stat><name>javax/annotation/processing/SupportedOptions.spec</name><mt>CHANGED</mt><Group name="context"><Item count="0" name="ADDED"/><Item count="0" name="REMOVED"/><Item count="1" name="CHANGED"/><Item count="1" name="MODIFIED"/><Item count="0" name="MOVED"/><Item count="0" name="MOVED_CHANGED"/><Item count="0" name="JOINT"/><Item count="0" name="SPLIT"/><Item count="2" name="TOTAL"/></Group><Group name="assertion"><Item count="0" name="ADDED"/><Item count="0" name="REMOVED"/><Item count="0" name="CHANGED"/><Item count="0" name="MODIFIED"/><Item count="0" name="MOVED"/><Item count="0" name="MOVED_CHANGED"/><Item count="0" name="JOINT"/><Item count="0" name="SPLIT"/><Item count="0" name="TOTAL"/></Group></Stat><Stat><name>javax/annotation/processing/SupportedSourceVersion.spec</name><mt>CHANGED</mt><Group name="context"><Item count="0" name="ADDED"/><Item count="0" name="REMOVED"/><Item count="1" name="CHANGED"/><Item count="1" name="MODIFIED"/><Item count="0" name="MOVED"/><Item count="0" name="MOVED_CHANGED"/><Item count="0" name="JOINT"/><Item count="0" name="SPLIT"/><Item count="2" name="TOTAL"/></Group><Group name="assertion"><Item count="0" name="ADDED"/><Item count="0" name="REMOVED"/><Item count="0" name="CHANGED"/><Item count="0" name="MODIFIED"/><Item count="0" name="MOVED"/><Item count="0" name="MOVED_CHANGED"/><Item count="0" name="JOINT"/><Item count="0" name="SPLIT"/><Item count="0" name="TOTAL"/></Group></Stat></Stats></Stat></Document>