<?xml version="1.0" encoding="UTF-8"?><diffreport><diff><table border="0" cellpadding="1" cellspacing="0" width="100%"><tr><td><h3 class="ctxid">class:Processor [CHANGED]</h3></td></tr><tr><td><table border="0" cellpadding="5" cellspacing="1" bgcolor="black" width="100%"><tr valign="top"><td bgcolor="#EEEEEE" colspan="2"><div class="description"> <a start_ctx_id="class:Processor"/><ul class="blockList"><li class="blockList"><dl> <dt>All Known Implementing Classes:   </dt><dd> <a href="../../../javax/annotation/processing/AbstractProcessor.html" title="class in javax.annotation.processing">AbstractProcessor</a> </dd> </dl> <hr/> <br/><pre>public interface <span class="typeNameLabel">Processor</span></pre><div class="block">The interface for an annotation processor.<p>Annotation processing happens in a sequence of <a href="../../../javax/annotation/processing/RoundEnvironment.html" title="interface in javax.annotation.processing">rounds</a>. On each round, a processor may be asked to <a href="../../../javax/annotation/processing/Processor.html#process-java.util.Set-javax.annotation.processing.RoundEnvironment-">process</a> a subset of the annotations found on the source and class files produced by a prior round. The inputs to the first round of processing are the initial inputs to a run of the tool; these initial inputs can be regarded as the output of a virtual zeroth round of processing. If a processor was asked to process on a given round, it will be asked to process on subsequent rounds, including the last round, even if there are no annotations for it to process. The tool infrastructure may also ask a processor to process files generated implicitly by the tool's operation.                                                                                                                       </p><p> Each implementation of a <code>Processor</code> must provide a public no-argument constructor to be used by tools to instantiate the processor. The tool infrastructure will interact with classes implementing this interface as follows:<ol><li>If an existing <code>Processor</code> object is not being used, to create an instance of a processor the tool calls the no-arg constructor of the processor class.                         </li><li>Next, the tool calls the <a href="../../../javax/annotation/processing/Processor.html#init-javax.annotation.processing.ProcessingEnvironment-"><code>init</code></a> method with an appropriate <code>ProcessingEnvironment</code>.          </li><li>Afterwards, the tool calls <a href="../../../javax/annotation/processing/Processor.html#getSupportedAnnotationTypes--"><code>getSupportedAnnotationTypes</code></a>, <a href="../../../javax/annotation/processing/Processor.html#getSupportedOptions--"><code>getSupportedOptions</code></a>, and <a href="../../../javax/annotation/processing/Processor.html#getSupportedSourceVersion--"><code>getSupportedSourceVersion</code></a>. These methods are only called once per run, not on each round.                   </li><li>As appropriate, the tool calls the <a href="../../../javax/annotation/processing/Processor.html#process-java.util.Set-javax.annotation.processing.RoundEnvironment-"><code>process</code></a> method on the <code>Processor</code> object; a new <code>Processor</code> object is <em>not</em> created for each round.                     </li></ol> If a processor object is created and used without the above protocol being followed, then the processor's behavior is not defined by this interface specification.                                                         </p><p> The tool uses a <i>discovery process </i> to find annotation processors and decide whether or not they should be run. By configuring the tool, the set of potential processors can be controlled. For example, for a <code>JavaCompiler</code> the list of candidate processors to run can be set directly or controlled by a search path used for a service-style lookup. Other tool implementations may have different configuration mechanisms, such as command line options; for details, refer to the particular tool's documentation. Which processors the tool asks to <a href="../../../javax/annotation/processing/Processor.html#process-java.util.Set-javax.annotation.processing.RoundEnvironment-">run</a> is a function of <span class="diff-html-removed">what</span><span class="diff-html-added">the</span> <span class="diff-html-added">types</span> <span class="diff-html-added">of</span> <span class="diff-html-added">the</span> annotations <em><a href="../../../javax/lang/model/AnnotatedConstruct.html" title="interface in javax.lang.model"> <span class="diff-html-removed">are</span>present </a></em> on the <a href="../../../javax/annotation/processing/RoundEnvironment.html#getRootElements--">root elements </a>, what <a href="../../../javax/annotation/processing/Processor.html#getSupportedAnnotationTypes--">annotation types a processor <span class="diff-html-removed">processes</span><span class="diff-html-added">supports</span>    </a>, and whether or not a processor <a href="../../../javax/annotation/processing/Processor.html#process-java.util.Set-javax.annotation.processing.RoundEnvironment-">claims the <span class="diff-html-removed">annotations</span><span class="diff-html-added">annotation</span> <span class="diff-html-added">types</span> it processes     </a>. A processor will be asked to process a subset of the annotation types it supports, possibly an empty set. For a given round, the tool computes the set of annotation types <span class="diff-html-added">that</span> <span class="diff-html-added">are</span> <span class="diff-html-added">present</span> on <span class="diff-html-added">the</span> <span class="diff-html-added">elements</span> <span class="diff-html-added">enclosed</span> <span class="diff-html-added">within</span> the root elements. If there is at least one annotation type present, <span class="diff-html-added">then</span> as processors claim annotation types, they are removed from the set of unmatched <span class="diff-html-removed">annotations</span><span class="diff-html-added">annotation</span> <span class="diff-html-added">types</span>. When the set is empty or no more processors are available, the round has run to completion. If there are no annotation types present, annotation processing still occurs but only <i>universal processors </i> which support processing <span class="diff-html-added">all</span> <span class="diff-html-added">annotation</span> <span class="diff-html-added">types,</span> <code>"*"</code><span class="diff-html-added">,</span> can claim the (empty) <span class="diff-html-added">set</span> <span class="diff-html-added">of</span> <span class="diff-html-added">annotation</span> <span class="diff-html-added">types.</span>                                                                                                                                                                                                                            </p><p><span class="diff-html-added">An</span> <span class="diff-html-added">annotation</span> <span class="diff-html-added">type</span> <span class="diff-html-added">is</span> <span class="diff-html-added">considered</span> <span class="diff-html-added">present</span> <span class="diff-html-added">if</span> <span class="diff-html-added">there</span> <span class="diff-html-added">is</span> <span class="diff-html-added">at</span> <span class="diff-html-added">least</span> <span class="diff-html-added">one</span> <span class="diff-html-added">annotation</span> <span class="diff-html-added">of</span> <span class="diff-html-added">that</span> <span class="diff-html-added">type</span> <span class="diff-html-added">present</span> <span class="diff-html-added">on</span> <span class="diff-html-added">an</span> <span class="diff-html-added">element</span> <span class="diff-html-added">enclosed</span> <span class="diff-html-added">within</span> <span class="diff-html-added">the</span> <span class="diff-html-added">root</span> <span class="diff-html-added">elements</span> <span class="diff-html-added">of</span> <span class="diff-html-added">a</span> <span class="diff-html-added">round.</span> <span class="diff-html-added">For</span> <span class="diff-html-added">this</span> <span class="diff-html-added">purpose,</span> <span class="diff-html-added">a</span> <span class="diff-html-added">type</span> <span class="diff-html-added">parameter</span> <span class="diff-html-added">is</span> <span class="diff-html-added">considered</span> <span class="diff-html-added">to</span> <span class="diff-html-added">be</span> <span class="diff-html-added">enclosed</span> <span class="diff-html-added">by</span> <span class="diff-html-added">its</span> <a href="../../../javax/lang/model/element/TypeParameterElement.html#getGenericElement--"><span class="diff-html-added">generic</span> <span class="diff-html-added">element</span> </a><span class="diff-html-added">.</span> <span class="diff-html-added">Annotations</span> <span class="diff-html-added">on</span> <span class="diff-html-added">type</span> <span class="diff-html-added">uses,</span> <span class="diff-html-added">as</span> <span class="diff-html-added">opposed</span> <span class="diff-html-added">to</span> <span class="diff-html-added">annotations</span> <span class="diff-html-added">on</span> <span class="diff-html-added">elements,</span> <span class="diff-html-added">are</span> <span class="diff-html-added">ignored</span> <span class="diff-html-added">when</span> <span class="diff-html-added">computing</span> <span class="diff-html-added">whether</span> <span class="diff-html-added">or</span> <span class="diff-html-added">not</span> <span class="diff-html-added">an</span> <span class="diff-html-added">annotation</span> <span class="diff-html-added">type</span> <span class="diff-html-added">is</span> <span class="diff-html-added">present.</span>                                                               </p><p><span class="diff-html-added">An</span> <span class="diff-html-added">annotation</span> <span class="diff-html-added">is</span> <span class="diff-html-added">present</span> <span class="diff-html-added">if</span> <span class="diff-html-added">it</span> <span class="diff-html-added">meets</span> <span class="diff-html-added">the</span> <span class="diff-html-added">definition</span> <span class="diff-html-added">of</span> <span class="diff-html-added">being</span> <span class="diff-html-added">present</span> <span class="diff-html-added">given</span> <span class="diff-html-added">in</span> <a href="../../../javax/lang/model/AnnotatedConstruct.html" title="interface in javax.lang.model"><code><span class="diff-html-added">AnnotatedConstruct</span></code></a><span class="diff-html-added">.</span> <span class="diff-html-added">In</span> <span class="diff-html-added">brief,</span> <span class="diff-html-added">an</span> <span class="diff-html-added">annotation</span> <span class="diff-html-added">is</span> <span class="diff-html-added">considered</span> <span class="diff-html-added">present</span> <span class="diff-html-added">for</span> <span class="diff-html-added">the</span> <span class="diff-html-added">purposes</span> <span class="diff-html-added">of</span> <span class="diff-html-added">discovery</span> <span class="diff-html-added">if</span> <span class="diff-html-added">it</span> <span class="diff-html-added">is</span> <span class="diff-html-added">directly</span> <span class="diff-html-added">present</span> <span class="diff-html-added">or</span> <span class="diff-html-added">present</span> <span class="diff-html-added">via</span> <span class="diff-html-added">inheritance.</span> <span class="diff-html-added">An</span> <span class="diff-html-added">annotation</span> <span class="diff-html-added">is</span> <em><span class="diff-html-added">not</span></em> <span class="diff-html-added">considered</span> <span class="diff-html-added">present</span> <span class="diff-html-added">by</span> <span class="diff-html-added">virtue</span> <span class="diff-html-added">of</span> <span class="diff-html-added">being</span> <span class="diff-html-added">wrapped</span> <span class="diff-html-added">by</span> <span class="diff-html-added">a</span> <span class="diff-html-added">container</span> <span class="diff-html-added">annotation.</span> <span class="diff-html-added">Operationally,</span> <span class="diff-html-added">this</span> <span class="diff-html-added">is</span> <span class="diff-html-added">equivalent</span> <span class="diff-html-added">to</span> <span class="diff-html-added">an</span> <span class="diff-html-added">annotation</span> <span class="diff-html-added">being</span> <span class="diff-html-added">present</span> <span class="diff-html-added">on</span> <span class="diff-html-added">an</span> <span class="diff-html-added">element</span> <span class="diff-html-added">if</span> <span class="diff-html-added">and</span> <span class="diff-html-added">only</span> <span class="diff-html-added">if</span> <span class="diff-html-added">it</span> <span class="diff-html-added">would</span> <span class="diff-html-added">be</span> <span class="diff-html-added">included</span> <span class="diff-html-added">in</span> <span class="diff-html-added">the</span> <span class="diff-html-added">results</span> <span class="diff-html-added">of</span> <a href="../../../javax/lang/model/util/Elements.html#getAllAnnotationMirrors-javax.lang.model.element.Element-"><code><span class="diff-html-added">Elements.getAllAnnotationMirrors(Element)</span></code></a> <span class="diff-html-added">called</span> <span class="diff-html-added">on</span> <span class="diff-html-added">that</span> <span class="diff-html-added">element.</span> <span class="diff-html-added">Since</span> <span class="diff-html-added">annotations</span> <span class="diff-html-added">inside</span> <span class="diff-html-added">container</span> <span class="diff-html-added">annotations</span> <span class="diff-html-added">are</span> <span class="diff-html-added">not</span> <span class="diff-html-added">considered</span> <span class="diff-html-added">present,</span> <span class="diff-html-added">to</span> <span class="diff-html-added">properly</span> <span class="diff-html-added">process</span> <span class="diff-html-added">repeatable</span> <span class="diff-html-added">annotation</span> <span class="diff-html-added">types,</span> <span class="diff-html-added">processors</span> <span class="diff-html-added">are</span> <span class="diff-html-added">advised</span> <span class="diff-html-added">to</span> <span class="diff-html-added">include</span> <span class="diff-html-added">both</span> <span class="diff-html-added">the</span> <span class="diff-html-added">repeatable</span> <span class="diff-html-added">annotation</span> <span class="diff-html-added">type</span> <span class="diff-html-added">and</span> <span class="diff-html-added">its</span> <span class="diff-html-added">containing</span> <span class="diff-html-added">annotation</span> <span class="diff-html-added">type</span> <span class="diff-html-added">in</span> <span class="diff-html-added">the</span> set of <a href="../../../javax/annotation/processing/Processor.html#getSupportedAnnotationTypes--"><span class="diff-html-added">supported</span> annotation types  </a> <span class="diff-html-added">of</span> <span class="diff-html-added">a</span> <span class="diff-html-added">processor</span>.                                                                                                                     </p><p>Note that if a processor supports <code>"*"</code> and returns <code>true</code>, all annotations are claimed. Therefore, a universal processor being used to, for example, implement additional validity checks should return <code>false</code> so as to not prevent other such checkers from being able to run.                                          </p><p>If a processor throws an uncaught exception, the tool may cease other active annotation processors. If a processor raises an error, the current round will run to completion and the subsequent round will indicate an <a href="../../../javax/annotation/processing/RoundEnvironment.html#errorRaised--">error was raised  </a>. Since annotation processors are run in a cooperative environment, a processor should throw an uncaught exception only in situations where no error recovery or reporting is feasible.                                                              </p><p>The tool environment is not required to support annotation processors that access environmental resources, either <a href="../../../javax/annotation/processing/RoundEnvironment.html" title="interface in javax.annotation.processing">per round </a> or <a href="../../../javax/annotation/processing/ProcessingEnvironment.html" title="interface in javax.annotation.processing">cross-round</a>, in a multi-threaded fashion.                     </p><p>If the methods that return configuration information about the annotation processor return <code>null</code>, return other invalid input, or throw an exception, the tool infrastructure must treat this as an error condition.                              </p><p>To be robust when running in different tool implementations, an annotation processor should have the following properties:<ol><li>The result of processing a given input is not a function of the presence or absence of other inputs (orthogonality).                   </li><li>Processing the same input produces the same output (consistency).        </li><li>Processing input <i>A</i> followed by processing input <i>B</i> is equivalent to processing <i>B</i> then <i>A</i> (commutativity)               </li><li>Processing an input does not rely on the presence of the output of other annotation processors (independence)                </li></ol>                </p><p>The <a href="../../../javax/annotation/processing/Filer.html" title="interface in javax.annotation.processing"><code>Filer</code></a> interface discusses restrictions on how processors can operate on files.           </p><p>Note that implementors of this interface may find it convenient to extend <a href="../../../javax/annotation/processing/AbstractProcessor.html" title="class in javax.annotation.processing"><code>AbstractProcessor</code></a> rather than implementing this interface directly.                  </p>     </div><dl> <dt> <span class="simpleTagLabel">Since:</span>   </dt><dd>1.6</dd> </dl>  </li></ul> </div> <a end_ctx_id="class:Processor"/> </td></tr><tr valign="top"><td bgcolor="#CCCCCC" colspan="1"><div class="description"> <a start_ctx_id="class:Processor"/><ul class="blockList"><li class="blockList"><dl> <dt>All Known Implementing Classes:   </dt><dd> <a href="../../../javax/annotation/processing/AbstractProcessor.html" title="class in javax.annotation.processing">AbstractProcessor</a> </dd> </dl> <hr/> <br/><pre>public interface <span class="typeNameLabel">Processor</span></pre><div class="block">The interface for an annotation processor.<p>Annotation processing happens in a sequence of <a href="../../../javax/annotation/processing/RoundEnvironment.html" title="interface in javax.annotation.processing">rounds</a>. On each round, a processor may be asked to <a href="../../../javax/annotation/processing/Processor.html#process-java.util.Set-javax.annotation.processing.RoundEnvironment-">process</a> a subset of the annotations found on the source and class files produced by a prior round. The inputs to the first round of processing are the initial inputs to a run of the tool; these initial inputs can be regarded as the output of a virtual zeroth round of processing. If a processor was asked to process on a given round, it will be asked to process on subsequent rounds, including the last round, even if there are no annotations for it to process. The tool infrastructure may also ask a processor to process files generated implicitly by the tool's operation.                                                                                                                       </p><p> Each implementation of a <code>Processor</code> must provide a public no-argument constructor to be used by tools to instantiate the processor. The tool infrastructure will interact with classes implementing this interface as follows:<ol><li>If an existing <code>Processor</code> object is not being used, to create an instance of a processor the tool calls the no-arg constructor of the processor class.                         </li><li>Next, the tool calls the <a href="../../../javax/annotation/processing/Processor.html#init-javax.annotation.processing.ProcessingEnvironment-"><code>init</code></a> method with an appropriate <code>ProcessingEnvironment</code>.          </li><li>Afterwards, the tool calls <a href="../../../javax/annotation/processing/Processor.html#getSupportedAnnotationTypes--"><code>getSupportedAnnotationTypes</code></a>, <a href="../../../javax/annotation/processing/Processor.html#getSupportedOptions--"><code>getSupportedOptions</code></a>, and <a href="../../../javax/annotation/processing/Processor.html#getSupportedSourceVersion--"><code>getSupportedSourceVersion</code></a>. These methods are only called once per run, not on each round.                   </li><li>As appropriate, the tool calls the <a href="../../../javax/annotation/processing/Processor.html#process-java.util.Set-javax.annotation.processing.RoundEnvironment-"><code>process</code></a> method on the <code>Processor</code> object; a new <code>Processor</code> object is <em>not</em> created for each round.                     </li></ol> If a processor object is created and used without the above protocol being followed, then the processor's behavior is not defined by this interface specification.                                                         </p><p> The tool uses a <i>discovery process </i> to find annotation processors and decide whether or not they should be run. By configuring the tool, the set of potential processors can be controlled. For example, for a <code>JavaCompiler</code> the list of candidate processors to run can be set directly or controlled by a search path used for a service-style lookup. Other tool implementations may have different configuration mechanisms, such as command line options; for details, refer to the particular tool's documentation. Which processors the tool asks to <a href="../../../javax/annotation/processing/Processor.html#process-java.util.Set-javax.annotation.processing.RoundEnvironment-">run</a> is a function of what annotations are present on the <a href="../../../javax/annotation/processing/RoundEnvironment.html#getRootElements--">root elements </a>, what <a href="../../../javax/annotation/processing/Processor.html#getSupportedAnnotationTypes--">annotation types a processor processes    </a>, and whether or not a processor <a href="../../../javax/annotation/processing/Processor.html#process-java.util.Set-javax.annotation.processing.RoundEnvironment-">claims the annotations it processes    </a>. A processor will be asked to process a subset of the annotation types it supports, possibly an empty set. For a given round, the tool computes the set of annotation types on the root elements. If there is at least one annotation type present, as processors claim annotation types, they are removed from the set of unmatched annotations. When the set is empty or no more processors are available, the round has run to completion. If there are no annotation types present, annotation processing still occurs but only <i>universal processors </i> which support processing <code>"*"</code> can claim the (empty) set of annotation types.                                                                                                                                                                                                              </p><p>Note that if a processor supports <code>"*"</code> and returns <code>true</code>, all annotations are claimed. Therefore, a universal processor being used to, for example, implement additional validity checks should return <code>false</code> so as to not prevent other such checkers from being able to run.                                          </p><p>If a processor throws an uncaught exception, the tool may cease other active annotation processors. If a processor raises an error, the current round will run to completion and the subsequent round will indicate an <a href="../../../javax/annotation/processing/RoundEnvironment.html#errorRaised--">error was raised  </a>. Since annotation processors are run in a cooperative environment, a processor should throw an uncaught exception only in situations where no error recovery or reporting is feasible.                                                              </p><p>The tool environment is not required to support annotation processors that access environmental resources, either <a href="../../../javax/annotation/processing/RoundEnvironment.html" title="interface in javax.annotation.processing">per round </a> or <a href="../../../javax/annotation/processing/ProcessingEnvironment.html" title="interface in javax.annotation.processing">cross-round</a>, in a multi-threaded fashion.                     </p><p>If the methods that return configuration information about the annotation processor return <code>null</code>, return other invalid input, or throw an exception, the tool infrastructure must treat this as an error condition.                              </p><p>To be robust when running in different tool implementations, an annotation processor should have the following properties:<ol><li>The result of processing a given input is not a function of the presence or absence of other inputs (orthogonality).                   </li><li>Processing the same input produces the same output (consistency).        </li><li>Processing input <i>A</i> followed by processing input <i>B</i> is equivalent to processing <i>B</i> then <i>A</i> (commutativity)               </li><li>Processing an input does not rely on the presence of the output of other annotation processors (independence)                </li></ol>                </p><p>The <a href="../../../javax/annotation/processing/Filer.html" title="interface in javax.annotation.processing"><code>Filer</code></a> interface discusses restrictions on how processors can operate on files.           </p><p>Note that implementors of this interface may find it convenient to extend <a href="../../../javax/annotation/processing/AbstractProcessor.html" title="class in javax.annotation.processing"><code>AbstractProcessor</code></a> rather than implementing this interface directly.                  </p>     </div><dl> <dt> <span class="simpleTagLabel">Since:</span>   </dt><dd>1.6</dd> </dl>  </li></ul> </div> <a end_ctx_id="class:Processor"/> </td><td bgcolor="#FFFFFF" colspan="1"><div class="description"> <a start_ctx_id="class:Processor"/><ul class="blockList"><li class="blockList"><dl> <dt>All Known Implementing Classes:   </dt><dd> <a href="../../../javax/annotation/processing/AbstractProcessor.html" title="class in javax.annotation.processing">AbstractProcessor</a> </dd> </dl> <hr/> <br/><pre>public interface <span class="typeNameLabel">Processor</span></pre><div class="block">The interface for an annotation processor.<p>Annotation processing happens in a sequence of <a href="../../../javax/annotation/processing/RoundEnvironment.html" title="interface in javax.annotation.processing">rounds</a>. On each round, a processor may be asked to <a href="../../../javax/annotation/processing/Processor.html#process-java.util.Set-javax.annotation.processing.RoundEnvironment-">process</a> a subset of the annotations found on the source and class files produced by a prior round. The inputs to the first round of processing are the initial inputs to a run of the tool; these initial inputs can be regarded as the output of a virtual zeroth round of processing. If a processor was asked to process on a given round, it will be asked to process on subsequent rounds, including the last round, even if there are no annotations for it to process. The tool infrastructure may also ask a processor to process files generated implicitly by the tool's operation.                                                                                                                       </p><p> Each implementation of a <code>Processor</code> must provide a public no-argument constructor to be used by tools to instantiate the processor. The tool infrastructure will interact with classes implementing this interface as follows:<ol><li>If an existing <code>Processor</code> object is not being used, to create an instance of a processor the tool calls the no-arg constructor of the processor class.                         </li><li>Next, the tool calls the <a href="../../../javax/annotation/processing/Processor.html#init-javax.annotation.processing.ProcessingEnvironment-"><code>init</code></a> method with an appropriate <code>ProcessingEnvironment</code>.          </li><li>Afterwards, the tool calls <a href="../../../javax/annotation/processing/Processor.html#getSupportedAnnotationTypes--"><code>getSupportedAnnotationTypes</code></a>, <a href="../../../javax/annotation/processing/Processor.html#getSupportedOptions--"><code>getSupportedOptions</code></a>, and <a href="../../../javax/annotation/processing/Processor.html#getSupportedSourceVersion--"><code>getSupportedSourceVersion</code></a>. These methods are only called once per run, not on each round.                   </li><li>As appropriate, the tool calls the <a href="../../../javax/annotation/processing/Processor.html#process-java.util.Set-javax.annotation.processing.RoundEnvironment-"><code>process</code></a> method on the <code>Processor</code> object; a new <code>Processor</code> object is <em>not</em> created for each round.                     </li></ol> If a processor object is created and used without the above protocol being followed, then the processor's behavior is not defined by this interface specification.                                                         </p><p> The tool uses a <i>discovery process </i> to find annotation processors and decide whether or not they should be run. By configuring the tool, the set of potential processors can be controlled. For example, for a <code>JavaCompiler</code> the list of candidate processors to run can be set directly or controlled by a search path used for a service-style lookup. Other tool implementations may have different configuration mechanisms, such as command line options; for details, refer to the particular tool's documentation. Which processors the tool asks to <a href="../../../javax/annotation/processing/Processor.html#process-java.util.Set-javax.annotation.processing.RoundEnvironment-">run</a> is a function of the types of the annotations <em><a href="../../../javax/lang/model/AnnotatedConstruct.html" title="interface in javax.lang.model">present</a></em> on the <a href="../../../javax/annotation/processing/RoundEnvironment.html#getRootElements--">root elements </a>, what <a href="../../../javax/annotation/processing/Processor.html#getSupportedAnnotationTypes--">annotation types a processor supports    </a>, and whether or not a processor <a href="../../../javax/annotation/processing/Processor.html#process-java.util.Set-javax.annotation.processing.RoundEnvironment-">claims the annotation types it processes     </a>. A processor will be asked to process a subset of the annotation types it supports, possibly an empty set. For a given round, the tool computes the set of annotation types that are present on the elements enclosed within the root elements. If there is at least one annotation type present, then as processors claim annotation types, they are removed from the set of unmatched annotation types. When the set is empty or no more processors are available, the round has run to completion. If there are no annotation types present, annotation processing still occurs but only <i>universal processors </i> which support processing all annotation types, <code>"*"</code>, can claim the (empty) set of annotation types.                                                                                                                                                                                                                            </p><p>An annotation type is considered present if there is at least one annotation of that type present on an element enclosed within the root elements of a round. For this purpose, a type parameter is considered to be enclosed by its <a href="../../../javax/lang/model/element/TypeParameterElement.html#getGenericElement--">generic element </a>. Annotations on type uses, as opposed to annotations on elements, are ignored when computing whether or not an annotation type is present.                                                               </p><p>An annotation is present if it meets the definition of being present given in <a href="../../../javax/lang/model/AnnotatedConstruct.html" title="interface in javax.lang.model"><code>AnnotatedConstruct</code></a>. In brief, an annotation is considered present for the purposes of discovery if it is directly present or present via inheritance. An annotation is <em>not</em> considered present by virtue of being wrapped by a container annotation. Operationally, this is equivalent to an annotation being present on an element if and only if it would be included in the results of <a href="../../../javax/lang/model/util/Elements.html#getAllAnnotationMirrors-javax.lang.model.element.Element-"><code>Elements.getAllAnnotationMirrors(Element)</code></a> called on that element. Since annotations inside container annotations are not considered present, to properly process repeatable annotation types, processors are advised to include both the repeatable annotation type and its containing annotation type in the set of <a href="../../../javax/annotation/processing/Processor.html#getSupportedAnnotationTypes--">supported annotation types  </a> of a processor.                                                                                                                     </p><p>Note that if a processor supports <code>"*"</code> and returns <code>true</code>, all annotations are claimed. Therefore, a universal processor being used to, for example, implement additional validity checks should return <code>false</code> so as to not prevent other such checkers from being able to run.                                          </p><p>If a processor throws an uncaught exception, the tool may cease other active annotation processors. If a processor raises an error, the current round will run to completion and the subsequent round will indicate an <a href="../../../javax/annotation/processing/RoundEnvironment.html#errorRaised--">error was raised  </a>. Since annotation processors are run in a cooperative environment, a processor should throw an uncaught exception only in situations where no error recovery or reporting is feasible.                                                              </p><p>The tool environment is not required to support annotation processors that access environmental resources, either <a href="../../../javax/annotation/processing/RoundEnvironment.html" title="interface in javax.annotation.processing">per round </a> or <a href="../../../javax/annotation/processing/ProcessingEnvironment.html" title="interface in javax.annotation.processing">cross-round</a>, in a multi-threaded fashion.                     </p><p>If the methods that return configuration information about the annotation processor return <code>null</code>, return other invalid input, or throw an exception, the tool infrastructure must treat this as an error condition.                              </p><p>To be robust when running in different tool implementations, an annotation processor should have the following properties:<ol><li>The result of processing a given input is not a function of the presence or absence of other inputs (orthogonality).                   </li><li>Processing the same input produces the same output (consistency).        </li><li>Processing input <i>A</i> followed by processing input <i>B</i> is equivalent to processing <i>B</i> then <i>A</i> (commutativity)               </li><li>Processing an input does not rely on the presence of the output of other annotation processors (independence)                </li></ol>                </p><p>The <a href="../../../javax/annotation/processing/Filer.html" title="interface in javax.annotation.processing"><code>Filer</code></a> interface discusses restrictions on how processors can operate on files.           </p><p>Note that implementors of this interface may find it convenient to extend <a href="../../../javax/annotation/processing/AbstractProcessor.html" title="class in javax.annotation.processing"><code>AbstractProcessor</code></a> rather than implementing this interface directly.                  </p>     </div><dl> <dt> <span class="simpleTagLabel">Since:</span>   </dt><dd>1.6</dd> </dl>  </li></ul> </div> <a end_ctx_id="class:Processor"/> </td></tr></table></td></tr></table><table border="0" cellpadding="1" cellspacing="0" width="100%"><tr><td><h3 class="ctxid">method:getSupportedOptions-- [NONE]</h3></td></tr><tr><td><table border="0" cellpadding="5" cellspacing="1" bgcolor="black" width="100%"><tr valign="top"><td bgcolor="#FFFFFF" colspan="1"> <a start_ctx_id="method:getSupportedOptions--"/><a name="getSupportedOptions--"/><ul class="blockList"><li class="blockList"><h4>getSupportedOptions</h4><pre>java.util.Set&lt;java.lang.String&gt; getSupportedOptions()</pre><div class="block">Returns the options recognized by this processor. An implementation of the processing tool must provide a way to pass processor-specific options distinctly from options passed to the tool itself, see <a href="../../../javax/annotation/processing/ProcessingEnvironment.html#getOptions--"><code>getOptions</code></a>.<p>Each string returned in the set must be a period separated sequence of <a href="../../../javax/lang/model/SourceVersion.html#isIdentifier-java.lang.CharSequence-">identifiers</a>:             </p><blockquote><dl> <dt> <i>SupportedOptionString:</i>   </dt><dd> <i>Identifiers</i> </dd> <dt> <i>Identifiers:</i>   </dt><dd> <i>Identifier</i> </dd><dd> <i>Identifier</i><code>.</code><i>Identifiers</i> </dd> <dt> <i>Identifier:</i>   </dt><dd>Syntactic identifier, including keywords and literals     </dd>   </dl></blockquote><p> A tool might use this information to determine if any options provided by a user are unrecognized by any processor, in which case it may wish to report a warning.                              </p>                              </div><dl> <dt> <span class="returnLabel">Returns:</span>   </dt><dd>the options recognized by this processor or an empty collection if none           </dd> <dt> <span class="seeLabel">See Also: </span>   </dt><dd> <a href="../../../javax/annotation/processing/SupportedOptions.html" title="annotation in javax.annotation.processing"><code>SupportedOptions</code></a> </dd>  </dl></li></ul> <a end_ctx_id="method:getSupportedOptions--"/>  </td></tr></table></td></tr></table><table border="0" cellpadding="1" cellspacing="0" width="100%"><tr><td><h3 class="ctxid">method:getSupportedAnnotationTypes-- [NONE]</h3></td></tr><tr><td><table border="0" cellpadding="5" cellspacing="1" bgcolor="black" width="100%"><tr valign="top"><td bgcolor="#FFFFFF" colspan="1"> <a start_ctx_id="method:getSupportedAnnotationTypes--"/><a name="getSupportedAnnotationTypes--"/><ul class="blockList"><li class="blockList"><h4>getSupportedAnnotationTypes</h4><pre>java.util.Set&lt;java.lang.String&gt; getSupportedAnnotationTypes()</pre><div class="block">Returns the names of the annotation types supported by this processor. An element of the result may be the canonical (fully qualified) name of a supported annotation type. Alternately it may be of the form "<tt><i>name</i>.*</tt>" representing the set of all annotation types with canonical names beginning with "<tt><i>name.</i></tt>". Finally, <code>"*"</code> by itself represents the set of all annotation types, including the empty set. Note that a processor should not claim <code>"*"</code> unless it is actually processing all files; claiming unnecessary annotations may cause a performance slowdown in some environments.<p>Each string returned in the set must be accepted by the following grammar:            </p><blockquote><dl> <dt> <i>SupportedAnnotationTypeString:</i>   </dt><dd> <i>TypeName</i><i>DotStar</i><sub><i>opt</i></sub> </dd><dd> <tt>*</tt> </dd> <dt> <i>DotStar:</i>   </dt><dd> <tt>.</tt><tt>*</tt> </dd>  </dl></blockquote> where <i>TypeName</i> is as defined in <cite>The Java™ Language Specification   </cite>.                                                                                                </div><dl> <dt> <span class="returnLabel">Returns:</span>   </dt><dd>the names of the annotation types supported by this processor         </dd> <dt> <span class="seeLabel">See Also: </span>   </dt><dd> <a href="../../../javax/annotation/processing/SupportedAnnotationTypes.html" title="annotation in javax.annotation.processing"><code>SupportedAnnotationTypes</code></a> </dd> <dt> <span class="simpleTagLabel">See <cite>The Java™ Language Specification   </cite>: </span>   </dt><dd>3.8 Identifiers, 6.5.5 Meaning of Type Names      </dd>   </dl></li></ul> <a end_ctx_id="method:getSupportedAnnotationTypes--"/>  </td></tr></table></td></tr></table><table border="0" cellpadding="1" cellspacing="0" width="100%"><tr><td><h3 class="ctxid">method:getSupportedSourceVersion-- [NONE]</h3></td></tr><tr><td><table border="0" cellpadding="5" cellspacing="1" bgcolor="black" width="100%"><tr valign="top"><td bgcolor="#FFFFFF" colspan="1"> <a start_ctx_id="method:getSupportedSourceVersion--"/><a name="getSupportedSourceVersion--"/><ul class="blockList"><li class="blockList"><h4>getSupportedSourceVersion</h4><pre><a href="../../../javax/lang/model/SourceVersion.html" title="enum in javax.lang.model">SourceVersion</a> getSupportedSourceVersion()</pre><div class="block">Returns the latest source version supported by this annotation processor.         </div><dl> <dt> <span class="returnLabel">Returns:</span>   </dt><dd>the latest source version supported by this annotation processor.        </dd> <dt> <span class="seeLabel">See Also: </span>   </dt><dd> <a href="../../../javax/annotation/processing/SupportedSourceVersion.html" title="annotation in javax.annotation.processing"><code>SupportedSourceVersion</code></a>, <a href="../../../javax/annotation/processing/ProcessingEnvironment.html#getSourceVersion--"><code>ProcessingEnvironment.getSourceVersion()</code></a>  </dd>  </dl></li></ul> <a end_ctx_id="method:getSupportedSourceVersion--"/>  </td></tr></table></td></tr></table><table border="0" cellpadding="1" cellspacing="0" width="100%"><tr><td><h3 class="ctxid">method:init-javax.annotation.processing.ProcessingEnvironment- [NONE]</h3></td></tr><tr><td><table border="0" cellpadding="5" cellspacing="1" bgcolor="black" width="100%"><tr valign="top"><td bgcolor="#FFFFFF" colspan="1"> <a start_ctx_id="method:init-javax.annotation.processing.ProcessingEnvironment-"/><a name="init-javax.annotation.processing.ProcessingEnvironment-"/><ul class="blockList"><li class="blockList"><h4>init</h4><pre>void init(<a href="../../../javax/annotation/processing/ProcessingEnvironment.html" title="interface in javax.annotation.processing">ProcessingEnvironment</a> processingEnv)</pre><div class="block">Initializes the processor with the processing environment.      </div><dl> <dt> <span class="paramLabel">Parameters:</span>   </dt><dd> <code>processingEnv</code> - environment for facilities the tool framework provides to the processor            </dd> </dl></li></ul> <a end_ctx_id="method:init-javax.annotation.processing.ProcessingEnvironment-"/>  </td></tr></table></td></tr></table><table border="0" cellpadding="1" cellspacing="0" width="100%"><tr><td><h3 class="ctxid">method:process-java.util.Set-javax.annotation.processing.RoundEnvironment- [CHANGED]</h3></td></tr><tr><td><table border="0" cellpadding="5" cellspacing="1" bgcolor="black" width="100%"><tr valign="top"><td bgcolor="#EEEEEE" colspan="2"> <a start_ctx_id="method:process-java.util.Set-javax.annotation.processing.RoundEnvironment-"/><a name="process-java.util.Set-javax.annotation.processing.RoundEnvironment-"/><ul class="blockList"><li class="blockList"><h4>process</h4><pre>boolean process(java.util.Set&lt;? extends <a href="../../../javax/lang/model/element/TypeElement.html" title="interface in javax.lang.model.element">TypeElement</a>&gt; annotations,
                <a href="../../../javax/annotation/processing/RoundEnvironment.html" title="interface in javax.annotation.processing">RoundEnvironment</a> roundEnv)</pre><div class="block">Processes a set of annotation types on type elements originating from the prior round and returns whether or not these <span class="diff-html-removed">annotations</span><span class="diff-html-added">annotation</span> <span class="diff-html-added">types</span> are claimed by this processor. If <code>true</code> is returned, the <span class="diff-html-removed">annotations</span><span class="diff-html-added">annotation</span> <span class="diff-html-added">types</span> are claimed and subsequent processors will not be asked to process them; if <code>false</code> is returned, the <span class="diff-html-removed">annotations</span><span class="diff-html-added">annotation</span> <span class="diff-html-added">types</span> are unclaimed and subsequent processors may be asked to process them. A processor may always return the same boolean value or may vary the result based on chosen criteria.<p>The input set will be empty if the processor supports <code>"*"</code> and the root elements have no annotations. A <code>Processor</code> must gracefully handle an empty set of annotations.                           </p>                                                                                 </div><dl> <dt> <span class="paramLabel">Parameters:</span>   </dt><dd> <code>annotations</code> - the annotation types requested to be processed         </dd><dd> <code>roundEnv</code> - environment for information about the current and prior round           </dd> <dt> <span class="returnLabel">Returns:</span>   </dt><dd>whether or not the set of <span class="diff-html-removed">annotations</span><span class="diff-html-added">annotation</span> <span class="diff-html-added">types</span> are claimed by this processor            </dd>  </dl></li></ul> <a end_ctx_id="method:process-java.util.Set-javax.annotation.processing.RoundEnvironment-"/>  </td></tr><tr valign="top"><td bgcolor="#CCCCCC" colspan="1"> <a start_ctx_id="method:process-java.util.Set-javax.annotation.processing.RoundEnvironment-"/><a name="process-java.util.Set-javax.annotation.processing.RoundEnvironment-"/><ul class="blockList"><li class="blockList"><h4>process</h4><pre>boolean process(java.util.Set&lt;? extends <a href="../../../javax/lang/model/element/TypeElement.html" title="interface in javax.lang.model.element">TypeElement</a>&gt; annotations,
                <a href="../../../javax/annotation/processing/RoundEnvironment.html" title="interface in javax.annotation.processing">RoundEnvironment</a> roundEnv)</pre><div class="block">Processes a set of annotation types on type elements originating from the prior round and returns whether or not these annotations are claimed by this processor. If <code>true</code> is returned, the annotations are claimed and subsequent processors will not be asked to process them; if <code>false</code> is returned, the annotations are unclaimed and subsequent processors may be asked to process them. A processor may always return the same boolean value or may vary the result based on chosen criteria.<p>The input set will be empty if the processor supports <code>"*"</code> and the root elements have no annotations. A <code>Processor</code> must gracefully handle an empty set of annotations.                           </p>                                                                              </div><dl> <dt> <span class="paramLabel">Parameters:</span>   </dt><dd> <code>annotations</code> - the annotation types requested to be processed         </dd><dd> <code>roundEnv</code> - environment for information about the current and prior round           </dd> <dt> <span class="returnLabel">Returns:</span>   </dt><dd>whether or not the set of annotations are claimed by this processor           </dd>  </dl></li></ul> <a end_ctx_id="method:process-java.util.Set-javax.annotation.processing.RoundEnvironment-"/>  </td><td bgcolor="#FFFFFF" colspan="1"> <a start_ctx_id="method:process-java.util.Set-javax.annotation.processing.RoundEnvironment-"/><a name="process-java.util.Set-javax.annotation.processing.RoundEnvironment-"/><ul class="blockList"><li class="blockList"><h4>process</h4><pre>boolean process(java.util.Set&lt;? extends <a href="../../../javax/lang/model/element/TypeElement.html" title="interface in javax.lang.model.element">TypeElement</a>&gt; annotations,
                <a href="../../../javax/annotation/processing/RoundEnvironment.html" title="interface in javax.annotation.processing">RoundEnvironment</a> roundEnv)</pre><div class="block">Processes a set of annotation types on type elements originating from the prior round and returns whether or not these annotation types are claimed by this processor. If <code>true</code> is returned, the annotation types are claimed and subsequent processors will not be asked to process them; if <code>false</code> is returned, the annotation types are unclaimed and subsequent processors may be asked to process them. A processor may always return the same boolean value or may vary the result based on chosen criteria.<p>The input set will be empty if the processor supports <code>"*"</code> and the root elements have no annotations. A <code>Processor</code> must gracefully handle an empty set of annotations.                           </p>                                                                                 </div><dl> <dt> <span class="paramLabel">Parameters:</span>   </dt><dd> <code>annotations</code> - the annotation types requested to be processed         </dd><dd> <code>roundEnv</code> - environment for information about the current and prior round           </dd> <dt> <span class="returnLabel">Returns:</span>   </dt><dd>whether or not the set of annotation types are claimed by this processor            </dd>  </dl></li></ul> <a end_ctx_id="method:process-java.util.Set-javax.annotation.processing.RoundEnvironment-"/>  </td></tr></table></td></tr></table><table border="0" cellpadding="1" cellspacing="0" width="100%"><tr><td><h3 class="ctxid">method:getCompletions-javax.lang.model.element.Element-javax.lang.model.element.AnnotationMirror-javax.lang.model.element.ExecutableElement-java.lang.String- [NONE]</h3></td></tr><tr><td><table border="0" cellpadding="5" cellspacing="1" bgcolor="black" width="100%"><tr valign="top"><td bgcolor="#FFFFFF" colspan="1"> <a start_ctx_id="method:getCompletions-javax.lang.model.element.Element-javax.lang.model.element.AnnotationMirror-javax.lang.model.element.ExecutableElement-java.lang.String-"/><a name="getCompletions-javax.lang.model.element.Element-javax.lang.model.element.AnnotationMirror-javax.lang.model.element.ExecutableElement-java.lang.String-"/><ul class="blockListLast"><li class="blockList"><h4>getCompletions</h4><pre>java.lang.Iterable&lt;? extends <a href="../../../javax/annotation/processing/Completion.html" title="interface in javax.annotation.processing">Completion</a>&gt; getCompletions(<a href="../../../javax/lang/model/element/Element.html" title="interface in javax.lang.model.element">Element</a> element,
                                                        <a href="../../../javax/lang/model/element/AnnotationMirror.html" title="interface in javax.lang.model.element">AnnotationMirror</a> annotation,
                                                        <a href="../../../javax/lang/model/element/ExecutableElement.html" title="interface in javax.lang.model.element">ExecutableElement</a> member,
                                                        java.lang.String userText)</pre><div class="block">Returns to the tool infrastructure an iterable of suggested completions to an annotation. Since completions are being asked for, the information provided about the annotation may be incomplete, as if for a source code fragment. A processor may return an empty iterable. Annotation processors should focus their efforts on providing completions for annotation members with additional validity constraints known to the processor, for example an <code>int</code> member whose value should lie between 1 and 10 or a string member that should be recognized by a known grammar, such as a regular expression or a URL.<p>Since incomplete programs are being modeled, some of the parameters may only have partial information or may be <code>null</code>. At least one of <code>element</code> and <code>userText</code> must be non-<code>null</code>. If <code>element</code> is non-<code>null</code>, <code>annotation</code> and <code>member</code> may be <code>null</code>. Processors may not throw a <code>NullPointerException</code> if some parameters are <code>null</code>; if a processor has no completions to offer based on the provided information, an empty iterable can be returned. The processor may also return a single completion with an empty value string and a message describing why there are no completions.                                                                                          </p><p>Completions are informative and may reflect additional validity checks performed by annotation processors. For example, consider the simple annotation:                  </p><blockquote><pre>
 @MersennePrime {
    int value();
 }
 </pre></blockquote> (A Mersenne prime is prime number of the form 2<sup><i>n</i></sup> - 1.) Given an <code>AnnotationMirror</code> for this annotation type, a list of all such primes in the <code>int</code> range could be returned without examining any other arguments to <code>getCompletions</code>:<blockquote><pre>
 import static javax.annotation.processing.Completions.*;
 ...
 return Arrays.asList(<a href="../../../javax/annotation/processing/Completions.html#of-java.lang.String-"><code>of</code></a>("3"),
                      of("7"),
                      of("31"),
                      of("127"),
                      of("8191"),
                      of("131071"),
                      of("524287"),
                      of("2147483647"));
 </pre></blockquote> A more informative set of completions would include the number of each prime:<blockquote><pre>
 return Arrays.asList(<a href="../../../javax/annotation/processing/Completions.html#of-java.lang.String-java.lang.String-"><code>of</code></a>("3",          "M2"),
                      of("7",          "M3"),
                      of("31",         "M5"),
                      of("127",        "M7"),
                      of("8191",       "M13"),
                      of("131071",     "M17"),
                      of("524287",     "M19"),
                      of("2147483647", "M31"));
 </pre></blockquote> However, if the <code>userText</code> is available, it can be checked to see if only a subset of the Mersenne primes are valid. For example, if the user has typed<blockquote> <code> @MersennePrime(1   </code> </blockquote> the value of <code>userText</code> will be <code>"1"</code>; and only two of the primes are possible completions:<blockquote><pre>
 return Arrays.asList(of("127",        "M7"),
                      of("131071",     "M17"));
 </pre></blockquote> Sometimes no valid completion is possible. For example, there is no in-range Mersenne prime starting with 9:<blockquote> <code> @MersennePrime(9   </code> </blockquote> An appropriate response in this case is to either return an empty list of completions,<blockquote><pre>
 return Collections.emptyList();
 </pre></blockquote> or a single empty completion with a helpful message<blockquote><pre>
 return Arrays.asList(of("", "No in-range Mersenne primes start with 9"));
 </pre></blockquote>                                                                                                                                                                                                                                        </div><dl> <dt> <span class="paramLabel">Parameters:</span>   </dt><dd> <code>element</code> - the element being annotated      </dd><dd> <code>annotation</code> - the (perhaps partial) annotation being applied to the element           </dd><dd> <code>member</code> - the annotation member to return possible completions for          </dd><dd> <code>userText</code> - source code text to be completed        </dd> <dt> <span class="returnLabel">Returns:</span>   </dt><dd>suggested completions to the annotation    </dd>  </dl></li></ul> <a end_ctx_id="method:getCompletions-javax.lang.model.element.Element-javax.lang.model.element.AnnotationMirror-javax.lang.model.element.ExecutableElement-java.lang.String-"/>  </td></tr></table></td></tr></table></diff></diffreport>