<?xml version="1.0" encoding="UTF-8"?><diffreport><diff><table border="0" cellpadding="1" cellspacing="0" width="100%"><tr><td><h3 class="ctxid">class:ProcessingEnvironment [NONE]</h3></td></tr><tr><td><table border="0" cellpadding="5" cellspacing="1" bgcolor="black" width="100%"><tr valign="top"><td bgcolor="#FFFFFF" colspan="1"><div class="description"> <a start_ctx_id="class:ProcessingEnvironment"/><ul class="blockList"><li class="blockList"> <hr/> <br/><pre>public interface <span class="typeNameLabel">ProcessingEnvironment</span></pre><div class="block">An annotation processing tool framework will <a href="../../../javax/annotation/processing/Processor.html#init-javax.annotation.processing.ProcessingEnvironment-">provide an annotation processor with an object implementing this interface         </a> so the processor can use facilities provided by the framework to write new files, report error messages, and find other utilities.<p>Third parties may wish to provide value-add wrappers around the facility objects from this interface, for example a <code>Filer</code> extension that allows multiple processors to coordinate writing out a single source file. To enable this, for processors running in a context where their side effects via the API could be visible to each other, the tool infrastructure must provide corresponding facility objects that are <code>.equals</code>, <code>Filer</code>s that are <code>.equals</code>, and so on. In addition, the tool invocation must be able to be configured such that from the perspective of the running annotation processors, at least the chosen subset of helper classes are viewed as being loaded by the same class loader. (Since the facility objects manage shared state, the implementation of a wrapper class must know whether or not the same base facility object has been wrapped before.)                                                                                                                                         </p>                           </div><dl> <dt> <span class="simpleTagLabel">Since:</span>   </dt><dd>1.6</dd> </dl>  </li></ul> </div> <a end_ctx_id="class:ProcessingEnvironment"/> </td></tr></table></td></tr></table><table border="0" cellpadding="1" cellspacing="0" width="100%"><tr><td><h3 class="ctxid">method:getOptions-- [NONE]</h3></td></tr><tr><td><table border="0" cellpadding="5" cellspacing="1" bgcolor="black" width="100%"><tr valign="top"><td bgcolor="#FFFFFF" colspan="1"> <a start_ctx_id="method:getOptions--"/><a name="getOptions--"/><ul class="blockList"><li class="blockList"><h4>getOptions</h4><pre>java.util.Map&lt;java.lang.String,java.lang.String&gt; getOptions()</pre><div class="block">Returns the processor-specific options passed to the annotation processing tool. Options are returned in the form of a map from option name to option value. For an option with no value, the corresponding value in the map is <code>null</code>.<p>See documentation of the particular tool infrastructure being used for details on how to pass in processor-specific options. For example, a command-line implementation may distinguish processor-specific options by prefixing them with a known string like <code>"-A"</code>; other tool implementations may follow different conventions or provide alternative mechanisms. A given implementation may also provide implementation-specific ways of finding options passed to the tool in addition to the processor-specific options.                                                                   </p>                                      </div><dl> <dt> <span class="returnLabel">Returns:</span>   </dt><dd>the processor-specific options passed to the tool      </dd> </dl></li></ul> <a end_ctx_id="method:getOptions--"/>  </td></tr></table></td></tr></table><table border="0" cellpadding="1" cellspacing="0" width="100%"><tr><td><h3 class="ctxid">method:getMessager-- [NONE]</h3></td></tr><tr><td><table border="0" cellpadding="5" cellspacing="1" bgcolor="black" width="100%"><tr valign="top"><td bgcolor="#FFFFFF" colspan="1"> <a start_ctx_id="method:getMessager--"/><a name="getMessager--"/><ul class="blockList"><li class="blockList"><h4>getMessager</h4><pre><a href="../../../javax/annotation/processing/Messager.html" title="interface in javax.annotation.processing">Messager</a> getMessager()</pre><div class="block">Returns the messager used to report errors, warnings, and other notices.          </div><dl> <dt> <span class="returnLabel">Returns:</span>   </dt><dd>the messager </dd> </dl></li></ul> <a end_ctx_id="method:getMessager--"/>  </td></tr></table></td></tr></table><table border="0" cellpadding="1" cellspacing="0" width="100%"><tr><td><h3 class="ctxid">method:getFiler-- [NONE]</h3></td></tr><tr><td><table border="0" cellpadding="5" cellspacing="1" bgcolor="black" width="100%"><tr valign="top"><td bgcolor="#FFFFFF" colspan="1"> <a start_ctx_id="method:getFiler--"/><a name="getFiler--"/><ul class="blockList"><li class="blockList"><h4>getFiler</h4><pre><a href="../../../javax/annotation/processing/Filer.html" title="interface in javax.annotation.processing">Filer</a> getFiler()</pre><div class="block">Returns the filer used to create new source, class, or auxiliary files.           </div><dl> <dt> <span class="returnLabel">Returns:</span>   </dt><dd>the filer </dd> </dl></li></ul> <a end_ctx_id="method:getFiler--"/>  </td></tr></table></td></tr></table><table border="0" cellpadding="1" cellspacing="0" width="100%"><tr><td><h3 class="ctxid">method:getElementUtils-- [NONE]</h3></td></tr><tr><td><table border="0" cellpadding="5" cellspacing="1" bgcolor="black" width="100%"><tr valign="top"><td bgcolor="#FFFFFF" colspan="1"> <a start_ctx_id="method:getElementUtils--"/><a name="getElementUtils--"/><ul class="blockList"><li class="blockList"><h4>getElementUtils</h4><pre><a href="../../../javax/lang/model/util/Elements.html" title="interface in javax.lang.model.util">Elements</a> getElementUtils()</pre><div class="block">Returns an implementation of some utility methods for operating on elements          </div><dl> <dt> <span class="returnLabel">Returns:</span>   </dt><dd>element utilities </dd> </dl></li></ul> <a end_ctx_id="method:getElementUtils--"/>  </td></tr></table></td></tr></table><table border="0" cellpadding="1" cellspacing="0" width="100%"><tr><td><h3 class="ctxid">method:getTypeUtils-- [NONE]</h3></td></tr><tr><td><table border="0" cellpadding="5" cellspacing="1" bgcolor="black" width="100%"><tr valign="top"><td bgcolor="#FFFFFF" colspan="1"> <a start_ctx_id="method:getTypeUtils--"/><a name="getTypeUtils--"/><ul class="blockList"><li class="blockList"><h4>getTypeUtils</h4><pre><a href="../../../javax/lang/model/util/Types.html" title="interface in javax.lang.model.util">Types</a> getTypeUtils()</pre><div class="block">Returns an implementation of some utility methods for operating on types.          </div><dl> <dt> <span class="returnLabel">Returns:</span>   </dt><dd>type utilities </dd> </dl></li></ul> <a end_ctx_id="method:getTypeUtils--"/>  </td></tr></table></td></tr></table><table border="0" cellpadding="1" cellspacing="0" width="100%"><tr><td><h3 class="ctxid">method:getSourceVersion-- [NONE]</h3></td></tr><tr><td><table border="0" cellpadding="5" cellspacing="1" bgcolor="black" width="100%"><tr valign="top"><td bgcolor="#FFFFFF" colspan="1"> <a start_ctx_id="method:getSourceVersion--"/><a name="getSourceVersion--"/><ul class="blockList"><li class="blockList"><h4>getSourceVersion</h4><pre><a href="../../../javax/lang/model/SourceVersion.html" title="enum in javax.lang.model">SourceVersion</a> getSourceVersion()</pre><div class="block">Returns the source version that any generated <a href="../../../javax/annotation/processing/Filer.html#createSourceFile-java.lang.CharSequence-javax.lang.model.element.Element...-">source</a> and <a href="../../../javax/annotation/processing/Filer.html#createClassFile-java.lang.CharSequence-javax.lang.model.element.Element...-">class</a> files should conform to.             </div><dl> <dt> <span class="returnLabel">Returns:</span>   </dt><dd>the source version to which generated source and class files should conform to            </dd> <dt> <span class="seeLabel">See Also: </span>   </dt><dd> <a href="../../../javax/annotation/processing/Processor.html#getSupportedSourceVersion--"><code>Processor.getSupportedSourceVersion()</code></a> </dd>  </dl></li></ul> <a end_ctx_id="method:getSourceVersion--"/>  </td></tr></table></td></tr></table><table border="0" cellpadding="1" cellspacing="0" width="100%"><tr><td><h3 class="ctxid">method:getLocale-- [NONE]</h3></td></tr><tr><td><table border="0" cellpadding="5" cellspacing="1" bgcolor="black" width="100%"><tr valign="top"><td bgcolor="#FFFFFF" colspan="1"> <a start_ctx_id="method:getLocale--"/><a name="getLocale--"/><ul class="blockListLast"><li class="blockList"><h4>getLocale</h4><pre>java.util.Locale getLocale()</pre><div class="block">Returns the current locale or <code>null</code> if no locale is in effect. The locale can be be used to provide localized <a href="../../../javax/annotation/processing/Messager.html" title="interface in javax.annotation.processing">messages</a>.                     </div><dl> <dt> <span class="returnLabel">Returns:</span>   </dt><dd>the current locale or <code>null</code> if no locale is in effect          </dd> </dl></li></ul> <a end_ctx_id="method:getLocale--"/>  </td></tr></table></td></tr></table></diff></diffreport>