<?xml version="1.0" encoding="UTF-8" standalone="yes"?><Document><name>javax/annotation/processing/ProcessingEnvironment.spec</name><Context><name>class:ProcessingEnvironment</name><mt>NONE</mt></Context><Context><name>method:getElementUtils--</name><mt>NONE</mt></Context><Context><name>method:getFiler--</name><mt>NONE</mt></Context><Context><name>method:getLocale--</name><mt>NONE</mt></Context><Context><name>method:getMessager--</name><mt>NONE</mt></Context><Context><name>method:getOptions--</name><mt>NONE</mt></Context><Context><name>method:getSourceVersion--</name><mt>NONE</mt></Context><Context><name>method:getTypeUtils--</name><mt>NONE</mt></Context><Stat><name>javax/annotation/processing/ProcessingEnvironment.spec</name><mt>NONE</mt><Group name="context"><Item count="0" name="ADDED"/><Item count="0" name="REMOVED"/><Item count="0" name="CHANGED"/><Item count="0" name="MODIFIED"/><Item count="0" name="MOVED"/><Item count="0" name="MOVED_CHANGED"/><Item count="0" name="JOINT"/><Item count="0" name="SPLIT"/><Item count="8" name="TOTAL"/></Group><Group name="assertion"><Item count="0" name="ADDED"/><Item count="0" name="REMOVED"/><Item count="0" name="CHANGED"/><Item count="0" name="MODIFIED"/><Item count="0" name="MOVED"/><Item count="0" name="MOVED_CHANGED"/><Item count="0" name="JOINT"/><Item count="0" name="SPLIT"/><Item count="0" name="TOTAL"/></Group></Stat></Document>