<?xml version="1.0" encoding="UTF-8"?><diffreport><diff><table border="0" cellpadding="1" cellspacing="0" width="100%"><tr><td><h3 class="ctxid">class:SupportedOptions [NONE]</h3></td></tr><tr><td><table border="0" cellpadding="5" cellspacing="1" bgcolor="black" width="100%"><tr valign="top"><td bgcolor="#FFFFFF" colspan="1"><div class="description"> <a start_ctx_id="class:SupportedOptions"/><ul class="blockList"><li class="blockList"> <hr/> <br/><pre>@Documented
 @Target(value=TYPE)
 @Retention(value=RUNTIME)
public @interface <span class="memberNameLabel">SupportedOptions</span></pre><div class="block">An annotation used to indicate what options an annotation processor supports. The <a href="../../../javax/annotation/processing/Processor.html#getSupportedOptions--"><code>Processor.getSupportedOptions()</code></a> method can construct its result from the value of this annotation, as done by <a href="../../../javax/annotation/processing/AbstractProcessor.html#getSupportedOptions--"><code>AbstractProcessor.getSupportedOptions()</code></a>. Only <a href="../../../javax/annotation/processing/Processor.html#getSupportedOptions--">strings conforming to the grammar    </a> should be used as values.                                  </div><dl> <dt> <span class="simpleTagLabel">Since:</span>   </dt><dd>1.6</dd> </dl>  </li></ul> </div> <a end_ctx_id="class:SupportedOptions"/> </td></tr></table></td></tr></table><table border="0" cellpadding="1" cellspacing="0" width="100%"><tr><td><h3 class="ctxid">method:value-- [CHANGED]</h3></td></tr><tr><td><table border="0" cellpadding="5" cellspacing="1" bgcolor="black" width="100%"><tr valign="top"><td bgcolor="#EEEEEE" colspan="2"> <a start_ctx_id="method:value--"/><a name="value--"/><ul class="blockListLast"><li class="blockList"><h4>value</h4><pre>public abstract java.lang.String[] value</pre><div class="block"><span class="diff-html-added">Returns</span> <span class="diff-html-added">the</span> <span class="diff-html-added">supported</span> <span class="diff-html-added">options.</span>   </div><dl> <dt> <span class="returnLabel"><span class="diff-html-added">Returns:</span></span>   </dt><dd><span class="diff-html-added">the</span> <span class="diff-html-added">supported</span> <span class="diff-html-added">options</span>  </dd> </dl></li></ul> <a end_ctx_id="method:value--"/>  </td></tr><tr valign="top"><td bgcolor="#CCCCCC" colspan="1"> <a start_ctx_id="method:value--"/><a name="value--"/><ul class="blockListLast"><li class="blockList"><h4>value</h4><pre>public abstract java.lang.String[] value</pre></li></ul> <a end_ctx_id="method:value--"/>  </td><td bgcolor="#FFFFFF" colspan="1"> <a start_ctx_id="method:value--"/><a name="value--"/><ul class="blockListLast"><li class="blockList"><h4>value</h4><pre>public abstract java.lang.String[] value</pre><div class="block">Returns the supported options.   </div><dl> <dt> <span class="returnLabel">Returns:</span>   </dt><dd>the supported options  </dd> </dl></li></ul> <a end_ctx_id="method:value--"/>  </td></tr></table></td></tr></table></diff></diffreport>