<?xml version="1.0" encoding="UTF-8" standalone="yes"?><Document><name>javax/annotation/processing/SupportedAnnotationTypes.spec</name><Context><name>class:SupportedAnnotationTypes</name><mt>NONE</mt></Context><Context><name>method:value--</name><mt>CHANGED</mt></Context><Stat><name>javax/annotation/processing/SupportedAnnotationTypes.spec</name><mt>CHANGED</mt><Group name="context"><Item count="0" name="ADDED"/><Item count="0" name="REMOVED"/><Item count="1" name="CHANGED"/><Item count="1" name="MODIFIED"/><Item count="0" name="MOVED"/><Item count="0" name="MOVED_CHANGED"/><Item count="0" name="JOINT"/><Item count="0" name="SPLIT"/><Item count="2" name="TOTAL"/></Group><Group name="assertion"><Item count="0" name="ADDED"/><Item count="0" name="REMOVED"/><Item count="0" name="CHANGED"/><Item count="0" name="MODIFIED"/><Item count="0" name="MOVED"/><Item count="0" name="MOVED_CHANGED"/><Item count="0" name="JOINT"/><Item count="0" name="SPLIT"/><Item count="0" name="TOTAL"/></Group></Stat></Document>