<?xml version="1.0" encoding="UTF-8"?><diffreport><diff><table border="0" cellpadding="1" cellspacing="0" width="100%"><tr><td><h3 class="ctxid">class:SupportedSourceVersion [NONE]</h3></td></tr><tr><td><table border="0" cellpadding="5" cellspacing="1" bgcolor="black" width="100%"><tr valign="top"><td bgcolor="#FFFFFF" colspan="1"><div class="description"> <a start_ctx_id="class:SupportedSourceVersion"/><ul class="blockList"><li class="blockList"> <hr/> <br/><pre>@Documented
 @Target(value=TYPE)
 @Retention(value=RUNTIME)
public @interface <span class="memberNameLabel">SupportedSourceVersion</span></pre><div class="block">An annotation used to indicate the latest source version an annotation processor supports. The <a href="../../../javax/annotation/processing/Processor.html#getSupportedSourceVersion--"><code>Processor.getSupportedSourceVersion()</code></a> method can construct its result from the value of this annotation, as done by <a href="../../../javax/annotation/processing/AbstractProcessor.html#getSupportedSourceVersion--"><code>AbstractProcessor.getSupportedSourceVersion()</code></a>.                             </div><dl> <dt> <span class="simpleTagLabel">Since:</span>   </dt><dd>1.6</dd> </dl>  </li></ul> </div> <a end_ctx_id="class:SupportedSourceVersion"/> </td></tr></table></td></tr></table><table border="0" cellpadding="1" cellspacing="0" width="100%"><tr><td><h3 class="ctxid">method:value-- [CHANGED]</h3></td></tr><tr><td><table border="0" cellpadding="5" cellspacing="1" bgcolor="black" width="100%"><tr valign="top"><td bgcolor="#EEEEEE" colspan="2"> <a start_ctx_id="method:value--"/><a name="value--"/><ul class="blockListLast"><li class="blockList"><h4>value</h4><pre>public abstract <a href="../../../javax/lang/model/SourceVersion.html" title="enum in javax.lang.model">SourceVersion</a> value</pre><div class="block"><span class="diff-html-added">Returns</span> <span class="diff-html-added">the</span> <span class="diff-html-added">latest</span> <span class="diff-html-added">supported</span> <span class="diff-html-added">source</span> <span class="diff-html-added">version.</span>     </div><dl> <dt> <span class="returnLabel"><span class="diff-html-added">Returns:</span></span>   </dt><dd><span class="diff-html-added">the</span> <span class="diff-html-added">latest</span> <span class="diff-html-added">supported</span> <span class="diff-html-added">source</span> <span class="diff-html-added">version</span>    </dd> </dl></li></ul> <a end_ctx_id="method:value--"/>  </td></tr><tr valign="top"><td bgcolor="#CCCCCC" colspan="1"> <a start_ctx_id="method:value--"/><a name="value--"/><ul class="blockListLast"><li class="blockList"><h4>value</h4><pre>public abstract <a href="../../../javax/lang/model/SourceVersion.html" title="enum in javax.lang.model">SourceVersion</a> value</pre></li></ul> <a end_ctx_id="method:value--"/>  </td><td bgcolor="#FFFFFF" colspan="1"> <a start_ctx_id="method:value--"/><a name="value--"/><ul class="blockListLast"><li class="blockList"><h4>value</h4><pre>public abstract <a href="../../../javax/lang/model/SourceVersion.html" title="enum in javax.lang.model">SourceVersion</a> value</pre><div class="block">Returns the latest supported source version.     </div><dl> <dt> <span class="returnLabel">Returns:</span>   </dt><dd>the latest supported source version    </dd> </dl></li></ul> <a end_ctx_id="method:value--"/>  </td></tr></table></td></tr></table></diff></diffreport>