<?xml version="1.0" encoding="UTF-8" standalone="yes"?><Document><name>javax/sql/rowset/JdbcRowSet.spec</name><Context><name>class:JdbcRowSet</name><mt>NONE</mt></Context><Context><name>method:commit()</name><mt>NONE</mt></Context><Context><name>method:getAutoCommit()</name><mt>NONE</mt></Context><Context><name>method:getRowSetWarnings()</name><mt>NONE</mt></Context><Context><name>method:getShowDeleted()</name><mt>NONE</mt></Context><Context><name>method:rollback()</name><mt>NONE</mt></Context><Context><name>method:rollback(java.sql.Savepoint)</name><mt>NONE</mt></Context><Context><name>method:setAutoCommit(boolean)</name><mt>NONE</mt></Context><Context><name>method:setShowDeleted(boolean)</name><mt>NONE</mt></Context><Stat><name>javax/sql/rowset/JdbcRowSet.spec</name><mt>NONE</mt><Group name="context"><Item count="0" name="ADDED"/><Item count="0" name="REMOVED"/><Item count="0" name="CHANGED"/><Item count="0" name="MODIFIED"/><Item count="9" name="TOTAL"/></Group><Group name="assertion"><Item count="0" name="ADDED"/><Item count="0" name="REMOVED"/><Item count="0" name="CHANGED"/><Item count="0" name="MODIFIED"/><Item count="0" name="TOTAL"/></Group></Stat></Document>