<?xml version="1.0" encoding="UTF-8" standalone="yes"?><Document><name>javax/sql/rowset/Joinable.spec</name><Context><name>class:Joinable</name><mt>NONE</mt></Context><Context><name>method:getMatchColumnIndexes()</name><mt>NONE</mt></Context><Context><name>method:getMatchColumnNames()</name><mt>NONE</mt></Context><Context><name>method:setMatchColumn(int)</name><mt>NONE</mt></Context><Context><name>method:setMatchColumn(int[])</name><mt>NONE</mt></Context><Context><name>method:setMatchColumn(java.lang.String)</name><mt>NONE</mt></Context><Context><name>method:setMatchColumn(java.lang.String[])</name><mt>NONE</mt></Context><Context><name>method:unsetMatchColumn(int)</name><mt>NONE</mt></Context><Context><name>method:unsetMatchColumn(int[])</name><mt>NONE</mt></Context><Context><name>method:unsetMatchColumn(java.lang.String)</name><mt>NONE</mt></Context><Context><name>method:unsetMatchColumn(java.lang.String[])</name><mt>NONE</mt></Context><Stat><name>javax/sql/rowset/Joinable.spec</name><mt>NONE</mt><Group name="context"><Item count="0" name="ADDED"/><Item count="0" name="REMOVED"/><Item count="0" name="CHANGED"/><Item count="0" name="MODIFIED"/><Item count="11" name="TOTAL"/></Group><Group name="assertion"><Item count="0" name="ADDED"/><Item count="0" name="REMOVED"/><Item count="0" name="CHANGED"/><Item count="0" name="MODIFIED"/><Item count="0" name="TOTAL"/></Group></Stat></Document>