<?xml version="1.0" encoding="UTF-8" standalone="yes"?><Document><name>javax/sql/rowset/JoinRowSet.spec</name><Context><name>class:JoinRowSet</name><mt>NONE</mt></Context><Context><name>field:CROSS_JOIN</name><mt>NONE</mt></Context><Context><name>field:FULL_JOIN</name><mt>NONE</mt></Context><Context><name>field:INNER_JOIN</name><mt>NONE</mt></Context><Context><name>field:LEFT_OUTER_JOIN</name><mt>NONE</mt></Context><Context><name>field:RIGHT_OUTER_JOIN</name><mt>NONE</mt></Context><Context><name>method:addRowSet(javax.sql.RowSet, int)</name><mt>NONE</mt></Context><Context><name>method:addRowSet(javax.sql.RowSet, java.lang.String)</name><mt>NONE</mt></Context><Context><name>method:addRowSet(javax.sql.RowSet[], int[])</name><mt>NONE</mt></Context><Context><name>method:addRowSet(javax.sql.RowSet[], java.lang.String[])</name><mt>NONE</mt></Context><Context><name>method:addRowSet(javax.sql.rowset.Joinable)</name><mt>NONE</mt></Context><Context><name>method:getJoinType()</name><mt>NONE</mt></Context><Context><name>method:getRowSetNames()</name><mt>NONE</mt></Context><Context><name>method:getRowSets()</name><mt>NONE</mt></Context><Context><name>method:getWhereClause()</name><mt>NONE</mt></Context><Context><name>method:setJoinType(int)</name><mt>NONE</mt></Context><Context><name>method:supportsCrossJoin()</name><mt>NONE</mt></Context><Context><name>method:supportsFullJoin()</name><mt>NONE</mt></Context><Context><name>method:supportsInnerJoin()</name><mt>NONE</mt></Context><Context><name>method:supportsLeftOuterJoin()</name><mt>NONE</mt></Context><Context><name>method:supportsRightOuterJoin()</name><mt>NONE</mt></Context><Context><name>method:toCachedRowSet()</name><mt>NONE</mt></Context><Stat><name>javax/sql/rowset/JoinRowSet.spec</name><mt>NONE</mt><Group name="context"><Item count="0" name="ADDED"/><Item count="0" name="REMOVED"/><Item count="0" name="CHANGED"/><Item count="0" name="MODIFIED"/><Item count="22" name="TOTAL"/></Group><Group name="assertion"><Item count="0" name="ADDED"/><Item count="0" name="REMOVED"/><Item count="0" name="CHANGED"/><Item count="0" name="MODIFIED"/><Item count="0" name="TOTAL"/></Group></Stat></Document>