<?xml version="1.0" encoding="UTF-8"?><diffreport><diff> <hr/> <a name="navbar_top"/><a href="#skip-navbar_top" title="Skip navigation links"/><table border="0" width="100%" cellpadding="1" cellspacing="0" summary=""><tbody><tr><td colspan="2" bgcolor="#EEEEFF" class="NavBarCell1"><a name="navbar_top_firstrow"/><table border="0" cellpadding="0" cellspacing="3" summary=""><tbody><tr align="center" valign="top"><td bgcolor="#EEEEFF" class="NavBarCell1"><a href="../../../overview-summary.html"><font class="NavBarFont1"><b>Overview</b></font></a> </td><td bgcolor="#EEEEFF" class="NavBarCell1"><a href="package-summary.html"><font class="NavBarFont1"><b>Package</b></font></a> </td><td bgcolor="#FFFFFF" class="NavBarCell1Rev">  <font class="NavBarFont1Rev"><b>Class</b></font>  </td><td bgcolor="#EEEEFF" class="NavBarCell1"><a href="class-use/RowSetFactory.html"><font class="NavBarFont1"><b>Use</b></font></a> </td><td bgcolor="#EEEEFF" class="NavBarCell1"><a href="package-tree.html"><font class="NavBarFont1"><b>Tree</b></font></a> </td><td bgcolor="#EEEEFF" class="NavBarCell1"><a href="../../../deprecated-list.html"><font class="NavBarFont1"><b>Deprecated</b></font></a> </td><td bgcolor="#EEEEFF" class="NavBarCell1"><a href="../../../index-files/index-1.html"><font class="NavBarFont1"><b>Index</b></font></a> </td><td bgcolor="#EEEEFF" class="NavBarCell1"><a href="../../../help-doc.html"><font class="NavBarFont1"><b>Help</b></font></a> </td></tr></tbody></table></td><td align="right" valign="top" rowspan="3"><em/></td></tr><tr><td bgcolor="white" class="NavBarCell2"><font size="-2">  <a href="../../../javax/sql/rowset/Predicate.html" title="interface in javax.sql.rowset"><b>PREV CLASS </b></a>   <a href="../../../javax/sql/rowset/RowSetMetaDataImpl.html" title="class in javax.sql.rowset"><b>NEXT CLASS </b></a>  </font></td><td bgcolor="white" class="NavBarCell2"><font size="-2"><a href="../../../index.html?javax/sql/rowset/RowSetFactory.html" target="_top"><b>FRAMES</b></a>    <a href="RowSetFactory.html" target="_top"><b>NO FRAMES </b></a>    <a href="../../../allclasses-noframe.html"><b>All Classes </b></a>    </font></td></tr><tr><td valign="top" class="NavBarCell3"><font size="-2"> SUMMARY: NESTED | FIELD | CONSTR | <a href="#method_summary">METHOD</a> </font></td><td valign="top" class="NavBarCell3"><font size="-2"> DETAIL: FIELD | CONSTR | <a href="#method_detail">METHOD</a> </font></td></tr></tbody></table> <a name="skip-navbar_top"/> <hr/><h2> <font size="-1"> javax.sql.rowset </font> <br/> Interface RowSetFactory    </h2><dl> <dt> <b>All Known Implementing Classes:   </b>   </dt><dd> <a href="../../../com/sun/rowset/RowSetFactoryImpl.html" title="class in com.sun.rowset">RowSetFactoryImpl</a> </dd> </dl> <hr/> <a start_ctx_id="class:RowSetFactory"/><dl> <dt><pre>public interface <b>RowSetFactory</b></pre>  </dt> </dl><p> An interface that defines the implementation of a factory that is used to obtain different types of <code>RowSet</code> implementations.                   </p><p/><p><dl> <dt> <b>Since:</b>   </dt><dd>1.7</dd> </dl> <a end_ctx_id="class:RowSetFactory"/> </p> <hr/><p> <a name="method_summary"/><table border="1" width="100%" cellpadding="3" cellspacing="0" summary=""><tbody><tr bgcolor="#CCCCFF" class="TableHeadingColor"><th align="left" colspan="2"><font size="+2"><b>Method Summary </b></font></th></tr><tr bgcolor="white" class="TableRowColor"><td align="right" valign="top" width="1%"><font size="-1"><code> <a href="../../../javax/sql/rowset/CachedRowSet.html" title="interface in javax.sql.rowset">CachedRowSet</a></code></font></td><td><code><b><a href="../../../javax/sql/rowset/RowSetFactory.html#createCachedRowSet()">createCachedRowSet</a></b>()</code> <br/>           Creates a new instance of a CachedRowSet.        </td></tr><tr bgcolor="white" class="TableRowColor"><td align="right" valign="top" width="1%"><font size="-1"><code> <a href="../../../javax/sql/rowset/FilteredRowSet.html" title="interface in javax.sql.rowset">FilteredRowSet</a></code></font></td><td><code><b><a href="../../../javax/sql/rowset/RowSetFactory.html#createFilteredRowSet()">createFilteredRowSet</a></b>()</code> <br/>           Creates a new instance of a FilteredRowSet.        </td></tr><tr bgcolor="white" class="TableRowColor"><td align="right" valign="top" width="1%"><font size="-1"><code> <a href="../../../javax/sql/rowset/JdbcRowSet.html" title="interface in javax.sql.rowset">JdbcRowSet</a></code></font></td><td><code><b><a href="../../../javax/sql/rowset/RowSetFactory.html#createJdbcRowSet()">createJdbcRowSet</a></b>()</code> <br/>           Creates a new instance of a JdbcRowSet.        </td></tr><tr bgcolor="white" class="TableRowColor"><td align="right" valign="top" width="1%"><font size="-1"><code> <a href="../../../javax/sql/rowset/JoinRowSet.html" title="interface in javax.sql.rowset">JoinRowSet</a></code></font></td><td><code><b><a href="../../../javax/sql/rowset/RowSetFactory.html#createJoinRowSet()">createJoinRowSet</a></b>()</code> <br/>           Creates a new instance of a JoinRowSet.        </td></tr><tr bgcolor="white" class="TableRowColor"><td align="right" valign="top" width="1%"><font size="-1"><code> <a href="../../../javax/sql/rowset/WebRowSet.html" title="interface in javax.sql.rowset">WebRowSet</a></code></font></td><td><code><b><a href="../../../javax/sql/rowset/RowSetFactory.html#createWebRowSet()">createWebRowSet</a></b>()</code> <br/>           Creates a new instance of a WebRowSet.        </td></tr></tbody></table>    </p><p> <a name="method_detail"/><table border="1" width="100%" cellpadding="3" cellspacing="0" summary=""><tbody><tr bgcolor="#CCCCFF" class="TableHeadingColor"><th align="left" colspan="1"><font size="+2"><b>Method Detail </b></font></th></tr></tbody></table> <a start_ctx_id="method:createCachedRowSet()"/><a name="createCachedRowSet()"/>  </p><h3> createCachedRowSet </h3><pre>

<a href="../../../javax/sql/rowset/CachedRowSet.html" title="interface in javax.sql.rowset">CachedRowSet</a><b>createCachedRowSet</b>()
                                throws <a href="../../../java/sql/SQLException.html" title="class in java.sql">SQLException</a></pre><dl><dd><p>Creates a new instance of a CachedRowSet.      </p><p/></dd><dd><dl> <dt> <b>Returns:</b>   </dt><dd>A new instance of a CachedRowSet.     </dd> <dt> <b>Throws:</b>   </dt><dd> <code><a href="../../../java/sql/SQLException.html" title="class in java.sql">SQLException</a></code> - if a CachedRowSet cannot be created.        </dd> <dt> <b>Since:</b>   </dt><dd>1.7</dd>   </dl></dd></dl> <a end_ctx_id="method:createCachedRowSet()"/> <hr/> <a start_ctx_id="method:createFilteredRowSet()"/><a name="createFilteredRowSet()"/><h3> createFilteredRowSet </h3><pre>

<a href="../../../javax/sql/rowset/FilteredRowSet.html" title="interface in javax.sql.rowset">FilteredRowSet</a><b>createFilteredRowSet</b>()
                                    throws <a href="../../../java/sql/SQLException.html" title="class in java.sql">SQLException</a></pre><dl><dd><p>Creates a new instance of a FilteredRowSet.      </p><p/></dd><dd><dl> <dt> <b>Returns:</b>   </dt><dd>A new instance of a FilteredRowSet.     </dd> <dt> <b>Throws:</b>   </dt><dd> <code><a href="../../../java/sql/SQLException.html" title="class in java.sql">SQLException</a></code> - if a FilteredRowSet cannot be created.        </dd> <dt> <b>Since:</b>   </dt><dd>1.7</dd>   </dl></dd></dl> <a end_ctx_id="method:createFilteredRowSet()"/> <hr/> <a start_ctx_id="method:createJdbcRowSet()"/><a name="createJdbcRowSet()"/><h3> createJdbcRowSet </h3><pre>

<a href="../../../javax/sql/rowset/JdbcRowSet.html" title="interface in javax.sql.rowset">JdbcRowSet</a><b>createJdbcRowSet</b>()
                            throws <a href="../../../java/sql/SQLException.html" title="class in java.sql">SQLException</a></pre><dl><dd><p>Creates a new instance of a JdbcRowSet.      </p><p/></dd><dd><dl> <dt> <b>Returns:</b>   </dt><dd>A new instance of a JdbcRowSet.     </dd> <dt> <b>Throws:</b>   </dt><dd> <code><a href="../../../java/sql/SQLException.html" title="class in java.sql">SQLException</a></code> - if a JdbcRowSet cannot be created.        </dd> <dt> <b>Since:</b>   </dt><dd>1.7</dd>   </dl></dd></dl> <a end_ctx_id="method:createJdbcRowSet()"/> <hr/> <a start_ctx_id="method:createJoinRowSet()"/><a name="createJoinRowSet()"/><h3> createJoinRowSet </h3><pre>

<a href="../../../javax/sql/rowset/JoinRowSet.html" title="interface in javax.sql.rowset">JoinRowSet</a><b>createJoinRowSet</b>()
                            throws <a href="../../../java/sql/SQLException.html" title="class in java.sql">SQLException</a></pre><dl><dd><p>Creates a new instance of a JoinRowSet.      </p><p/></dd><dd><dl> <dt> <b>Returns:</b>   </dt><dd>A new instance of a JoinRowSet.     </dd> <dt> <b>Throws:</b>   </dt><dd> <code><a href="../../../java/sql/SQLException.html" title="class in java.sql">SQLException</a></code> - if a JoinRowSet cannot be created.        </dd> <dt> <b>Since:</b>   </dt><dd>1.7</dd>   </dl></dd></dl> <a end_ctx_id="method:createJoinRowSet()"/> <hr/> <a start_ctx_id="method:createWebRowSet()"/><a name="createWebRowSet()"/><h3> createWebRowSet </h3><pre>

<a href="../../../javax/sql/rowset/WebRowSet.html" title="interface in javax.sql.rowset">WebRowSet</a><b>createWebRowSet</b>()
                          throws <a href="../../../java/sql/SQLException.html" title="class in java.sql">SQLException</a></pre><dl><dd><p>Creates a new instance of a WebRowSet.      </p><p/></dd><dd><dl> <dt> <b>Returns:</b>   </dt><dd>A new instance of a WebRowSet.     </dd> <dt> <b>Throws:</b>   </dt><dd> <code><a href="../../../java/sql/SQLException.html" title="class in java.sql">SQLException</a></code> - if a WebRowSet cannot be created.        </dd> <dt> <b>Since:</b>   </dt><dd>1.7</dd>   </dl></dd></dl> <a end_ctx_id="method:createWebRowSet()"/> <hr/> <a name="navbar_bottom"/><a href="#skip-navbar_bottom" title="Skip navigation links"/><table border="0" width="100%" cellpadding="1" cellspacing="0" summary=""><tbody><tr><td colspan="2" bgcolor="#EEEEFF" class="NavBarCell1"><a name="navbar_bottom_firstrow"/><table border="0" cellpadding="0" cellspacing="3" summary=""><tbody><tr align="center" valign="top"><td bgcolor="#EEEEFF" class="NavBarCell1"><a href="../../../overview-summary.html"><font class="NavBarFont1"><b>Overview</b></font></a> </td><td bgcolor="#EEEEFF" class="NavBarCell1"><a href="package-summary.html"><font class="NavBarFont1"><b>Package</b></font></a> </td><td bgcolor="#FFFFFF" class="NavBarCell1Rev">  <font class="NavBarFont1Rev"><b>Class</b></font>  </td><td bgcolor="#EEEEFF" class="NavBarCell1"><a href="class-use/RowSetFactory.html"><font class="NavBarFont1"><b>Use</b></font></a> </td><td bgcolor="#EEEEFF" class="NavBarCell1"><a href="package-tree.html"><font class="NavBarFont1"><b>Tree</b></font></a> </td><td bgcolor="#EEEEFF" class="NavBarCell1"><a href="../../../deprecated-list.html"><font class="NavBarFont1"><b>Deprecated</b></font></a> </td><td bgcolor="#EEEEFF" class="NavBarCell1"><a href="../../../index-files/index-1.html"><font class="NavBarFont1"><b>Index</b></font></a> </td><td bgcolor="#EEEEFF" class="NavBarCell1"><a href="../../../help-doc.html"><font class="NavBarFont1"><b>Help</b></font></a> </td></tr></tbody></table></td><td align="right" valign="top" rowspan="3"><em/></td></tr><tr><td bgcolor="white" class="NavBarCell2"><font size="-2">  <a href="../../../javax/sql/rowset/Predicate.html" title="interface in javax.sql.rowset"><b>PREV CLASS </b></a>   <a href="../../../javax/sql/rowset/RowSetMetaDataImpl.html" title="class in javax.sql.rowset"><b>NEXT CLASS </b></a>  </font></td><td bgcolor="white" class="NavBarCell2"><font size="-2"><a href="../../../index.html?javax/sql/rowset/RowSetFactory.html" target="_top"><b>FRAMES</b></a>    <a href="RowSetFactory.html" target="_top"><b>NO FRAMES </b></a>    <a href="../../../allclasses-noframe.html"><b>All Classes </b></a>    </font></td></tr><tr><td valign="top" class="NavBarCell3"><font size="-2"> SUMMARY: NESTED | FIELD | CONSTR | <a href="#method_summary">METHOD</a> </font></td><td valign="top" class="NavBarCell3"><font size="-2"> DETAIL: FIELD | CONSTR | <a href="#method_detail">METHOD</a> </font></td></tr></tbody></table> <a name="skip-navbar_bottom"/> <hr/> <font size="-1">Java is a trademark or registered trademark of Sun Microsystems, Inc. 901 San Antonio Road, <br/>Palo Alto, California, 94303, U.S.A All Rights Reserved.                      </font>                         </diff></diffreport>