<?xml version="1.0" encoding="UTF-8"?><diffreport><diff> <hr/> <a name="navbar_top"/><a href="#skip-navbar_top" title="Skip navigation links"/><table border="0" width="100%" cellpadding="1" cellspacing="0" summary=""><tbody><tr><td colspan="2" bgcolor="#EEEEFF" class="NavBarCell1"><a name="navbar_top_firstrow"/><table border="0" cellpadding="0" cellspacing="3" summary=""><tbody><tr align="center" valign="top"><td bgcolor="#EEEEFF" class="NavBarCell1"><a href="../../../overview-summary.html"><font class="NavBarFont1"><b>Overview</b></font></a> </td><td bgcolor="#EEEEFF" class="NavBarCell1"><a href="package-summary.html"><font class="NavBarFont1"><b>Package</b></font></a> </td><td bgcolor="#FFFFFF" class="NavBarCell1Rev">  <font class="NavBarFont1Rev"><b>Class</b></font>  </td><td bgcolor="#EEEEFF" class="NavBarCell1"><a href="class-use/RowSetProvider.html"><font class="NavBarFont1"><b>Use</b></font></a> </td><td bgcolor="#EEEEFF" class="NavBarCell1"><a href="package-tree.html"><font class="NavBarFont1"><b>Tree</b></font></a> </td><td bgcolor="#EEEEFF" class="NavBarCell1"><a href="../../../deprecated-list.html"><font class="NavBarFont1"><b>Deprecated</b></font></a> </td><td bgcolor="#EEEEFF" class="NavBarCell1"><a href="../../../index-files/index-1.html"><font class="NavBarFont1"><b>Index</b></font></a> </td><td bgcolor="#EEEEFF" class="NavBarCell1"><a href="../../../help-doc.html"><font class="NavBarFont1"><b>Help</b></font></a> </td></tr></tbody></table></td><td align="right" valign="top" rowspan="3"><em/></td></tr><tr><td bgcolor="white" class="NavBarCell2"><font size="-2">  <a href="../../../javax/sql/rowset/RowSetMetaDataImpl.html" title="class in javax.sql.rowset"><b>PREV CLASS </b></a>   <a href="../../../javax/sql/rowset/RowSetWarning.html" title="class in javax.sql.rowset"><b>NEXT CLASS </b></a>  </font></td><td bgcolor="white" class="NavBarCell2"><font size="-2"><a href="../../../index.html?javax/sql/rowset/RowSetProvider.html" target="_top"><b>FRAMES</b></a>    <a href="RowSetProvider.html" target="_top"><b>NO FRAMES </b></a>    <a href="../../../allclasses-noframe.html"><b>All Classes </b></a>    </font></td></tr><tr><td valign="top" class="NavBarCell3"><font size="-2"> SUMMARY: NESTED | FIELD | <a href="#constructor_summary">CONSTR</a> | <a href="#method_summary">METHOD</a> </font></td><td valign="top" class="NavBarCell3"><font size="-2"> DETAIL: FIELD | <a href="#constructor_detail">CONSTR</a> | <a href="#method_detail">METHOD</a> </font></td></tr></tbody></table> <a name="skip-navbar_top"/> <hr/><h2> <font size="-1"> javax.sql.rowset </font> <br/> Class RowSetProvider    </h2><pre>
java.lang.Object
  <img src="../../../resources/inherit.gif" alt="extended by "/><b>javax.sql.rowset.RowSetProvider</b>

</pre> <hr/> <a start_ctx_id="class:RowSetProvider"/><dl> <dt><pre>public class <b>RowSetProvider</b></pre>  </dt> <dt>extends java.lang.Object </dt>  </dl><p> A factory API that enables applications to obtain a <code>RowSetFactory</code> implementation that can be used to create different types of <code>RowSet</code> implementations.                      </p><p> Example: </p><pre>
 RowSetFactory aFactory = RowSetProvider.newFactory();
 CachedRowSet crs = aFactory.createCachedRowSet();
 ...
 RowSetFactory rsf = RowSetProvider.newFactory("com.sun.rowset.RowSetFactoryImpl", null);
 WebRowSet wrs = rsf.createWebRowSet();
 </pre><p> Tracing of this class may be enabled by setting the System property <code>javax.sql.rowset.RowSetFactory.debug</code> to any value but <code>false</code>.                  </p><p/><p><dl> <dt> <b>Since:</b>   </dt><dd>1.7</dd> </dl> <a end_ctx_id="class:RowSetProvider"/> </p> <hr/><p> <a name="constructor_summary"/><table border="1" width="100%" cellpadding="3" cellspacing="0" summary=""><tbody><tr bgcolor="#CCCCFF" class="TableHeadingColor"><th align="left" colspan="2"><font size="+2"><b>Constructor Summary </b></font></th></tr><tr bgcolor="white" class="TableRowColor"><td align="right" valign="top" width="1%"><font size="-1"><code>protected  </code></font></td><td><code><b><a href="../../../javax/sql/rowset/RowSetProvider.html#RowSetProvider()">RowSetProvider</a></b>()</code> <br/>              </td></tr></tbody></table>   <a name="method_summary"/><table border="1" width="100%" cellpadding="3" cellspacing="0" summary=""><tbody><tr bgcolor="#CCCCFF" class="TableHeadingColor"><th align="left" colspan="2"><font size="+2"><b>Method Summary </b></font></th></tr><tr bgcolor="white" class="TableRowColor"><td align="right" valign="top" width="1%"><font size="-1"><code>static <a href="../../../javax/sql/rowset/RowSetFactory.html" title="interface in javax.sql.rowset">RowSetFactory</a></code></font></td><td><code><b><a href="../../../javax/sql/rowset/RowSetProvider.html#newFactory()">newFactory</a></b>()</code> <br/>           Creates a new instance of a <code>RowSetFactory</code> implementation.         </td></tr><tr bgcolor="white" class="TableRowColor"><td align="right" valign="top" width="1%"><font size="-1"><code>static <a href="../../../javax/sql/rowset/RowSetFactory.html" title="interface in javax.sql.rowset">RowSetFactory</a></code></font></td><td><code><b><a href="../../../javax/sql/rowset/RowSetProvider.html#newFactory(java.lang.String, java.lang.ClassLoader)">newFactory</a></b>(java.lang.String factoryClassName, java.lang.ClassLoader cl) </code> <br/>           Creates a new instance of a <code>RowSetFactory</code> from the specified factory class name.              </td></tr></tbody></table>  <a name="methods_inherited_from_class_java.lang.Object"/><table border="1" width="100%" cellpadding="3" cellspacing="0" summary=""><tbody><tr bgcolor="#EEEEFF" class="TableSubHeadingColor"><th align="left"><b>Methods inherited from class java.lang.Object    </b></th></tr><tr bgcolor="white" class="TableRowColor"><td><code>clone, equals, finalize, getClass, hashCode, notify, notifyAll, toString, wait, wait, wait          </code></td></tr></tbody></table>       </p><p> <a name="constructor_detail"/><table border="1" width="100%" cellpadding="3" cellspacing="0" summary=""><tbody><tr bgcolor="#CCCCFF" class="TableHeadingColor"><th align="left" colspan="1"><font size="+2"><b>Constructor Detail </b></font></th></tr></tbody></table> <a start_ctx_id="constructor:RowSetProvider()"/><a name="RowSetProvider()"/>  </p><h3> RowSetProvider </h3><pre>
protected <b>RowSetProvider</b>()</pre><dl/> <a end_ctx_id="constructor:RowSetProvider()"/><a name="method_detail"/><table border="1" width="100%" cellpadding="3" cellspacing="0" summary=""><tbody><tr bgcolor="#CCCCFF" class="TableHeadingColor"><th align="left" colspan="1"><font size="+2"><b>Method Detail </b></font></th></tr></tbody></table> <a start_ctx_id="method:newFactory()"/><a name="newFactory()"/><h3> newFactory </h3><pre>
public static <a href="../../../javax/sql/rowset/RowSetFactory.html" title="interface in javax.sql.rowset">RowSetFactory</a><b>newFactory</b>()
                                throws <a href="../../../java/sql/SQLException.html" title="class in java.sql">SQLException</a></pre><dl><dd><p>Creates a new instance of a <code>RowSetFactory</code> implementation. This method uses the following look up order to determine the <code>RowSetFactory</code> implementation class to load:                       </p><ul><li> The System property <code>javax.sql.rowset.RowSetFactory</code>. For example:<ul><li> -Djavax.sql.rowset.RowSetFactory=com.sun.rowset.RowSetFactoryImpl </li></ul>      </li><li> The <code>ServiceLoader</code> API. The <code>ServiceLoader</code> API will look for a class name in the file <code>META-INF/services/javax.sql.rowset.RowSetFactory</code> in jars available to the runtime. For example, to have the the RowSetFactory implementation <code>com.sun.rowset.RowSetFactoryImpl  </code> loaded, the entry in <code>META-INF/services/javax.sql.rowset.RowSetFactory</code> would be:<ul><li> <code>com.sun.rowset.RowSetFactoryImpl  </code> </li></ul>                                      </li><li> Platform default <code>RowSetFactory</code> instance.    </li></ul><p>Once an application has obtained a reference to a <code>RowSetFactory</code>, it can use the factory to obtain RowSet instances.                  </p><p/></dd><dd><dl> <dt> <b>Returns:</b>   </dt><dd>New instance of a <code>RowSetFactory</code>    </dd> <dt> <b>Throws:</b>   </dt><dd> <code><a href="../../../java/sql/SQLException.html" title="class in java.sql">SQLException</a></code> - if the default factory class cannot be loaded, instantiated. The cause will be set to actual Exception                   </dd> <dt> <b>Since:</b>   </dt><dd>1.7</dd> <dt> <b>See Also: </b>   </dt><dd> <code>ServiceLoader</code> </dd>    </dl></dd></dl> <a end_ctx_id="method:newFactory()"/> <hr/> <a start_ctx_id="method:newFactory(java.lang.String, java.lang.ClassLoader)"/><a name="newFactory(java.lang.String, java.lang.ClassLoader)"/><h3> newFactory </h3><pre>
public static <a href="../../../javax/sql/rowset/RowSetFactory.html" title="interface in javax.sql.rowset">RowSetFactory</a><b>newFactory</b>(java.lang.String factoryClassName,
                                       java.lang.ClassLoader cl)
                                throws <a href="../../../java/sql/SQLException.html" title="class in java.sql">SQLException</a></pre><dl><dd><p>Creates a new instance of a <code>RowSetFactory</code> from the specified factory class name. This function is useful when there are multiple providers in the classpath. It gives more control to the application as it can specify which provider should be loaded.                                        </p><p>Once an application has obtained a reference to a <code>RowSetFactory</code> it can use the factory to obtain RowSet instances.                  </p><p/></dd><dd><dl> <dt> <b>Parameters:</b>   </dt><dd> <code>factoryClassName</code> - fully qualified factory class name that provides an implementation of <code>javax.sql.rowset.RowSetFactory</code>.             </dd><dd> <code>cl</code> - <code>ClassLoader</code> used to load the factory class. If <code>null</code> current <code>Thread</code>'s context classLoader is used to load the factory class.                      </dd> <dt> <b>Returns:</b>   </dt><dd>New instance of a <code>RowSetFactory</code>    </dd> <dt> <b>Throws:</b>   </dt><dd> <code><a href="../../../java/sql/SQLException.html" title="class in java.sql">SQLException</a></code> - if <code>factoryClassName</code> is <code>null</code>, or the factory class cannot be loaded, instantiated.              </dd> <dt> <b>Since:</b>   </dt><dd>1.7</dd> <dt> <b>See Also: </b>   </dt><dd> <a href="../../../javax/sql/rowset/RowSetProvider.html#newFactory()"><code>newFactory()</code></a> </dd>     </dl></dd></dl> <a end_ctx_id="method:newFactory(java.lang.String, java.lang.ClassLoader)"/> <hr/> <a name="navbar_bottom"/><a href="#skip-navbar_bottom" title="Skip navigation links"/><table border="0" width="100%" cellpadding="1" cellspacing="0" summary=""><tbody><tr><td colspan="2" bgcolor="#EEEEFF" class="NavBarCell1"><a name="navbar_bottom_firstrow"/><table border="0" cellpadding="0" cellspacing="3" summary=""><tbody><tr align="center" valign="top"><td bgcolor="#EEEEFF" class="NavBarCell1"><a href="../../../overview-summary.html"><font class="NavBarFont1"><b>Overview</b></font></a> </td><td bgcolor="#EEEEFF" class="NavBarCell1"><a href="package-summary.html"><font class="NavBarFont1"><b>Package</b></font></a> </td><td bgcolor="#FFFFFF" class="NavBarCell1Rev">  <font class="NavBarFont1Rev"><b>Class</b></font>  </td><td bgcolor="#EEEEFF" class="NavBarCell1"><a href="class-use/RowSetProvider.html"><font class="NavBarFont1"><b>Use</b></font></a> </td><td bgcolor="#EEEEFF" class="NavBarCell1"><a href="package-tree.html"><font class="NavBarFont1"><b>Tree</b></font></a> </td><td bgcolor="#EEEEFF" class="NavBarCell1"><a href="../../../deprecated-list.html"><font class="NavBarFont1"><b>Deprecated</b></font></a> </td><td bgcolor="#EEEEFF" class="NavBarCell1"><a href="../../../index-files/index-1.html"><font class="NavBarFont1"><b>Index</b></font></a> </td><td bgcolor="#EEEEFF" class="NavBarCell1"><a href="../../../help-doc.html"><font class="NavBarFont1"><b>Help</b></font></a> </td></tr></tbody></table></td><td align="right" valign="top" rowspan="3"><em/></td></tr><tr><td bgcolor="white" class="NavBarCell2"><font size="-2">  <a href="../../../javax/sql/rowset/RowSetMetaDataImpl.html" title="class in javax.sql.rowset"><b>PREV CLASS </b></a>   <a href="../../../javax/sql/rowset/RowSetWarning.html" title="class in javax.sql.rowset"><b>NEXT CLASS </b></a>  </font></td><td bgcolor="white" class="NavBarCell2"><font size="-2"><a href="../../../index.html?javax/sql/rowset/RowSetProvider.html" target="_top"><b>FRAMES</b></a>    <a href="RowSetProvider.html" target="_top"><b>NO FRAMES </b></a>    <a href="../../../allclasses-noframe.html"><b>All Classes </b></a>    </font></td></tr><tr><td valign="top" class="NavBarCell3"><font size="-2"> SUMMARY: NESTED | FIELD | <a href="#constructor_summary">CONSTR</a> | <a href="#method_summary">METHOD</a> </font></td><td valign="top" class="NavBarCell3"><font size="-2"> DETAIL: FIELD | <a href="#constructor_detail">CONSTR</a> | <a href="#method_detail">METHOD</a> </font></td></tr></tbody></table> <a name="skip-navbar_bottom"/> <hr/> <font size="-1">Java is a trademark or registered trademark of Sun Microsystems, Inc. 901 San Antonio Road, <br/>Palo Alto, California, 94303, U.S.A All Rights Reserved.                      </font>                  </diff></diffreport>