<?xml version="1.0" encoding="UTF-8" standalone="yes"?><Document><name>javax/sql/rowset/RowSetMetaDataImpl.spec</name><Context><name>class:RowSetMetaDataImpl</name><mt>NONE</mt></Context><Context><name>constructor:RowSetMetaDataImpl()</name><mt>NONE</mt></Context><Context><name>method:getCatalogName(int)</name><mt>NONE</mt></Context><Context><name>method:getColumnClassName(int)</name><mt>NONE</mt></Context><Context><name>method:getColumnCount()</name><mt>NONE</mt></Context><Context><name>method:getColumnDisplaySize(int)</name><mt>NONE</mt></Context><Context><name>method:getColumnLabel(int)</name><mt>NONE</mt></Context><Context><name>method:getColumnName(int)</name><mt>NONE</mt></Context><Context><name>method:getColumnType(int)</name><mt>NONE</mt></Context><Context><name>method:getColumnTypeName(int)</name><mt>NONE</mt></Context><Context><name>method:getPrecision(int)</name><mt>NONE</mt></Context><Context><name>method:getScale(int)</name><mt>NONE</mt></Context><Context><name>method:getSchemaName(int)</name><mt>NONE</mt></Context><Context><name>method:getTableName(int)</name><mt>NONE</mt></Context><Context><name>method:isAutoIncrement(int)</name><mt>NONE</mt></Context><Context><name>method:isCaseSensitive(int)</name><mt>NONE</mt></Context><Context><name>method:isCurrency(int)</name><mt>NONE</mt></Context><Context><name>method:isDefinitelyWritable(int)</name><mt>NONE</mt></Context><Context><name>method:isNullable(int)</name><mt>NONE</mt></Context><Context><name>method:isReadOnly(int)</name><mt>NONE</mt></Context><Context><name>method:isSearchable(int)</name><mt>NONE</mt></Context><Context><name>method:isSigned(int)</name><mt>NONE</mt></Context><Context><name>method:isWrapperFor(java.lang.Class)</name><mt>NONE</mt></Context><Context><name>method:isWritable(int)</name><mt>NONE</mt></Context><Context><name>method:setAutoIncrement(int, boolean)</name><mt>NONE</mt></Context><Context><name>method:setCaseSensitive(int, boolean)</name><mt>NONE</mt></Context><Context><name>method:setCatalogName(int, java.lang.String)</name><mt>NONE</mt></Context><Context><name>method:setColumnCount(int)</name><mt>NONE</mt></Context><Context><name>method:setColumnDisplaySize(int, int)</name><mt>NONE</mt></Context><Context><name>method:setColumnLabel(int, java.lang.String)</name><mt>NONE</mt></Context><Context><name>method:setColumnName(int, java.lang.String)</name><mt>NONE</mt></Context><Context><name>method:setColumnType(int, int)</name><mt>NONE</mt></Context><Context><name>method:setColumnTypeName(int, java.lang.String)</name><mt>NONE</mt></Context><Context><name>method:setCurrency(int, boolean)</name><mt>NONE</mt></Context><Context><name>method:setNullable(int, int)</name><mt>NONE</mt></Context><Context><name>method:setPrecision(int, int)</name><mt>NONE</mt></Context><Context><name>method:setScale(int, int)</name><mt>NONE</mt></Context><Context><name>method:setSchemaName(int, java.lang.String)</name><mt>NONE</mt></Context><Context><name>method:setSearchable(int, boolean)</name><mt>NONE</mt></Context><Context><name>method:setSigned(int, boolean)</name><mt>NONE</mt></Context><Context><name>method:setTableName(int, java.lang.String)</name><mt>NONE</mt></Context><Context><name>method:unwrap(java.lang.Class)</name><mt>NONE</mt></Context><Stat><name>javax/sql/rowset/RowSetMetaDataImpl.spec</name><mt>NONE</mt><Group name="context"><Item count="0" name="ADDED"/><Item count="0" name="REMOVED"/><Item count="0" name="CHANGED"/><Item count="0" name="MODIFIED"/><Item count="42" name="TOTAL"/></Group><Group name="assertion"><Item count="0" name="ADDED"/><Item count="0" name="REMOVED"/><Item count="0" name="CHANGED"/><Item count="0" name="MODIFIED"/><Item count="0" name="TOTAL"/></Group></Stat></Document>