<?xml version="1.0" encoding="UTF-8" standalone="yes"?><Document><name>javax/sql/rowset/RowSetFactory.spec</name><Context><name>class:RowSetFactory</name><mt>ADDED</mt></Context><Context><name>method:createCachedRowSet()</name><mt>ADDED</mt></Context><Context><name>method:createFilteredRowSet()</name><mt>ADDED</mt></Context><Context><name>method:createJdbcRowSet()</name><mt>ADDED</mt></Context><Context><name>method:createJoinRowSet()</name><mt>ADDED</mt></Context><Context><name>method:createWebRowSet()</name><mt>ADDED</mt></Context><Stat><name>javax/sql/rowset/RowSetFactory.spec</name><mt>ADDED</mt><Group name="context"><Item count="6" name="ADDED"/><Item count="0" name="REMOVED"/><Item count="0" name="CHANGED"/><Item count="6" name="MODIFIED"/><Item count="6" name="TOTAL"/></Group><Group name="assertion"><Item count="0" name="ADDED"/><Item count="0" name="REMOVED"/><Item count="0" name="CHANGED"/><Item count="0" name="MODIFIED"/><Item count="0" name="TOTAL"/></Group></Stat></Document>