<?xml version="1.0" encoding="UTF-8" standalone="yes"?><Document><name>javax/sql/rowset/RowSetWarning.spec</name><Context><name>class:RowSetWarning</name><mt>NONE</mt></Context><Context><name>constructor:RowSetWarning()</name><mt>NONE</mt></Context><Context><name>constructor:RowSetWarning(java.lang.String)</name><mt>NONE</mt></Context><Context><name>constructor:RowSetWarning(java.lang.String, java.lang.String)</name><mt>NONE</mt></Context><Context><name>constructor:RowSetWarning(java.lang.String, java.lang.String, int)</name><mt>NONE</mt></Context><Context><name>method:getNextWarning()</name><mt>NONE</mt></Context><Context><name>method:setNextWarning(javax.sql.rowset.RowSetWarning)</name><mt>NONE</mt></Context><Stat><name>javax/sql/rowset/RowSetWarning.spec</name><mt>NONE</mt><Group name="context"><Item count="0" name="ADDED"/><Item count="0" name="REMOVED"/><Item count="0" name="CHANGED"/><Item count="0" name="MODIFIED"/><Item count="7" name="TOTAL"/></Group><Group name="assertion"><Item count="0" name="ADDED"/><Item count="0" name="REMOVED"/><Item count="0" name="CHANGED"/><Item count="0" name="MODIFIED"/><Item count="0" name="TOTAL"/></Group></Stat></Document>