<?xml version="1.0" encoding="UTF-8"?><diffreport><diff><table border="0" cellpadding="1" cellspacing="0" width="100%"><tr><td><h3 class="ctxid">class:RowSetWarning [NONE]</h3></td></tr><tr><td><table border="0" cellpadding="5" cellspacing="1" bgcolor="black" width="100%"><tr valign="top"><td bgcolor="#FFFFFF" colspan="1"> <a start_ctx_id="class:RowSetWarning"/><dl> <dt><pre>public class <b>RowSetWarning</b></pre>  </dt> <dt>extends <a href="../../../java/sql/SQLException.html" title="class in java.sql">SQLException</a>   </dt>  </dl><p> An extension of <code>SQLException</code> that provides information about database warnings set on <code>RowSet</code> objects. Warnings are silently chained to the object whose method call caused it to be reported. This class complements the <code>SQLWarning</code> class.                                   </p><p> Rowset warnings may be retrieved from <code>JdbcRowSet</code>, <code>CachedRowSet</code><sup><font size="-2">TM</font></sup>, <code>WebRowSet</code>, <code>FilteredRowSet</code>, or <code>JoinRowSet</code> implementations. To retrieve the first warning reported on any <code>RowSet</code> implementation, use the method <code>getRowSetWarnings</code> defined in the <code>JdbcRowSet</code> interface or the <code>CachedRowSet</code> interface. To retrieve a warning chained to the first warning, use the <code>RowSetWarning</code> method <code>getNextWarning</code>. To retrieve subsequent warnings, call <code>getNextWarning</code> on each <code>RowSetWarning</code> object that is returned.                                                               </p><p> The inherited methods <code>getMessage</code>, <code>getSQLState</code>, and <code>getErrorCode</code> retrieve information contained in a <code>RowSetWarning</code> object.              </p><p/><p><dl> <dt> <b>See Also: </b>   </dt><dd> <a href="../../../serialized-form.html#javax.sql.rowset.RowSetWarning">Serialized Form </a> </dd> </dl> <a end_ctx_id="class:RowSetWarning"/> </p> </td></tr></table></td></tr></table><table border="0" cellpadding="1" cellspacing="0" width="100%"><tr><td><h3 class="ctxid">constructor:RowSetWarning(java.lang.String) [NONE]</h3></td></tr><tr><td><table border="0" cellpadding="5" cellspacing="1" bgcolor="black" width="100%"><tr valign="top"><td bgcolor="#FFFFFF" colspan="1"> <a start_ctx_id="constructor:RowSetWarning(java.lang.String)"/><a name="RowSetWarning(java.lang.String)"/><h3> RowSetWarning </h3><pre>
public <b>RowSetWarning</b>(java.lang.String reason)</pre><dl><dd>Constructs a <code>RowSetWarning</code> object with the given value for the reason; SQLState defaults to null, and vendorCode defaults to 0.<p><dl> <dt> <b>Parameters:</b>   </dt><dd> <code>reason</code> - a <code>String</code> object giving a description of the warning; if the <code>String</code> is <code>null</code>, this constructor behaves like the default (zero parameter) <code>RowSetWarning</code> constructor                          </dd> </dl></p>                   </dd></dl> <a end_ctx_id="constructor:RowSetWarning(java.lang.String)"/>  </td></tr></table></td></tr></table><table border="0" cellpadding="1" cellspacing="0" width="100%"><tr><td><h3 class="ctxid">constructor:RowSetWarning() [NONE]</h3></td></tr><tr><td><table border="0" cellpadding="5" cellspacing="1" bgcolor="black" width="100%"><tr valign="top"><td bgcolor="#FFFFFF" colspan="1"> <a start_ctx_id="constructor:RowSetWarning()"/><a name="RowSetWarning()"/><h3> RowSetWarning </h3><pre>
public <b>RowSetWarning</b>()</pre><dl><dd>Constructs a default <code>RowSetWarning</code> object. The reason defaults to <code>null</code>, SQLState defaults to null and vendorCode defaults to 0.<p/>                  </dd></dl> <a end_ctx_id="constructor:RowSetWarning()"/>  </td></tr></table></td></tr></table><table border="0" cellpadding="1" cellspacing="0" width="100%"><tr><td><h3 class="ctxid">constructor:RowSetWarning(java.lang.String, java.lang.String) [NONE]</h3></td></tr><tr><td><table border="0" cellpadding="5" cellspacing="1" bgcolor="black" width="100%"><tr valign="top"><td bgcolor="#FFFFFF" colspan="1"> <a start_ctx_id="constructor:RowSetWarning(java.lang.String, java.lang.String)"/><a name="RowSetWarning(java.lang.String, java.lang.String)"/><h3> RowSetWarning </h3><pre>
public <b>RowSetWarning</b>(java.lang.String reason,
                     java.lang.String SQLState)</pre><dl><dd>Constructs a <code>RowSetWarning</code> object initialized with the given values for the reason and SQLState. The vendor code defaults to 0. If the <code>reason</code> or <code>SQLState</code> parameters are <code>null</code>, this constructor behaves like the default (zero parameter) <code>RowSetWarning</code> constructor.<p><dl> <dt> <b>Parameters:</b>   </dt><dd> <code>reason</code> - a <code>String</code> giving a description of the warning;          </dd><dd> <code>SQLState</code> - an XOPEN code identifying the warning; if a non standard XOPEN <i>SQLState</i> is supplied, no exception is thrown.                    </dd> </dl></p>                                     </dd></dl> <a end_ctx_id="constructor:RowSetWarning(java.lang.String, java.lang.String)"/>  </td></tr></table></td></tr></table><table border="0" cellpadding="1" cellspacing="0" width="100%"><tr><td><h3 class="ctxid">constructor:RowSetWarning(java.lang.String, java.lang.String, int) [NONE]</h3></td></tr><tr><td><table border="0" cellpadding="5" cellspacing="1" bgcolor="black" width="100%"><tr valign="top"><td bgcolor="#FFFFFF" colspan="1"> <a start_ctx_id="constructor:RowSetWarning(java.lang.String, java.lang.String, int)"/><a name="RowSetWarning(java.lang.String, java.lang.String, int)"/><h3> RowSetWarning </h3><pre>
public <b>RowSetWarning</b>(java.lang.String reason,
                     java.lang.String SQLState,
                     int vendorCode)</pre><dl><dd>Constructs a fully specified <code>RowSetWarning</code> object initialized with the given values for the reason, SQLState and vendorCode. If the <code>reason</code>, or the <code>SQLState</code> parameters are <code>null</code>, this constructor behaves like the default (zero parameter) <code>RowSetWarning</code> constructor.<p><dl> <dt> <b>Parameters:</b>   </dt><dd> <code>reason</code> - a <code>String</code> giving a description of the warning;          </dd><dd> <code>SQLState</code> - an XOPEN code identifying the warning; if a non standard XPOEN <i>SQLState</i> is supplied, no exception is thrown.                    </dd><dd> <code>vendorCode</code> - a database vendor-specific warning code       </dd> </dl></p>                                   </dd></dl> <a end_ctx_id="constructor:RowSetWarning(java.lang.String, java.lang.String, int)"/>  </td></tr></table></td></tr></table><table border="0" cellpadding="1" cellspacing="0" width="100%"><tr><td><h3 class="ctxid">method:getNextWarning() [NONE]</h3></td></tr><tr><td><table border="0" cellpadding="5" cellspacing="1" bgcolor="black" width="100%"><tr valign="top"><td bgcolor="#FFFFFF" colspan="1"> <a start_ctx_id="method:getNextWarning()"/><a name="getNextWarning()"/><h3> getNextWarning </h3><pre>
public <a href="../../../javax/sql/rowset/RowSetWarning.html" title="class in javax.sql.rowset">RowSetWarning</a><b>getNextWarning</b>()</pre><dl><dd>Retrieves the warning chained to this <code>RowSetWarning</code> object.<p/>       </dd><dd><dl> <dt> <b>Returns:</b>   </dt><dd>the <code>RowSetWarning</code> object chained to this one; if no <code>RowSetWarning</code> object is chained to this one, <code>null</code> is returned (default value)                    </dd> <dt> <b>See Also: </b>   </dt><dd> <a href="../../../javax/sql/rowset/RowSetWarning.html#setNextWarning(javax.sql.rowset.RowSetWarning)"><code>setNextWarning(javax.sql.rowset.RowSetWarning)</code></a> </dd>  </dl></dd></dl> <a end_ctx_id="method:getNextWarning()"/>  </td></tr></table></td></tr></table><table border="0" cellpadding="1" cellspacing="0" width="100%"><tr><td><h3 class="ctxid">method:setNextWarning(javax.sql.rowset.RowSetWarning) [NONE]</h3></td></tr><tr><td><table border="0" cellpadding="5" cellspacing="1" bgcolor="black" width="100%"><tr valign="top"><td bgcolor="#FFFFFF" colspan="1"> <a start_ctx_id="method:setNextWarning(javax.sql.rowset.RowSetWarning)"/><a name="setNextWarning(javax.sql.rowset.RowSetWarning)"/><h3> setNextWarning </h3><pre>
public void <b>setNextWarning</b>(<a href="../../../javax/sql/rowset/RowSetWarning.html" title="class in javax.sql.rowset">RowSetWarning</a> warning)</pre><dl><dd>Sets <i>warning</i> as the next warning, that is, the warning chained to this <code>RowSetWarning</code> object.<p/>              </dd><dd><dl> <dt> <b>Parameters:</b>   </dt><dd> <code>warning</code> - the <code>RowSetWarning</code> object to be set as the next warning; if the <code>RowSetWarning</code> is null, this represents the finish point in the warning chain                          </dd> <dt> <b>See Also: </b>   </dt><dd> <a href="../../../javax/sql/rowset/RowSetWarning.html#getNextWarning()"><code>getNextWarning()</code></a> </dd>  </dl></dd></dl> <a end_ctx_id="method:setNextWarning(javax.sql.rowset.RowSetWarning)"/>  </td></tr></table></td></tr></table></diff></diffreport>