<?xml version="1.0" encoding="UTF-8"?><diffreport><diff><table border="0" cellpadding="1" cellspacing="0" width="100%"><tr><td><h3 class="ctxid">class:RowSetMetaDataImpl [NONE]</h3></td></tr><tr><td><table border="0" cellpadding="5" cellspacing="1" bgcolor="black" width="100%"><tr valign="top"><td bgcolor="#FFFFFF" colspan="1"> <a start_ctx_id="class:RowSetMetaDataImpl"/><dl> <dt><pre>public class <b>RowSetMetaDataImpl</b></pre>  </dt> <dt>extends java.lang.Object </dt> <dt>implements <a href="../../../javax/sql/RowSetMetaData.html" title="interface in javax.sql">RowSetMetaData</a>, java.io.Serializable  </dt>   </dl><p> Provides implementations for the methods that set and get metadata information about a <code>RowSet</code> object's columns. A <code>RowSetMetaDataImpl</code> object keeps track of the number of columns in the rowset and maintains an internal array of column attributes for each column.                                        </p><p> A <code>RowSet</code> object creates a <code>RowSetMetaDataImpl</code> object internally in order to set and retrieve information about its columns.                  </p><p> NOTE: All metadata in a <code>RowSetMetaDataImpl</code> object should be considered as unavailable until the <code>RowSet</code> object that it describes is populated. Therefore, any <code>RowSetMetaDataImpl</code> method that retrieves information is defined as having unspecified behavior when it is called before the <code>RowSet</code> object contains data.                                            </p><p/><p><dl> <dt> <b>See Also: </b>   </dt><dd> <a href="../../../serialized-form.html#javax.sql.rowset.RowSetMetaDataImpl">Serialized Form </a> </dd> </dl> <a end_ctx_id="class:RowSetMetaDataImpl"/> </p> </td></tr></table></td></tr></table><table border="0" cellpadding="1" cellspacing="0" width="100%"><tr><td><h3 class="ctxid">constructor:RowSetMetaDataImpl() [NONE]</h3></td></tr><tr><td><table border="0" cellpadding="5" cellspacing="1" bgcolor="black" width="100%"><tr valign="top"><td bgcolor="#FFFFFF" colspan="1"> <a start_ctx_id="constructor:RowSetMetaDataImpl()"/><a name="RowSetMetaDataImpl()"/><h3> RowSetMetaDataImpl </h3><pre>
public <b>RowSetMetaDataImpl</b>()</pre><dl/> <a end_ctx_id="constructor:RowSetMetaDataImpl()"/>  </td></tr></table></td></tr></table><table border="0" cellpadding="1" cellspacing="0" width="100%"><tr><td><h3 class="ctxid">method:setColumnCount(int) [NONE]</h3></td></tr><tr><td><table border="0" cellpadding="5" cellspacing="1" bgcolor="black" width="100%"><tr valign="top"><td bgcolor="#FFFFFF" colspan="1"> <a start_ctx_id="method:setColumnCount(int)"/><a name="setColumnCount(int)"/><h3> setColumnCount </h3><pre>
public void <b>setColumnCount</b>(int columnCount)
                    throws <a href="../../../java/sql/SQLException.html" title="class in java.sql">SQLException</a></pre><dl><dd>Sets to the given number the number of columns in the <code>RowSet</code> object for which this <code>RowSetMetaDataImpl</code> object was created.<p/>                   </dd><dd><dl> <dt> <b>Specified by: </b>   </dt><dd> <code><a href="../../../javax/sql/RowSetMetaData.html#setColumnCount(int)">setColumnCount</a></code> in interface <code><a href="../../../javax/sql/RowSetMetaData.html" title="interface in javax.sql">RowSetMetaData</a></code>    </dd> </dl></dd><dd><dl> <dt> <b>Parameters:</b>   </dt><dd> <code>columnCount</code> - an <code>int</code> giving the number of columns in the <code>RowSet</code> object             </dd> <dt> <b>Throws:</b>   </dt><dd> <code><a href="../../../java/sql/SQLException.html" title="class in java.sql">SQLException</a></code> - if the given number is equal to or less than zero             </dd>  </dl></dd></dl> <a end_ctx_id="method:setColumnCount(int)"/>  </td></tr></table></td></tr></table><table border="0" cellpadding="1" cellspacing="0" width="100%"><tr><td><h3 class="ctxid">method:setAutoIncrement(int, boolean) [NONE]</h3></td></tr><tr><td><table border="0" cellpadding="5" cellspacing="1" bgcolor="black" width="100%"><tr valign="top"><td bgcolor="#FFFFFF" colspan="1"> <a start_ctx_id="method:setAutoIncrement(int, boolean)"/><a name="setAutoIncrement(int, boolean)"/><h3> setAutoIncrement </h3><pre>
public void <b>setAutoIncrement</b>(int columnIndex,
                             boolean property)
                      throws <a href="../../../java/sql/SQLException.html" title="class in java.sql">SQLException</a></pre><dl><dd>Sets whether the designated column is automatically numbered, thus read-only, to the given <code>boolean</code> value.<p/>              </dd><dd><dl> <dt> <b>Specified by: </b>   </dt><dd> <code><a href="../../../javax/sql/RowSetMetaData.html#setAutoIncrement(int, boolean)">setAutoIncrement</a></code> in interface <code><a href="../../../javax/sql/RowSetMetaData.html" title="interface in javax.sql">RowSetMetaData</a></code>    </dd> </dl></dd><dd><dl> <dt> <b>Parameters:</b>   </dt><dd> <code>columnIndex</code> - the first column is 1, the second is 2, and so on; must be between <code>1</code> and the number of columns in the rowset, inclusive                           </dd><dd> <code>property</code> - <code>true</code> if the given column is automatically incremented; <code>false</code> otherwise            </dd> <dt> <b>Throws:</b>   </dt><dd> <code><code>SQLException</code></code> - if a database access error occurs or the given index is out of bounds                </dd><dd> <code><a href="../../../java/sql/SQLException.html" title="class in java.sql">SQLException</a></code> - if a database access error occurs        </dd>  </dl></dd></dl> <a end_ctx_id="method:setAutoIncrement(int, boolean)"/>  </td></tr></table></td></tr></table><table border="0" cellpadding="1" cellspacing="0" width="100%"><tr><td><h3 class="ctxid">method:setCaseSensitive(int, boolean) [NONE]</h3></td></tr><tr><td><table border="0" cellpadding="5" cellspacing="1" bgcolor="black" width="100%"><tr valign="top"><td bgcolor="#FFFFFF" colspan="1"> <a start_ctx_id="method:setCaseSensitive(int, boolean)"/><a name="setCaseSensitive(int, boolean)"/><h3> setCaseSensitive </h3><pre>
public void <b>setCaseSensitive</b>(int columnIndex,
                             boolean property)
                      throws <a href="../../../java/sql/SQLException.html" title="class in java.sql">SQLException</a></pre><dl><dd>Sets whether the name of the designated column is case sensitive to the given <code>boolean</code>.<p/>              </dd><dd><dl> <dt> <b>Specified by: </b>   </dt><dd> <code><a href="../../../javax/sql/RowSetMetaData.html#setCaseSensitive(int, boolean)">setCaseSensitive</a></code> in interface <code><a href="../../../javax/sql/RowSetMetaData.html" title="interface in javax.sql">RowSetMetaData</a></code>    </dd> </dl></dd><dd><dl> <dt> <b>Parameters:</b>   </dt><dd> <code>columnIndex</code> - the first column is 1, the second is 2, and so on; must be between <code>1</code> and the number of columns in the rowset, inclusive                           </dd><dd> <code>property</code> - <code>true</code> to indicate that the column name is case sensitive; <code>false</code> otherwise              </dd> <dt> <b>Throws:</b>   </dt><dd> <code><a href="../../../java/sql/SQLException.html" title="class in java.sql">SQLException</a></code> - if a database access error occurs or the given column number is out of bounds                 </dd>  </dl></dd></dl> <a end_ctx_id="method:setCaseSensitive(int, boolean)"/>  </td></tr></table></td></tr></table><table border="0" cellpadding="1" cellspacing="0" width="100%"><tr><td><h3 class="ctxid">method:setSearchable(int, boolean) [NONE]</h3></td></tr><tr><td><table border="0" cellpadding="5" cellspacing="1" bgcolor="black" width="100%"><tr valign="top"><td bgcolor="#FFFFFF" colspan="1"> <a start_ctx_id="method:setSearchable(int, boolean)"/><a name="setSearchable(int, boolean)"/><h3> setSearchable </h3><pre>
public void <b>setSearchable</b>(int columnIndex,
                          boolean property)
                   throws <a href="../../../java/sql/SQLException.html" title="class in java.sql">SQLException</a></pre><dl><dd>Sets whether a value stored in the designated column can be used in a <code>WHERE</code> clause to the given <code>boolean</code> value.<p/>                    </dd><dd><dl> <dt> <b>Specified by: </b>   </dt><dd> <code><a href="../../../javax/sql/RowSetMetaData.html#setSearchable(int, boolean)">setSearchable</a></code> in interface <code><a href="../../../javax/sql/RowSetMetaData.html" title="interface in javax.sql">RowSetMetaData</a></code>    </dd> </dl></dd><dd><dl> <dt> <b>Parameters:</b>   </dt><dd> <code>columnIndex</code> - the first column is 1, the second is 2, and so on; must be between <code>1</code> and the number of columns in the rowset, inclusive                           </dd><dd> <code>property</code> - <code>true</code> to indicate that a column value can be used in a <code>WHERE</code> clause; <code>false</code> otherwise                  </dd> <dt> <b>Throws:</b>   </dt><dd> <code><code>SQLException</code></code> - if a database access error occurs or the given column number is out of bounds                 </dd><dd> <code><a href="../../../java/sql/SQLException.html" title="class in java.sql">SQLException</a></code> - if a database access error occurs        </dd>  </dl></dd></dl> <a end_ctx_id="method:setSearchable(int, boolean)"/>  </td></tr></table></td></tr></table><table border="0" cellpadding="1" cellspacing="0" width="100%"><tr><td><h3 class="ctxid">method:setCurrency(int, boolean) [NONE]</h3></td></tr><tr><td><table border="0" cellpadding="5" cellspacing="1" bgcolor="black" width="100%"><tr valign="top"><td bgcolor="#FFFFFF" colspan="1"> <a start_ctx_id="method:setCurrency(int, boolean)"/><a name="setCurrency(int, boolean)"/><h3> setCurrency </h3><pre>
public void <b>setCurrency</b>(int columnIndex,
                        boolean property)
                 throws <a href="../../../java/sql/SQLException.html" title="class in java.sql">SQLException</a></pre><dl><dd>Sets whether a value stored in the designated column is a cash value to the given <code>boolean</code>.<p/>                </dd><dd><dl> <dt> <b>Specified by: </b>   </dt><dd> <code><a href="../../../javax/sql/RowSetMetaData.html#setCurrency(int, boolean)">setCurrency</a></code> in interface <code><a href="../../../javax/sql/RowSetMetaData.html" title="interface in javax.sql">RowSetMetaData</a></code>    </dd> </dl></dd><dd><dl> <dt> <b>Parameters:</b>   </dt><dd> <code>columnIndex</code> - the first column is 1, the second is 2, and so on; must be between <code>1</code> and the number of columns, inclusive between <code>1</code> and the number of columns, inclusive                                </dd><dd> <code>property</code> - true if the value is a cash value; false otherwise.            </dd> <dt> <b>Throws:</b>   </dt><dd> <code><code>SQLException</code></code> - if a database access error occurs or the given column number is out of bounds                 </dd><dd> <code><a href="../../../java/sql/SQLException.html" title="class in java.sql">SQLException</a></code> - if a database access error occurs        </dd>  </dl></dd></dl> <a end_ctx_id="method:setCurrency(int, boolean)"/>  </td></tr></table></td></tr></table><table border="0" cellpadding="1" cellspacing="0" width="100%"><tr><td><h3 class="ctxid">method:setNullable(int, int) [NONE]</h3></td></tr><tr><td><table border="0" cellpadding="5" cellspacing="1" bgcolor="black" width="100%"><tr valign="top"><td bgcolor="#FFFFFF" colspan="1"> <a start_ctx_id="method:setNullable(int, int)"/><a name="setNullable(int, int)"/><h3> setNullable </h3><pre>
public void <b>setNullable</b>(int columnIndex,
                        int property)
                 throws <a href="../../../java/sql/SQLException.html" title="class in java.sql">SQLException</a></pre><dl><dd>Sets whether a value stored in the designated column can be set to <code>NULL</code> to the given constant from the interface <code>ResultSetMetaData</code>.<p/>                     </dd><dd><dl> <dt> <b>Specified by: </b>   </dt><dd> <code><a href="../../../javax/sql/RowSetMetaData.html#setNullable(int, int)">setNullable</a></code> in interface <code><a href="../../../javax/sql/RowSetMetaData.html" title="interface in javax.sql">RowSetMetaData</a></code>    </dd> </dl></dd><dd><dl> <dt> <b>Parameters:</b>   </dt><dd> <code>columnIndex</code> - the first column is 1, the second is 2, and so on; must be between <code>1</code> and the number of columns, inclusive                        </dd><dd> <code>property</code> - one of the following <code>ResultSetMetaData</code> constants: <code>columnNoNulls</code>, <code>columnNullable</code>, or <code>columnNullableUnknown</code>            </dd> <dt> <b>Throws:</b>   </dt><dd> <code><code>SQLException</code></code> - if a database access error occurs, the given column number is out of bounds, or the value supplied for the <i>property</i> parameter is not one of the following constants: <code>ResultSetMetaData.columnNoNulls</code>, <code>ResultSetMetaData.columnNullable</code>, or <code>ResultSetMetaData.columnNullableUnknown</code>                                   </dd><dd> <code><a href="../../../java/sql/SQLException.html" title="class in java.sql">SQLException</a></code> - if a database access error occurs        </dd>  </dl></dd></dl> <a end_ctx_id="method:setNullable(int, int)"/>  </td></tr></table></td></tr></table><table border="0" cellpadding="1" cellspacing="0" width="100%"><tr><td><h3 class="ctxid">method:setSigned(int, boolean) [NONE]</h3></td></tr><tr><td><table border="0" cellpadding="5" cellspacing="1" bgcolor="black" width="100%"><tr valign="top"><td bgcolor="#FFFFFF" colspan="1"> <a start_ctx_id="method:setSigned(int, boolean)"/><a name="setSigned(int, boolean)"/><h3> setSigned </h3><pre>
public void <b>setSigned</b>(int columnIndex,
                      boolean property)
               throws <a href="../../../java/sql/SQLException.html" title="class in java.sql">SQLException</a></pre><dl><dd>Sets whether a value stored in the designated column is a signed number to the given <code>boolean</code>.<p/>                </dd><dd><dl> <dt> <b>Specified by: </b>   </dt><dd> <code><a href="../../../javax/sql/RowSetMetaData.html#setSigned(int, boolean)">setSigned</a></code> in interface <code><a href="../../../javax/sql/RowSetMetaData.html" title="interface in javax.sql">RowSetMetaData</a></code>    </dd> </dl></dd><dd><dl> <dt> <b>Parameters:</b>   </dt><dd> <code>columnIndex</code> - the first column is 1, the second is 2, and so on; must be between <code>1</code> and the number of columns, inclusive                        </dd><dd> <code>property</code> - <code>true</code> to indicate that a column value is a signed number; <code>false</code> to indicate that it is not                    </dd> <dt> <b>Throws:</b>   </dt><dd> <code><a href="../../../java/sql/SQLException.html" title="class in java.sql">SQLException</a></code> - if a database access error occurs or the given column number is out of bounds                 </dd>  </dl></dd></dl> <a end_ctx_id="method:setSigned(int, boolean)"/>  </td></tr></table></td></tr></table><table border="0" cellpadding="1" cellspacing="0" width="100%"><tr><td><h3 class="ctxid">method:setColumnDisplaySize(int, int) [NONE]</h3></td></tr><tr><td><table border="0" cellpadding="5" cellspacing="1" bgcolor="black" width="100%"><tr valign="top"><td bgcolor="#FFFFFF" colspan="1"> <a start_ctx_id="method:setColumnDisplaySize(int, int)"/><a name="setColumnDisplaySize(int, int)"/><h3> setColumnDisplaySize </h3><pre>
public void <b>setColumnDisplaySize</b>(int columnIndex,
                                 int size)
                          throws <a href="../../../java/sql/SQLException.html" title="class in java.sql">SQLException</a></pre><dl><dd>Sets the normal maximum number of chars in the designated column to the given number.<p/>              </dd><dd><dl> <dt> <b>Specified by: </b>   </dt><dd> <code><a href="../../../javax/sql/RowSetMetaData.html#setColumnDisplaySize(int, int)">setColumnDisplaySize</a></code> in interface <code><a href="../../../javax/sql/RowSetMetaData.html" title="interface in javax.sql">RowSetMetaData</a></code>    </dd> </dl></dd><dd><dl> <dt> <b>Parameters:</b>   </dt><dd> <code>columnIndex</code> - the first column is 1, the second is 2, and so on; must be between <code>1</code> and the number of columns, inclusive                        </dd><dd> <code>size</code> - the maximum size of the column in chars; must be <code>0</code> or more               </dd> <dt> <b>Throws:</b>   </dt><dd> <code><a href="../../../java/sql/SQLException.html" title="class in java.sql">SQLException</a></code> - if a database access error occurs, the given column number is out of bounds, or <i>size</i> is less than <code>0</code>                      </dd>  </dl></dd></dl> <a end_ctx_id="method:setColumnDisplaySize(int, int)"/>  </td></tr></table></td></tr></table><table border="0" cellpadding="1" cellspacing="0" width="100%"><tr><td><h3 class="ctxid">method:setColumnLabel(int, java.lang.String) [NONE]</h3></td></tr><tr><td><table border="0" cellpadding="5" cellspacing="1" bgcolor="black" width="100%"><tr valign="top"><td bgcolor="#FFFFFF" colspan="1"> <a start_ctx_id="method:setColumnLabel(int, java.lang.String)"/><a name="setColumnLabel(int, java.lang.String)"/><h3> setColumnLabel </h3><pre>
public void <b>setColumnLabel</b>(int columnIndex,
                           java.lang.String label)
                    throws <a href="../../../java/sql/SQLException.html" title="class in java.sql">SQLException</a></pre><dl><dd>Sets the suggested column label for use in printouts and displays, if any, to <i>label</i>. If <i>label</i> is <code>null</code>, the column label is set to an empty string ("").<p/>                            </dd><dd><dl> <dt> <b>Specified by: </b>   </dt><dd> <code><a href="../../../javax/sql/RowSetMetaData.html#setColumnLabel(int, java.lang.String)">setColumnLabel</a></code> in interface <code><a href="../../../javax/sql/RowSetMetaData.html" title="interface in javax.sql">RowSetMetaData</a></code>    </dd> </dl></dd><dd><dl> <dt> <b>Parameters:</b>   </dt><dd> <code>columnIndex</code> - the first column is 1, the second is 2, and so on; must be between <code>1</code> and the number of columns, inclusive                        </dd><dd> <code>label</code> - the column label to be used in printouts and displays; if the column label is <code>null</code>, an empty <code>String</code> is set                       </dd> <dt> <b>Throws:</b>   </dt><dd> <code><a href="../../../java/sql/SQLException.html" title="class in java.sql">SQLException</a></code> - if a database access error occurs or the given column index is out of bounds                 </dd>  </dl></dd></dl> <a end_ctx_id="method:setColumnLabel(int, java.lang.String)"/>  </td></tr></table></td></tr></table><table border="0" cellpadding="1" cellspacing="0" width="100%"><tr><td><h3 class="ctxid">method:setColumnName(int, java.lang.String) [NONE]</h3></td></tr><tr><td><table border="0" cellpadding="5" cellspacing="1" bgcolor="black" width="100%"><tr valign="top"><td bgcolor="#FFFFFF" colspan="1"> <a start_ctx_id="method:setColumnName(int, java.lang.String)"/><a name="setColumnName(int, java.lang.String)"/><h3> setColumnName </h3><pre>
public void <b>setColumnName</b>(int columnIndex,
                          java.lang.String columnName)
                   throws <a href="../../../java/sql/SQLException.html" title="class in java.sql">SQLException</a></pre><dl><dd>Sets the column name of the designated column to the given name.<p/>           </dd><dd><dl> <dt> <b>Specified by: </b>   </dt><dd> <code><a href="../../../javax/sql/RowSetMetaData.html#setColumnName(int, java.lang.String)">setColumnName</a></code> in interface <code><a href="../../../javax/sql/RowSetMetaData.html" title="interface in javax.sql">RowSetMetaData</a></code>    </dd> </dl></dd><dd><dl> <dt> <b>Parameters:</b>   </dt><dd> <code>columnIndex</code> - the first column is 1, the second is 2, and so on; must be between <code>1</code> and the number of columns, inclusive                        </dd><dd> <code>columnName</code> - a <code>String</code> object indicating the column name; if the given name is <code>null</code>, an empty <code>String</code> is set                    </dd> <dt> <b>Throws:</b>   </dt><dd> <code><a href="../../../java/sql/SQLException.html" title="class in java.sql">SQLException</a></code> - if a database access error occurs or the given column index is out of bounds                 </dd>  </dl></dd></dl> <a end_ctx_id="method:setColumnName(int, java.lang.String)"/>  </td></tr></table></td></tr></table><table border="0" cellpadding="1" cellspacing="0" width="100%"><tr><td><h3 class="ctxid">method:setSchemaName(int, java.lang.String) [NONE]</h3></td></tr><tr><td><table border="0" cellpadding="5" cellspacing="1" bgcolor="black" width="100%"><tr valign="top"><td bgcolor="#FFFFFF" colspan="1"> <a start_ctx_id="method:setSchemaName(int, java.lang.String)"/><a name="setSchemaName(int, java.lang.String)"/><h3> setSchemaName </h3><pre>
public void <b>setSchemaName</b>(int columnIndex,
                          java.lang.String schemaName)
                   throws <a href="../../../java/sql/SQLException.html" title="class in java.sql">SQLException</a></pre><dl><dd>Sets the designated column's table's schema name, if any, to <i>schemaName</i>. If <i>schemaName</i> is <code>null</code>, the schema name is set to an empty string ("").<p/>                        </dd><dd><dl> <dt> <b>Specified by: </b>   </dt><dd> <code><a href="../../../javax/sql/RowSetMetaData.html#setSchemaName(int, java.lang.String)">setSchemaName</a></code> in interface <code><a href="../../../javax/sql/RowSetMetaData.html" title="interface in javax.sql">RowSetMetaData</a></code>    </dd> </dl></dd><dd><dl> <dt> <b>Parameters:</b>   </dt><dd> <code>columnIndex</code> - the first column is 1, the second is 2, and so on; must be between <code>1</code> and the number of columns, inclusive                        </dd><dd> <code>schemaName</code> - the schema name for the table from which a value in the designated column was derived; may be an empty <code>String</code> or <code>null</code>                         </dd> <dt> <b>Throws:</b>   </dt><dd> <code><a href="../../../java/sql/SQLException.html" title="class in java.sql">SQLException</a></code> - if a database access error occurs or the given column number is out of bounds                 </dd>  </dl></dd></dl> <a end_ctx_id="method:setSchemaName(int, java.lang.String)"/>  </td></tr></table></td></tr></table><table border="0" cellpadding="1" cellspacing="0" width="100%"><tr><td><h3 class="ctxid">method:setPrecision(int, int) [NONE]</h3></td></tr><tr><td><table border="0" cellpadding="5" cellspacing="1" bgcolor="black" width="100%"><tr valign="top"><td bgcolor="#FFFFFF" colspan="1"> <a start_ctx_id="method:setPrecision(int, int)"/><a name="setPrecision(int, int)"/><h3> setPrecision </h3><pre>
public void <b>setPrecision</b>(int columnIndex,
                         int precision)
                  throws <a href="../../../java/sql/SQLException.html" title="class in java.sql">SQLException</a></pre><dl><dd>Sets the total number of decimal digits in a value stored in the designated column to the given number.<p/>                  </dd><dd><dl> <dt> <b>Specified by: </b>   </dt><dd> <code><a href="../../../javax/sql/RowSetMetaData.html#setPrecision(int, int)">setPrecision</a></code> in interface <code><a href="../../../javax/sql/RowSetMetaData.html" title="interface in javax.sql">RowSetMetaData</a></code>    </dd> </dl></dd><dd><dl> <dt> <b>Parameters:</b>   </dt><dd> <code>columnIndex</code> - the first column is 1, the second is 2, and so on; must be between <code>1</code> and the number of columns, inclusive                        </dd><dd> <code>precision</code> - the total number of decimal digits; must be <code>0</code> or more             </dd> <dt> <b>Throws:</b>   </dt><dd> <code><a href="../../../java/sql/SQLException.html" title="class in java.sql">SQLException</a></code> - if a database access error occurs, <i>columnIndex</i> is out of bounds, or <i>precision</i> is less than <code>0</code>                   </dd>  </dl></dd></dl> <a end_ctx_id="method:setPrecision(int, int)"/>  </td></tr></table></td></tr></table><table border="0" cellpadding="1" cellspacing="0" width="100%"><tr><td><h3 class="ctxid">method:setScale(int, int) [NONE]</h3></td></tr><tr><td><table border="0" cellpadding="5" cellspacing="1" bgcolor="black" width="100%"><tr valign="top"><td bgcolor="#FFFFFF" colspan="1"> <a start_ctx_id="method:setScale(int, int)"/><a name="setScale(int, int)"/><h3> setScale </h3><pre>
public void <b>setScale</b>(int columnIndex,
                     int scale)
              throws <a href="../../../java/sql/SQLException.html" title="class in java.sql">SQLException</a></pre><dl><dd>Sets the number of digits to the right of the decimal point in a value stored in the designated column to the given number.<p/>                       </dd><dd><dl> <dt> <b>Specified by: </b>   </dt><dd> <code><a href="../../../javax/sql/RowSetMetaData.html#setScale(int, int)">setScale</a></code> in interface <code><a href="../../../javax/sql/RowSetMetaData.html" title="interface in javax.sql">RowSetMetaData</a></code>    </dd> </dl></dd><dd><dl> <dt> <b>Parameters:</b>   </dt><dd> <code>columnIndex</code> - the first column is 1, the second is 2, and so on; must be between <code>1</code> and the number of columns, inclusive                        </dd><dd> <code>scale</code> - the number of digits to the right of the decimal point; must be zero or greater                  </dd> <dt> <b>Throws:</b>   </dt><dd> <code><a href="../../../java/sql/SQLException.html" title="class in java.sql">SQLException</a></code> - if a database access error occurs, <i>columnIndex</i> is out of bounds, or <i>scale</i> is less than <code>0</code>                   </dd>  </dl></dd></dl> <a end_ctx_id="method:setScale(int, int)"/>  </td></tr></table></td></tr></table><table border="0" cellpadding="1" cellspacing="0" width="100%"><tr><td><h3 class="ctxid">method:setTableName(int, java.lang.String) [NONE]</h3></td></tr><tr><td><table border="0" cellpadding="5" cellspacing="1" bgcolor="black" width="100%"><tr valign="top"><td bgcolor="#FFFFFF" colspan="1"> <a start_ctx_id="method:setTableName(int, java.lang.String)"/><a name="setTableName(int, java.lang.String)"/><h3> setTableName </h3><pre>
public void <b>setTableName</b>(int columnIndex,
                         java.lang.String tableName)
                  throws <a href="../../../java/sql/SQLException.html" title="class in java.sql">SQLException</a></pre><dl><dd>Sets the name of the table from which the designated column was derived to the given table name.<p/>                 </dd><dd><dl> <dt> <b>Specified by: </b>   </dt><dd> <code><a href="../../../javax/sql/RowSetMetaData.html#setTableName(int, java.lang.String)">setTableName</a></code> in interface <code><a href="../../../javax/sql/RowSetMetaData.html" title="interface in javax.sql">RowSetMetaData</a></code>    </dd> </dl></dd><dd><dl> <dt> <b>Parameters:</b>   </dt><dd> <code>columnIndex</code> - the first column is 1, the second is 2, and so on; must be between <code>1</code> and the number of columns, inclusive                        </dd><dd> <code>tableName</code> - the column's table name; may be <code>null</code> or an empty string             </dd> <dt> <b>Throws:</b>   </dt><dd> <code><a href="../../../java/sql/SQLException.html" title="class in java.sql">SQLException</a></code> - if a database access error occurs or the given column number is out of bounds                 </dd>  </dl></dd></dl> <a end_ctx_id="method:setTableName(int, java.lang.String)"/>  </td></tr></table></td></tr></table><table border="0" cellpadding="1" cellspacing="0" width="100%"><tr><td><h3 class="ctxid">method:setCatalogName(int, java.lang.String) [NONE]</h3></td></tr><tr><td><table border="0" cellpadding="5" cellspacing="1" bgcolor="black" width="100%"><tr valign="top"><td bgcolor="#FFFFFF" colspan="1"> <a start_ctx_id="method:setCatalogName(int, java.lang.String)"/><a name="setCatalogName(int, java.lang.String)"/><h3> setCatalogName </h3><pre>
public void <b>setCatalogName</b>(int columnIndex,
                           java.lang.String catalogName)
                    throws <a href="../../../java/sql/SQLException.html" title="class in java.sql">SQLException</a></pre><dl><dd>Sets the catalog name of the table from which the designated column was derived to <i>catalogName</i>. If <i>catalogName</i> is <code>null</code>, the catalog name is set to an empty string.<p/>                            </dd><dd><dl> <dt> <b>Specified by: </b>   </dt><dd> <code><a href="../../../javax/sql/RowSetMetaData.html#setCatalogName(int, java.lang.String)">setCatalogName</a></code> in interface <code><a href="../../../javax/sql/RowSetMetaData.html" title="interface in javax.sql">RowSetMetaData</a></code>    </dd> </dl></dd><dd><dl> <dt> <b>Parameters:</b>   </dt><dd> <code>columnIndex</code> - the first column is 1, the second is 2, and so on; must be between <code>1</code> and the number of columns, inclusive                        </dd><dd> <code>catalogName</code> - the column's table's catalog name; if the catalogName is <code>null</code>, an empty <code>String</code> is set                 </dd> <dt> <b>Throws:</b>   </dt><dd> <code><a href="../../../java/sql/SQLException.html" title="class in java.sql">SQLException</a></code> - if a database access error occurs or the given column number is out of bounds                 </dd>  </dl></dd></dl> <a end_ctx_id="method:setCatalogName(int, java.lang.String)"/>  </td></tr></table></td></tr></table><table border="0" cellpadding="1" cellspacing="0" width="100%"><tr><td><h3 class="ctxid">method:setColumnType(int, int) [NONE]</h3></td></tr><tr><td><table border="0" cellpadding="5" cellspacing="1" bgcolor="black" width="100%"><tr valign="top"><td bgcolor="#FFFFFF" colspan="1"> <a start_ctx_id="method:setColumnType(int, int)"/><a name="setColumnType(int, int)"/><h3> setColumnType </h3><pre>
public void <b>setColumnType</b>(int columnIndex,
                          int SQLType)
                   throws <a href="../../../java/sql/SQLException.html" title="class in java.sql">SQLException</a></pre><dl><dd>Sets the SQL type code for values stored in the designated column to the given type code from the class <code>java.sql.Types</code>.<p/>                    </dd><dd><dl> <dt> <b>Specified by: </b>   </dt><dd> <code><a href="../../../javax/sql/RowSetMetaData.html#setColumnType(int, int)">setColumnType</a></code> in interface <code><a href="../../../javax/sql/RowSetMetaData.html" title="interface in javax.sql">RowSetMetaData</a></code>    </dd> </dl></dd><dd><dl> <dt> <b>Parameters:</b>   </dt><dd> <code>columnIndex</code> - the first column is 1, the second is 2, and so on; must be between <code>1</code> and the number of columns, inclusive                        </dd><dd> <code>SQLType</code> - the designated column's SQL type, which must be one of the constants in the class <code>java.sql.Types</code>                  </dd> <dt> <b>Throws:</b>   </dt><dd> <code><a href="../../../java/sql/SQLException.html" title="class in java.sql">SQLException</a></code> - if a database access error occurs, the given column number is out of bounds, or the column type specified is not one of the constants in <code>java.sql.Types</code>                             </dd> <dt> <b>See Also: </b>   </dt><dd> <a href="../../../java/sql/Types.html" title="class in java.sql"><code>Types</code></a> </dd>   </dl></dd></dl> <a end_ctx_id="method:setColumnType(int, int)"/>  </td></tr></table></td></tr></table><table border="0" cellpadding="1" cellspacing="0" width="100%"><tr><td><h3 class="ctxid">method:setColumnTypeName(int, java.lang.String) [NONE]</h3></td></tr><tr><td><table border="0" cellpadding="5" cellspacing="1" bgcolor="black" width="100%"><tr valign="top"><td bgcolor="#FFFFFF" colspan="1"> <a start_ctx_id="method:setColumnTypeName(int, java.lang.String)"/><a name="setColumnTypeName(int, java.lang.String)"/><h3> setColumnTypeName </h3><pre>
public void <b>setColumnTypeName</b>(int columnIndex,
                              java.lang.String typeName)
                       throws <a href="../../../java/sql/SQLException.html" title="class in java.sql">SQLException</a></pre><dl><dd>Sets the type name used by the data source for values stored in the designated column to the given type name.<p/>                    </dd><dd><dl> <dt> <b>Specified by: </b>   </dt><dd> <code><a href="../../../javax/sql/RowSetMetaData.html#setColumnTypeName(int, java.lang.String)">setColumnTypeName</a></code> in interface <code><a href="../../../javax/sql/RowSetMetaData.html" title="interface in javax.sql">RowSetMetaData</a></code>    </dd> </dl></dd><dd><dl> <dt> <b>Parameters:</b>   </dt><dd> <code>columnIndex</code> - the first column is 1, the second is 2, and so on; must be between <code>1</code> and the number of columns, inclusive                        </dd><dd> <code>typeName</code> - the data source-specific type name; if <i>typeName</i> is <code>null</code>, an empty <code>String</code> is set                </dd> <dt> <b>Throws:</b>   </dt><dd> <code><a href="../../../java/sql/SQLException.html" title="class in java.sql">SQLException</a></code> - if a database access error occurs or the given column number is out of bounds                 </dd>  </dl></dd></dl> <a end_ctx_id="method:setColumnTypeName(int, java.lang.String)"/>  </td></tr></table></td></tr></table><table border="0" cellpadding="1" cellspacing="0" width="100%"><tr><td><h3 class="ctxid">method:getColumnCount() [NONE]</h3></td></tr><tr><td><table border="0" cellpadding="5" cellspacing="1" bgcolor="black" width="100%"><tr valign="top"><td bgcolor="#FFFFFF" colspan="1"> <a start_ctx_id="method:getColumnCount()"/><a name="getColumnCount()"/><h3> getColumnCount </h3><pre>
public int <b>getColumnCount</b>()
                   throws <a href="../../../java/sql/SQLException.html" title="class in java.sql">SQLException</a></pre><dl><dd>Retrieves the number of columns in the <code>RowSet</code> object for which this <code>RowSetMetaDataImpl</code> object was created.<p/>               </dd><dd><dl> <dt> <b>Specified by: </b>   </dt><dd> <code><a href="../../../java/sql/ResultSetMetaData.html#getColumnCount()">getColumnCount</a></code> in interface <code><a href="../../../java/sql/ResultSetMetaData.html" title="interface in java.sql">ResultSetMetaData</a></code>    </dd> </dl></dd><dd><dl> <dt> <b>Returns:</b>   </dt><dd>the number of columns   </dd> <dt> <b>Throws:</b>   </dt><dd> <code><a href="../../../java/sql/SQLException.html" title="class in java.sql">SQLException</a></code> - if an error occurs determining the column count          </dd>  </dl></dd></dl> <a end_ctx_id="method:getColumnCount()"/>  </td></tr></table></td></tr></table><table border="0" cellpadding="1" cellspacing="0" width="100%"><tr><td><h3 class="ctxid">method:isAutoIncrement(int) [NONE]</h3></td></tr><tr><td><table border="0" cellpadding="5" cellspacing="1" bgcolor="black" width="100%"><tr valign="top"><td bgcolor="#FFFFFF" colspan="1"> <a start_ctx_id="method:isAutoIncrement(int)"/><a name="isAutoIncrement(int)"/><h3> isAutoIncrement </h3><pre>
public boolean <b>isAutoIncrement</b>(int columnIndex)
                        throws <a href="../../../java/sql/SQLException.html" title="class in java.sql">SQLException</a></pre><dl><dd>Retrieves whether a value stored in the designated column is automatically numbered, and thus readonly.<p/>              </dd><dd><dl> <dt> <b>Specified by: </b>   </dt><dd> <code><a href="../../../java/sql/ResultSetMetaData.html#isAutoIncrement(int)">isAutoIncrement</a></code> in interface <code><a href="../../../java/sql/ResultSetMetaData.html" title="interface in java.sql">ResultSetMetaData</a></code>    </dd> </dl></dd><dd><dl> <dt> <b>Parameters:</b>   </dt><dd> <code>columnIndex</code> - the first column is 1, the second is 2, and so on; must be between <code>1</code> and the number of columns, inclusive                        </dd> <dt> <b>Returns:</b>   </dt><dd> <code>true</code> if the column is automatically numbered; <code>false</code> otherwise         </dd> <dt> <b>Throws:</b>   </dt><dd> <code><a href="../../../java/sql/SQLException.html" title="class in java.sql">SQLException</a></code> - if a database access error occurs or the given column number is out of bounds                 </dd>   </dl></dd></dl> <a end_ctx_id="method:isAutoIncrement(int)"/>  </td></tr></table></td></tr></table><table border="0" cellpadding="1" cellspacing="0" width="100%"><tr><td><h3 class="ctxid">method:isCaseSensitive(int) [NONE]</h3></td></tr><tr><td><table border="0" cellpadding="5" cellspacing="1" bgcolor="black" width="100%"><tr valign="top"><td bgcolor="#FFFFFF" colspan="1"> <a start_ctx_id="method:isCaseSensitive(int)"/><a name="isCaseSensitive(int)"/><h3> isCaseSensitive </h3><pre>
public boolean <b>isCaseSensitive</b>(int columnIndex)
                        throws <a href="../../../java/sql/SQLException.html" title="class in java.sql">SQLException</a></pre><dl><dd>Indicates whether the case of the designated column's name matters.<p/>         </dd><dd><dl> <dt> <b>Specified by: </b>   </dt><dd> <code><a href="../../../java/sql/ResultSetMetaData.html#isCaseSensitive(int)">isCaseSensitive</a></code> in interface <code><a href="../../../java/sql/ResultSetMetaData.html" title="interface in java.sql">ResultSetMetaData</a></code>    </dd> </dl></dd><dd><dl> <dt> <b>Parameters:</b>   </dt><dd> <code>columnIndex</code> - the first column is 1, the second is 2, and so on; must be between <code>1</code> and the number of columns, inclusive                        </dd> <dt> <b>Returns:</b>   </dt><dd> <code>true</code> if the column name is case sensitive; <code>false</code> otherwise          </dd> <dt> <b>Throws:</b>   </dt><dd> <code><a href="../../../java/sql/SQLException.html" title="class in java.sql">SQLException</a></code> - if a database access error occurs or the given column number is out of bounds                 </dd>   </dl></dd></dl> <a end_ctx_id="method:isCaseSensitive(int)"/>  </td></tr></table></td></tr></table><table border="0" cellpadding="1" cellspacing="0" width="100%"><tr><td><h3 class="ctxid">method:isSearchable(int) [NONE]</h3></td></tr><tr><td><table border="0" cellpadding="5" cellspacing="1" bgcolor="black" width="100%"><tr valign="top"><td bgcolor="#FFFFFF" colspan="1"> <a start_ctx_id="method:isSearchable(int)"/><a name="isSearchable(int)"/><h3> isSearchable </h3><pre>
public boolean <b>isSearchable</b>(int columnIndex)
                     throws <a href="../../../java/sql/SQLException.html" title="class in java.sql">SQLException</a></pre><dl><dd>Indicates whether a value stored in the designated column can be used in a <code>WHERE</code> clause.<p/>               </dd><dd><dl> <dt> <b>Specified by: </b>   </dt><dd> <code><a href="../../../java/sql/ResultSetMetaData.html#isSearchable(int)">isSearchable</a></code> in interface <code><a href="../../../java/sql/ResultSetMetaData.html" title="interface in java.sql">ResultSetMetaData</a></code>    </dd> </dl></dd><dd><dl> <dt> <b>Parameters:</b>   </dt><dd> <code>columnIndex</code> - the first column is 1, the second is 2, and so on; must be between <code>1</code> and the number of columns, inclusive                        </dd> <dt> <b>Returns:</b>   </dt><dd> <code>true</code> if a value in the designated column can be used in a <code>WHERE</code> clause; <code>false</code> otherwise                 </dd> <dt> <b>Throws:</b>   </dt><dd> <code><a href="../../../java/sql/SQLException.html" title="class in java.sql">SQLException</a></code> - if a database access error occurs or the given column number is out of bounds                 </dd>   </dl></dd></dl> <a end_ctx_id="method:isSearchable(int)"/>  </td></tr></table></td></tr></table><table border="0" cellpadding="1" cellspacing="0" width="100%"><tr><td><h3 class="ctxid">method:isCurrency(int) [NONE]</h3></td></tr><tr><td><table border="0" cellpadding="5" cellspacing="1" bgcolor="black" width="100%"><tr valign="top"><td bgcolor="#FFFFFF" colspan="1"> <a start_ctx_id="method:isCurrency(int)"/><a name="isCurrency(int)"/><h3> isCurrency </h3><pre>
public boolean <b>isCurrency</b>(int columnIndex)
                   throws <a href="../../../java/sql/SQLException.html" title="class in java.sql">SQLException</a></pre><dl><dd>Indicates whether a value stored in the designated column is a cash value.<p/>            </dd><dd><dl> <dt> <b>Specified by: </b>   </dt><dd> <code><a href="../../../java/sql/ResultSetMetaData.html#isCurrency(int)">isCurrency</a></code> in interface <code><a href="../../../java/sql/ResultSetMetaData.html" title="interface in java.sql">ResultSetMetaData</a></code>    </dd> </dl></dd><dd><dl> <dt> <b>Parameters:</b>   </dt><dd> <code>columnIndex</code> - the first column is 1, the second is 2, and so on; must be between <code>1</code> and the number of columns, inclusive                        </dd> <dt> <b>Returns:</b>   </dt><dd> <code>true</code> if a value in the designated column is a cash value; <code>false</code> otherwise              </dd> <dt> <b>Throws:</b>   </dt><dd> <code><a href="../../../java/sql/SQLException.html" title="class in java.sql">SQLException</a></code> - if a database access error occurs or the given column number is out of bounds                 </dd>   </dl></dd></dl> <a end_ctx_id="method:isCurrency(int)"/>  </td></tr></table></td></tr></table><table border="0" cellpadding="1" cellspacing="0" width="100%"><tr><td><h3 class="ctxid">method:isNullable(int) [NONE]</h3></td></tr><tr><td><table border="0" cellpadding="5" cellspacing="1" bgcolor="black" width="100%"><tr valign="top"><td bgcolor="#FFFFFF" colspan="1"> <a start_ctx_id="method:isNullable(int)"/><a name="isNullable(int)"/><h3> isNullable </h3><pre>
public int <b>isNullable</b>(int columnIndex)
               throws <a href="../../../java/sql/SQLException.html" title="class in java.sql">SQLException</a></pre><dl><dd>Retrieves a constant indicating whether it is possible to store a <code>NULL</code> value in the designated column.<p/>                </dd><dd><dl> <dt> <b>Specified by: </b>   </dt><dd> <code><a href="../../../java/sql/ResultSetMetaData.html#isNullable(int)">isNullable</a></code> in interface <code><a href="../../../java/sql/ResultSetMetaData.html" title="interface in java.sql">ResultSetMetaData</a></code>    </dd> </dl></dd><dd><dl> <dt> <b>Parameters:</b>   </dt><dd> <code>columnIndex</code> - the first column is 1, the second is 2, and so on; must be between <code>1</code> and the number of columns, inclusive                        </dd> <dt> <b>Returns:</b>   </dt><dd>a constant from the <code>ResultSetMetaData</code> interface; either <code>columnNoNulls</code>, <code>columnNullable</code>, or <code>columnNullableUnknown</code>          </dd> <dt> <b>Throws:</b>   </dt><dd> <code><a href="../../../java/sql/SQLException.html" title="class in java.sql">SQLException</a></code> - if a database access error occurs or the given column number is out of bounds                 </dd>   </dl></dd></dl> <a end_ctx_id="method:isNullable(int)"/>  </td></tr></table></td></tr></table><table border="0" cellpadding="1" cellspacing="0" width="100%"><tr><td><h3 class="ctxid">method:isSigned(int) [NONE]</h3></td></tr><tr><td><table border="0" cellpadding="5" cellspacing="1" bgcolor="black" width="100%"><tr valign="top"><td bgcolor="#FFFFFF" colspan="1"> <a start_ctx_id="method:isSigned(int)"/><a name="isSigned(int)"/><h3> isSigned </h3><pre>
public boolean <b>isSigned</b>(int columnIndex)
                 throws <a href="../../../java/sql/SQLException.html" title="class in java.sql">SQLException</a></pre><dl><dd>Indicates whether a value stored in the designated column is a signed number.<p/>            </dd><dd><dl> <dt> <b>Specified by: </b>   </dt><dd> <code><a href="../../../java/sql/ResultSetMetaData.html#isSigned(int)">isSigned</a></code> in interface <code><a href="../../../java/sql/ResultSetMetaData.html" title="interface in java.sql">ResultSetMetaData</a></code>    </dd> </dl></dd><dd><dl> <dt> <b>Parameters:</b>   </dt><dd> <code>columnIndex</code> - the first column is 1, the second is 2, and so on; must be between <code>1</code> and the number of columns, inclusive                        </dd> <dt> <b>Returns:</b>   </dt><dd> <code>true</code> if if a value in the designated column is a signed number; <code>false</code> otherwise               </dd> <dt> <b>Throws:</b>   </dt><dd> <code><a href="../../../java/sql/SQLException.html" title="class in java.sql">SQLException</a></code> - if a database access error occurs or the given column number is out of bounds                 </dd>   </dl></dd></dl> <a end_ctx_id="method:isSigned(int)"/>  </td></tr></table></td></tr></table><table border="0" cellpadding="1" cellspacing="0" width="100%"><tr><td><h3 class="ctxid">method:getColumnDisplaySize(int) [NONE]</h3></td></tr><tr><td><table border="0" cellpadding="5" cellspacing="1" bgcolor="black" width="100%"><tr valign="top"><td bgcolor="#FFFFFF" colspan="1"> <a start_ctx_id="method:getColumnDisplaySize(int)"/><a name="getColumnDisplaySize(int)"/><h3> getColumnDisplaySize </h3><pre>
public int <b>getColumnDisplaySize</b>(int columnIndex)
                         throws <a href="../../../java/sql/SQLException.html" title="class in java.sql">SQLException</a></pre><dl><dd>Retrieves the normal maximum width in chars of the designated column.<p/>          </dd><dd><dl> <dt> <b>Specified by: </b>   </dt><dd> <code><a href="../../../java/sql/ResultSetMetaData.html#getColumnDisplaySize(int)">getColumnDisplaySize</a></code> in interface <code><a href="../../../java/sql/ResultSetMetaData.html" title="interface in java.sql">ResultSetMetaData</a></code>    </dd> </dl></dd><dd><dl> <dt> <b>Parameters:</b>   </dt><dd> <code>columnIndex</code> - the first column is 1, the second is 2, and so on; must be between <code>1</code> and the number of columns, inclusive                        </dd> <dt> <b>Returns:</b>   </dt><dd>the maximum number of chars that can be displayed in the designated column            </dd> <dt> <b>Throws:</b>   </dt><dd> <code><a href="../../../java/sql/SQLException.html" title="class in java.sql">SQLException</a></code> - if a database access error occurs or the given column number is out of bounds                 </dd>   </dl></dd></dl> <a end_ctx_id="method:getColumnDisplaySize(int)"/>  </td></tr></table></td></tr></table><table border="0" cellpadding="1" cellspacing="0" width="100%"><tr><td><h3 class="ctxid">method:getColumnLabel(int) [NONE]</h3></td></tr><tr><td><table border="0" cellpadding="5" cellspacing="1" bgcolor="black" width="100%"><tr valign="top"><td bgcolor="#FFFFFF" colspan="1"> <a start_ctx_id="method:getColumnLabel(int)"/><a name="getColumnLabel(int)"/><h3> getColumnLabel </h3><pre>
public java.lang.String <b>getColumnLabel</b>(int columnIndex)
                                throws <a href="../../../java/sql/SQLException.html" title="class in java.sql">SQLException</a></pre><dl><dd>Retrieves the the suggested column title for the designated column for use in printouts and displays.<p/>               </dd><dd><dl> <dt> <b>Specified by: </b>   </dt><dd> <code><a href="../../../java/sql/ResultSetMetaData.html#getColumnLabel(int)">getColumnLabel</a></code> in interface <code><a href="../../../java/sql/ResultSetMetaData.html" title="interface in java.sql">ResultSetMetaData</a></code>    </dd> </dl></dd><dd><dl> <dt> <b>Parameters:</b>   </dt><dd> <code>columnIndex</code> - the first column is 1, the second is 2, and so on; must be between <code>1</code> and the number of columns, inclusive                        </dd> <dt> <b>Returns:</b>   </dt><dd>the suggested column name to use in printouts and displays         </dd> <dt> <b>Throws:</b>   </dt><dd> <code><a href="../../../java/sql/SQLException.html" title="class in java.sql">SQLException</a></code> - if a database access error occurs or the given column number is out of bounds                 </dd>   </dl></dd></dl> <a end_ctx_id="method:getColumnLabel(int)"/>  </td></tr></table></td></tr></table><table border="0" cellpadding="1" cellspacing="0" width="100%"><tr><td><h3 class="ctxid">method:getColumnName(int) [NONE]</h3></td></tr><tr><td><table border="0" cellpadding="5" cellspacing="1" bgcolor="black" width="100%"><tr valign="top"><td bgcolor="#FFFFFF" colspan="1"> <a start_ctx_id="method:getColumnName(int)"/><a name="getColumnName(int)"/><h3> getColumnName </h3><pre>
public java.lang.String <b>getColumnName</b>(int columnIndex)
                               throws <a href="../../../java/sql/SQLException.html" title="class in java.sql">SQLException</a></pre><dl><dd>Retrieves the name of the designated column.<p/>      </dd><dd><dl> <dt> <b>Specified by: </b>   </dt><dd> <code><a href="../../../java/sql/ResultSetMetaData.html#getColumnName(int)">getColumnName</a></code> in interface <code><a href="../../../java/sql/ResultSetMetaData.html" title="interface in java.sql">ResultSetMetaData</a></code>    </dd> </dl></dd><dd><dl> <dt> <b>Parameters:</b>   </dt><dd> <code>columnIndex</code> - the first column is 1, the second is 2, and so on; must be between <code>1</code> and the number of columns, inclusive                        </dd> <dt> <b>Returns:</b>   </dt><dd>the column name of the designated column      </dd> <dt> <b>Throws:</b>   </dt><dd> <code><a href="../../../java/sql/SQLException.html" title="class in java.sql">SQLException</a></code> - if a database access error occurs or the given column number is out of bounds                 </dd>   </dl></dd></dl> <a end_ctx_id="method:getColumnName(int)"/>  </td></tr></table></td></tr></table><table border="0" cellpadding="1" cellspacing="0" width="100%"><tr><td><h3 class="ctxid">method:getSchemaName(int) [NONE]</h3></td></tr><tr><td><table border="0" cellpadding="5" cellspacing="1" bgcolor="black" width="100%"><tr valign="top"><td bgcolor="#FFFFFF" colspan="1"> <a start_ctx_id="method:getSchemaName(int)"/><a name="getSchemaName(int)"/><h3> getSchemaName </h3><pre>
public java.lang.String <b>getSchemaName</b>(int columnIndex)
                               throws <a href="../../../java/sql/SQLException.html" title="class in java.sql">SQLException</a></pre><dl><dd>Retrieves the schema name of the table from which the value in the designated column was derived.<p/>                </dd><dd><dl> <dt> <b>Specified by: </b>   </dt><dd> <code><a href="../../../java/sql/ResultSetMetaData.html#getSchemaName(int)">getSchemaName</a></code> in interface <code><a href="../../../java/sql/ResultSetMetaData.html" title="interface in java.sql">ResultSetMetaData</a></code>    </dd> </dl></dd><dd><dl> <dt> <b>Parameters:</b>   </dt><dd> <code>columnIndex</code> - the first column is 1, the second is 2, and so on; must be between <code>1</code> and the number of columns, inclusive                        </dd> <dt> <b>Returns:</b>   </dt><dd>the schema name or an empty <code>String</code> if no schema name is available            </dd> <dt> <b>Throws:</b>   </dt><dd> <code><a href="../../../java/sql/SQLException.html" title="class in java.sql">SQLException</a></code> - if a database access error occurs or the given column number is out of bounds                 </dd>   </dl></dd></dl> <a end_ctx_id="method:getSchemaName(int)"/>  </td></tr></table></td></tr></table><table border="0" cellpadding="1" cellspacing="0" width="100%"><tr><td><h3 class="ctxid">method:getPrecision(int) [NONE]</h3></td></tr><tr><td><table border="0" cellpadding="5" cellspacing="1" bgcolor="black" width="100%"><tr valign="top"><td bgcolor="#FFFFFF" colspan="1"> <a start_ctx_id="method:getPrecision(int)"/><a name="getPrecision(int)"/><h3> getPrecision </h3><pre>
public int <b>getPrecision</b>(int columnIndex)
                 throws <a href="../../../java/sql/SQLException.html" title="class in java.sql">SQLException</a></pre><dl><dd>Retrieves the total number of digits for values stored in the designated column.<p/>            </dd><dd><dl> <dt> <b>Specified by: </b>   </dt><dd> <code><a href="../../../java/sql/ResultSetMetaData.html#getPrecision(int)">getPrecision</a></code> in interface <code><a href="../../../java/sql/ResultSetMetaData.html" title="interface in java.sql">ResultSetMetaData</a></code>    </dd> </dl></dd><dd><dl> <dt> <b>Parameters:</b>   </dt><dd> <code>columnIndex</code> - the first column is 1, the second is 2, and so on; must be between <code>1</code> and the number of columns, inclusive                        </dd> <dt> <b>Returns:</b>   </dt><dd>the precision for values stored in the designated column        </dd> <dt> <b>Throws:</b>   </dt><dd> <code><a href="../../../java/sql/SQLException.html" title="class in java.sql">SQLException</a></code> - if a database access error occurs or the given column number is out of bounds                 </dd>   </dl></dd></dl> <a end_ctx_id="method:getPrecision(int)"/>  </td></tr></table></td></tr></table><table border="0" cellpadding="1" cellspacing="0" width="100%"><tr><td><h3 class="ctxid">method:getScale(int) [NONE]</h3></td></tr><tr><td><table border="0" cellpadding="5" cellspacing="1" bgcolor="black" width="100%"><tr valign="top"><td bgcolor="#FFFFFF" colspan="1"> <a start_ctx_id="method:getScale(int)"/><a name="getScale(int)"/><h3> getScale </h3><pre>
public int <b>getScale</b>(int columnIndex)
             throws <a href="../../../java/sql/SQLException.html" title="class in java.sql">SQLException</a></pre><dl><dd>Retrieves the number of digits to the right of the decimal point for values stored in the designated column.<p/>                  </dd><dd><dl> <dt> <b>Specified by: </b>   </dt><dd> <code><a href="../../../java/sql/ResultSetMetaData.html#getScale(int)">getScale</a></code> in interface <code><a href="../../../java/sql/ResultSetMetaData.html" title="interface in java.sql">ResultSetMetaData</a></code>    </dd> </dl></dd><dd><dl> <dt> <b>Parameters:</b>   </dt><dd> <code>columnIndex</code> - the first column is 1, the second is 2, and so on; must be between <code>1</code> and the number of columns, inclusive                        </dd> <dt> <b>Returns:</b>   </dt><dd>the scale for values stored in the designated column        </dd> <dt> <b>Throws:</b>   </dt><dd> <code><a href="../../../java/sql/SQLException.html" title="class in java.sql">SQLException</a></code> - if a database access error occurs or the given column number is out of bounds                 </dd>   </dl></dd></dl> <a end_ctx_id="method:getScale(int)"/>  </td></tr></table></td></tr></table><table border="0" cellpadding="1" cellspacing="0" width="100%"><tr><td><h3 class="ctxid">method:getTableName(int) [NONE]</h3></td></tr><tr><td><table border="0" cellpadding="5" cellspacing="1" bgcolor="black" width="100%"><tr valign="top"><td bgcolor="#FFFFFF" colspan="1"> <a start_ctx_id="method:getTableName(int)"/><a name="getTableName(int)"/><h3> getTableName </h3><pre>
public java.lang.String <b>getTableName</b>(int columnIndex)
                              throws <a href="../../../java/sql/SQLException.html" title="class in java.sql">SQLException</a></pre><dl><dd>Retrieves the name of the table from which the value in the designated column was derived.<p/>               </dd><dd><dl> <dt> <b>Specified by: </b>   </dt><dd> <code><a href="../../../java/sql/ResultSetMetaData.html#getTableName(int)">getTableName</a></code> in interface <code><a href="../../../java/sql/ResultSetMetaData.html" title="interface in java.sql">ResultSetMetaData</a></code>    </dd> </dl></dd><dd><dl> <dt> <b>Parameters:</b>   </dt><dd> <code>columnIndex</code> - the first column is 1, the second is 2, and so on; must be between <code>1</code> and the number of columns, inclusive                        </dd> <dt> <b>Returns:</b>   </dt><dd>the table name or an empty <code>String</code> if no table name is available            </dd> <dt> <b>Throws:</b>   </dt><dd> <code><a href="../../../java/sql/SQLException.html" title="class in java.sql">SQLException</a></code> - if a database access error occurs or the given column number is out of bounds                 </dd>   </dl></dd></dl> <a end_ctx_id="method:getTableName(int)"/>  </td></tr></table></td></tr></table><table border="0" cellpadding="1" cellspacing="0" width="100%"><tr><td><h3 class="ctxid">method:getCatalogName(int) [NONE]</h3></td></tr><tr><td><table border="0" cellpadding="5" cellspacing="1" bgcolor="black" width="100%"><tr valign="top"><td bgcolor="#FFFFFF" colspan="1"> <a start_ctx_id="method:getCatalogName(int)"/><a name="getCatalogName(int)"/><h3> getCatalogName </h3><pre>
public java.lang.String <b>getCatalogName</b>(int columnIndex)
                                throws <a href="../../../java/sql/SQLException.html" title="class in java.sql">SQLException</a></pre><dl><dd>Retrieves the catalog name of the table from which the value in the designated column was derived.<p/>                </dd><dd><dl> <dt> <b>Specified by: </b>   </dt><dd> <code><a href="../../../java/sql/ResultSetMetaData.html#getCatalogName(int)">getCatalogName</a></code> in interface <code><a href="../../../java/sql/ResultSetMetaData.html" title="interface in java.sql">ResultSetMetaData</a></code>    </dd> </dl></dd><dd><dl> <dt> <b>Parameters:</b>   </dt><dd> <code>columnIndex</code> - the first column is 1, the second is 2, and so on; must be between <code>1</code> and the number of columns, inclusive                        </dd> <dt> <b>Returns:</b>   </dt><dd>the catalog name of the column's table or an empty <code>String</code> if no catalog name is available                </dd> <dt> <b>Throws:</b>   </dt><dd> <code><a href="../../../java/sql/SQLException.html" title="class in java.sql">SQLException</a></code> - if a database access error occurs or the given column number is out of bounds                 </dd>   </dl></dd></dl> <a end_ctx_id="method:getCatalogName(int)"/>  </td></tr></table></td></tr></table><table border="0" cellpadding="1" cellspacing="0" width="100%"><tr><td><h3 class="ctxid">method:getColumnType(int) [NONE]</h3></td></tr><tr><td><table border="0" cellpadding="5" cellspacing="1" bgcolor="black" width="100%"><tr valign="top"><td bgcolor="#FFFFFF" colspan="1"> <a start_ctx_id="method:getColumnType(int)"/><a name="getColumnType(int)"/><h3> getColumnType </h3><pre>
public int <b>getColumnType</b>(int columnIndex)
                  throws <a href="../../../java/sql/SQLException.html" title="class in java.sql">SQLException</a></pre><dl><dd>Retrieves the type code (one of the <code>java.sql.Types</code> constants) for the SQL type of the value stored in the designated column.<p/>                    </dd><dd><dl> <dt> <b>Specified by: </b>   </dt><dd> <code><a href="../../../java/sql/ResultSetMetaData.html#getColumnType(int)">getColumnType</a></code> in interface <code><a href="../../../java/sql/ResultSetMetaData.html" title="interface in java.sql">ResultSetMetaData</a></code>    </dd> </dl></dd><dd><dl> <dt> <b>Parameters:</b>   </dt><dd> <code>columnIndex</code> - the first column is 1, the second is 2, and so on; must be between <code>1</code> and the number of columns, inclusive                        </dd> <dt> <b>Returns:</b>   </dt><dd>an <code>int</code> representing the SQL type of values stored in the designated column            </dd> <dt> <b>Throws:</b>   </dt><dd> <code><a href="../../../java/sql/SQLException.html" title="class in java.sql">SQLException</a></code> - if a database access error occurs or the given column number is out of bounds                 </dd> <dt> <b>See Also: </b>   </dt><dd> <a href="../../../java/sql/Types.html" title="class in java.sql"><code>Types</code></a> </dd>    </dl></dd></dl> <a end_ctx_id="method:getColumnType(int)"/>  </td></tr></table></td></tr></table><table border="0" cellpadding="1" cellspacing="0" width="100%"><tr><td><h3 class="ctxid">method:getColumnTypeName(int) [NONE]</h3></td></tr><tr><td><table border="0" cellpadding="5" cellspacing="1" bgcolor="black" width="100%"><tr valign="top"><td bgcolor="#FFFFFF" colspan="1"> <a start_ctx_id="method:getColumnTypeName(int)"/><a name="getColumnTypeName(int)"/><h3> getColumnTypeName </h3><pre>
public java.lang.String <b>getColumnTypeName</b>(int columnIndex)
                                   throws <a href="../../../java/sql/SQLException.html" title="class in java.sql">SQLException</a></pre><dl><dd>Retrieves the DBMS-specific type name for values stored in the designated column.<p/>           </dd><dd><dl> <dt> <b>Specified by: </b>   </dt><dd> <code><a href="../../../java/sql/ResultSetMetaData.html#getColumnTypeName(int)">getColumnTypeName</a></code> in interface <code><a href="../../../java/sql/ResultSetMetaData.html" title="interface in java.sql">ResultSetMetaData</a></code>    </dd> </dl></dd><dd><dl> <dt> <b>Parameters:</b>   </dt><dd> <code>columnIndex</code> - the first column is 1, the second is 2, and so on; must be between <code>1</code> and the number of columns, inclusive                        </dd> <dt> <b>Returns:</b>   </dt><dd>the type name used by the data source       </dd> <dt> <b>Throws:</b>   </dt><dd> <code><a href="../../../java/sql/SQLException.html" title="class in java.sql">SQLException</a></code> - if a database access error occurs or the given column number is out of bounds                 </dd>   </dl></dd></dl> <a end_ctx_id="method:getColumnTypeName(int)"/>  </td></tr></table></td></tr></table><table border="0" cellpadding="1" cellspacing="0" width="100%"><tr><td><h3 class="ctxid">method:isReadOnly(int) [NONE]</h3></td></tr><tr><td><table border="0" cellpadding="5" cellspacing="1" bgcolor="black" width="100%"><tr valign="top"><td bgcolor="#FFFFFF" colspan="1"> <a start_ctx_id="method:isReadOnly(int)"/><a name="isReadOnly(int)"/><h3> isReadOnly </h3><pre>
public boolean <b>isReadOnly</b>(int columnIndex)
                   throws <a href="../../../java/sql/SQLException.html" title="class in java.sql">SQLException</a></pre><dl><dd>Indicates whether the designated column is definitely not writable, thus readonly.<p/>          </dd><dd><dl> <dt> <b>Specified by: </b>   </dt><dd> <code><a href="../../../java/sql/ResultSetMetaData.html#isReadOnly(int)">isReadOnly</a></code> in interface <code><a href="../../../java/sql/ResultSetMetaData.html" title="interface in java.sql">ResultSetMetaData</a></code>    </dd> </dl></dd><dd><dl> <dt> <b>Parameters:</b>   </dt><dd> <code>columnIndex</code> - the first column is 1, the second is 2, and so on; must be between <code>1</code> and the number of columns, inclusive                        </dd> <dt> <b>Returns:</b>   </dt><dd> <code>true</code> if this <code>RowSet</code> object is read-Only and thus not updatable; <code>false</code> otherwise             </dd> <dt> <b>Throws:</b>   </dt><dd> <code><a href="../../../java/sql/SQLException.html" title="class in java.sql">SQLException</a></code> - if a database access error occurs or the given column number is out of bounds                 </dd>   </dl></dd></dl> <a end_ctx_id="method:isReadOnly(int)"/>  </td></tr></table></td></tr></table><table border="0" cellpadding="1" cellspacing="0" width="100%"><tr><td><h3 class="ctxid">method:isWritable(int) [NONE]</h3></td></tr><tr><td><table border="0" cellpadding="5" cellspacing="1" bgcolor="black" width="100%"><tr valign="top"><td bgcolor="#FFFFFF" colspan="1"> <a start_ctx_id="method:isWritable(int)"/><a name="isWritable(int)"/><h3> isWritable </h3><pre>
public boolean <b>isWritable</b>(int columnIndex)
                   throws <a href="../../../java/sql/SQLException.html" title="class in java.sql">SQLException</a></pre><dl><dd>Indicates whether it is possible for a write operation on the designated column to succeed. A return value of <code>true</code> means that a write operation may or may not succeed.<p/>                             </dd><dd><dl> <dt> <b>Specified by: </b>   </dt><dd> <code><a href="../../../java/sql/ResultSetMetaData.html#isWritable(int)">isWritable</a></code> in interface <code><a href="../../../java/sql/ResultSetMetaData.html" title="interface in java.sql">ResultSetMetaData</a></code>    </dd> </dl></dd><dd><dl> <dt> <b>Parameters:</b>   </dt><dd> <code>columnIndex</code> - the first column is 1, the second is 2, and so on; must be between <code>1</code> and the number of columns, inclusive                        </dd> <dt> <b>Returns:</b>   </dt><dd> <code>true</code> if a write operation on the designated column may will succeed; <code>false</code> otherwise              </dd> <dt> <b>Throws:</b>   </dt><dd> <code><a href="../../../java/sql/SQLException.html" title="class in java.sql">SQLException</a></code> - if a database access error occurs or the given column number is out of bounds                 </dd>   </dl></dd></dl> <a end_ctx_id="method:isWritable(int)"/>  </td></tr></table></td></tr></table><table border="0" cellpadding="1" cellspacing="0" width="100%"><tr><td><h3 class="ctxid">method:isDefinitelyWritable(int) [NONE]</h3></td></tr><tr><td><table border="0" cellpadding="5" cellspacing="1" bgcolor="black" width="100%"><tr valign="top"><td bgcolor="#FFFFFF" colspan="1"> <a start_ctx_id="method:isDefinitelyWritable(int)"/><a name="isDefinitelyWritable(int)"/><h3> isDefinitelyWritable </h3><pre>
public boolean <b>isDefinitelyWritable</b>(int columnIndex)
                             throws <a href="../../../java/sql/SQLException.html" title="class in java.sql">SQLException</a></pre><dl><dd>Indicates whether a write operation on the designated column will definitely succeed.<p/>           </dd><dd><dl> <dt> <b>Specified by: </b>   </dt><dd> <code><a href="../../../java/sql/ResultSetMetaData.html#isDefinitelyWritable(int)">isDefinitelyWritable</a></code> in interface <code><a href="../../../java/sql/ResultSetMetaData.html" title="interface in java.sql">ResultSetMetaData</a></code>    </dd> </dl></dd><dd><dl> <dt> <b>Parameters:</b>   </dt><dd> <code>columnIndex</code> - the first column is 1, the second is 2, and so on; must be between <code>1</code> and the number of columns, inclusive                        </dd> <dt> <b>Returns:</b>   </dt><dd> <code>true</code> if a write operation on the designated column will definitely succeed; <code>false</code> otherwise              </dd> <dt> <b>Throws:</b>   </dt><dd> <code><a href="../../../java/sql/SQLException.html" title="class in java.sql">SQLException</a></code> - if a database access error occurs or the given column number is out of bounds                 </dd>   </dl></dd></dl> <a end_ctx_id="method:isDefinitelyWritable(int)"/>  </td></tr></table></td></tr></table><table border="0" cellpadding="1" cellspacing="0" width="100%"><tr><td><h3 class="ctxid">method:getColumnClassName(int) [NONE]</h3></td></tr><tr><td><table border="0" cellpadding="5" cellspacing="1" bgcolor="black" width="100%"><tr valign="top"><td bgcolor="#FFFFFF" colspan="1"> <a start_ctx_id="method:getColumnClassName(int)"/><a name="getColumnClassName(int)"/><h3> getColumnClassName </h3><pre>
public java.lang.String <b>getColumnClassName</b>(int columnIndex)
                                    throws <a href="../../../java/sql/SQLException.html" title="class in java.sql">SQLException</a></pre><dl><dd>Retrieves the fully-qualified name of the class in the Java programming language to which a value in the designated column will be mapped. For example, if the value is an <code>int</code>, the class name returned by this method will be <code>java.lang.Integer</code>.<p> If the value in the designated column has a custom mapping, this method returns the name of the class that implements <code>SQLData</code>. When the method <code>ResultSet.getObject</code> is called to retrieve a value from the designated column, it will create an instance of this class or one of its subclasses.                                                 </p><p/>                                        </dd><dd><dl> <dt> <b>Specified by: </b>   </dt><dd> <code><a href="../../../java/sql/ResultSetMetaData.html#getColumnClassName(int)">getColumnClassName</a></code> in interface <code><a href="../../../java/sql/ResultSetMetaData.html" title="interface in java.sql">ResultSetMetaData</a></code>    </dd> </dl></dd><dd><dl> <dt> <b>Parameters:</b>   </dt><dd> <code>columnIndex</code> - the first column is 1, the second is 2, and so on; must be between <code>1</code> and the number of columns, inclusive                        </dd> <dt> <b>Returns:</b>   </dt><dd>the fully-qualified name of the class in the Java programming language that would be used by the method <code>RowSet.getObject</code> to retrieve the value in the specified column. This is the class name used for custom mapping when there is a custom mapping.                                         </dd> <dt> <b>Throws:</b>   </dt><dd> <code><a href="../../../java/sql/SQLException.html" title="class in java.sql">SQLException</a></code> - if a database access error occurs or the given column number is out of bounds                 </dd>   </dl></dd></dl> <a end_ctx_id="method:getColumnClassName(int)"/>  </td></tr></table></td></tr></table><table border="0" cellpadding="1" cellspacing="0" width="100%"><tr><td><h3 class="ctxid">method:unwrap(java.lang.Class) [NONE]</h3></td></tr><tr><td><table border="0" cellpadding="5" cellspacing="1" bgcolor="black" width="100%"><tr valign="top"><td bgcolor="#FFFFFF" colspan="1"> <a start_ctx_id="method:unwrap(java.lang.Class)"/><a name="unwrap(java.lang.Class)"/><h3> unwrap </h3><pre>
public &lt;T&gt; T <b>unwrap</b>(java.lang.Class&lt;T&gt; iface)
         throws <a href="../../../java/sql/SQLException.html" title="class in java.sql">SQLException</a></pre><dl><dd>Returns an object that implements the given interface to allow access to non-standard methods, or standard methods not exposed by the proxy. The result may be either the object found to implement the interface or a proxy for that object. If the receiver implements the interface then that is the object. If the receiver is a wrapper and the wrapped object implements the interface then that is the object. Otherwise the object is the result of calling <code>unwrap</code> recursively on the wrapped object. If the receiver is not a wrapper and does not implement the interface, then an <code>SQLException</code> is thrown.<p/>                                                                                                    </dd><dd><dl> <dt> <b>Specified by: </b>   </dt><dd> <code><a href="../../../java/sql/Wrapper.html#unwrap(java.lang.Class)">unwrap</a></code> in interface <code><a href="../../../java/sql/Wrapper.html" title="interface in java.sql">Wrapper</a></code>    </dd> </dl></dd><dd><dl> <dt> <b>Parameters:</b>   </dt><dd> <code>iface</code> - A Class defining an interface that the result must implement.            </dd> <dt> <b>Returns:</b>   </dt><dd>an object that implements the interface. May be a proxy for the actual implementing object.              </dd> <dt> <b>Throws:</b>   </dt><dd> <code><a href="../../../java/sql/SQLException.html" title="class in java.sql">SQLException</a></code> - If no object found that implements the interface          </dd> <dt> <b>Since:</b>   </dt><dd>1.6</dd>    </dl></dd></dl> <a end_ctx_id="method:unwrap(java.lang.Class)"/>  </td></tr></table></td></tr></table><table border="0" cellpadding="1" cellspacing="0" width="100%"><tr><td><h3 class="ctxid">method:isWrapperFor(java.lang.Class) [NONE]</h3></td></tr><tr><td><table border="0" cellpadding="5" cellspacing="1" bgcolor="black" width="100%"><tr valign="top"><td bgcolor="#FFFFFF" colspan="1"> <a start_ctx_id="method:isWrapperFor(java.lang.Class)"/><a name="isWrapperFor(java.lang.Class)"/><h3> isWrapperFor </h3><pre>
public boolean <b>isWrapperFor</b>(java.lang.Class&lt;?&gt; interfaces)
                     throws <a href="../../../java/sql/SQLException.html" title="class in java.sql">SQLException</a></pre><dl><dd>Returns true if this either implements the interface argument or is directly or indirectly a wrapper for an object that does. Returns false otherwise. If this implements the interface then return true, else if this is a wrapper then return the result of recursively calling <code>isWrapperFor</code> on the wrapped object. If this does not implement the interface and is not a wrapper, return false. This method should be implemented as a low-cost operation compared to <code>unwrap</code> so that callers can use this method to avoid expensive <code>unwrap</code> calls that may fail. If this method returns true then calling <code>unwrap</code> with the same argument should succeed.<p/>                                                                                                        </dd><dd><dl> <dt> <b>Specified by: </b>   </dt><dd> <code><a href="../../../java/sql/Wrapper.html#isWrapperFor(java.lang.Class)">isWrapperFor</a></code> in interface <code><a href="../../../java/sql/Wrapper.html" title="interface in java.sql">Wrapper</a></code>    </dd> </dl></dd><dd><dl> <dt> <b>Parameters:</b>   </dt><dd> <code>interfaces</code> - a Class defining an interface.       </dd> <dt> <b>Returns:</b>   </dt><dd>true if this implements the interface or directly or indirectly wraps an object that does.              </dd> <dt> <b>Throws:</b>   </dt><dd> <code><a href="../../../java/sql/SQLException.html" title="class in java.sql">SQLException</a></code> - if an error occurs while determining whether this is a wrapper for an object with the given interface.                    </dd> <dt> <b>Since:</b>   </dt><dd>1.6</dd>    </dl></dd></dl> <a end_ctx_id="method:isWrapperFor(java.lang.Class)"/>  </td></tr></table></td></tr></table></diff></diffreport>