<?xml version="1.0" encoding="UTF-8" standalone="yes"?><Document><name>javax/sql/rowset/RowSetProvider.spec</name><Context><name>class:RowSetProvider</name><mt>ADDED</mt></Context><Context><name>constructor:RowSetProvider()</name><mt>ADDED</mt></Context><Context><name>method:newFactory()</name><mt>ADDED</mt></Context><Context><name>method:newFactory(java.lang.String, java.lang.ClassLoader)</name><mt>ADDED</mt></Context><Stat><name>javax/sql/rowset/RowSetProvider.spec</name><mt>ADDED</mt><Group name="context"><Item count="4" name="ADDED"/><Item count="0" name="REMOVED"/><Item count="0" name="CHANGED"/><Item count="4" name="MODIFIED"/><Item count="4" name="TOTAL"/></Group><Group name="assertion"><Item count="0" name="ADDED"/><Item count="0" name="REMOVED"/><Item count="0" name="CHANGED"/><Item count="0" name="MODIFIED"/><Item count="0" name="TOTAL"/></Group></Stat></Document>