<?xml version="1.0" encoding="UTF-8" standalone="yes"?><Document><name>javax/sql/rowset/WebRowSet.spec</name><Context><name>class:WebRowSet</name><mt>CHANGED</mt></Context><Context><name>field:PUBLIC_XML_SCHEMA</name><mt>NONE</mt></Context><Context><name>field:SCHEMA_SYSTEM_ID</name><mt>NONE</mt></Context><Context><name>method:readXml(java.io.InputStream)</name><mt>NONE</mt></Context><Context><name>method:readXml(java.io.Reader)</name><mt>NONE</mt></Context><Context><name>method:writeXml(java.io.OutputStream)</name><mt>NONE</mt></Context><Context><name>method:writeXml(java.io.Writer)</name><mt>NONE</mt></Context><Context><name>method:writeXml(java.sql.ResultSet, java.io.OutputStream)</name><mt>NONE</mt></Context><Context><name>method:writeXml(java.sql.ResultSet, java.io.Writer)</name><mt>NONE</mt></Context><Stat><name>javax/sql/rowset/WebRowSet.spec</name><mt>CHANGED</mt><Group name="context"><Item count="0" name="ADDED"/><Item count="0" name="REMOVED"/><Item count="1" name="CHANGED"/><Item count="1" name="MODIFIED"/><Item count="9" name="TOTAL"/></Group><Group name="assertion"><Item count="0" name="ADDED"/><Item count="0" name="REMOVED"/><Item count="0" name="CHANGED"/><Item count="0" name="MODIFIED"/><Item count="0" name="TOTAL"/></Group></Stat></Document>