<?xml version="1.0" encoding="UTF-8" standalone="yes"?><Document><name>javax/sql/rowset/CachedRowSet.spec</name><Context><name>class:CachedRowSet</name><mt>CHANGED</mt></Context><Context><name>field:COMMIT_ON_ACCEPT_CHANGES</name><mt>NONE</mt></Context><Context><name>method:acceptChanges()</name><mt>CHANGED</mt></Context><Context><name>method:acceptChanges(java.sql.Connection)</name><mt>CHANGED</mt></Context><Context><name>method:columnUpdated(int)</name><mt>NONE</mt></Context><Context><name>method:columnUpdated(java.lang.String)</name><mt>NONE</mt></Context><Context><name>method:commit()</name><mt>NONE</mt></Context><Context><name>method:createCopy()</name><mt>NONE</mt></Context><Context><name>method:createCopyNoConstraints()</name><mt>NONE</mt></Context><Context><name>method:createCopySchema()</name><mt>CHANGED</mt></Context><Context><name>method:createShared()</name><mt>NONE</mt></Context><Context><name>method:execute(java.sql.Connection)</name><mt>NONE</mt></Context><Context><name>method:getKeyColumns()</name><mt>NONE</mt></Context><Context><name>method:getOriginal()</name><mt>NONE</mt></Context><Context><name>method:getOriginalRow()</name><mt>NONE</mt></Context><Context><name>method:getPageSize()</name><mt>NONE</mt></Context><Context><name>method:getRowSetWarnings()</name><mt>NONE</mt></Context><Context><name>method:getShowDeleted()</name><mt>NONE</mt></Context><Context><name>method:getSyncProvider()</name><mt>NONE</mt></Context><Context><name>method:getTableName()</name><mt>NONE</mt></Context><Context><name>method:nextPage()</name><mt>NONE</mt></Context><Context><name>method:populate(java.sql.ResultSet)</name><mt>NONE</mt></Context><Context><name>method:populate(java.sql.ResultSet, int)</name><mt>NONE</mt></Context><Context><name>method:previousPage()</name><mt>NONE</mt></Context><Context><name>method:release()</name><mt>NONE</mt></Context><Context><name>method:restoreOriginal()</name><mt>NONE</mt></Context><Context><name>method:rollback()</name><mt>NONE</mt></Context><Context><name>method:rollback(java.sql.Savepoint)</name><mt>NONE</mt></Context><Context><name>method:rowSetPopulated(javax.sql.RowSetEvent, int)</name><mt>CHANGED</mt></Context><Context><name>method:setKeyColumns(int[])</name><mt>NONE</mt></Context><Context><name>method:setMetaData(javax.sql.RowSetMetaData)</name><mt>NONE</mt></Context><Context><name>method:setOriginalRow()</name><mt>NONE</mt></Context><Context><name>method:setPageSize(int)</name><mt>NONE</mt></Context><Context><name>method:setShowDeleted(boolean)</name><mt>NONE</mt></Context><Context><name>method:setSyncProvider(java.lang.String)</name><mt>NONE</mt></Context><Context><name>method:setTableName(java.lang.String)</name><mt>NONE</mt></Context><Context><name>method:size()</name><mt>NONE</mt></Context><Context><name>method:toCollection()</name><mt>NONE</mt></Context><Context><name>method:toCollection(int)</name><mt>NONE</mt></Context><Context><name>method:toCollection(java.lang.String)</name><mt>NONE</mt></Context><Context><name>method:undoDelete()</name><mt>NONE</mt></Context><Context><name>method:undoInsert()</name><mt>NONE</mt></Context><Context><name>method:undoUpdate()</name><mt>NONE</mt></Context><Stat><name>javax/sql/rowset/CachedRowSet.spec</name><mt>CHANGED</mt><Group name="context"><Item name="ADDED" count="0"/><Item name="REMOVED" count="0"/><Item name="CHANGED" count="5"/><Item name="MODIFIED" count="5"/><Item name="TOTAL" count="43"/></Group><Group name="assertion"><Item name="ADDED" count="0"/><Item name="REMOVED" count="0"/><Item name="CHANGED" count="0"/><Item name="MODIFIED" count="0"/><Item name="TOTAL" count="0"/></Group></Stat></Document>