<?xml version="1.0" encoding="UTF-8"?><diffreport><diff><table border="0" cellpadding="1" cellspacing="0" width="100%"><tr><td><h3 class="ctxid">class:FilteredRowSet [CHANGED]</h3></td></tr><tr><td><table border="0" cellpadding="5" cellspacing="1" bgcolor="black" width="100%"><tr valign="top"><td bgcolor="#EEEEEE" colspan="2"><div class="description"> <a start_ctx_id="class:FilteredRowSet"/><ul class="blockList"><li class="blockList"><dl> <dt>All Superinterfaces: </dt><dd>java.lang.AutoCloseable, <a href="../../../javax/sql/rowset/CachedRowSet.html" title="interface in javax.sql.rowset">CachedRowSet</a>, <a href="../../../javax/sql/rowset/Joinable.html" title="interface in javax.sql.rowset">Joinable</a>, java.sql.ResultSet, javax.sql.RowSet, <a href="../../../javax/sql/rowset/WebRowSet.html" title="interface in javax.sql.rowset">WebRowSet</a>, java.sql.Wrapper      </dd> </dl> <hr/> <br/><pre>public interface <span class="strong">FilteredRowSet</span>
extends <a href="../../../javax/sql/rowset/WebRowSet.html" title="interface in javax.sql.rowset">WebRowSet</a></pre><div class="block">The standard interface that all standard implementations of <code>FilteredRowSet</code> must implement. The <code>FilteredRowSetImpl</code> class provides the reference implementation which may be extended if required. Alternatively, a vendor is free to implement its own version by implementing this interface.<h3>1.0 Background </h3> There are occasions when a <code>RowSet</code> object has a need to provide a degree of filtering to its contents. One possible solution is to provide a query language for all standard <code>RowSet</code> implementations; however, this is an impractical approach for lightweight components such as disconnected <code>RowSet</code> objects. The <code>FilteredRowSet</code> interface seeks to address this need without supplying a heavyweight query language along with the processing that such a query language would require.<p> A JDBC <code>FilteredRowSet</code> standard implementation implements the <code>RowSet</code> interfaces and extends the <code>CachedRowSet</code><sup changeType="diff-removed-tag"><font size="-2"><span class="diff-html-removed">TM</span></font><span class="diff-html-removed"/></sup><span class="diff-html-added">™</span> class. The <code>CachedRowSet</code> class provides a set of protected cursor manipulation methods, which a <code>FilteredRowSet</code> implementation can override to supply filtering support.                                   </p><h3>2.0 Predicate Sharing  </h3> If a <code>FilteredRowSet</code> implementation is shared using the inherited <code>createShared</code> method in parent interfaces, the <code>Predicate</code> should be shared without modification by all <code>FilteredRowSet</code> instance clones.<h3>3.0 Usage </h3><p> By implementing a <code>Predicate</code> (see example in <a href="Predicate.html">Predicate</a> class JavaDoc), a <code>FilteredRowSet</code> could then be used as described below.                   </p><p><pre>
 
<code>
     FilteredRowSet frs = new FilteredRowSetImpl();
     frs.populate(rs);

     Range name = new Range("Alpha", "Bravo", "columnName");
     frs.setFilter(name);

     frs.next() // only names from "Alpha" to "Bravo" will be returned
 </code>
 
</pre> In the example above, we initialize a <code>Range</code> object which implements the <code>Predicate</code> interface. This object expresses the following constraints: All rows outputted or modified from this <code>FilteredRowSet</code> object must fall between the values 'Alpha' and 'Bravo' both values inclusive, in the column 'columnName'. If a filter is applied to a <code>FilteredRowSet</code> object that contains no data that falls within the range of the filter, no rows are returned.                                                                     </p><p> This framework allows multiple classes implementing predicates to be used in combination to achieved the required filtering result with out the need for query language processing.                          </p><p/><h3>4.0 Updating a <code>FilteredRowSet</code> Object    </h3> The predicate set on a <code>FilteredRowSet</code> object applies a criterion on all rows in a <code>RowSet</code> object to manage a subset of rows in a <code>RowSet</code> object. This criterion governs the subset of rows that are visible and also defines which rows can be modified, deleted or inserted.<p> Therefore, the predicate set on a <code>FilteredRowSet</code> object must be considered as bi-directional and the set criterion as the gating mechanism for all views and updates to the <code>FilteredRowSet</code> object. Any attempt to update the <code>FilteredRowSet</code> that violates the criterion will result in a <code>SQLException</code> object being thrown.                                                </p><p> The <code>FilteredRowSet</code> range criterion can be modified by applying a new <code>Predicate</code> object to the <code>FilteredRowSet</code> instance at any time. This is possible if no additional references to the <code>FilteredRowSet</code> object are detected. A new filter has has an immediate effect on criterion enforcement within the <code>FilteredRowSet</code> object, and all subsequent views and updates will be subject to similar enforcement.                                                            </p><p/><h3>5.0 Behavior of Rows Outside the Filter      </h3> Rows that fall outside of the filter set on a <code>FilteredRowSet</code> object cannot be modified until the filter is removed or a new filter is applied.<p> Furthermore, only rows that fall within the bounds of a filter will be synchronized with the data source.                  </p>                                                                                                                                                                                                                 </div>  </li></ul> </div> <a end_ctx_id="class:FilteredRowSet"/> </td></tr><tr valign="top"><td bgcolor="#CCCCCC" colspan="1"><div class="description"> <a start_ctx_id="class:FilteredRowSet"/><ul class="blockList"><li class="blockList"><dl> <dt>All Superinterfaces: </dt><dd>java.lang.AutoCloseable, <a href="../../../javax/sql/rowset/CachedRowSet.html" title="interface in javax.sql.rowset">CachedRowSet</a>, <a href="../../../javax/sql/rowset/Joinable.html" title="interface in javax.sql.rowset">Joinable</a>, java.sql.ResultSet, javax.sql.RowSet, <a href="../../../javax/sql/rowset/WebRowSet.html" title="interface in javax.sql.rowset">WebRowSet</a>, java.sql.Wrapper      </dd> </dl> <hr/> <br/><pre>public interface <span class="strong">FilteredRowSet</span>
extends <a href="../../../javax/sql/rowset/WebRowSet.html" title="interface in javax.sql.rowset">WebRowSet</a></pre><div class="block">The standard interface that all standard implementations of <code>FilteredRowSet</code> must implement. The <code>FilteredRowSetImpl</code> class provides the reference implementation which may be extended if required. Alternatively, a vendor is free to implement its own version by implementing this interface.<h3>1.0 Background </h3> There are occasions when a <code>RowSet</code> object has a need to provide a degree of filtering to its contents. One possible solution is to provide a query language for all standard <code>RowSet</code> implementations; however, this is an impractical approach for lightweight components such as disconnected <code>RowSet</code> objects. The <code>FilteredRowSet</code> interface seeks to address this need without supplying a heavyweight query language along with the processing that such a query language would require.<p> A JDBC <code>FilteredRowSet</code> standard implementation implements the <code>RowSet</code> interfaces and extends the <code>CachedRowSet</code><sup changeType="diff-removed-tag"><font size="-2">TM</font></sup> class. The <code>CachedRowSet</code> class provides a set of protected cursor manipulation methods, which a <code>FilteredRowSet</code> implementation can override to supply filtering support.                                   </p><h3>2.0 Predicate Sharing  </h3> If a <code>FilteredRowSet</code> implementation is shared using the inherited <code>createShared</code> method in parent interfaces, the <code>Predicate</code> should be shared without modification by all <code>FilteredRowSet</code> instance clones.<h3>3.0 Usage </h3><p> By implementing a <code>Predicate</code> (see example in <a href="Predicate.html">Predicate</a> class JavaDoc), a <code>FilteredRowSet</code> could then be used as described below.                   </p><p> <code>  </code><pre><code>
     FilteredRowSet frs = new FilteredRowSetImpl();
     frs.populate(rs);

     Range name = new Range("Alpha", "Bravo", "columnName");
     frs.setFilter(name);

     frs.next() // only names from "Alpha" to "Bravo" will be returned
 </code></pre> In the example above, we initialize a <code>Range</code> object which implements the <code>Predicate</code> interface. This object expresses the following constraints: All rows outputted or modified from this <code>FilteredRowSet</code> object must fall between the values 'Alpha' and 'Bravo' both values inclusive, in the column 'columnName'. If a filter is applied to a <code>FilteredRowSet</code> object that contains no data that falls within the range of the filter, no rows are returned.                                                                      </p><p> This framework allows multiple classes implementing predicates to be used in combination to achieved the required filtering result with out the need for query language processing.                          </p><p/><h3>4.0 Updating a <code>FilteredRowSet</code> Object    </h3> The predicate set on a <code>FilteredRowSet</code> object applies a criterion on all rows in a <code>RowSet</code> object to manage a subset of rows in a <code>RowSet</code> object. This criterion governs the subset of rows that are visible and also defines which rows can be modified, deleted or inserted.<p> Therefore, the predicate set on a <code>FilteredRowSet</code> object must be considered as bi-directional and the set criterion as the gating mechanism for all views and updates to the <code>FilteredRowSet</code> object. Any attempt to update the <code>FilteredRowSet</code> that violates the criterion will result in a <code>SQLException</code> object being thrown.                                                </p><p> The <code>FilteredRowSet</code> range criterion can be modified by applying a new <code>Predicate</code> object to the <code>FilteredRowSet</code> instance at any time. This is possible if no additional references to the <code>FilteredRowSet</code> object are detected. A new filter has has an immediate effect on criterion enforcement within the <code>FilteredRowSet</code> object, and all subsequent views and updates will be subject to similar enforcement.                                                            </p><p/><h3>5.0 Behavior of Rows Outside the Filter      </h3> Rows that fall outside of the filter set on a <code>FilteredRowSet</code> object cannot be modified until the filter is removed or a new filter is applied.<p> Furthermore, only rows that fall within the bounds of a filter will be synchronized with the data source.                  </p>                                                                                                                                                                                                                 </div>  </li></ul> </div> <a end_ctx_id="class:FilteredRowSet"/> </td><td bgcolor="#FFFFFF" colspan="1"><div class="description"> <a start_ctx_id="class:FilteredRowSet"/><ul class="blockList"><li class="blockList"><dl> <dt>All Superinterfaces: </dt><dd>java.lang.AutoCloseable, <a href="../../../javax/sql/rowset/CachedRowSet.html" title="interface in javax.sql.rowset">CachedRowSet</a>, <a href="../../../javax/sql/rowset/Joinable.html" title="interface in javax.sql.rowset">Joinable</a>, java.sql.ResultSet, javax.sql.RowSet, <a href="../../../javax/sql/rowset/WebRowSet.html" title="interface in javax.sql.rowset">WebRowSet</a>, java.sql.Wrapper      </dd> </dl> <hr/> <br/><pre>public interface <span class="strong">FilteredRowSet</span>
extends <a href="../../../javax/sql/rowset/WebRowSet.html" title="interface in javax.sql.rowset">WebRowSet</a></pre><div class="block">The standard interface that all standard implementations of <code>FilteredRowSet</code> must implement. The <code>FilteredRowSetImpl</code> class provides the reference implementation which may be extended if required. Alternatively, a vendor is free to implement its own version by implementing this interface.<h3>1.0 Background </h3> There are occasions when a <code>RowSet</code> object has a need to provide a degree of filtering to its contents. One possible solution is to provide a query language for all standard <code>RowSet</code> implementations; however, this is an impractical approach for lightweight components such as disconnected <code>RowSet</code> objects. The <code>FilteredRowSet</code> interface seeks to address this need without supplying a heavyweight query language along with the processing that such a query language would require.<p> A JDBC <code>FilteredRowSet</code> standard implementation implements the <code>RowSet</code> interfaces and extends the <code>CachedRowSet</code>™ class. The <code>CachedRowSet</code> class provides a set of protected cursor manipulation methods, which a <code>FilteredRowSet</code> implementation can override to supply filtering support.                                   </p><h3>2.0 Predicate Sharing  </h3> If a <code>FilteredRowSet</code> implementation is shared using the inherited <code>createShared</code> method in parent interfaces, the <code>Predicate</code> should be shared without modification by all <code>FilteredRowSet</code> instance clones.<h3>3.0 Usage </h3><p> By implementing a <code>Predicate</code> (see example in <a href="Predicate.html">Predicate</a> class JavaDoc), a <code>FilteredRowSet</code> could then be used as described below.                   </p><p><pre>
 
<code>
     FilteredRowSet frs = new FilteredRowSetImpl();
     frs.populate(rs);

     Range name = new Range("Alpha", "Bravo", "columnName");
     frs.setFilter(name);

     frs.next() // only names from "Alpha" to "Bravo" will be returned
 </code>
 
</pre> In the example above, we initialize a <code>Range</code> object which implements the <code>Predicate</code> interface. This object expresses the following constraints: All rows outputted or modified from this <code>FilteredRowSet</code> object must fall between the values 'Alpha' and 'Bravo' both values inclusive, in the column 'columnName'. If a filter is applied to a <code>FilteredRowSet</code> object that contains no data that falls within the range of the filter, no rows are returned.                                                                     </p><p> This framework allows multiple classes implementing predicates to be used in combination to achieved the required filtering result with out the need for query language processing.                          </p><p/><h3>4.0 Updating a <code>FilteredRowSet</code> Object    </h3> The predicate set on a <code>FilteredRowSet</code> object applies a criterion on all rows in a <code>RowSet</code> object to manage a subset of rows in a <code>RowSet</code> object. This criterion governs the subset of rows that are visible and also defines which rows can be modified, deleted or inserted.<p> Therefore, the predicate set on a <code>FilteredRowSet</code> object must be considered as bi-directional and the set criterion as the gating mechanism for all views and updates to the <code>FilteredRowSet</code> object. Any attempt to update the <code>FilteredRowSet</code> that violates the criterion will result in a <code>SQLException</code> object being thrown.                                                </p><p> The <code>FilteredRowSet</code> range criterion can be modified by applying a new <code>Predicate</code> object to the <code>FilteredRowSet</code> instance at any time. This is possible if no additional references to the <code>FilteredRowSet</code> object are detected. A new filter has has an immediate effect on criterion enforcement within the <code>FilteredRowSet</code> object, and all subsequent views and updates will be subject to similar enforcement.                                                            </p><p/><h3>5.0 Behavior of Rows Outside the Filter      </h3> Rows that fall outside of the filter set on a <code>FilteredRowSet</code> object cannot be modified until the filter is removed or a new filter is applied.<p> Furthermore, only rows that fall within the bounds of a filter will be synchronized with the data source.                  </p>                                                                                                                                                                                                                 </div>  </li></ul> </div> <a end_ctx_id="class:FilteredRowSet"/> </td></tr></table></td></tr></table><table border="0" cellpadding="1" cellspacing="0" width="100%"><tr><td><h3 class="ctxid">method:setFilter(javax.sql.rowset.Predicate) [NONE]</h3></td></tr><tr><td><table border="0" cellpadding="5" cellspacing="1" bgcolor="black" width="100%"><tr valign="top"><td bgcolor="#FFFFFF" colspan="1"> <a start_ctx_id="method:setFilter(javax.sql.rowset.Predicate)"/><a name="setFilter(javax.sql.rowset.Predicate)"/><ul class="blockList"><li class="blockList"><h4>setFilter</h4><pre>void setFilter(<a href="../../../javax/sql/rowset/Predicate.html" title="interface in javax.sql.rowset">Predicate</a> p)
        throws java.sql.SQLException</pre><div class="block">Applies the given <code>Predicate</code> object to this <code>FilteredRowSet</code> object. The filter applies controls both to inbound and outbound views, constraining which rows are visible and which rows can be manipulated.<p> A new <code>Predicate</code> object may be set at any time. This has the effect of changing constraints on the <code>RowSet</code> object's data. In addition, modifying the filter at runtime presents issues whereby multiple components may be operating on one <code>FilteredRowSet</code> object. Application developers must take responsibility for managing multiple handles to <code>FilteredRowSet</code> objects when their underling <code>Predicate</code> objects change.                                                           </p>                             </div><dl> <dt> <span class="strong">Parameters:</span>   </dt><dd> <code>p</code> - a <code>Predicate</code> object defining the filter for this <code>FilteredRowSet</code> object. Setting a <b>null</b> value will clear the predicate, allowing all rows to become visible.                          </dd> <dt> <span class="strong">Throws:</span>   </dt><dd> <code>java.sql.SQLException</code> - if an error occurs when setting the <code>Predicate</code> object           </dd>  </dl></li></ul> <a end_ctx_id="method:setFilter(javax.sql.rowset.Predicate)"/>  </td></tr></table></td></tr></table><table border="0" cellpadding="1" cellspacing="0" width="100%"><tr><td><h3 class="ctxid">method:getFilter() [NONE]</h3></td></tr><tr><td><table border="0" cellpadding="5" cellspacing="1" bgcolor="black" width="100%"><tr valign="top"><td bgcolor="#FFFFFF" colspan="1"> <a start_ctx_id="method:getFilter()"/><a name="getFilter()"/><ul class="blockListLast"><li class="blockList"><h4>getFilter</h4><pre><a href="../../../javax/sql/rowset/Predicate.html" title="interface in javax.sql.rowset">Predicate</a> getFilter()</pre><div class="block">Retrieves the active filter for this <code>FilteredRowSet</code> object.       </div><dl> <dt> <span class="strong">Returns:</span>   </dt><dd>p the <code>Predicate</code> for this <code>FilteredRowSet</code> object; <code>null</code> if no filter has been set.             </dd> </dl></li></ul> <a end_ctx_id="method:getFilter()"/>  </td></tr></table></td></tr></table></diff></diffreport>