<?xml version="1.0" encoding="UTF-8" standalone="yes"?><Document><name>javax/sql/rowset/FilteredRowSet.spec</name><Context><name>class:FilteredRowSet</name><mt>CHANGED</mt></Context><Context><name>method:getFilter()</name><mt>NONE</mt></Context><Context><name>method:setFilter(javax.sql.rowset.Predicate)</name><mt>NONE</mt></Context><Stat><name>javax/sql/rowset/FilteredRowSet.spec</name><mt>CHANGED</mt><Group name="context"><Item name="ADDED" count="0"/><Item name="REMOVED" count="0"/><Item name="CHANGED" count="1"/><Item name="MODIFIED" count="1"/><Item name="TOTAL" count="3"/></Group><Group name="assertion"><Item name="ADDED" count="0"/><Item name="REMOVED" count="0"/><Item name="CHANGED" count="0"/><Item name="MODIFIED" count="0"/><Item name="TOTAL" count="0"/></Group></Stat></Document>