<?xml version="1.0" encoding="UTF-8"?><diffreport><diff><table border="0" cellpadding="1" cellspacing="0" width="100%"><tr><td><h3 class="ctxid">class:JdbcRowSet [CHANGED]</h3></td></tr><tr><td><table border="0" cellpadding="5" cellspacing="1" bgcolor="black" width="100%"><tr valign="top"><td bgcolor="#EEEEEE" colspan="2"><div class="description"> <a start_ctx_id="class:JdbcRowSet"/><ul class="blockList"><li class="blockList"><dl> <dt>All Superinterfaces: </dt><dd>java.lang.AutoCloseable, <a href="../../../javax/sql/rowset/Joinable.html" title="interface in javax.sql.rowset">Joinable</a>, java.sql.ResultSet, javax.sql.RowSet, java.sql.Wrapper    </dd> </dl> <hr/> <br/><pre>public interface <span class="strong">JdbcRowSet</span>
extends javax.sql.RowSet, <a href="../../../javax/sql/rowset/Joinable.html" title="interface in javax.sql.rowset">Joinable</a></pre><div class="block">The standard interface that all standard implementations of <code>JdbcRowSet</code> must implement.<h3>1.0 Overview </h3> A wrapper around a <code>ResultSet</code> object that makes it possible to use the result set as a <span class="diff-html-removed">JavaBeans</span><sup changeType="diff-removed-tag"><font size="-2"><span class="diff-html-removed">TM</span></font><span class="diff-html-removed"/></sup><span class="diff-html-added">JavaBeans™</span> component. Thus, a <code>JdbcRowSet</code> object can be one of the Beans that a tool makes available for composing an application. Because a <code>JdbcRowSet</code> is a connected rowset, that is, it continually maintains its connection to a database using a JDBC technology-enabled driver, it also effectively makes the driver a JavaBeans component.<p> Because it is always connected to its database, an instance of <code>JdbcRowSet</code> can simply take calls invoked on it and in turn call them on its <code>ResultSet</code> object. As a consequence, a result set can, for example, be a component in a Swing application.                                            </p><p> Another advantage of a <code>JdbcRowSet</code> object is that it can be used to make a <code>ResultSet</code> object scrollable and updatable. All <code>RowSet</code> objects are by default scrollable and updatable. If the driver and database being used do not support scrolling and/or updating of result sets, an application can populate a <code>JdbcRowSet</code> object with the data of a <code>ResultSet</code> object and then operate on the <code>JdbcRowSet</code> object as if it were the <code>ResultSet</code> object.                                                                         </p><p/><h3>2.0 Creating a <code>JdbcRowSet</code> Object    </h3> The reference implementation of the <code>JdbcRowSet</code> interface, <code>JdbcRowSetImpl</code>, provides an implementation of the default constructor. A new instance is initialized with default values, which can be set with new values as needed. A new instance is not really functional until its <code>execute</code> method is called. In general, this method does the following:<ul><li> establishes a connection with a database      </li><li> creates a <code>PreparedStatement</code> object and sets any of its placeholder parameters           </li><li> executes the statement to create a <code>ResultSet</code> object        </li></ul> If the <code>execute</code> method is successful, it will set the appropriate private <code>JdbcRowSet</code> fields with the following:<ul><li> a <code>Connection</code> object -- the connection between the rowset and the database            </li><li> a <code>PreparedStatement</code> object -- the query that produces the result set           </li><li> a <code>ResultSet</code> object -- the result set that the rowset's command produced and that is being made, in effect, a JavaBeans component                      </li></ul> If these fields have not been set, meaning that the <code>execute</code> method has not executed successfully, no methods other than <code>execute</code> and <code>close</code> may be called on the rowset. All other public methods will throw an exception.<p> Before calling the <code>execute</code> method, however, the command and properties needed for establishing a connection must be set. The following code fragment creates a <code>JdbcRowSetImpl</code> object, sets the command and connection properties, sets the placeholder parameter, and then invokes the method <code>execute</code>.<pre>
     JdbcRowSetImpl jrs = new JdbcRowSetImpl();
     jrs.setCommand("SELECT * FROM TITLES WHERE TYPE = ?");
     jrs.setURL("jdbc:myDriver:myAttribute");
     jrs.setUsername("cervantes");
     jrs.setPassword("sancho");
     jrs.setString(1, "BIOGRAPHY");
     jrs.execute();
 </pre> The variable <code>jrs</code> now represents an instance of <code>JdbcRowSetImpl</code> that is a thin wrapper around the <code>ResultSet</code> object containing all the rows in the table <code>TITLES</code> where the type of book is biography. At this point, operations called on <code>jrs</code> will affect the rows in the result set, which is effectively a JavaBeans component.                                                                                                </p><p> The implementation of the <code>RowSet</code> method <code>execute</code> in the <code>JdbcRowSet</code> reference implementation differs from that in the <code>CachedRowSet</code><sup changeType="diff-removed-tag"><font size="-2"><span class="diff-html-removed">TM</span></font><span class="diff-html-removed"/></sup><span class="diff-html-added">™</span> reference implementation to account for the different requirements of connected and disconnected <code>RowSet</code> objects.                                </p><p/>                                                                                                                                                                                         </div>  </li></ul> </div> <a end_ctx_id="class:JdbcRowSet"/> </td></tr><tr valign="top"><td bgcolor="#CCCCCC" colspan="1"><div class="description"> <a start_ctx_id="class:JdbcRowSet"/><ul class="blockList"><li class="blockList"><dl> <dt>All Superinterfaces: </dt><dd>java.lang.AutoCloseable, <a href="../../../javax/sql/rowset/Joinable.html" title="interface in javax.sql.rowset">Joinable</a>, java.sql.ResultSet, javax.sql.RowSet, java.sql.Wrapper    </dd> </dl> <hr/> <br/><pre>public interface <span class="strong">JdbcRowSet</span>
extends javax.sql.RowSet, <a href="../../../javax/sql/rowset/Joinable.html" title="interface in javax.sql.rowset">Joinable</a></pre><div class="block">The standard interface that all standard implementations of <code>JdbcRowSet</code> must implement.<h3>1.0 Overview </h3> A wrapper around a <code>ResultSet</code> object that makes it possible to use the result set as a JavaBeans<sup changeType="diff-removed-tag"><font size="-2">TM</font></sup> component. Thus, a <code>JdbcRowSet</code> object can be one of the Beans that a tool makes available for composing an application. Because a <code>JdbcRowSet</code> is a connected rowset, that is, it continually maintains its connection to a database using a JDBC technology-enabled driver, it also effectively makes the driver a JavaBeans component.<p> Because it is always connected to its database, an instance of <code>JdbcRowSet</code> can simply take calls invoked on it and in turn call them on its <code>ResultSet</code> object. As a consequence, a result set can, for example, be a component in a Swing application.                                            </p><p> Another advantage of a <code>JdbcRowSet</code> object is that it can be used to make a <code>ResultSet</code> object scrollable and updatable. All <code>RowSet</code> objects are by default scrollable and updatable. If the driver and database being used do not support scrolling and/or updating of result sets, an application can populate a <code>JdbcRowSet</code> object with the data of a <code>ResultSet</code> object and then operate on the <code>JdbcRowSet</code> object as if it were the <code>ResultSet</code> object.                                                                         </p><p/><h3>2.0 Creating a <code>JdbcRowSet</code> Object    </h3> The reference implementation of the <code>JdbcRowSet</code> interface, <code>JdbcRowSetImpl</code>, provides an implementation of the default constructor. A new instance is initialized with default values, which can be set with new values as needed. A new instance is not really functional until its <code>execute</code> method is called. In general, this method does the following:<ul><li> establishes a connection with a database      </li><li> creates a <code>PreparedStatement</code> object and sets any of its placeholder parameters           </li><li> executes the statement to create a <code>ResultSet</code> object        </li></ul> If the <code>execute</code> method is successful, it will set the appropriate private <code>JdbcRowSet</code> fields with the following:<ul><li> a <code>Connection</code> object -- the connection between the rowset and the database            </li><li> a <code>PreparedStatement</code> object -- the query that produces the result set           </li><li> a <code>ResultSet</code> object -- the result set that the rowset's command produced and that is being made, in effect, a JavaBeans component                      </li></ul> If these fields have not been set, meaning that the <code>execute</code> method has not executed successfully, no methods other than <code>execute</code> and <code>close</code> may be called on the rowset. All other public methods will throw an exception.<p> Before calling the <code>execute</code> method, however, the command and properties needed for establishing a connection must be set. The following code fragment creates a <code>JdbcRowSetImpl</code> object, sets the command and connection properties, sets the placeholder parameter, and then invokes the method <code>execute</code>.<pre>
     JdbcRowSetImpl jrs = new JdbcRowSetImpl();
     jrs.setCommand("SELECT * FROM TITLES WHERE TYPE = ?");
     jrs.setURL("jdbc:myDriver:myAttribute");
     jrs.setUsername("cervantes");
     jrs.setPassword("sancho");
     jrs.setString(1, "BIOGRAPHY");
     jrs.execute();
 </pre> The variable <code>jrs</code> now represents an instance of <code>JdbcRowSetImpl</code> that is a thin wrapper around the <code>ResultSet</code> object containing all the rows in the table <code>TITLES</code> where the type of book is biography. At this point, operations called on <code>jrs</code> will affect the rows in the result set, which is effectively a JavaBeans component.                                                                                                </p><p> The implementation of the <code>RowSet</code> method <code>execute</code> in the <code>JdbcRowSet</code> reference implementation differs from that in the <code>CachedRowSet</code><sup changeType="diff-removed-tag"><font size="-2">TM</font></sup> reference implementation to account for the different requirements of connected and disconnected <code>RowSet</code> objects.                                </p><p/>                                                                                                                                                                                         </div>  </li></ul> </div> <a end_ctx_id="class:JdbcRowSet"/> </td><td bgcolor="#FFFFFF" colspan="1"><div class="description"> <a start_ctx_id="class:JdbcRowSet"/><ul class="blockList"><li class="blockList"><dl> <dt>All Superinterfaces: </dt><dd>java.lang.AutoCloseable, <a href="../../../javax/sql/rowset/Joinable.html" title="interface in javax.sql.rowset">Joinable</a>, java.sql.ResultSet, javax.sql.RowSet, java.sql.Wrapper    </dd> </dl> <hr/> <br/><pre>public interface <span class="strong">JdbcRowSet</span>
extends javax.sql.RowSet, <a href="../../../javax/sql/rowset/Joinable.html" title="interface in javax.sql.rowset">Joinable</a></pre><div class="block">The standard interface that all standard implementations of <code>JdbcRowSet</code> must implement.<h3>1.0 Overview </h3> A wrapper around a <code>ResultSet</code> object that makes it possible to use the result set as a JavaBeans™ component. Thus, a <code>JdbcRowSet</code> object can be one of the Beans that a tool makes available for composing an application. Because a <code>JdbcRowSet</code> is a connected rowset, that is, it continually maintains its connection to a database using a JDBC technology-enabled driver, it also effectively makes the driver a JavaBeans component.<p> Because it is always connected to its database, an instance of <code>JdbcRowSet</code> can simply take calls invoked on it and in turn call them on its <code>ResultSet</code> object. As a consequence, a result set can, for example, be a component in a Swing application.                                            </p><p> Another advantage of a <code>JdbcRowSet</code> object is that it can be used to make a <code>ResultSet</code> object scrollable and updatable. All <code>RowSet</code> objects are by default scrollable and updatable. If the driver and database being used do not support scrolling and/or updating of result sets, an application can populate a <code>JdbcRowSet</code> object with the data of a <code>ResultSet</code> object and then operate on the <code>JdbcRowSet</code> object as if it were the <code>ResultSet</code> object.                                                                         </p><p/><h3>2.0 Creating a <code>JdbcRowSet</code> Object    </h3> The reference implementation of the <code>JdbcRowSet</code> interface, <code>JdbcRowSetImpl</code>, provides an implementation of the default constructor. A new instance is initialized with default values, which can be set with new values as needed. A new instance is not really functional until its <code>execute</code> method is called. In general, this method does the following:<ul><li> establishes a connection with a database      </li><li> creates a <code>PreparedStatement</code> object and sets any of its placeholder parameters           </li><li> executes the statement to create a <code>ResultSet</code> object        </li></ul> If the <code>execute</code> method is successful, it will set the appropriate private <code>JdbcRowSet</code> fields with the following:<ul><li> a <code>Connection</code> object -- the connection between the rowset and the database            </li><li> a <code>PreparedStatement</code> object -- the query that produces the result set           </li><li> a <code>ResultSet</code> object -- the result set that the rowset's command produced and that is being made, in effect, a JavaBeans component                      </li></ul> If these fields have not been set, meaning that the <code>execute</code> method has not executed successfully, no methods other than <code>execute</code> and <code>close</code> may be called on the rowset. All other public methods will throw an exception.<p> Before calling the <code>execute</code> method, however, the command and properties needed for establishing a connection must be set. The following code fragment creates a <code>JdbcRowSetImpl</code> object, sets the command and connection properties, sets the placeholder parameter, and then invokes the method <code>execute</code>.<pre>
     JdbcRowSetImpl jrs = new JdbcRowSetImpl();
     jrs.setCommand("SELECT * FROM TITLES WHERE TYPE = ?");
     jrs.setURL("jdbc:myDriver:myAttribute");
     jrs.setUsername("cervantes");
     jrs.setPassword("sancho");
     jrs.setString(1, "BIOGRAPHY");
     jrs.execute();
 </pre> The variable <code>jrs</code> now represents an instance of <code>JdbcRowSetImpl</code> that is a thin wrapper around the <code>ResultSet</code> object containing all the rows in the table <code>TITLES</code> where the type of book is biography. At this point, operations called on <code>jrs</code> will affect the rows in the result set, which is effectively a JavaBeans component.                                                                                                </p><p> The implementation of the <code>RowSet</code> method <code>execute</code> in the <code>JdbcRowSet</code> reference implementation differs from that in the <code>CachedRowSet</code>™ reference implementation to account for the different requirements of connected and disconnected <code>RowSet</code> objects.                                </p><p/>                                                                                                                                                                                         </div>  </li></ul> </div> <a end_ctx_id="class:JdbcRowSet"/> </td></tr></table></td></tr></table><table border="0" cellpadding="1" cellspacing="0" width="100%"><tr><td><h3 class="ctxid">method:getShowDeleted() [NONE]</h3></td></tr><tr><td><table border="0" cellpadding="5" cellspacing="1" bgcolor="black" width="100%"><tr valign="top"><td bgcolor="#FFFFFF" colspan="1"> <a start_ctx_id="method:getShowDeleted()"/><a name="getShowDeleted()"/><ul class="blockList"><li class="blockList"><h4>getShowDeleted</h4><pre>boolean getShowDeleted()
                throws java.sql.SQLException</pre><div class="block">Retrieves a <code>boolean</code> indicating whether rows marked for deletion appear in the set of current rows. If <code>true</code> is returned, deleted rows are visible with the current rows. If <code>false</code> is returned, rows are not visible with the set of current rows. The default value is <code>false</code>.<p> Standard rowset implementations may choose to restrict this behavior for security considerations or for certain deployment scenarios. The visibility of deleted rows is implementation-defined and does not represent standard behavior.                              </p><p> Note: Allowing deleted rows to remain visible complicates the behavior of some standard JDBC <code>RowSet</code> implementations methods. However, most rowset users can simply ignore this extra detail because only very specialized applications will likely want to take advantage of this feature.                                         </p>                                              </div><dl> <dt> <span class="strong">Returns:</span>   </dt><dd> <code>true</code> if deleted rows are visible; <code>false</code> otherwise        </dd> <dt> <span class="strong">Throws:</span>   </dt><dd> <code>java.sql.SQLException</code> - if a rowset implementation is unable to to determine whether rows marked for deletion remain visible                  </dd> <dt> <span class="strong">See Also: </span>   </dt><dd> <a href="../../../javax/sql/rowset/JdbcRowSet.html#setShowDeleted(boolean)"><code>setShowDeleted(boolean)</code></a> </dd>   </dl></li></ul> <a end_ctx_id="method:getShowDeleted()"/>  </td></tr></table></td></tr></table><table border="0" cellpadding="1" cellspacing="0" width="100%"><tr><td><h3 class="ctxid">method:setShowDeleted(boolean) [NONE]</h3></td></tr><tr><td><table border="0" cellpadding="5" cellspacing="1" bgcolor="black" width="100%"><tr valign="top"><td bgcolor="#FFFFFF" colspan="1"> <a start_ctx_id="method:setShowDeleted(boolean)"/><a name="setShowDeleted(boolean)"/><ul class="blockList"><li class="blockList"><h4>setShowDeleted</h4><pre>void setShowDeleted(boolean b)
             throws java.sql.SQLException</pre><div class="block">Sets the property <code>showDeleted</code> to the given <code>boolean</code> value. This property determines whether rows marked for deletion continue to appear in the set of current rows. If the value is set to <code>true</code>, deleted rows are immediately visible with the set of current rows. If the value is set to <code>false</code>, the deleted rows are set as invisible with the current set of rows.<p> Standard rowset implementations may choose to restrict this behavior for security considerations or for certain deployment scenarios. This is left as implementation-defined and does not represent standard behavior.                            </p>                                                               </div><dl> <dt> <span class="strong">Parameters:</span>   </dt><dd> <code>b</code> - <code>true</code> if deleted rows should be shown; <code>false</code> otherwise           </dd> <dt> <span class="strong">Throws:</span>   </dt><dd> <code>java.sql.SQLException</code> - if a rowset implementation is unable to to reset whether deleted rows should be visible                 </dd> <dt> <span class="strong">See Also: </span>   </dt><dd> <a href="../../../javax/sql/rowset/JdbcRowSet.html#getShowDeleted()"><code>getShowDeleted()</code></a> </dd>   </dl></li></ul> <a end_ctx_id="method:setShowDeleted(boolean)"/>  </td></tr></table></td></tr></table><table border="0" cellpadding="1" cellspacing="0" width="100%"><tr><td><h3 class="ctxid">method:getRowSetWarnings() [NONE]</h3></td></tr><tr><td><table border="0" cellpadding="5" cellspacing="1" bgcolor="black" width="100%"><tr valign="top"><td bgcolor="#FFFFFF" colspan="1"> <a start_ctx_id="method:getRowSetWarnings()"/><a name="getRowSetWarnings()"/><ul class="blockList"><li class="blockList"><h4>getRowSetWarnings</h4><pre><a href="../../../javax/sql/rowset/RowSetWarning.html" title="class in javax.sql.rowset">RowSetWarning</a> getRowSetWarnings()
                         throws java.sql.SQLException</pre><div class="block">Retrieves the first warning reported by calls on this <code>JdbcRowSet</code> object. If a second warning was reported on this <code>JdbcRowSet</code> object, it will be chained to the first warning and can be retrieved by calling the method <code>RowSetWarning.getNextWarning</code> on the first warning. Subsequent warnings on this <code>JdbcRowSet</code> object will be chained to the <code>RowSetWarning</code> objects returned by the method <code>RowSetWarning.getNextWarning</code>. The warning chain is automatically cleared each time a new row is read. This method may not be called on a <code>RowSet</code> object that has been closed; doing so will cause an <code>SQLException</code> to be thrown.<p> Because it is always connected to its data source, a <code>JdbcRowSet</code> object can rely on the presence of active <code>Statement</code>, <code>Connection</code>, and <code>ResultSet</code> instances. This means that applications can obtain additional <code>SQLWarning</code> notifications by calling the <code>getNextWarning</code> methods that they provide. Disconnected <code>Rowset</code> objects, such as a <code>CachedRowSet</code> object, do not have access to these <code>getNextWarning</code> methods.                                                         </p>                                                                                               </div><dl> <dt> <span class="strong">Returns:</span>   </dt><dd>the first <code>RowSetWarning</code> object reported on this <code>JdbcRowSet</code> object or <code>null</code> if there are none              </dd> <dt> <span class="strong">Throws:</span>   </dt><dd> <code>java.sql.SQLException</code> - if this method is called on a closed <code>JdbcRowSet</code> object            </dd> <dt> <span class="strong">See Also: </span>   </dt><dd> <a href="../../../javax/sql/rowset/RowSetWarning.html" title="class in javax.sql.rowset"><code>RowSetWarning</code></a> </dd>   </dl></li></ul> <a end_ctx_id="method:getRowSetWarnings()"/>  </td></tr></table></td></tr></table><table border="0" cellpadding="1" cellspacing="0" width="100%"><tr><td><h3 class="ctxid">method:commit() [NONE]</h3></td></tr><tr><td><table border="0" cellpadding="5" cellspacing="1" bgcolor="black" width="100%"><tr valign="top"><td bgcolor="#FFFFFF" colspan="1"> <a start_ctx_id="method:commit()"/><a name="commit()"/><ul class="blockList"><li class="blockList"><h4>commit</h4><pre>void commit()
     throws java.sql.SQLException</pre><div class="block">Each <code>JdbcRowSet</code> contains a <code>Connection</code> object from the <code>ResultSet</code> or JDBC properties passed to it's constructors. This method wraps the <code>Connection</code> commit method to allow flexible auto commit or non auto commit transactional control support.<p> Makes all changes made since the previous commit/rollback permanent and releases any database locks currently held by this Connection object. This method should be used only when auto-commit mode has been disabled.                                </p>                                  </div><dl> <dt> <span class="strong">Throws:</span>   </dt><dd> <code>java.sql.SQLException</code> - if a database access error occurs or this Connection object within this <code>JdbcRowSet</code> is in auto-commit mode                   </dd> <dt> <span class="strong">See Also: </span>   </dt><dd> <code>Connection.setAutoCommit(boolean)</code> </dd>  </dl></li></ul> <a end_ctx_id="method:commit()"/>  </td></tr></table></td></tr></table><table border="0" cellpadding="1" cellspacing="0" width="100%"><tr><td><h3 class="ctxid">method:getAutoCommit() [CHANGED]</h3></td></tr><tr><td><table border="0" cellpadding="5" cellspacing="1" bgcolor="black" width="100%"><tr valign="top"><td bgcolor="#EEEEEE" colspan="2"> <a start_ctx_id="method:getAutoCommit()"/><a name="getAutoCommit()"/><ul class="blockList"><li class="blockList"><h4>getAutoCommit</h4><pre>boolean getAutoCommit()
               throws java.sql.SQLException</pre><div class="block">Each <code>JdbcRowSet</code> contains a <code>Connection</code> object from the original <code>ResultSet</code> or JDBC properties passed to it. This method wraps the <code>Connection</code>'s <code>getAutoCommit</code> method to allow an application to determine the <code>JdbcRowSet</code> transaction behavior.<p> Sets this connection's auto-commit mode to the given state. If a connection is in auto-commit mode, then all its SQL statements will be executed and committed as individual transactions. Otherwise, its SQL statements are grouped into transactions that are terminated by a call to either the method commit or the method rollback. By default, new connections are in auto-commit mode.                                                            </p>                                </div><dl> <dt> <span class="strong"><span class="diff-html-added">Returns:</span></span>   </dt><dd> <code><span class="diff-html-added">true</span></code> <span class="diff-html-added">if</span> <span class="diff-html-added">auto-commit</span> <span class="diff-html-added">is</span> <span class="diff-html-added">enabled;</span> <code><span class="diff-html-added">false</span></code> <span class="diff-html-added">otherwise</span>       </dd> <dt> <span class="strong">Throws:</span>   </dt><dd> <code>java.sql.SQLException</code> - if a database access error occurs        </dd> <dt> <span class="strong">See Also: </span>   </dt><dd> <code>Connection.getAutoCommit()</code> </dd>   </dl></li></ul> <a end_ctx_id="method:getAutoCommit()"/>  </td></tr><tr valign="top"><td bgcolor="#CCCCCC" colspan="1"> <a start_ctx_id="method:getAutoCommit()"/><a name="getAutoCommit()"/><ul class="blockList"><li class="blockList"><h4>getAutoCommit</h4><pre>boolean getAutoCommit()
               throws java.sql.SQLException</pre><div class="block">Each <code>JdbcRowSet</code> contains a <code>Connection</code> object from the original <code>ResultSet</code> or JDBC properties passed to it. This method wraps the <code>Connection</code>'s <code>getAutoCommit</code> method to allow an application to determine the <code>JdbcRowSet</code> transaction behavior.<p> Sets this connection's auto-commit mode to the given state. If a connection is in auto-commit mode, then all its SQL statements will be executed and committed as individual transactions. Otherwise, its SQL statements are grouped into transactions that are terminated by a call to either the method commit or the method rollback. By default, new connections are in auto-commit mode.                                                            </p>                                </div><dl> <dt> <span class="strong">Throws:</span>   </dt><dd> <code>java.sql.SQLException</code> - if a database access error occurs        </dd> <dt> <span class="strong">See Also: </span>   </dt><dd> <code>Connection.getAutoCommit()</code> </dd>  </dl></li></ul> <a end_ctx_id="method:getAutoCommit()"/>  </td><td bgcolor="#FFFFFF" colspan="1"> <a start_ctx_id="method:getAutoCommit()"/><a name="getAutoCommit()"/><ul class="blockList"><li class="blockList"><h4>getAutoCommit</h4><pre>boolean getAutoCommit()
               throws java.sql.SQLException</pre><div class="block">Each <code>JdbcRowSet</code> contains a <code>Connection</code> object from the original <code>ResultSet</code> or JDBC properties passed to it. This method wraps the <code>Connection</code>'s <code>getAutoCommit</code> method to allow an application to determine the <code>JdbcRowSet</code> transaction behavior.<p> Sets this connection's auto-commit mode to the given state. If a connection is in auto-commit mode, then all its SQL statements will be executed and committed as individual transactions. Otherwise, its SQL statements are grouped into transactions that are terminated by a call to either the method commit or the method rollback. By default, new connections are in auto-commit mode.                                                            </p>                                </div><dl> <dt> <span class="strong">Returns:</span>   </dt><dd> <code>true</code> if auto-commit is enabled; <code>false</code> otherwise       </dd> <dt> <span class="strong">Throws:</span>   </dt><dd> <code>java.sql.SQLException</code> - if a database access error occurs        </dd> <dt> <span class="strong">See Also: </span>   </dt><dd> <code>Connection.getAutoCommit()</code> </dd>   </dl></li></ul> <a end_ctx_id="method:getAutoCommit()"/>  </td></tr></table></td></tr></table><table border="0" cellpadding="1" cellspacing="0" width="100%"><tr><td><h3 class="ctxid">method:setAutoCommit(boolean) [CHANGED]</h3></td></tr><tr><td><table border="0" cellpadding="5" cellspacing="1" bgcolor="black" width="100%"><tr valign="top"><td bgcolor="#EEEEEE" colspan="2"> <a start_ctx_id="method:setAutoCommit(boolean)"/><a name="setAutoCommit(boolean)"/><ul class="blockList"><li class="blockList"><h4>setAutoCommit</h4><pre>void setAutoCommit(boolean autoCommit)
            throws java.sql.SQLException</pre><div class="block">Each <code>JdbcRowSet</code> contains a <code>Connection</code> object from the original <code>ResultSet</code> or JDBC properties passed to it. This method wraps the <code>Connection</code>'s <code>getAutoCommit</code> method to allow an application to set the <code>JdbcRowSet</code> transaction behavior.<p> Sets the current auto-commit mode for this <code>Connection</code> object.         </p>                                </div><dl> <dt> <span class="strong"><span class="diff-html-added">Parameters:</span></span>   </dt><dd> <code><span class="diff-html-added">autoCommit</span></code> <span class="diff-html-added">-</span> <code><span class="diff-html-added">true</span></code> <span class="diff-html-added">to</span> <span class="diff-html-added">enable</span> <span class="diff-html-added">auto-commit;</span> <code><span class="diff-html-added">false</span></code> <span class="diff-html-added">to</span> <span class="diff-html-added">disable</span> <span class="diff-html-added">auto-commit</span>          </dd> <dt> <span class="strong">Throws:</span>   </dt><dd> <code>java.sql.SQLException</code> - if a database access error occurs        </dd> <dt> <span class="strong">See Also: </span>   </dt><dd> <code>Connection.setAutoCommit(boolean)</code> </dd>   </dl></li></ul> <a end_ctx_id="method:setAutoCommit(boolean)"/>  </td></tr><tr valign="top"><td bgcolor="#CCCCCC" colspan="1"> <a start_ctx_id="method:setAutoCommit(boolean)"/><a name="setAutoCommit(boolean)"/><ul class="blockList"><li class="blockList"><h4>setAutoCommit</h4><pre>void setAutoCommit(boolean autoCommit)
            throws java.sql.SQLException</pre><div class="block">Each <code>JdbcRowSet</code> contains a <code>Connection</code> object from the original <code>ResultSet</code> or JDBC properties passed to it. This method wraps the <code>Connection</code>'s <code>getAutoCommit</code> method to allow an application to set the <code>JdbcRowSet</code> transaction behavior.<p> Sets the current auto-commit mode for this <code>Connection</code> object.         </p>                                </div><dl> <dt> <span class="strong">Throws:</span>   </dt><dd> <code>java.sql.SQLException</code> - if a database access error occurs        </dd> <dt> <span class="strong">See Also: </span>   </dt><dd> <code>Connection.setAutoCommit(boolean)</code> </dd>  </dl></li></ul> <a end_ctx_id="method:setAutoCommit(boolean)"/>  </td><td bgcolor="#FFFFFF" colspan="1"> <a start_ctx_id="method:setAutoCommit(boolean)"/><a name="setAutoCommit(boolean)"/><ul class="blockList"><li class="blockList"><h4>setAutoCommit</h4><pre>void setAutoCommit(boolean autoCommit)
            throws java.sql.SQLException</pre><div class="block">Each <code>JdbcRowSet</code> contains a <code>Connection</code> object from the original <code>ResultSet</code> or JDBC properties passed to it. This method wraps the <code>Connection</code>'s <code>getAutoCommit</code> method to allow an application to set the <code>JdbcRowSet</code> transaction behavior.<p> Sets the current auto-commit mode for this <code>Connection</code> object.         </p>                                </div><dl> <dt> <span class="strong">Parameters:</span>   </dt><dd> <code>autoCommit</code> - <code>true</code> to enable auto-commit; <code>false</code> to disable auto-commit          </dd> <dt> <span class="strong">Throws:</span>   </dt><dd> <code>java.sql.SQLException</code> - if a database access error occurs        </dd> <dt> <span class="strong">See Also: </span>   </dt><dd> <code>Connection.setAutoCommit(boolean)</code> </dd>   </dl></li></ul> <a end_ctx_id="method:setAutoCommit(boolean)"/>  </td></tr></table></td></tr></table><table border="0" cellpadding="1" cellspacing="0" width="100%"><tr><td><h3 class="ctxid">method:rollback() [NONE]</h3></td></tr><tr><td><table border="0" cellpadding="5" cellspacing="1" bgcolor="black" width="100%"><tr valign="top"><td bgcolor="#FFFFFF" colspan="1"> <a start_ctx_id="method:rollback()"/><a name="rollback()"/><ul class="blockList"><li class="blockList"><h4>rollback</h4><pre>void rollback()
       throws java.sql.SQLException</pre><div class="block">Each <code>JdbcRowSet</code> contains a <code>Connection</code> object from the original <code>ResultSet</code> or JDBC properties passed to it. Undoes all changes made in the current transaction and releases any database locks currently held by this <code>Connection</code> object. This method should be used only when auto-commit mode has been disabled.                                              </div><dl> <dt> <span class="strong">Throws:</span>   </dt><dd> <code>java.sql.SQLException</code> - if a database access error occurs or this <code>Connection</code> object within this <code>JdbcRowSet</code> is in auto-commit mode.                   </dd> <dt> <span class="strong">See Also: </span>   </dt><dd> <a href="../../../javax/sql/rowset/JdbcRowSet.html#rollback(java.sql.Savepoint)"><code>rollback(Savepoint)</code></a> </dd>  </dl></li></ul> <a end_ctx_id="method:rollback()"/>  </td></tr></table></td></tr></table><table border="0" cellpadding="1" cellspacing="0" width="100%"><tr><td><h3 class="ctxid">method:rollback(java.sql.Savepoint) [CHANGED]</h3></td></tr><tr><td><table border="0" cellpadding="5" cellspacing="1" bgcolor="black" width="100%"><tr valign="top"><td bgcolor="#EEEEEE" colspan="2"> <a start_ctx_id="method:rollback(java.sql.Savepoint)"/><a name="rollback(java.sql.Savepoint)"/><ul class="blockListLast"><li class="blockList"><h4>rollback</h4><pre>void rollback(java.sql.Savepoint s)
       throws java.sql.SQLException</pre><div class="block">Each <code>JdbcRowSet</code> contains a <code>Connection</code> object from the original <code>ResultSet</code> or JDBC properties passed to it. Undoes all changes made in the current transaction to the last set savepoint and releases any database locks currently held by this <code>Connection</code> object. This method should be used only when auto-commit mode has been disabled.                                                   </div><dl> <dt> <span class="strong"><span class="diff-html-added">Parameters:</span></span>   </dt><dd> <code><span class="diff-html-added">s</span></code> <span class="diff-html-added">-</span> <span class="diff-html-added">The</span> <code><span class="diff-html-added">Savepoint</span></code> <span class="diff-html-added">to</span> <span class="diff-html-added">rollback</span> <span class="diff-html-added">to</span>       </dd> <dt> <span class="strong">Throws:</span>   </dt><dd> <code>java.sql.SQLException</code> - if a database access error occurs or this <code>Connection</code> object within this <code>JdbcRowSet</code> is in auto-commit mode.                   </dd> <dt> <span class="strong">See Also: </span>   </dt><dd> <a href="../../../javax/sql/rowset/JdbcRowSet.html#rollback()"><code>rollback()</code></a> </dd>   </dl></li></ul> <a end_ctx_id="method:rollback(java.sql.Savepoint)"/>  </td></tr><tr valign="top"><td bgcolor="#CCCCCC" colspan="1"> <a start_ctx_id="method:rollback(java.sql.Savepoint)"/><a name="rollback(java.sql.Savepoint)"/><ul class="blockListLast"><li class="blockList"><h4>rollback</h4><pre>void rollback(java.sql.Savepoint s)
       throws java.sql.SQLException</pre><div class="block">Each <code>JdbcRowSet</code> contains a <code>Connection</code> object from the original <code>ResultSet</code> or JDBC properties passed to it. Undoes all changes made in the current transaction to the last set savepoint and releases any database locks currently held by this <code>Connection</code> object. This method should be used only when auto-commit mode has been disabled.                                                   </div><dl> <dt> <span class="strong">Throws:</span>   </dt><dd> <code>java.sql.SQLException</code> - if a database access error occurs or this <code>Connection</code> object within this <code>JdbcRowSet</code> is in auto-commit mode.                   </dd> <dt> <span class="strong">See Also: </span>   </dt><dd> <a href="../../../javax/sql/rowset/JdbcRowSet.html#rollback()"><code>rollback()</code></a> </dd>  </dl></li></ul> <a end_ctx_id="method:rollback(java.sql.Savepoint)"/>  </td><td bgcolor="#FFFFFF" colspan="1"> <a start_ctx_id="method:rollback(java.sql.Savepoint)"/><a name="rollback(java.sql.Savepoint)"/><ul class="blockListLast"><li class="blockList"><h4>rollback</h4><pre>void rollback(java.sql.Savepoint s)
       throws java.sql.SQLException</pre><div class="block">Each <code>JdbcRowSet</code> contains a <code>Connection</code> object from the original <code>ResultSet</code> or JDBC properties passed to it. Undoes all changes made in the current transaction to the last set savepoint and releases any database locks currently held by this <code>Connection</code> object. This method should be used only when auto-commit mode has been disabled.                                                   </div><dl> <dt> <span class="strong">Parameters:</span>   </dt><dd> <code>s</code> - The <code>Savepoint</code> to rollback to       </dd> <dt> <span class="strong">Throws:</span>   </dt><dd> <code>java.sql.SQLException</code> - if a database access error occurs or this <code>Connection</code> object within this <code>JdbcRowSet</code> is in auto-commit mode.                   </dd> <dt> <span class="strong">See Also: </span>   </dt><dd> <a href="../../../javax/sql/rowset/JdbcRowSet.html#rollback()"><code>rollback()</code></a> </dd>   </dl></li></ul> <a end_ctx_id="method:rollback(java.sql.Savepoint)"/>  </td></tr></table></td></tr></table></diff></diffreport>