<?xml version="1.0" encoding="UTF-8" standalone="yes"?><Document><name>javax/sql/rowset/JdbcRowSet.spec</name><Context><name>class:JdbcRowSet</name><mt>CHANGED</mt></Context><Context><name>method:commit()</name><mt>NONE</mt></Context><Context><name>method:getAutoCommit()</name><mt>CHANGED</mt></Context><Context><name>method:getRowSetWarnings()</name><mt>NONE</mt></Context><Context><name>method:getShowDeleted()</name><mt>NONE</mt></Context><Context><name>method:rollback()</name><mt>NONE</mt></Context><Context><name>method:rollback(java.sql.Savepoint)</name><mt>CHANGED</mt></Context><Context><name>method:setAutoCommit(boolean)</name><mt>CHANGED</mt></Context><Context><name>method:setShowDeleted(boolean)</name><mt>NONE</mt></Context><Stat><name>javax/sql/rowset/JdbcRowSet.spec</name><mt>CHANGED</mt><Group name="context"><Item name="ADDED" count="0"/><Item name="REMOVED" count="0"/><Item name="CHANGED" count="4"/><Item name="MODIFIED" count="4"/><Item name="TOTAL" count="9"/></Group><Group name="assertion"><Item name="ADDED" count="0"/><Item name="REMOVED" count="0"/><Item name="CHANGED" count="0"/><Item name="MODIFIED" count="0"/><Item name="TOTAL" count="0"/></Group></Stat></Document>