<?xml version="1.0" encoding="UTF-8" standalone="yes"?><Document><name>javax/sql/rowset/Joinable.spec</name><Context><name>class:Joinable</name><mt>NONE</mt></Context><Context><name>method:getMatchColumnIndexes()</name><mt>NONE</mt></Context><Context><name>method:getMatchColumnNames()</name><mt>NONE</mt></Context><Context><name>method:setMatchColumn(int)</name><mt>CHANGED</mt></Context><Context><name>method:setMatchColumn(int[])</name><mt>NONE</mt></Context><Context><name>method:setMatchColumn(java.lang.String)</name><mt>NONE</mt></Context><Context><name>method:setMatchColumn(java.lang.String[])</name><mt>NONE</mt></Context><Context><name>method:unsetMatchColumn(int)</name><mt>NONE</mt></Context><Context><name>method:unsetMatchColumn(int[])</name><mt>NONE</mt></Context><Context><name>method:unsetMatchColumn(java.lang.String)</name><mt>NONE</mt></Context><Context><name>method:unsetMatchColumn(java.lang.String[])</name><mt>NONE</mt></Context><Stat><name>javax/sql/rowset/Joinable.spec</name><mt>CHANGED</mt><Group name="context"><Item name="ADDED" count="0"/><Item name="REMOVED" count="0"/><Item name="CHANGED" count="1"/><Item name="MODIFIED" count="1"/><Item name="TOTAL" count="11"/></Group><Group name="assertion"><Item name="ADDED" count="0"/><Item name="REMOVED" count="0"/><Item name="CHANGED" count="0"/><Item name="MODIFIED" count="0"/><Item name="TOTAL" count="0"/></Group></Stat></Document>