<?xml version="1.0" encoding="UTF-8" standalone="yes"?><Document><name>javax/sql/rowset/Predicate.spec</name><Context><name>class:Predicate</name><mt>CHANGED</mt></Context><Context><name>method:evaluate(java.lang.Object, int)</name><mt>NONE</mt></Context><Context><name>method:evaluate(java.lang.Object, java.lang.String)</name><mt>NONE</mt></Context><Context><name>method:evaluate(javax.sql.RowSet)</name><mt>CHANGED</mt></Context><Stat><name>javax/sql/rowset/Predicate.spec</name><mt>CHANGED</mt><Group name="context"><Item name="ADDED" count="0"/><Item name="REMOVED" count="0"/><Item name="CHANGED" count="2"/><Item name="MODIFIED" count="2"/><Item name="TOTAL" count="4"/></Group><Group name="assertion"><Item name="ADDED" count="0"/><Item name="REMOVED" count="0"/><Item name="CHANGED" count="0"/><Item name="MODIFIED" count="0"/><Item name="TOTAL" count="0"/></Group></Stat></Document>