<?xml version="1.0" encoding="UTF-8"?><diffreport><diff><table border="0" cellpadding="1" cellspacing="0" width="100%"><tr><td><h3 class="ctxid">class:Predicate [CHANGED]</h3></td></tr><tr><td><table border="0" cellpadding="5" cellspacing="1" bgcolor="black" width="100%"><tr valign="top"><td bgcolor="#EEEEEE" colspan="2"><div class="description"> <a start_ctx_id="class:Predicate"/><ul class="blockList"><li class="blockList"> <hr/> <br/><pre>public interface <span class="strong">Predicate</span></pre><div class="block">The standard interface that provides the framework for all <code>FilteredRowSet</code> objects to describe their filters.<p/><h3>1.0 Background </h3> The <code>Predicate</code> interface is a standard interface that applications can implement to define the filter they wish to apply to a a <code>FilteredRowSet</code> object. A <code>FilteredRowSet</code> object consumes implementations of this interface and enforces the constraints defined in the implementation of the method <code>evaluate</code>. A <code>FilteredRowSet</code> object enforces the filter constraints in a bi-directional manner: It outputs only rows that are within the constraints of the filter; and conversely, it inserts, modifies, or updates only rows that are within the constraints of the filter.<h3>2.0 Implementation Guidelines  </h3> In order to supply a predicate for the <code>FilteredRowSet</code>. this interface must be implemented. At this time, the JDBC RowSet Implementations (JSR-114) does not specify any standard filters definitions. By specifying a standard means and mechanism for a range of filters to be defined and deployed with both the reference and vendor implementations of the <code>FilteredRowSet</code> interface, this allows for a flexible and application motivated implementations of <code>Predicate</code> to emerge.<p> A sample implementation would look something like this:<pre><code>
    public class Range implements Predicate {

       private <span class="diff-html-removed">Object</span><span class="diff-html-added">int[]</span> lo<span class="diff-html-removed">[]</span>;
       private <span class="diff-html-removed">Object</span><span class="diff-html-added">int[]</span> hi<span class="diff-html-removed">[]</span>;
       private int<span class="diff-html-added">[]</span> idx<span class="diff-html-removed">[]</span>;

       public Range(<span class="diff-html-removed">Object</span><span class="diff-html-added">int</span>[] lo, <span class="diff-html-removed">Object</span><span class="diff-html-added">int</span>[] hi, int[] idx) {
          this.lo = lo;
          this.hi = hi;
          this.idx = idx;
       }

      public boolean evaluate(RowSet rs) {

          <span class="diff-html-removed">CachedRowSetcrs=(CachedRowSet)rs;booleanbool1,bool2;</span>// Check the present row determine if it lies
          // within the filtering criteria.

          for (int i = 0; i &lt; idx.length; i++) {
             <span class="diff-html-added">int</span> <span class="diff-html-added">value;</span>
             <span class="diff-html-added">try</span> <span class="diff-html-added">{</span>
                 <span class="diff-html-added">value</span> <span class="diff-html-removed">if</span><span class="diff-html-added">=</span> (<span class="diff-html-removed">(</span><span class="diff-html-added">Integer)</span> rs.getObject(idx[i])<span class="diff-html-added">;</span>
             <span class="diff-html-removed">&gt;=</span><span class="diff-html-added">}</span> <span class="diff-html-added">catch</span> <span class="diff-html-added">(SQLException</span> <span class="diff-html-removed">lo[i]</span><span class="diff-html-added">ex</span>) <span class="diff-html-removed">&amp;&amp;</span><span class="diff-html-added">{</span>
                 <span class="diff-html-added">Logger.getLogger</span>(<span class="diff-html-removed">rs</span><span class="diff-html-added">Range.class</span>.<span class="diff-html-removed">getObject</span><span class="diff-html-added">getName</span>(<span class="diff-html-removed">idx[i]</span><span class="diff-html-added">)</span>)<span class="diff-html-added">.log(Level.SEVERE,</span> <span class="diff-html-removed">&gt;=</span><span class="diff-html-added">null,</span> <span class="diff-html-removed">hi[i]</span><span class="diff-html-added">ex</span>)<span class="diff-html-added">;</span>
                 <span class="diff-html-removed">{</span><span class="diff-html-added">return</span> <span class="diff-html-added">false;</span>
             <span class="diff-html-removed">bool1=true;//withinfilterconstraints</span><span class="diff-html-added">}</span>

             <span class="diff-html-removed">}</span><span class="diff-html-added">if</span> <span class="diff-html-added">(value</span> <span class="diff-html-added">&lt;</span> <span class="diff-html-added">lo[i]</span> <span class="diff-html-added">&amp;&amp;</span> <span class="diff-html-added">value</span> <span class="diff-html-added">&gt;</span> <span class="diff-html-removed">else</span><span class="diff-html-added">hi[i])</span> {
                 <span class="diff-html-removed">bool2=true;</span>// outside of filter constraints
                 <span class="diff-html-removed">}</span><span class="diff-html-added">return</span> <span class="diff-html-removed">}</span><span class="diff-html-added">false;</span>
             <span class="diff-html-removed">if(bool2){</span><span class="diff-html-added">}</span>
         <span class="diff-html-removed">return</span><span class="diff-html-added">}</span>
         <span class="diff-html-removed">false;</span><span class="diff-html-added">//</span> <span class="diff-html-removed">}</span><span class="diff-html-added">Within</span> <span class="diff-html-removed">else</span><span class="diff-html-added">filter</span> <span class="diff-html-removed">{</span><span class="diff-html-added">constraints</span>
        return true;
      }
   }
 </code></pre>        </p><p> The example above implements a simple range predicate. Note, that implementations should but are not required to <span class="diff-html-removed">provider</span><span class="diff-html-added">provide</span> <code>String</code> and integer index based constructors to provide for JDBC RowSet Implementation applications that use both column identification conventions.                                     </p>                                                                                                                                                                        </div>  </li></ul> </div> <a end_ctx_id="class:Predicate"/> </td></tr><tr valign="top"><td bgcolor="#CCCCCC" colspan="1"><div class="description"> <a start_ctx_id="class:Predicate"/><ul class="blockList"><li class="blockList"> <hr/> <br/><pre>public interface <span class="strong">Predicate</span></pre><div class="block">The standard interface that provides the framework for all <code>FilteredRowSet</code> objects to describe their filters.<p/><h3>1.0 Background </h3> The <code>Predicate</code> interface is a standard interface that applications can implement to define the filter they wish to apply to a a <code>FilteredRowSet</code> object. A <code>FilteredRowSet</code> object consumes implementations of this interface and enforces the constraints defined in the implementation of the method <code>evaluate</code>. A <code>FilteredRowSet</code> object enforces the filter constraints in a bi-directional manner: It outputs only rows that are within the constraints of the filter; and conversely, it inserts, modifies, or updates only rows that are within the constraints of the filter.<h3>2.0 Implementation Guidelines  </h3> In order to supply a predicate for the <code>FilteredRowSet</code>. this interface must be implemented. At this time, the JDBC RowSet Implementations (JSR-114) does not specify any standard filters definitions. By specifying a standard means and mechanism for a range of filters to be defined and deployed with both the reference and vendor implementations of the <code>FilteredRowSet</code> interface, this allows for a flexible and application motivated implementations of <code>Predicate</code> to emerge.<p> A sample implementation would look something like this:<pre>
 
<code>
    public class Range implements Predicate {

       private Object lo[];
       private Object hi[];
       private int idx[];

       public Range(Object[] lo, Object[] hi, int[] idx) {
          this.lo = lo;
          this.hi = hi;
          this.idx = idx;
       }

      public boolean evaluate(RowSet rs) {
          CachedRowSet crs = (CachedRowSet)rs;
          boolean bool1,bool2;

          // Check the present row determine if it lies
          // within the filtering criteria.

          for (int i = 0; i &lt; idx.length; i++) {

              if ((rs.getObject(idx[i]) &gt;= lo[i]) &amp;&amp;
                  (rs.getObject(idx[i]) &gt;= hi[i]) {
                  bool1 = true; // within filter constraints
          } else {
            bool2 = true; // outside of filter constraints
          }
      }

      if (bool2) {
         return false;
      } else {
         return true;
      }
  }
 </code>
 
</pre>        </p><p> The example above implements a simple range predicate. Note, that implementations should but are not required to provider <code>String</code> and integer index based constructors to provide for JDBC RowSet Implementation applications that use both column identification conventions.                                     </p>                                                                                                                                                                        </div>  </li></ul> </div> <a end_ctx_id="class:Predicate"/> </td><td bgcolor="#FFFFFF" colspan="1"><div class="description"> <a start_ctx_id="class:Predicate"/><ul class="blockList"><li class="blockList"> <hr/> <br/><pre>public interface <span class="strong">Predicate</span></pre><div class="block">The standard interface that provides the framework for all <code>FilteredRowSet</code> objects to describe their filters.<p/><h3>1.0 Background </h3> The <code>Predicate</code> interface is a standard interface that applications can implement to define the filter they wish to apply to a a <code>FilteredRowSet</code> object. A <code>FilteredRowSet</code> object consumes implementations of this interface and enforces the constraints defined in the implementation of the method <code>evaluate</code>. A <code>FilteredRowSet</code> object enforces the filter constraints in a bi-directional manner: It outputs only rows that are within the constraints of the filter; and conversely, it inserts, modifies, or updates only rows that are within the constraints of the filter.<h3>2.0 Implementation Guidelines  </h3> In order to supply a predicate for the <code>FilteredRowSet</code>. this interface must be implemented. At this time, the JDBC RowSet Implementations (JSR-114) does not specify any standard filters definitions. By specifying a standard means and mechanism for a range of filters to be defined and deployed with both the reference and vendor implementations of the <code>FilteredRowSet</code> interface, this allows for a flexible and application motivated implementations of <code>Predicate</code> to emerge.<p> A sample implementation would look something like this:<pre><code>
    public class Range implements Predicate {

       private int[] lo;
       private int[] hi;
       private int[] idx;

       public Range(int[] lo, int[] hi, int[] idx) {
          this.lo = lo;
          this.hi = hi;
          this.idx = idx;
       }

      public boolean evaluate(RowSet rs) {

          // Check the present row determine if it lies
          // within the filtering criteria.

          for (int i = 0; i &lt; idx.length; i++) {
             int value;
             try {
                 value = (Integer) rs.getObject(idx[i]);
             } catch (SQLException ex) {
                 Logger.getLogger(Range.class.getName()).log(Level.SEVERE, null, ex);
                 return false;
             }

             if (value &lt; lo[i] &amp;&amp; value &gt; hi[i]) {
                 // outside of filter constraints
                 return false;
             }
         }
         // Within filter constraints
        return true;
      }
   }
 </code></pre>        </p><p> The example above implements a simple range predicate. Note, that implementations should but are not required to provide <code>String</code> and integer index based constructors to provide for JDBC RowSet Implementation applications that use both column identification conventions.                                     </p>                                                                                                                                                                        </div>  </li></ul> </div> <a end_ctx_id="class:Predicate"/> </td></tr></table></td></tr></table><table border="0" cellpadding="1" cellspacing="0" width="100%"><tr><td><h3 class="ctxid">method:evaluate(javax.sql.RowSet) [CHANGED]</h3></td></tr><tr><td><table border="0" cellpadding="5" cellspacing="1" bgcolor="black" width="100%"><tr valign="top"><td bgcolor="#EEEEEE" colspan="2"> <a start_ctx_id="method:evaluate(javax.sql.RowSet)"/><a name="evaluate(javax.sql.RowSet)"/><ul class="blockList"><li class="blockList"><h4>evaluate</h4><pre>boolean evaluate(javax.sql.RowSet rs)</pre><div class="block">This method is typically called a <code>FilteredRowSet</code> object internal methods (not public) that control the <code>RowSet</code> object's cursor moving from row to the next. In addition, if this internal method moves the cursor onto a row that has been deleted, the internal method will continue to ove the cursor until a valid row is found.                                                      </div><dl> <dt> <span class="strong"><span class="diff-html-added">Parameters:</span></span>   </dt><dd> <code><span class="diff-html-added">rs</span></code> <span class="diff-html-added">-</span> <span class="diff-html-added">The</span> <code><span class="diff-html-added">RowSet</span></code> <span class="diff-html-added">to</span> <span class="diff-html-added">be</span> <span class="diff-html-added">evaluated</span>       </dd> <dt> <span class="strong">Returns:</span>   </dt><dd> <code>true</code> if there are more rows in the filter; <code>false</code> otherwise           </dd>  </dl></li></ul> <a end_ctx_id="method:evaluate(javax.sql.RowSet)"/>  </td></tr><tr valign="top"><td bgcolor="#CCCCCC" colspan="1"> <a start_ctx_id="method:evaluate(javax.sql.RowSet)"/><a name="evaluate(javax.sql.RowSet)"/><ul class="blockList"><li class="blockList"><h4>evaluate</h4><pre>boolean evaluate(javax.sql.RowSet rs)</pre><div class="block">This method is typically called a <code>FilteredRowSet</code> object internal methods (not public) that control the <code>RowSet</code> object's cursor moving from row to the next. In addition, if this internal method moves the cursor onto a row that has been deleted, the internal method will continue to ove the cursor until a valid row is found.                                                      </div><dl> <dt> <span class="strong">Returns:</span>   </dt><dd> <code>true</code> if there are more rows in the filter; <code>false</code> otherwise           </dd> </dl></li></ul> <a end_ctx_id="method:evaluate(javax.sql.RowSet)"/>  </td><td bgcolor="#FFFFFF" colspan="1"> <a start_ctx_id="method:evaluate(javax.sql.RowSet)"/><a name="evaluate(javax.sql.RowSet)"/><ul class="blockList"><li class="blockList"><h4>evaluate</h4><pre>boolean evaluate(javax.sql.RowSet rs)</pre><div class="block">This method is typically called a <code>FilteredRowSet</code> object internal methods (not public) that control the <code>RowSet</code> object's cursor moving from row to the next. In addition, if this internal method moves the cursor onto a row that has been deleted, the internal method will continue to ove the cursor until a valid row is found.                                                      </div><dl> <dt> <span class="strong">Parameters:</span>   </dt><dd> <code>rs</code> - The <code>RowSet</code> to be evaluated       </dd> <dt> <span class="strong">Returns:</span>   </dt><dd> <code>true</code> if there are more rows in the filter; <code>false</code> otherwise           </dd>  </dl></li></ul> <a end_ctx_id="method:evaluate(javax.sql.RowSet)"/>  </td></tr></table></td></tr></table><table border="0" cellpadding="1" cellspacing="0" width="100%"><tr><td><h3 class="ctxid">method:evaluate(java.lang.Object, int) [NONE]</h3></td></tr><tr><td><table border="0" cellpadding="5" cellspacing="1" bgcolor="black" width="100%"><tr valign="top"><td bgcolor="#FFFFFF" colspan="1"> <a start_ctx_id="method:evaluate(java.lang.Object, int)"/><a name="evaluate(java.lang.Object, int)"/><ul class="blockList"><li class="blockList"><h4>evaluate</h4><pre>boolean evaluate(java.lang.Object value,
                 int column)
          throws java.sql.SQLException</pre><div class="block">This method is called by a <code>FilteredRowSet</code> object to check whether the value lies between the filtering criterion (or criteria if multiple constraints exist) set using the <code>setFilter()</code> method.<p> The <code>FilteredRowSet</code> object will use this method internally while inserting new rows to a <code>FilteredRowSet</code> instance.                </p>                            </div><dl> <dt> <span class="strong">Parameters:</span>   </dt><dd> <code>value</code> - An <code>Object</code> value which needs to be checked, whether it can be part of this <code>FilterRowSet</code> object.                   </dd><dd> <code>column</code> - a <code>int</code> object that must match the SQL index of a column in this <code>RowSet</code> object. This must have been passed to <code>Predicate</code> as one of the columns for filtering while initializing a <code>Predicate</code>                                    </dd> <dt> <span class="strong">Returns:</span>   </dt><dd> <code>true</code> ifrow value lies within the filter; <code>false</code> otherwise         </dd> <dt> <span class="strong">Throws:</span>   </dt><dd> <code>java.sql.SQLException</code> - if the column is not part of filtering criteria           </dd>   </dl></li></ul> <a end_ctx_id="method:evaluate(java.lang.Object, int)"/>  </td></tr></table></td></tr></table><table border="0" cellpadding="1" cellspacing="0" width="100%"><tr><td><h3 class="ctxid">method:evaluate(java.lang.Object, java.lang.String) [NONE]</h3></td></tr><tr><td><table border="0" cellpadding="5" cellspacing="1" bgcolor="black" width="100%"><tr valign="top"><td bgcolor="#FFFFFF" colspan="1"> <a start_ctx_id="method:evaluate(java.lang.Object, java.lang.String)"/><a name="evaluate(java.lang.Object, java.lang.String)"/><ul class="blockListLast"><li class="blockList"><h4>evaluate</h4><pre>boolean evaluate(java.lang.Object value,
                 java.lang.String columnName)
          throws java.sql.SQLException</pre><div class="block">This method is called by the <code>FilteredRowSet</code> object to check whether the value lies between the filtering criteria set using the setFilter method.<p> The <code>FilteredRowSet</code> object will use this method internally while inserting new rows to a <code>FilteredRowSet</code> instance.                </p>                      </div><dl> <dt> <span class="strong">Parameters:</span>   </dt><dd> <code>value</code> - An <code>Object</code> value which needs to be checked, whether it can be part of this <code>FilterRowSet</code>.                  </dd><dd> <code>columnName</code> - a <code>String</code> object that must match the SQL name of a column in this <code>RowSet</code>, ignoring case. This must have been passed to <code>Predicate</code> as one of the columns for filtering while initializing a <code>Predicate</code>                                     </dd> <dt> <span class="strong">Returns:</span>   </dt><dd> <code>true</code> if value lies within the filter; <code>false</code> otherwise         </dd> <dt> <span class="strong">Throws:</span>   </dt><dd> <code>java.sql.SQLException</code> - if the column is not part of filtering criteria           </dd>   </dl></li></ul> <a end_ctx_id="method:evaluate(java.lang.Object, java.lang.String)"/>  </td></tr></table></td></tr></table></diff></diffreport>