<?xml version="1.0" encoding="UTF-8"?><diffreport><diff><table border="0" cellpadding="1" cellspacing="0" width="100%"><tr><td><h3 class="ctxid">class:RowSetFactory [NONE]</h3></td></tr><tr><td><table border="0" cellpadding="5" cellspacing="1" bgcolor="black" width="100%"><tr valign="top"><td bgcolor="#FFFFFF" colspan="1"><div class="description"> <a start_ctx_id="class:RowSetFactory"/><ul class="blockList"><li class="blockList"> <hr/> <br/><pre>public interface <span class="strong">RowSetFactory</span></pre><div class="block">An interface that defines the implementation of a factory that is used to obtain different types of <code>RowSet</code> implementations.                  </div><dl> <dt> <span class="strong">Since:</span>   </dt><dd>1.7</dd> </dl>  </li></ul> </div> <a end_ctx_id="class:RowSetFactory"/> </td></tr></table></td></tr></table><table border="0" cellpadding="1" cellspacing="0" width="100%"><tr><td><h3 class="ctxid">method:createCachedRowSet() [NONE]</h3></td></tr><tr><td><table border="0" cellpadding="5" cellspacing="1" bgcolor="black" width="100%"><tr valign="top"><td bgcolor="#FFFFFF" colspan="1"> <a start_ctx_id="method:createCachedRowSet()"/><a name="createCachedRowSet()"/><ul class="blockList"><li class="blockList"><h4>createCachedRowSet</h4><pre><a href="../../../javax/sql/rowset/CachedRowSet.html" title="interface in javax.sql.rowset">CachedRowSet</a> createCachedRowSet()
                         throws java.sql.SQLException</pre><div class="block"><p>Creates a new instance of a CachedRowSet.      </p></div><dl> <dt> <span class="strong">Returns:</span>   </dt><dd>A new instance of a CachedRowSet.     </dd> <dt> <span class="strong">Throws:</span>   </dt><dd> <code>java.sql.SQLException</code> - if a CachedRowSet cannot be created.        </dd> <dt> <span class="strong">Since:</span>   </dt><dd>1.7</dd>   </dl></li></ul> <a end_ctx_id="method:createCachedRowSet()"/>  </td></tr></table></td></tr></table><table border="0" cellpadding="1" cellspacing="0" width="100%"><tr><td><h3 class="ctxid">method:createFilteredRowSet() [NONE]</h3></td></tr><tr><td><table border="0" cellpadding="5" cellspacing="1" bgcolor="black" width="100%"><tr valign="top"><td bgcolor="#FFFFFF" colspan="1"> <a start_ctx_id="method:createFilteredRowSet()"/><a name="createFilteredRowSet()"/><ul class="blockList"><li class="blockList"><h4>createFilteredRowSet</h4><pre><a href="../../../javax/sql/rowset/FilteredRowSet.html" title="interface in javax.sql.rowset">FilteredRowSet</a> createFilteredRowSet()
                             throws java.sql.SQLException</pre><div class="block"><p>Creates a new instance of a FilteredRowSet.      </p></div><dl> <dt> <span class="strong">Returns:</span>   </dt><dd>A new instance of a FilteredRowSet.     </dd> <dt> <span class="strong">Throws:</span>   </dt><dd> <code>java.sql.SQLException</code> - if a FilteredRowSet cannot be created.        </dd> <dt> <span class="strong">Since:</span>   </dt><dd>1.7</dd>   </dl></li></ul> <a end_ctx_id="method:createFilteredRowSet()"/>  </td></tr></table></td></tr></table><table border="0" cellpadding="1" cellspacing="0" width="100%"><tr><td><h3 class="ctxid">method:createJdbcRowSet() [NONE]</h3></td></tr><tr><td><table border="0" cellpadding="5" cellspacing="1" bgcolor="black" width="100%"><tr valign="top"><td bgcolor="#FFFFFF" colspan="1"> <a start_ctx_id="method:createJdbcRowSet()"/><a name="createJdbcRowSet()"/><ul class="blockList"><li class="blockList"><h4>createJdbcRowSet</h4><pre><a href="../../../javax/sql/rowset/JdbcRowSet.html" title="interface in javax.sql.rowset">JdbcRowSet</a> createJdbcRowSet()
                     throws java.sql.SQLException</pre><div class="block"><p>Creates a new instance of a JdbcRowSet.      </p></div><dl> <dt> <span class="strong">Returns:</span>   </dt><dd>A new instance of a JdbcRowSet.     </dd> <dt> <span class="strong">Throws:</span>   </dt><dd> <code>java.sql.SQLException</code> - if a JdbcRowSet cannot be created.        </dd> <dt> <span class="strong">Since:</span>   </dt><dd>1.7</dd>   </dl></li></ul> <a end_ctx_id="method:createJdbcRowSet()"/>  </td></tr></table></td></tr></table><table border="0" cellpadding="1" cellspacing="0" width="100%"><tr><td><h3 class="ctxid">method:createJoinRowSet() [NONE]</h3></td></tr><tr><td><table border="0" cellpadding="5" cellspacing="1" bgcolor="black" width="100%"><tr valign="top"><td bgcolor="#FFFFFF" colspan="1"> <a start_ctx_id="method:createJoinRowSet()"/><a name="createJoinRowSet()"/><ul class="blockList"><li class="blockList"><h4>createJoinRowSet</h4><pre><a href="../../../javax/sql/rowset/JoinRowSet.html" title="interface in javax.sql.rowset">JoinRowSet</a> createJoinRowSet()
                     throws java.sql.SQLException</pre><div class="block"><p>Creates a new instance of a JoinRowSet.      </p></div><dl> <dt> <span class="strong">Returns:</span>   </dt><dd>A new instance of a JoinRowSet.     </dd> <dt> <span class="strong">Throws:</span>   </dt><dd> <code>java.sql.SQLException</code> - if a JoinRowSet cannot be created.        </dd> <dt> <span class="strong">Since:</span>   </dt><dd>1.7</dd>   </dl></li></ul> <a end_ctx_id="method:createJoinRowSet()"/>  </td></tr></table></td></tr></table><table border="0" cellpadding="1" cellspacing="0" width="100%"><tr><td><h3 class="ctxid">method:createWebRowSet() [NONE]</h3></td></tr><tr><td><table border="0" cellpadding="5" cellspacing="1" bgcolor="black" width="100%"><tr valign="top"><td bgcolor="#FFFFFF" colspan="1"> <a start_ctx_id="method:createWebRowSet()"/><a name="createWebRowSet()"/><ul class="blockListLast"><li class="blockList"><h4>createWebRowSet</h4><pre><a href="../../../javax/sql/rowset/WebRowSet.html" title="interface in javax.sql.rowset">WebRowSet</a> createWebRowSet()
                   throws java.sql.SQLException</pre><div class="block"><p>Creates a new instance of a WebRowSet.      </p></div><dl> <dt> <span class="strong">Returns:</span>   </dt><dd>A new instance of a WebRowSet.     </dd> <dt> <span class="strong">Throws:</span>   </dt><dd> <code>java.sql.SQLException</code> - if a WebRowSet cannot be created.        </dd> <dt> <span class="strong">Since:</span>   </dt><dd>1.7</dd>   </dl></li></ul> <a end_ctx_id="method:createWebRowSet()"/>  </td></tr></table></td></tr></table></diff></diffreport>