<?xml version="1.0" encoding="UTF-8"?><diffreport><diff><table border="0" cellpadding="1" cellspacing="0" width="100%"><tr><td><h3 class="ctxid">class:RowSetProvider [NONE]</h3></td></tr><tr><td><table border="0" cellpadding="5" cellspacing="1" bgcolor="black" width="100%"><tr valign="top"><td bgcolor="#FFFFFF" colspan="1"><div class="description"> <a start_ctx_id="class:RowSetProvider"/><ul class="blockList"><li class="blockList"> <hr/> <br/><pre>public class <span class="strong">RowSetProvider</span>
extends java.lang.Object</pre><div class="block">A factory API that enables applications to obtain a <code>RowSetFactory</code> implementation that can be used to create different types of <code>RowSet</code> implementations.<p> Example: </p><pre>
 RowSetFactory aFactory = RowSetProvider.newFactory();
 CachedRowSet crs = aFactory.createCachedRowSet();
 ...
 RowSetFactory rsf = RowSetProvider.newFactory("com.sun.rowset.RowSetFactoryImpl", null);
 WebRowSet wrs = rsf.createWebRowSet();
 </pre><p> Tracing of this class may be enabled by setting the System property <code>javax.sql.rowset.RowSetFactory.debug</code> to any value but <code>false</code>.                  </p>                     </div><dl> <dt> <span class="strong">Since:</span>   </dt><dd>1.7</dd> </dl>  </li></ul> </div> <a end_ctx_id="class:RowSetProvider"/> </td></tr></table></td></tr></table><table border="0" cellpadding="1" cellspacing="0" width="100%"><tr><td><h3 class="ctxid">constructor:RowSetProvider() [CHANGED]</h3></td></tr><tr><td><table border="0" cellpadding="5" cellspacing="1" bgcolor="black" width="100%"><tr valign="top"><td bgcolor="#EEEEEE" colspan="2"> <a start_ctx_id="constructor:RowSetProvider()"/><a name="RowSetProvider()"/><ul class="blockListLast"><li class="blockList"><h4>RowSetProvider</h4><pre>protected RowSetProvider()</pre><div class="block"><span class="diff-html-added">RowSetProvider</span> <span class="diff-html-added">constructor</span> </div></li></ul> <a end_ctx_id="constructor:RowSetProvider()"/>  </td></tr><tr valign="top"><td bgcolor="#CCCCCC" colspan="1"> <a start_ctx_id="constructor:RowSetProvider()"/><a name="RowSetProvider()"/><ul class="blockListLast"><li class="blockList"><h4>RowSetProvider</h4><pre>protected RowSetProvider()</pre></li></ul> <a end_ctx_id="constructor:RowSetProvider()"/>  </td><td bgcolor="#FFFFFF" colspan="1"> <a start_ctx_id="constructor:RowSetProvider()"/><a name="RowSetProvider()"/><ul class="blockListLast"><li class="blockList"><h4>RowSetProvider</h4><pre>protected RowSetProvider()</pre><div class="block">RowSetProvider constructor </div></li></ul> <a end_ctx_id="constructor:RowSetProvider()"/>  </td></tr></table></td></tr></table><table border="0" cellpadding="1" cellspacing="0" width="100%"><tr><td><h3 class="ctxid">method:newFactory() [NONE]</h3></td></tr><tr><td><table border="0" cellpadding="5" cellspacing="1" bgcolor="black" width="100%"><tr valign="top"><td bgcolor="#FFFFFF" colspan="1"> <a start_ctx_id="method:newFactory()"/><a name="newFactory()"/><ul class="blockList"><li class="blockList"><h4>newFactory</h4><pre>public static <a href="../../../javax/sql/rowset/RowSetFactory.html" title="interface in javax.sql.rowset">RowSetFactory</a> newFactory()
                                throws java.sql.SQLException</pre><div class="block"><p>Creates a new instance of a <code>RowSetFactory</code> implementation. This method uses the following look up order to determine the <code>RowSetFactory</code> implementation class to load:                       </p><ul><li> The System property <code>javax.sql.rowset.RowSetFactory</code>. For example:<ul><li> -Djavax.sql.rowset.RowSetFactory=com.sun.rowset.RowSetFactoryImpl </li></ul>      </li><li> The &lt;code&gt;ServiceLoader&lt;/code&gt; API. The <code>ServiceLoader</code> API will look for a class name in the file <code>META-INF/services/javax.sql.rowset.RowSetFactory</code> in jars available to the runtime. For example, to have the the RowSetFactory implementation <code>com.sun.rowset.RowSetFactoryImpl  </code> loaded, the entry in <code>META-INF/services/javax.sql.rowset.RowSetFactory</code> would be:<ul><li> <code>com.sun.rowset.RowSetFactoryImpl  </code> </li></ul>                                      </li><li> Platform default <code>RowSetFactory</code> instance.    </li></ul><p>Once an application has obtained a reference to a <code>RowSetFactory</code>, it can use the factory to obtain RowSet instances.                  </p></div><dl> <dt> <span class="strong">Returns:</span>   </dt><dd>New instance of a <code>RowSetFactory</code>    </dd> <dt> <span class="strong">Throws:</span>   </dt><dd> <code>java.sql.SQLException</code> - if the default factory class cannot be loaded, instantiated. The cause will be set to actual Exception                   </dd> <dt> <span class="strong">Since:</span>   </dt><dd>1.7</dd> <dt> <span class="strong">See Also: </span>   </dt><dd>&lt;code&gt;ServiceLoader&lt;/code&gt;</dd>    </dl></li></ul> <a end_ctx_id="method:newFactory()"/>  </td></tr></table></td></tr></table><table border="0" cellpadding="1" cellspacing="0" width="100%"><tr><td><h3 class="ctxid">method:newFactory(java.lang.String, java.lang.ClassLoader) [NONE]</h3></td></tr><tr><td><table border="0" cellpadding="5" cellspacing="1" bgcolor="black" width="100%"><tr valign="top"><td bgcolor="#FFFFFF" colspan="1"> <a start_ctx_id="method:newFactory(java.lang.String, java.lang.ClassLoader)"/><a name="newFactory(java.lang.String, java.lang.ClassLoader)"/><ul class="blockListLast"><li class="blockList"><h4>newFactory</h4><pre>public static <a href="../../../javax/sql/rowset/RowSetFactory.html" title="interface in javax.sql.rowset">RowSetFactory</a> newFactory(java.lang.String factoryClassName,
                                       java.lang.ClassLoader cl)
                                throws java.sql.SQLException</pre><div class="block"><p>Creates a new instance of a <code>RowSetFactory</code> from the specified factory class name. This function is useful when there are multiple providers in the classpath. It gives more control to the application as it can specify which provider should be loaded.                                        </p><p>Once an application has obtained a reference to a <code>RowSetFactory</code> it can use the factory to obtain RowSet instances.                  </p></div><dl> <dt> <span class="strong">Parameters:</span>   </dt><dd> <code>factoryClassName</code> - fully qualified factory class name that provides an implementation of <code>javax.sql.rowset.RowSetFactory</code>.             </dd><dd> <code>cl</code> - <code>ClassLoader</code> used to load the factory class. If <code>null</code> current <code>Thread</code>'s context classLoader is used to load the factory class.                      </dd> <dt> <span class="strong">Returns:</span>   </dt><dd>New instance of a <code>RowSetFactory</code>    </dd> <dt> <span class="strong">Throws:</span>   </dt><dd> <code>java.sql.SQLException</code> - if <code>factoryClassName</code> is <code>null</code>, or the factory class cannot be loaded, instantiated.              </dd> <dt> <span class="strong">Since:</span>   </dt><dd>1.7</dd> <dt> <span class="strong">See Also: </span>   </dt><dd> <a href="../../../javax/sql/rowset/RowSetProvider.html#newFactory()"><code>newFactory()</code></a> </dd>     </dl></li></ul> <a end_ctx_id="method:newFactory(java.lang.String, java.lang.ClassLoader)"/>  </td></tr></table></td></tr></table></diff></diffreport>