<?xml version="1.0" encoding="UTF-8"?><diffreport><diff><table border="0" cellpadding="1" cellspacing="0" width="100%"><tr><td><h3 class="ctxid">class:RowSetMetaDataImpl [NONE]</h3></td></tr><tr><td><table border="0" cellpadding="5" cellspacing="1" bgcolor="black" width="100%"><tr valign="top"><td bgcolor="#FFFFFF" colspan="1"><div class="description"> <a start_ctx_id="class:RowSetMetaDataImpl"/><ul class="blockList"><li class="blockList"><dl> <dt>All Implemented Interfaces:  </dt><dd>java.io.Serializable, java.sql.ResultSetMetaData, java.sql.Wrapper, javax.sql.RowSetMetaData   </dd> </dl> <hr/> <br/><pre>public class <span class="strong">RowSetMetaDataImpl</span>
extends java.lang.Object
implements javax.sql.RowSetMetaData, java.io.Serializable</pre><div class="block">Provides implementations for the methods that set and get metadata information about a <code>RowSet</code> object's columns. A <code>RowSetMetaDataImpl</code> object keeps track of the number of columns in the rowset and maintains an internal array of column attributes for each column.<p> A <code>RowSet</code> object creates a <code>RowSetMetaDataImpl</code> object internally in order to set and retrieve information about its columns.                  </p><p> NOTE: All metadata in a <code>RowSetMetaDataImpl</code> object should be considered as unavailable until the <code>RowSet</code> object that it describes is populated. Therefore, any <code>RowSetMetaDataImpl</code> method that retrieves information is defined as having unspecified behavior when it is called before the <code>RowSet</code> object contains data.                                            </p>                                       </div><dl> <dt> <span class="strong">See Also: </span>   </dt><dd> <a href="../../../serialized-form.html#javax.sql.rowset.RowSetMetaDataImpl">Serialized Form </a> </dd> </dl>  </li></ul> </div> <a end_ctx_id="class:RowSetMetaDataImpl"/> </td></tr></table></td></tr></table><table border="0" cellpadding="1" cellspacing="0" width="100%"><tr><td><h3 class="ctxid">constructor:RowSetMetaDataImpl() [NONE]</h3></td></tr><tr><td><table border="0" cellpadding="5" cellspacing="1" bgcolor="black" width="100%"><tr valign="top"><td bgcolor="#FFFFFF" colspan="1"> <a start_ctx_id="constructor:RowSetMetaDataImpl()"/><a name="RowSetMetaDataImpl()"/><ul class="blockListLast"><li class="blockList"><h4>RowSetMetaDataImpl</h4><pre>public RowSetMetaDataImpl()</pre></li></ul> <a end_ctx_id="constructor:RowSetMetaDataImpl()"/>  </td></tr></table></td></tr></table><table border="0" cellpadding="1" cellspacing="0" width="100%"><tr><td><h3 class="ctxid">method:setColumnCount(int) [NONE]</h3></td></tr><tr><td><table border="0" cellpadding="5" cellspacing="1" bgcolor="black" width="100%"><tr valign="top"><td bgcolor="#FFFFFF" colspan="1"> <a start_ctx_id="method:setColumnCount(int)"/><a name="setColumnCount(int)"/><ul class="blockList"><li class="blockList"><h4>setColumnCount</h4><pre>public void setColumnCount(int columnCount)
                    throws java.sql.SQLException</pre><div class="block">Sets to the given number the number of columns in the <code>RowSet</code> object for which this <code>RowSetMetaDataImpl</code> object was created.                   </div><dl> <dt> <strong>Specified by: </strong>   </dt><dd> <code>setColumnCount</code> in interface <code>javax.sql.RowSetMetaData</code>  </dd> <dt> <span class="strong">Parameters:</span>   </dt><dd> <code>columnCount</code> - an <code>int</code> giving the number of columns in the <code>RowSet</code> object             </dd> <dt> <span class="strong">Throws:</span>   </dt><dd> <code>java.sql.SQLException</code> - if the given number is equal to or less than zero             </dd>   </dl></li></ul> <a end_ctx_id="method:setColumnCount(int)"/>  </td></tr></table></td></tr></table><table border="0" cellpadding="1" cellspacing="0" width="100%"><tr><td><h3 class="ctxid">method:setAutoIncrement(int, boolean) [CHANGED]</h3></td></tr><tr><td><table border="0" cellpadding="5" cellspacing="1" bgcolor="black" width="100%"><tr valign="top"><td bgcolor="#EEEEEE" colspan="2"> <a start_ctx_id="method:setAutoIncrement(int, boolean)"/><a name="setAutoIncrement(int, boolean)"/><ul class="blockList"><li class="blockList"><h4>setAutoIncrement</h4><pre>public void setAutoIncrement(int columnIndex,
                             boolean property)
                      throws java.sql.SQLException</pre><div class="block">Sets whether the designated column is automatically numbered, thus read-only, to the given <code>boolean</code> value.              </div><dl> <dt> <strong>Specified by: </strong>   </dt><dd> <code>setAutoIncrement</code> in interface <code>javax.sql.RowSetMetaData</code>  </dd> <dt> <span class="strong">Parameters:</span>   </dt><dd> <code>columnIndex</code> - the first column is 1, the second is 2, and so on; must be between <code>1</code> and the number of columns in the rowset, inclusive                           </dd><dd> <code>property</code> - <code>true</code> if the given column is automatically incremented; <code>false</code> otherwise            </dd> <dt> <span class="strong">Throws:</span>   </dt><dd> <code><span class="diff-html-added">java.sql.</span>SQLException</code> - if a database access error occurs or the given index is out of bounds<dd changeType="diff-removed-tag"> <code><span class="diff-html-removed">java.sql.SQLException</span></code> <span class="diff-html-removed">-</span> <span class="diff-html-removed">if</span> <span class="diff-html-removed">a</span> <span class="diff-html-removed">database</span> <span class="diff-html-removed">access</span> <span class="diff-html-removed">error</span> <span class="diff-html-removed">occurs</span>        </dd>                </dd>   </dl></li></ul> <a end_ctx_id="method:setAutoIncrement(int, boolean)"/>  </td></tr><tr valign="top"><td bgcolor="#CCCCCC" colspan="1"> <a start_ctx_id="method:setAutoIncrement(int, boolean)"/><a name="setAutoIncrement(int, boolean)"/><ul class="blockList"><li class="blockList"><h4>setAutoIncrement</h4><pre>public void setAutoIncrement(int columnIndex,
                             boolean property)
                      throws java.sql.SQLException</pre><div class="block">Sets whether the designated column is automatically numbered, thus read-only, to the given <code>boolean</code> value.              </div><dl> <dt> <strong>Specified by: </strong>   </dt><dd> <code>setAutoIncrement</code> in interface <code>javax.sql.RowSetMetaData</code>  </dd> <dt> <span class="strong">Parameters:</span>   </dt><dd> <code>columnIndex</code> - the first column is 1, the second is 2, and so on; must be between <code>1</code> and the number of columns in the rowset, inclusive                           </dd><dd> <code>property</code> - <code>true</code> if the given column is automatically incremented; <code>false</code> otherwise            </dd> <dt> <span class="strong">Throws:</span>   </dt><dd> <code><code>SQLException</code></code> - if a database access error occurs or the given index is out of bounds                </dd><dd changeType="diff-removed-tag"> <code>java.sql.SQLException</code> - if a database access error occurs        </dd>   </dl></li></ul> <a end_ctx_id="method:setAutoIncrement(int, boolean)"/>  </td><td bgcolor="#FFFFFF" colspan="1"> <a start_ctx_id="method:setAutoIncrement(int, boolean)"/><a name="setAutoIncrement(int, boolean)"/><ul class="blockList"><li class="blockList"><h4>setAutoIncrement</h4><pre>public void setAutoIncrement(int columnIndex,
                             boolean property)
                      throws java.sql.SQLException</pre><div class="block">Sets whether the designated column is automatically numbered, thus read-only, to the given <code>boolean</code> value.              </div><dl> <dt> <strong>Specified by: </strong>   </dt><dd> <code>setAutoIncrement</code> in interface <code>javax.sql.RowSetMetaData</code>  </dd> <dt> <span class="strong">Parameters:</span>   </dt><dd> <code>columnIndex</code> - the first column is 1, the second is 2, and so on; must be between <code>1</code> and the number of columns in the rowset, inclusive                           </dd><dd> <code>property</code> - <code>true</code> if the given column is automatically incremented; <code>false</code> otherwise            </dd> <dt> <span class="strong">Throws:</span>   </dt><dd> <code>java.sql.SQLException</code> - if a database access error occurs or the given index is out of bounds                </dd>   </dl></li></ul> <a end_ctx_id="method:setAutoIncrement(int, boolean)"/>  </td></tr></table></td></tr></table><table border="0" cellpadding="1" cellspacing="0" width="100%"><tr><td><h3 class="ctxid">method:setCaseSensitive(int, boolean) [NONE]</h3></td></tr><tr><td><table border="0" cellpadding="5" cellspacing="1" bgcolor="black" width="100%"><tr valign="top"><td bgcolor="#FFFFFF" colspan="1"> <a start_ctx_id="method:setCaseSensitive(int, boolean)"/><a name="setCaseSensitive(int, boolean)"/><ul class="blockList"><li class="blockList"><h4>setCaseSensitive</h4><pre>public void setCaseSensitive(int columnIndex,
                             boolean property)
                      throws java.sql.SQLException</pre><div class="block">Sets whether the name of the designated column is case sensitive to the given <code>boolean</code>.              </div><dl> <dt> <strong>Specified by: </strong>   </dt><dd> <code>setCaseSensitive</code> in interface <code>javax.sql.RowSetMetaData</code>  </dd> <dt> <span class="strong">Parameters:</span>   </dt><dd> <code>columnIndex</code> - the first column is 1, the second is 2, and so on; must be between <code>1</code> and the number of columns in the rowset, inclusive                           </dd><dd> <code>property</code> - <code>true</code> to indicate that the column name is case sensitive; <code>false</code> otherwise              </dd> <dt> <span class="strong">Throws:</span>   </dt><dd> <code>java.sql.SQLException</code> - if a database access error occurs or the given column number is out of bounds                 </dd>   </dl></li></ul> <a end_ctx_id="method:setCaseSensitive(int, boolean)"/>  </td></tr></table></td></tr></table><table border="0" cellpadding="1" cellspacing="0" width="100%"><tr><td><h3 class="ctxid">method:setSearchable(int, boolean) [CHANGED]</h3></td></tr><tr><td><table border="0" cellpadding="5" cellspacing="1" bgcolor="black" width="100%"><tr valign="top"><td bgcolor="#EEEEEE" colspan="2"> <a start_ctx_id="method:setSearchable(int, boolean)"/><a name="setSearchable(int, boolean)"/><ul class="blockList"><li class="blockList"><h4>setSearchable</h4><pre>public void setSearchable(int columnIndex,
                          boolean property)
                   throws java.sql.SQLException</pre><div class="block">Sets whether a value stored in the designated column can be used in a <code>WHERE</code> clause to the given <code>boolean</code> value.                    </div><dl> <dt> <strong>Specified by: </strong>   </dt><dd> <code>setSearchable</code> in interface <code>javax.sql.RowSetMetaData</code>  </dd> <dt> <span class="strong">Parameters:</span>   </dt><dd> <code>columnIndex</code> - the first column is 1, the second is 2, and so on; must be between <code>1</code> and the number of columns in the rowset, inclusive                           </dd><dd> <code>property</code> - <code>true</code> to indicate that a column value can be used in a <code>WHERE</code> clause; <code>false</code> otherwise                  </dd> <dt> <span class="strong">Throws:</span>   </dt><dd> <code><span class="diff-html-added">java.sql.</span>SQLException</code> - if a database access error occurs or the given column number is out of bounds<dd changeType="diff-removed-tag"> <code><span class="diff-html-removed">java.sql.SQLException</span></code> <span class="diff-html-removed">-</span> <span class="diff-html-removed">if</span> <span class="diff-html-removed">a</span> <span class="diff-html-removed">database</span> <span class="diff-html-removed">access</span> <span class="diff-html-removed">error</span> <span class="diff-html-removed">occurs</span>        </dd>                 </dd>   </dl></li></ul> <a end_ctx_id="method:setSearchable(int, boolean)"/>  </td></tr><tr valign="top"><td bgcolor="#CCCCCC" colspan="1"> <a start_ctx_id="method:setSearchable(int, boolean)"/><a name="setSearchable(int, boolean)"/><ul class="blockList"><li class="blockList"><h4>setSearchable</h4><pre>public void setSearchable(int columnIndex,
                          boolean property)
                   throws java.sql.SQLException</pre><div class="block">Sets whether a value stored in the designated column can be used in a <code>WHERE</code> clause to the given <code>boolean</code> value.                    </div><dl> <dt> <strong>Specified by: </strong>   </dt><dd> <code>setSearchable</code> in interface <code>javax.sql.RowSetMetaData</code>  </dd> <dt> <span class="strong">Parameters:</span>   </dt><dd> <code>columnIndex</code> - the first column is 1, the second is 2, and so on; must be between <code>1</code> and the number of columns in the rowset, inclusive                           </dd><dd> <code>property</code> - <code>true</code> to indicate that a column value can be used in a <code>WHERE</code> clause; <code>false</code> otherwise                  </dd> <dt> <span class="strong">Throws:</span>   </dt><dd> <code><code>SQLException</code></code> - if a database access error occurs or the given column number is out of bounds                 </dd><dd changeType="diff-removed-tag"> <code>java.sql.SQLException</code> - if a database access error occurs        </dd>   </dl></li></ul> <a end_ctx_id="method:setSearchable(int, boolean)"/>  </td><td bgcolor="#FFFFFF" colspan="1"> <a start_ctx_id="method:setSearchable(int, boolean)"/><a name="setSearchable(int, boolean)"/><ul class="blockList"><li class="blockList"><h4>setSearchable</h4><pre>public void setSearchable(int columnIndex,
                          boolean property)
                   throws java.sql.SQLException</pre><div class="block">Sets whether a value stored in the designated column can be used in a <code>WHERE</code> clause to the given <code>boolean</code> value.                    </div><dl> <dt> <strong>Specified by: </strong>   </dt><dd> <code>setSearchable</code> in interface <code>javax.sql.RowSetMetaData</code>  </dd> <dt> <span class="strong">Parameters:</span>   </dt><dd> <code>columnIndex</code> - the first column is 1, the second is 2, and so on; must be between <code>1</code> and the number of columns in the rowset, inclusive                           </dd><dd> <code>property</code> - <code>true</code> to indicate that a column value can be used in a <code>WHERE</code> clause; <code>false</code> otherwise                  </dd> <dt> <span class="strong">Throws:</span>   </dt><dd> <code>java.sql.SQLException</code> - if a database access error occurs or the given column number is out of bounds                 </dd>   </dl></li></ul> <a end_ctx_id="method:setSearchable(int, boolean)"/>  </td></tr></table></td></tr></table><table border="0" cellpadding="1" cellspacing="0" width="100%"><tr><td><h3 class="ctxid">method:setCurrency(int, boolean) [CHANGED]</h3></td></tr><tr><td><table border="0" cellpadding="5" cellspacing="1" bgcolor="black" width="100%"><tr valign="top"><td bgcolor="#EEEEEE" colspan="2"> <a start_ctx_id="method:setCurrency(int, boolean)"/><a name="setCurrency(int, boolean)"/><ul class="blockList"><li class="blockList"><h4>setCurrency</h4><pre>public void setCurrency(int columnIndex,
                        boolean property)
                 throws java.sql.SQLException</pre><div class="block">Sets whether a value stored in the designated column is a cash value to the given <code>boolean</code>.                </div><dl> <dt> <strong>Specified by: </strong>   </dt><dd> <code>setCurrency</code> in interface <code>javax.sql.RowSetMetaData</code>  </dd> <dt> <span class="strong">Parameters:</span>   </dt><dd> <code>columnIndex</code> - the first column is 1, the second is 2, and so on; must be between <code>1</code> and the number of columns, inclusive between <code>1</code> and the number of columns, inclusive                                </dd><dd> <code>property</code> - true if the value is a cash value; false otherwise.            </dd> <dt> <span class="strong">Throws:</span>   </dt><dd> <code><span class="diff-html-added">java.sql.</span>SQLException</code> - if a database access error occurs or the given column number is out of bounds<dd changeType="diff-removed-tag"> <code><span class="diff-html-removed">java.sql.SQLException</span></code> <span class="diff-html-removed">-</span> <span class="diff-html-removed">if</span> <span class="diff-html-removed">a</span> <span class="diff-html-removed">database</span> <span class="diff-html-removed">access</span> <span class="diff-html-removed">error</span> <span class="diff-html-removed">occurs</span>        </dd>                 </dd>   </dl></li></ul> <a end_ctx_id="method:setCurrency(int, boolean)"/>  </td></tr><tr valign="top"><td bgcolor="#CCCCCC" colspan="1"> <a start_ctx_id="method:setCurrency(int, boolean)"/><a name="setCurrency(int, boolean)"/><ul class="blockList"><li class="blockList"><h4>setCurrency</h4><pre>public void setCurrency(int columnIndex,
                        boolean property)
                 throws java.sql.SQLException</pre><div class="block">Sets whether a value stored in the designated column is a cash value to the given <code>boolean</code>.                </div><dl> <dt> <strong>Specified by: </strong>   </dt><dd> <code>setCurrency</code> in interface <code>javax.sql.RowSetMetaData</code>  </dd> <dt> <span class="strong">Parameters:</span>   </dt><dd> <code>columnIndex</code> - the first column is 1, the second is 2, and so on; must be between <code>1</code> and the number of columns, inclusive between <code>1</code> and the number of columns, inclusive                                </dd><dd> <code>property</code> - true if the value is a cash value; false otherwise.            </dd> <dt> <span class="strong">Throws:</span>   </dt><dd> <code><code>SQLException</code></code> - if a database access error occurs or the given column number is out of bounds                 </dd><dd changeType="diff-removed-tag"> <code>java.sql.SQLException</code> - if a database access error occurs        </dd>   </dl></li></ul> <a end_ctx_id="method:setCurrency(int, boolean)"/>  </td><td bgcolor="#FFFFFF" colspan="1"> <a start_ctx_id="method:setCurrency(int, boolean)"/><a name="setCurrency(int, boolean)"/><ul class="blockList"><li class="blockList"><h4>setCurrency</h4><pre>public void setCurrency(int columnIndex,
                        boolean property)
                 throws java.sql.SQLException</pre><div class="block">Sets whether a value stored in the designated column is a cash value to the given <code>boolean</code>.                </div><dl> <dt> <strong>Specified by: </strong>   </dt><dd> <code>setCurrency</code> in interface <code>javax.sql.RowSetMetaData</code>  </dd> <dt> <span class="strong">Parameters:</span>   </dt><dd> <code>columnIndex</code> - the first column is 1, the second is 2, and so on; must be between <code>1</code> and the number of columns, inclusive between <code>1</code> and the number of columns, inclusive                                </dd><dd> <code>property</code> - true if the value is a cash value; false otherwise.            </dd> <dt> <span class="strong">Throws:</span>   </dt><dd> <code>java.sql.SQLException</code> - if a database access error occurs or the given column number is out of bounds                 </dd>   </dl></li></ul> <a end_ctx_id="method:setCurrency(int, boolean)"/>  </td></tr></table></td></tr></table><table border="0" cellpadding="1" cellspacing="0" width="100%"><tr><td><h3 class="ctxid">method:setNullable(int, int) [CHANGED]</h3></td></tr><tr><td><table border="0" cellpadding="5" cellspacing="1" bgcolor="black" width="100%"><tr valign="top"><td bgcolor="#EEEEEE" colspan="2"> <a start_ctx_id="method:setNullable(int, int)"/><a name="setNullable(int, int)"/><ul class="blockList"><li class="blockList"><h4>setNullable</h4><pre>public void setNullable(int columnIndex,
                        int property)
                 throws java.sql.SQLException</pre><div class="block">Sets whether a value stored in the designated column can be set to <code>NULL</code> to the given constant from the interface <code>ResultSetMetaData</code>.                     </div><dl> <dt> <strong>Specified by: </strong>   </dt><dd> <code>setNullable</code> in interface <code>javax.sql.RowSetMetaData</code>  </dd> <dt> <span class="strong">Parameters:</span>   </dt><dd> <code>columnIndex</code> - the first column is 1, the second is 2, and so on; must be between <code>1</code> and the number of columns, inclusive                        </dd><dd> <code>property</code> - one of the following <code>ResultSetMetaData</code> constants: <code>columnNoNulls</code>, <code>columnNullable</code>, or <code>columnNullableUnknown</code>            </dd> <dt> <span class="strong">Throws:</span>   </dt><dd> <code><span class="diff-html-added">java.sql.</span>SQLException</code> - if a database access error occurs, the given column number is out of bounds, or the value supplied for the <i>property</i> parameter is not one of the following constants: <code>ResultSetMetaData.columnNoNulls</code>, <code>ResultSetMetaData.columnNullable</code>, or <code>ResultSetMetaData.columnNullableUnknown<dd changeType="diff-removed-tag"> <code><span class="diff-html-removed">java.sql.SQLException</span></code> <span class="diff-html-removed">-</span> <span class="diff-html-removed">if</span> <span class="diff-html-removed">a</span> <span class="diff-html-removed">database</span> <span class="diff-html-removed">access</span> <span class="diff-html-removed">error</span> <span class="diff-html-removed">occurs</span>        </dd></code>                                   </dd>   </dl></li></ul> <a end_ctx_id="method:setNullable(int, int)"/>  </td></tr><tr valign="top"><td bgcolor="#CCCCCC" colspan="1"> <a start_ctx_id="method:setNullable(int, int)"/><a name="setNullable(int, int)"/><ul class="blockList"><li class="blockList"><h4>setNullable</h4><pre>public void setNullable(int columnIndex,
                        int property)
                 throws java.sql.SQLException</pre><div class="block">Sets whether a value stored in the designated column can be set to <code>NULL</code> to the given constant from the interface <code>ResultSetMetaData</code>.                     </div><dl> <dt> <strong>Specified by: </strong>   </dt><dd> <code>setNullable</code> in interface <code>javax.sql.RowSetMetaData</code>  </dd> <dt> <span class="strong">Parameters:</span>   </dt><dd> <code>columnIndex</code> - the first column is 1, the second is 2, and so on; must be between <code>1</code> and the number of columns, inclusive                        </dd><dd> <code>property</code> - one of the following <code>ResultSetMetaData</code> constants: <code>columnNoNulls</code>, <code>columnNullable</code>, or <code>columnNullableUnknown</code>            </dd> <dt> <span class="strong">Throws:</span>   </dt><dd> <code><code>SQLException</code></code> - if a database access error occurs, the given column number is out of bounds, or the value supplied for the <i>property</i> parameter is not one of the following constants: <code>ResultSetMetaData.columnNoNulls</code>, <code>ResultSetMetaData.columnNullable</code>, or <code>ResultSetMetaData.columnNullableUnknown</code>                                   </dd><dd changeType="diff-removed-tag"> <code>java.sql.SQLException</code> - if a database access error occurs        </dd>   </dl></li></ul> <a end_ctx_id="method:setNullable(int, int)"/>  </td><td bgcolor="#FFFFFF" colspan="1"> <a start_ctx_id="method:setNullable(int, int)"/><a name="setNullable(int, int)"/><ul class="blockList"><li class="blockList"><h4>setNullable</h4><pre>public void setNullable(int columnIndex,
                        int property)
                 throws java.sql.SQLException</pre><div class="block">Sets whether a value stored in the designated column can be set to <code>NULL</code> to the given constant from the interface <code>ResultSetMetaData</code>.                     </div><dl> <dt> <strong>Specified by: </strong>   </dt><dd> <code>setNullable</code> in interface <code>javax.sql.RowSetMetaData</code>  </dd> <dt> <span class="strong">Parameters:</span>   </dt><dd> <code>columnIndex</code> - the first column is 1, the second is 2, and so on; must be between <code>1</code> and the number of columns, inclusive                        </dd><dd> <code>property</code> - one of the following <code>ResultSetMetaData</code> constants: <code>columnNoNulls</code>, <code>columnNullable</code>, or <code>columnNullableUnknown</code>            </dd> <dt> <span class="strong">Throws:</span>   </dt><dd> <code>java.sql.SQLException</code> - if a database access error occurs, the given column number is out of bounds, or the value supplied for the <i>property</i> parameter is not one of the following constants: <code>ResultSetMetaData.columnNoNulls</code>, <code>ResultSetMetaData.columnNullable</code>, or <code>ResultSetMetaData.columnNullableUnknown</code>                                   </dd>   </dl></li></ul> <a end_ctx_id="method:setNullable(int, int)"/>  </td></tr></table></td></tr></table><table border="0" cellpadding="1" cellspacing="0" width="100%"><tr><td><h3 class="ctxid">method:setSigned(int, boolean) [NONE]</h3></td></tr><tr><td><table border="0" cellpadding="5" cellspacing="1" bgcolor="black" width="100%"><tr valign="top"><td bgcolor="#FFFFFF" colspan="1"> <a start_ctx_id="method:setSigned(int, boolean)"/><a name="setSigned(int, boolean)"/><ul class="blockList"><li class="blockList"><h4>setSigned</h4><pre>public void setSigned(int columnIndex,
                      boolean property)
               throws java.sql.SQLException</pre><div class="block">Sets whether a value stored in the designated column is a signed number to the given <code>boolean</code>.                </div><dl> <dt> <strong>Specified by: </strong>   </dt><dd> <code>setSigned</code> in interface <code>javax.sql.RowSetMetaData</code>  </dd> <dt> <span class="strong">Parameters:</span>   </dt><dd> <code>columnIndex</code> - the first column is 1, the second is 2, and so on; must be between <code>1</code> and the number of columns, inclusive                        </dd><dd> <code>property</code> - <code>true</code> to indicate that a column value is a signed number; <code>false</code> to indicate that it is not                    </dd> <dt> <span class="strong">Throws:</span>   </dt><dd> <code>java.sql.SQLException</code> - if a database access error occurs or the given column number is out of bounds                 </dd>   </dl></li></ul> <a end_ctx_id="method:setSigned(int, boolean)"/>  </td></tr></table></td></tr></table><table border="0" cellpadding="1" cellspacing="0" width="100%"><tr><td><h3 class="ctxid">method:setColumnDisplaySize(int, int) [NONE]</h3></td></tr><tr><td><table border="0" cellpadding="5" cellspacing="1" bgcolor="black" width="100%"><tr valign="top"><td bgcolor="#FFFFFF" colspan="1"> <a start_ctx_id="method:setColumnDisplaySize(int, int)"/><a name="setColumnDisplaySize(int, int)"/><ul class="blockList"><li class="blockList"><h4>setColumnDisplaySize</h4><pre>public void setColumnDisplaySize(int columnIndex,
                                 int size)
                          throws java.sql.SQLException</pre><div class="block">Sets the normal maximum number of chars in the designated column to the given number.              </div><dl> <dt> <strong>Specified by: </strong>   </dt><dd> <code>setColumnDisplaySize</code> in interface <code>javax.sql.RowSetMetaData</code>  </dd> <dt> <span class="strong">Parameters:</span>   </dt><dd> <code>columnIndex</code> - the first column is 1, the second is 2, and so on; must be between <code>1</code> and the number of columns, inclusive                        </dd><dd> <code>size</code> - the maximum size of the column in chars; must be <code>0</code> or more               </dd> <dt> <span class="strong">Throws:</span>   </dt><dd> <code>java.sql.SQLException</code> - if a database access error occurs, the given column number is out of bounds, or <i>size</i> is less than <code>0</code>                      </dd>   </dl></li></ul> <a end_ctx_id="method:setColumnDisplaySize(int, int)"/>  </td></tr></table></td></tr></table><table border="0" cellpadding="1" cellspacing="0" width="100%"><tr><td><h3 class="ctxid">method:setColumnLabel(int, java.lang.String) [NONE]</h3></td></tr><tr><td><table border="0" cellpadding="5" cellspacing="1" bgcolor="black" width="100%"><tr valign="top"><td bgcolor="#FFFFFF" colspan="1"> <a start_ctx_id="method:setColumnLabel(int, java.lang.String)"/><a name="setColumnLabel(int, java.lang.String)"/><ul class="blockList"><li class="blockList"><h4>setColumnLabel</h4><pre>public void setColumnLabel(int columnIndex,
                           java.lang.String label)
                    throws java.sql.SQLException</pre><div class="block">Sets the suggested column label for use in printouts and displays, if any, to <i>label</i>. If <i>label</i> is <code>null</code>, the column label is set to an empty string ("").                            </div><dl> <dt> <strong>Specified by: </strong>   </dt><dd> <code>setColumnLabel</code> in interface <code>javax.sql.RowSetMetaData</code>  </dd> <dt> <span class="strong">Parameters:</span>   </dt><dd> <code>columnIndex</code> - the first column is 1, the second is 2, and so on; must be between <code>1</code> and the number of columns, inclusive                        </dd><dd> <code>label</code> - the column label to be used in printouts and displays; if the column label is <code>null</code>, an empty <code>String</code> is set                       </dd> <dt> <span class="strong">Throws:</span>   </dt><dd> <code>java.sql.SQLException</code> - if a database access error occurs or the given column index is out of bounds                 </dd>   </dl></li></ul> <a end_ctx_id="method:setColumnLabel(int, java.lang.String)"/>  </td></tr></table></td></tr></table><table border="0" cellpadding="1" cellspacing="0" width="100%"><tr><td><h3 class="ctxid">method:setColumnName(int, java.lang.String) [NONE]</h3></td></tr><tr><td><table border="0" cellpadding="5" cellspacing="1" bgcolor="black" width="100%"><tr valign="top"><td bgcolor="#FFFFFF" colspan="1"> <a start_ctx_id="method:setColumnName(int, java.lang.String)"/><a name="setColumnName(int, java.lang.String)"/><ul class="blockList"><li class="blockList"><h4>setColumnName</h4><pre>public void setColumnName(int columnIndex,
                          java.lang.String columnName)
                   throws java.sql.SQLException</pre><div class="block">Sets the column name of the designated column to the given name.           </div><dl> <dt> <strong>Specified by: </strong>   </dt><dd> <code>setColumnName</code> in interface <code>javax.sql.RowSetMetaData</code>  </dd> <dt> <span class="strong">Parameters:</span>   </dt><dd> <code>columnIndex</code> - the first column is 1, the second is 2, and so on; must be between <code>1</code> and the number of columns, inclusive                        </dd><dd> <code>columnName</code> - a <code>String</code> object indicating the column name; if the given name is <code>null</code>, an empty <code>String</code> is set                    </dd> <dt> <span class="strong">Throws:</span>   </dt><dd> <code>java.sql.SQLException</code> - if a database access error occurs or the given column index is out of bounds                 </dd>   </dl></li></ul> <a end_ctx_id="method:setColumnName(int, java.lang.String)"/>  </td></tr></table></td></tr></table><table border="0" cellpadding="1" cellspacing="0" width="100%"><tr><td><h3 class="ctxid">method:setSchemaName(int, java.lang.String) [NONE]</h3></td></tr><tr><td><table border="0" cellpadding="5" cellspacing="1" bgcolor="black" width="100%"><tr valign="top"><td bgcolor="#FFFFFF" colspan="1"> <a start_ctx_id="method:setSchemaName(int, java.lang.String)"/><a name="setSchemaName(int, java.lang.String)"/><ul class="blockList"><li class="blockList"><h4>setSchemaName</h4><pre>public void setSchemaName(int columnIndex,
                          java.lang.String schemaName)
                   throws java.sql.SQLException</pre><div class="block">Sets the designated column's table's schema name, if any, to <i>schemaName</i>. If <i>schemaName</i> is <code>null</code>, the schema name is set to an empty string ("").                        </div><dl> <dt> <strong>Specified by: </strong>   </dt><dd> <code>setSchemaName</code> in interface <code>javax.sql.RowSetMetaData</code>  </dd> <dt> <span class="strong">Parameters:</span>   </dt><dd> <code>columnIndex</code> - the first column is 1, the second is 2, and so on; must be between <code>1</code> and the number of columns, inclusive                        </dd><dd> <code>schemaName</code> - the schema name for the table from which a value in the designated column was derived; may be an empty <code>String</code> or <code>null</code>                         </dd> <dt> <span class="strong">Throws:</span>   </dt><dd> <code>java.sql.SQLException</code> - if a database access error occurs or the given column number is out of bounds                 </dd>   </dl></li></ul> <a end_ctx_id="method:setSchemaName(int, java.lang.String)"/>  </td></tr></table></td></tr></table><table border="0" cellpadding="1" cellspacing="0" width="100%"><tr><td><h3 class="ctxid">method:setPrecision(int, int) [NONE]</h3></td></tr><tr><td><table border="0" cellpadding="5" cellspacing="1" bgcolor="black" width="100%"><tr valign="top"><td bgcolor="#FFFFFF" colspan="1"> <a start_ctx_id="method:setPrecision(int, int)"/><a name="setPrecision(int, int)"/><ul class="blockList"><li class="blockList"><h4>setPrecision</h4><pre>public void setPrecision(int columnIndex,
                         int precision)
                  throws java.sql.SQLException</pre><div class="block">Sets the total number of decimal digits in a value stored in the designated column to the given number.                  </div><dl> <dt> <strong>Specified by: </strong>   </dt><dd> <code>setPrecision</code> in interface <code>javax.sql.RowSetMetaData</code>  </dd> <dt> <span class="strong">Parameters:</span>   </dt><dd> <code>columnIndex</code> - the first column is 1, the second is 2, and so on; must be between <code>1</code> and the number of columns, inclusive                        </dd><dd> <code>precision</code> - the total number of decimal digits; must be <code>0</code> or more             </dd> <dt> <span class="strong">Throws:</span>   </dt><dd> <code>java.sql.SQLException</code> - if a database access error occurs, <i>columnIndex</i> is out of bounds, or <i>precision</i> is less than <code>0</code>                   </dd>   </dl></li></ul> <a end_ctx_id="method:setPrecision(int, int)"/>  </td></tr></table></td></tr></table><table border="0" cellpadding="1" cellspacing="0" width="100%"><tr><td><h3 class="ctxid">method:setScale(int, int) [NONE]</h3></td></tr><tr><td><table border="0" cellpadding="5" cellspacing="1" bgcolor="black" width="100%"><tr valign="top"><td bgcolor="#FFFFFF" colspan="1"> <a start_ctx_id="method:setScale(int, int)"/><a name="setScale(int, int)"/><ul class="blockList"><li class="blockList"><h4>setScale</h4><pre>public void setScale(int columnIndex,
                     int scale)
              throws java.sql.SQLException</pre><div class="block">Sets the number of digits to the right of the decimal point in a value stored in the designated column to the given number.                       </div><dl> <dt> <strong>Specified by: </strong>   </dt><dd> <code>setScale</code> in interface <code>javax.sql.RowSetMetaData</code>  </dd> <dt> <span class="strong">Parameters:</span>   </dt><dd> <code>columnIndex</code> - the first column is 1, the second is 2, and so on; must be between <code>1</code> and the number of columns, inclusive                        </dd><dd> <code>scale</code> - the number of digits to the right of the decimal point; must be zero or greater                  </dd> <dt> <span class="strong">Throws:</span>   </dt><dd> <code>java.sql.SQLException</code> - if a database access error occurs, <i>columnIndex</i> is out of bounds, or <i>scale</i> is less than <code>0</code>                   </dd>   </dl></li></ul> <a end_ctx_id="method:setScale(int, int)"/>  </td></tr></table></td></tr></table><table border="0" cellpadding="1" cellspacing="0" width="100%"><tr><td><h3 class="ctxid">method:setTableName(int, java.lang.String) [NONE]</h3></td></tr><tr><td><table border="0" cellpadding="5" cellspacing="1" bgcolor="black" width="100%"><tr valign="top"><td bgcolor="#FFFFFF" colspan="1"> <a start_ctx_id="method:setTableName(int, java.lang.String)"/><a name="setTableName(int, java.lang.String)"/><ul class="blockList"><li class="blockList"><h4>setTableName</h4><pre>public void setTableName(int columnIndex,
                         java.lang.String tableName)
                  throws java.sql.SQLException</pre><div class="block">Sets the name of the table from which the designated column was derived to the given table name.                 </div><dl> <dt> <strong>Specified by: </strong>   </dt><dd> <code>setTableName</code> in interface <code>javax.sql.RowSetMetaData</code>  </dd> <dt> <span class="strong">Parameters:</span>   </dt><dd> <code>columnIndex</code> - the first column is 1, the second is 2, and so on; must be between <code>1</code> and the number of columns, inclusive                        </dd><dd> <code>tableName</code> - the column's table name; may be <code>null</code> or an empty string             </dd> <dt> <span class="strong">Throws:</span>   </dt><dd> <code>java.sql.SQLException</code> - if a database access error occurs or the given column number is out of bounds                 </dd>   </dl></li></ul> <a end_ctx_id="method:setTableName(int, java.lang.String)"/>  </td></tr></table></td></tr></table><table border="0" cellpadding="1" cellspacing="0" width="100%"><tr><td><h3 class="ctxid">method:setCatalogName(int, java.lang.String) [NONE]</h3></td></tr><tr><td><table border="0" cellpadding="5" cellspacing="1" bgcolor="black" width="100%"><tr valign="top"><td bgcolor="#FFFFFF" colspan="1"> <a start_ctx_id="method:setCatalogName(int, java.lang.String)"/><a name="setCatalogName(int, java.lang.String)"/><ul class="blockList"><li class="blockList"><h4>setCatalogName</h4><pre>public void setCatalogName(int columnIndex,
                           java.lang.String catalogName)
                    throws java.sql.SQLException</pre><div class="block">Sets the catalog name of the table from which the designated column was derived to <i>catalogName</i>. If <i>catalogName</i> is <code>null</code>, the catalog name is set to an empty string.                            </div><dl> <dt> <strong>Specified by: </strong>   </dt><dd> <code>setCatalogName</code> in interface <code>javax.sql.RowSetMetaData</code>  </dd> <dt> <span class="strong">Parameters:</span>   </dt><dd> <code>columnIndex</code> - the first column is 1, the second is 2, and so on; must be between <code>1</code> and the number of columns, inclusive                        </dd><dd> <code>catalogName</code> - the column's table's catalog name; if the catalogName is <code>null</code>, an empty <code>String</code> is set                 </dd> <dt> <span class="strong">Throws:</span>   </dt><dd> <code>java.sql.SQLException</code> - if a database access error occurs or the given column number is out of bounds                 </dd>   </dl></li></ul> <a end_ctx_id="method:setCatalogName(int, java.lang.String)"/>  </td></tr></table></td></tr></table><table border="0" cellpadding="1" cellspacing="0" width="100%"><tr><td><h3 class="ctxid">method:setColumnType(int, int) [NONE]</h3></td></tr><tr><td><table border="0" cellpadding="5" cellspacing="1" bgcolor="black" width="100%"><tr valign="top"><td bgcolor="#FFFFFF" colspan="1"> <a start_ctx_id="method:setColumnType(int, int)"/><a name="setColumnType(int, int)"/><ul class="blockList"><li class="blockList"><h4>setColumnType</h4><pre>public void setColumnType(int columnIndex,
                          int SQLType)
                   throws java.sql.SQLException</pre><div class="block">Sets the SQL type code for values stored in the designated column to the given type code from the class <code>java.sql.Types</code>.                    </div><dl> <dt> <strong>Specified by: </strong>   </dt><dd> <code>setColumnType</code> in interface <code>javax.sql.RowSetMetaData</code>  </dd> <dt> <span class="strong">Parameters:</span>   </dt><dd> <code>columnIndex</code> - the first column is 1, the second is 2, and so on; must be between <code>1</code> and the number of columns, inclusive                        </dd><dd> <code>SQLType</code> - the designated column's SQL type, which must be one of the constants in the class <code>java.sql.Types</code>                  </dd> <dt> <span class="strong">Throws:</span>   </dt><dd> <code>java.sql.SQLException</code> - if a database access error occurs, the given column number is out of bounds, or the column type specified is not one of the constants in <code>java.sql.Types</code>                             </dd> <dt> <span class="strong">See Also: </span>   </dt><dd>&lt;code&gt;Types&lt;/code&gt;</dd>    </dl></li></ul> <a end_ctx_id="method:setColumnType(int, int)"/>  </td></tr></table></td></tr></table><table border="0" cellpadding="1" cellspacing="0" width="100%"><tr><td><h3 class="ctxid">method:setColumnTypeName(int, java.lang.String) [NONE]</h3></td></tr><tr><td><table border="0" cellpadding="5" cellspacing="1" bgcolor="black" width="100%"><tr valign="top"><td bgcolor="#FFFFFF" colspan="1"> <a start_ctx_id="method:setColumnTypeName(int, java.lang.String)"/><a name="setColumnTypeName(int, java.lang.String)"/><ul class="blockList"><li class="blockList"><h4>setColumnTypeName</h4><pre>public void setColumnTypeName(int columnIndex,
                              java.lang.String typeName)
                       throws java.sql.SQLException</pre><div class="block">Sets the type name used by the data source for values stored in the designated column to the given type name.                    </div><dl> <dt> <strong>Specified by: </strong>   </dt><dd> <code>setColumnTypeName</code> in interface <code>javax.sql.RowSetMetaData</code>  </dd> <dt> <span class="strong">Parameters:</span>   </dt><dd> <code>columnIndex</code> - the first column is 1, the second is 2, and so on; must be between <code>1</code> and the number of columns, inclusive                        </dd><dd> <code>typeName</code> - the data source-specific type name; if <i>typeName</i> is <code>null</code>, an empty <code>String</code> is set                </dd> <dt> <span class="strong">Throws:</span>   </dt><dd> <code>java.sql.SQLException</code> - if a database access error occurs or the given column number is out of bounds                 </dd>   </dl></li></ul> <a end_ctx_id="method:setColumnTypeName(int, java.lang.String)"/>  </td></tr></table></td></tr></table><table border="0" cellpadding="1" cellspacing="0" width="100%"><tr><td><h3 class="ctxid">method:getColumnCount() [NONE]</h3></td></tr><tr><td><table border="0" cellpadding="5" cellspacing="1" bgcolor="black" width="100%"><tr valign="top"><td bgcolor="#FFFFFF" colspan="1"> <a start_ctx_id="method:getColumnCount()"/><a name="getColumnCount()"/><ul class="blockList"><li class="blockList"><h4>getColumnCount</h4><pre>public int getColumnCount()
                   throws java.sql.SQLException</pre><div class="block">Retrieves the number of columns in the <code>RowSet</code> object for which this <code>RowSetMetaDataImpl</code> object was created.               </div><dl> <dt> <strong>Specified by: </strong>   </dt><dd> <code>getColumnCount</code> in interface <code>java.sql.ResultSetMetaData</code>  </dd> <dt> <span class="strong">Returns:</span>   </dt><dd>the number of columns   </dd> <dt> <span class="strong">Throws:</span>   </dt><dd> <code>java.sql.SQLException</code> - if an error occurs determining the column count          </dd>   </dl></li></ul> <a end_ctx_id="method:getColumnCount()"/>  </td></tr></table></td></tr></table><table border="0" cellpadding="1" cellspacing="0" width="100%"><tr><td><h3 class="ctxid">method:isAutoIncrement(int) [NONE]</h3></td></tr><tr><td><table border="0" cellpadding="5" cellspacing="1" bgcolor="black" width="100%"><tr valign="top"><td bgcolor="#FFFFFF" colspan="1"> <a start_ctx_id="method:isAutoIncrement(int)"/><a name="isAutoIncrement(int)"/><ul class="blockList"><li class="blockList"><h4>isAutoIncrement</h4><pre>public boolean isAutoIncrement(int columnIndex)
                        throws java.sql.SQLException</pre><div class="block">Retrieves whether a value stored in the designated column is automatically numbered, and thus readonly.              </div><dl> <dt> <strong>Specified by: </strong>   </dt><dd> <code>isAutoIncrement</code> in interface <code>java.sql.ResultSetMetaData</code>  </dd> <dt> <span class="strong">Parameters:</span>   </dt><dd> <code>columnIndex</code> - the first column is 1, the second is 2, and so on; must be between <code>1</code> and the number of columns, inclusive                        </dd> <dt> <span class="strong">Returns:</span>   </dt><dd> <code>true</code> if the column is automatically numbered; <code>false</code> otherwise         </dd> <dt> <span class="strong">Throws:</span>   </dt><dd> <code>java.sql.SQLException</code> - if a database access error occurs or the given column number is out of bounds                 </dd>    </dl></li></ul> <a end_ctx_id="method:isAutoIncrement(int)"/>  </td></tr></table></td></tr></table><table border="0" cellpadding="1" cellspacing="0" width="100%"><tr><td><h3 class="ctxid">method:isCaseSensitive(int) [NONE]</h3></td></tr><tr><td><table border="0" cellpadding="5" cellspacing="1" bgcolor="black" width="100%"><tr valign="top"><td bgcolor="#FFFFFF" colspan="1"> <a start_ctx_id="method:isCaseSensitive(int)"/><a name="isCaseSensitive(int)"/><ul class="blockList"><li class="blockList"><h4>isCaseSensitive</h4><pre>public boolean isCaseSensitive(int columnIndex)
                        throws java.sql.SQLException</pre><div class="block">Indicates whether the case of the designated column's name matters.         </div><dl> <dt> <strong>Specified by: </strong>   </dt><dd> <code>isCaseSensitive</code> in interface <code>java.sql.ResultSetMetaData</code>  </dd> <dt> <span class="strong">Parameters:</span>   </dt><dd> <code>columnIndex</code> - the first column is 1, the second is 2, and so on; must be between <code>1</code> and the number of columns, inclusive                        </dd> <dt> <span class="strong">Returns:</span>   </dt><dd> <code>true</code> if the column name is case sensitive; <code>false</code> otherwise          </dd> <dt> <span class="strong">Throws:</span>   </dt><dd> <code>java.sql.SQLException</code> - if a database access error occurs or the given column number is out of bounds                 </dd>    </dl></li></ul> <a end_ctx_id="method:isCaseSensitive(int)"/>  </td></tr></table></td></tr></table><table border="0" cellpadding="1" cellspacing="0" width="100%"><tr><td><h3 class="ctxid">method:isSearchable(int) [NONE]</h3></td></tr><tr><td><table border="0" cellpadding="5" cellspacing="1" bgcolor="black" width="100%"><tr valign="top"><td bgcolor="#FFFFFF" colspan="1"> <a start_ctx_id="method:isSearchable(int)"/><a name="isSearchable(int)"/><ul class="blockList"><li class="blockList"><h4>isSearchable</h4><pre>public boolean isSearchable(int columnIndex)
                     throws java.sql.SQLException</pre><div class="block">Indicates whether a value stored in the designated column can be used in a <code>WHERE</code> clause.               </div><dl> <dt> <strong>Specified by: </strong>   </dt><dd> <code>isSearchable</code> in interface <code>java.sql.ResultSetMetaData</code>  </dd> <dt> <span class="strong">Parameters:</span>   </dt><dd> <code>columnIndex</code> - the first column is 1, the second is 2, and so on; must be between <code>1</code> and the number of columns, inclusive                        </dd> <dt> <span class="strong">Returns:</span>   </dt><dd> <code>true</code> if a value in the designated column can be used in a <code>WHERE</code> clause; <code>false</code> otherwise                 </dd> <dt> <span class="strong">Throws:</span>   </dt><dd> <code>java.sql.SQLException</code> - if a database access error occurs or the given column number is out of bounds                 </dd>    </dl></li></ul> <a end_ctx_id="method:isSearchable(int)"/>  </td></tr></table></td></tr></table><table border="0" cellpadding="1" cellspacing="0" width="100%"><tr><td><h3 class="ctxid">method:isCurrency(int) [NONE]</h3></td></tr><tr><td><table border="0" cellpadding="5" cellspacing="1" bgcolor="black" width="100%"><tr valign="top"><td bgcolor="#FFFFFF" colspan="1"> <a start_ctx_id="method:isCurrency(int)"/><a name="isCurrency(int)"/><ul class="blockList"><li class="blockList"><h4>isCurrency</h4><pre>public boolean isCurrency(int columnIndex)
                   throws java.sql.SQLException</pre><div class="block">Indicates whether a value stored in the designated column is a cash value.            </div><dl> <dt> <strong>Specified by: </strong>   </dt><dd> <code>isCurrency</code> in interface <code>java.sql.ResultSetMetaData</code>  </dd> <dt> <span class="strong">Parameters:</span>   </dt><dd> <code>columnIndex</code> - the first column is 1, the second is 2, and so on; must be between <code>1</code> and the number of columns, inclusive                        </dd> <dt> <span class="strong">Returns:</span>   </dt><dd> <code>true</code> if a value in the designated column is a cash value; <code>false</code> otherwise              </dd> <dt> <span class="strong">Throws:</span>   </dt><dd> <code>java.sql.SQLException</code> - if a database access error occurs or the given column number is out of bounds                 </dd>    </dl></li></ul> <a end_ctx_id="method:isCurrency(int)"/>  </td></tr></table></td></tr></table><table border="0" cellpadding="1" cellspacing="0" width="100%"><tr><td><h3 class="ctxid">method:isNullable(int) [NONE]</h3></td></tr><tr><td><table border="0" cellpadding="5" cellspacing="1" bgcolor="black" width="100%"><tr valign="top"><td bgcolor="#FFFFFF" colspan="1"> <a start_ctx_id="method:isNullable(int)"/><a name="isNullable(int)"/><ul class="blockList"><li class="blockList"><h4>isNullable</h4><pre>public int isNullable(int columnIndex)
               throws java.sql.SQLException</pre><div class="block">Retrieves a constant indicating whether it is possible to store a <code>NULL</code> value in the designated column.                </div><dl> <dt> <strong>Specified by: </strong>   </dt><dd> <code>isNullable</code> in interface <code>java.sql.ResultSetMetaData</code>  </dd> <dt> <span class="strong">Parameters:</span>   </dt><dd> <code>columnIndex</code> - the first column is 1, the second is 2, and so on; must be between <code>1</code> and the number of columns, inclusive                        </dd> <dt> <span class="strong">Returns:</span>   </dt><dd>a constant from the <code>ResultSetMetaData</code> interface; either <code>columnNoNulls</code>, <code>columnNullable</code>, or <code>columnNullableUnknown</code>          </dd> <dt> <span class="strong">Throws:</span>   </dt><dd> <code>java.sql.SQLException</code> - if a database access error occurs or the given column number is out of bounds                 </dd>    </dl></li></ul> <a end_ctx_id="method:isNullable(int)"/>  </td></tr></table></td></tr></table><table border="0" cellpadding="1" cellspacing="0" width="100%"><tr><td><h3 class="ctxid">method:isSigned(int) [NONE]</h3></td></tr><tr><td><table border="0" cellpadding="5" cellspacing="1" bgcolor="black" width="100%"><tr valign="top"><td bgcolor="#FFFFFF" colspan="1"> <a start_ctx_id="method:isSigned(int)"/><a name="isSigned(int)"/><ul class="blockList"><li class="blockList"><h4>isSigned</h4><pre>public boolean isSigned(int columnIndex)
                 throws java.sql.SQLException</pre><div class="block">Indicates whether a value stored in the designated column is a signed number.            </div><dl> <dt> <strong>Specified by: </strong>   </dt><dd> <code>isSigned</code> in interface <code>java.sql.ResultSetMetaData</code>  </dd> <dt> <span class="strong">Parameters:</span>   </dt><dd> <code>columnIndex</code> - the first column is 1, the second is 2, and so on; must be between <code>1</code> and the number of columns, inclusive                        </dd> <dt> <span class="strong">Returns:</span>   </dt><dd> <code>true</code> if if a value in the designated column is a signed number; <code>false</code> otherwise               </dd> <dt> <span class="strong">Throws:</span>   </dt><dd> <code>java.sql.SQLException</code> - if a database access error occurs or the given column number is out of bounds                 </dd>    </dl></li></ul> <a end_ctx_id="method:isSigned(int)"/>  </td></tr></table></td></tr></table><table border="0" cellpadding="1" cellspacing="0" width="100%"><tr><td><h3 class="ctxid">method:getColumnDisplaySize(int) [NONE]</h3></td></tr><tr><td><table border="0" cellpadding="5" cellspacing="1" bgcolor="black" width="100%"><tr valign="top"><td bgcolor="#FFFFFF" colspan="1"> <a start_ctx_id="method:getColumnDisplaySize(int)"/><a name="getColumnDisplaySize(int)"/><ul class="blockList"><li class="blockList"><h4>getColumnDisplaySize</h4><pre>public int getColumnDisplaySize(int columnIndex)
                         throws java.sql.SQLException</pre><div class="block">Retrieves the normal maximum width in chars of the designated column.          </div><dl> <dt> <strong>Specified by: </strong>   </dt><dd> <code>getColumnDisplaySize</code> in interface <code>java.sql.ResultSetMetaData</code>  </dd> <dt> <span class="strong">Parameters:</span>   </dt><dd> <code>columnIndex</code> - the first column is 1, the second is 2, and so on; must be between <code>1</code> and the number of columns, inclusive                        </dd> <dt> <span class="strong">Returns:</span>   </dt><dd>the maximum number of chars that can be displayed in the designated column            </dd> <dt> <span class="strong">Throws:</span>   </dt><dd> <code>java.sql.SQLException</code> - if a database access error occurs or the given column number is out of bounds                 </dd>    </dl></li></ul> <a end_ctx_id="method:getColumnDisplaySize(int)"/>  </td></tr></table></td></tr></table><table border="0" cellpadding="1" cellspacing="0" width="100%"><tr><td><h3 class="ctxid">method:getColumnLabel(int) [NONE]</h3></td></tr><tr><td><table border="0" cellpadding="5" cellspacing="1" bgcolor="black" width="100%"><tr valign="top"><td bgcolor="#FFFFFF" colspan="1"> <a start_ctx_id="method:getColumnLabel(int)"/><a name="getColumnLabel(int)"/><ul class="blockList"><li class="blockList"><h4>getColumnLabel</h4><pre>public java.lang.String getColumnLabel(int columnIndex)
                                throws java.sql.SQLException</pre><div class="block">Retrieves the the suggested column title for the designated column for use in printouts and displays.               </div><dl> <dt> <strong>Specified by: </strong>   </dt><dd> <code>getColumnLabel</code> in interface <code>java.sql.ResultSetMetaData</code>  </dd> <dt> <span class="strong">Parameters:</span>   </dt><dd> <code>columnIndex</code> - the first column is 1, the second is 2, and so on; must be between <code>1</code> and the number of columns, inclusive                        </dd> <dt> <span class="strong">Returns:</span>   </dt><dd>the suggested column name to use in printouts and displays         </dd> <dt> <span class="strong">Throws:</span>   </dt><dd> <code>java.sql.SQLException</code> - if a database access error occurs or the given column number is out of bounds                 </dd>    </dl></li></ul> <a end_ctx_id="method:getColumnLabel(int)"/>  </td></tr></table></td></tr></table><table border="0" cellpadding="1" cellspacing="0" width="100%"><tr><td><h3 class="ctxid">method:getColumnName(int) [NONE]</h3></td></tr><tr><td><table border="0" cellpadding="5" cellspacing="1" bgcolor="black" width="100%"><tr valign="top"><td bgcolor="#FFFFFF" colspan="1"> <a start_ctx_id="method:getColumnName(int)"/><a name="getColumnName(int)"/><ul class="blockList"><li class="blockList"><h4>getColumnName</h4><pre>public java.lang.String getColumnName(int columnIndex)
                               throws java.sql.SQLException</pre><div class="block">Retrieves the name of the designated column.      </div><dl> <dt> <strong>Specified by: </strong>   </dt><dd> <code>getColumnName</code> in interface <code>java.sql.ResultSetMetaData</code>  </dd> <dt> <span class="strong">Parameters:</span>   </dt><dd> <code>columnIndex</code> - the first column is 1, the second is 2, and so on; must be between <code>1</code> and the number of columns, inclusive                        </dd> <dt> <span class="strong">Returns:</span>   </dt><dd>the column name of the designated column      </dd> <dt> <span class="strong">Throws:</span>   </dt><dd> <code>java.sql.SQLException</code> - if a database access error occurs or the given column number is out of bounds                 </dd>    </dl></li></ul> <a end_ctx_id="method:getColumnName(int)"/>  </td></tr></table></td></tr></table><table border="0" cellpadding="1" cellspacing="0" width="100%"><tr><td><h3 class="ctxid">method:getSchemaName(int) [NONE]</h3></td></tr><tr><td><table border="0" cellpadding="5" cellspacing="1" bgcolor="black" width="100%"><tr valign="top"><td bgcolor="#FFFFFF" colspan="1"> <a start_ctx_id="method:getSchemaName(int)"/><a name="getSchemaName(int)"/><ul class="blockList"><li class="blockList"><h4>getSchemaName</h4><pre>public java.lang.String getSchemaName(int columnIndex)
                               throws java.sql.SQLException</pre><div class="block">Retrieves the schema name of the table from which the value in the designated column was derived.                </div><dl> <dt> <strong>Specified by: </strong>   </dt><dd> <code>getSchemaName</code> in interface <code>java.sql.ResultSetMetaData</code>  </dd> <dt> <span class="strong">Parameters:</span>   </dt><dd> <code>columnIndex</code> - the first column is 1, the second is 2, and so on; must be between <code>1</code> and the number of columns, inclusive                        </dd> <dt> <span class="strong">Returns:</span>   </dt><dd>the schema name or an empty <code>String</code> if no schema name is available            </dd> <dt> <span class="strong">Throws:</span>   </dt><dd> <code>java.sql.SQLException</code> - if a database access error occurs or the given column number is out of bounds                 </dd>    </dl></li></ul> <a end_ctx_id="method:getSchemaName(int)"/>  </td></tr></table></td></tr></table><table border="0" cellpadding="1" cellspacing="0" width="100%"><tr><td><h3 class="ctxid">method:getPrecision(int) [NONE]</h3></td></tr><tr><td><table border="0" cellpadding="5" cellspacing="1" bgcolor="black" width="100%"><tr valign="top"><td bgcolor="#FFFFFF" colspan="1"> <a start_ctx_id="method:getPrecision(int)"/><a name="getPrecision(int)"/><ul class="blockList"><li class="blockList"><h4>getPrecision</h4><pre>public int getPrecision(int columnIndex)
                 throws java.sql.SQLException</pre><div class="block">Retrieves the total number of digits for values stored in the designated column.            </div><dl> <dt> <strong>Specified by: </strong>   </dt><dd> <code>getPrecision</code> in interface <code>java.sql.ResultSetMetaData</code>  </dd> <dt> <span class="strong">Parameters:</span>   </dt><dd> <code>columnIndex</code> - the first column is 1, the second is 2, and so on; must be between <code>1</code> and the number of columns, inclusive                        </dd> <dt> <span class="strong">Returns:</span>   </dt><dd>the precision for values stored in the designated column        </dd> <dt> <span class="strong">Throws:</span>   </dt><dd> <code>java.sql.SQLException</code> - if a database access error occurs or the given column number is out of bounds                 </dd>    </dl></li></ul> <a end_ctx_id="method:getPrecision(int)"/>  </td></tr></table></td></tr></table><table border="0" cellpadding="1" cellspacing="0" width="100%"><tr><td><h3 class="ctxid">method:getScale(int) [NONE]</h3></td></tr><tr><td><table border="0" cellpadding="5" cellspacing="1" bgcolor="black" width="100%"><tr valign="top"><td bgcolor="#FFFFFF" colspan="1"> <a start_ctx_id="method:getScale(int)"/><a name="getScale(int)"/><ul class="blockList"><li class="blockList"><h4>getScale</h4><pre>public int getScale(int columnIndex)
             throws java.sql.SQLException</pre><div class="block">Retrieves the number of digits to the right of the decimal point for values stored in the designated column.                  </div><dl> <dt> <strong>Specified by: </strong>   </dt><dd> <code>getScale</code> in interface <code>java.sql.ResultSetMetaData</code>  </dd> <dt> <span class="strong">Parameters:</span>   </dt><dd> <code>columnIndex</code> - the first column is 1, the second is 2, and so on; must be between <code>1</code> and the number of columns, inclusive                        </dd> <dt> <span class="strong">Returns:</span>   </dt><dd>the scale for values stored in the designated column        </dd> <dt> <span class="strong">Throws:</span>   </dt><dd> <code>java.sql.SQLException</code> - if a database access error occurs or the given column number is out of bounds                 </dd>    </dl></li></ul> <a end_ctx_id="method:getScale(int)"/>  </td></tr></table></td></tr></table><table border="0" cellpadding="1" cellspacing="0" width="100%"><tr><td><h3 class="ctxid">method:getTableName(int) [NONE]</h3></td></tr><tr><td><table border="0" cellpadding="5" cellspacing="1" bgcolor="black" width="100%"><tr valign="top"><td bgcolor="#FFFFFF" colspan="1"> <a start_ctx_id="method:getTableName(int)"/><a name="getTableName(int)"/><ul class="blockList"><li class="blockList"><h4>getTableName</h4><pre>public java.lang.String getTableName(int columnIndex)
                              throws java.sql.SQLException</pre><div class="block">Retrieves the name of the table from which the value in the designated column was derived.               </div><dl> <dt> <strong>Specified by: </strong>   </dt><dd> <code>getTableName</code> in interface <code>java.sql.ResultSetMetaData</code>  </dd> <dt> <span class="strong">Parameters:</span>   </dt><dd> <code>columnIndex</code> - the first column is 1, the second is 2, and so on; must be between <code>1</code> and the number of columns, inclusive                        </dd> <dt> <span class="strong">Returns:</span>   </dt><dd>the table name or an empty <code>String</code> if no table name is available            </dd> <dt> <span class="strong">Throws:</span>   </dt><dd> <code>java.sql.SQLException</code> - if a database access error occurs or the given column number is out of bounds                 </dd>    </dl></li></ul> <a end_ctx_id="method:getTableName(int)"/>  </td></tr></table></td></tr></table><table border="0" cellpadding="1" cellspacing="0" width="100%"><tr><td><h3 class="ctxid">method:getCatalogName(int) [NONE]</h3></td></tr><tr><td><table border="0" cellpadding="5" cellspacing="1" bgcolor="black" width="100%"><tr valign="top"><td bgcolor="#FFFFFF" colspan="1"> <a start_ctx_id="method:getCatalogName(int)"/><a name="getCatalogName(int)"/><ul class="blockList"><li class="blockList"><h4>getCatalogName</h4><pre>public java.lang.String getCatalogName(int columnIndex)
                                throws java.sql.SQLException</pre><div class="block">Retrieves the catalog name of the table from which the value in the designated column was derived.                </div><dl> <dt> <strong>Specified by: </strong>   </dt><dd> <code>getCatalogName</code> in interface <code>java.sql.ResultSetMetaData</code>  </dd> <dt> <span class="strong">Parameters:</span>   </dt><dd> <code>columnIndex</code> - the first column is 1, the second is 2, and so on; must be between <code>1</code> and the number of columns, inclusive                        </dd> <dt> <span class="strong">Returns:</span>   </dt><dd>the catalog name of the column's table or an empty <code>String</code> if no catalog name is available                </dd> <dt> <span class="strong">Throws:</span>   </dt><dd> <code>java.sql.SQLException</code> - if a database access error occurs or the given column number is out of bounds                 </dd>    </dl></li></ul> <a end_ctx_id="method:getCatalogName(int)"/>  </td></tr></table></td></tr></table><table border="0" cellpadding="1" cellspacing="0" width="100%"><tr><td><h3 class="ctxid">method:getColumnType(int) [NONE]</h3></td></tr><tr><td><table border="0" cellpadding="5" cellspacing="1" bgcolor="black" width="100%"><tr valign="top"><td bgcolor="#FFFFFF" colspan="1"> <a start_ctx_id="method:getColumnType(int)"/><a name="getColumnType(int)"/><ul class="blockList"><li class="blockList"><h4>getColumnType</h4><pre>public int getColumnType(int columnIndex)
                  throws java.sql.SQLException</pre><div class="block">Retrieves the type code (one of the <code>java.sql.Types</code> constants) for the SQL type of the value stored in the designated column.                    </div><dl> <dt> <strong>Specified by: </strong>   </dt><dd> <code>getColumnType</code> in interface <code>java.sql.ResultSetMetaData</code>  </dd> <dt> <span class="strong">Parameters:</span>   </dt><dd> <code>columnIndex</code> - the first column is 1, the second is 2, and so on; must be between <code>1</code> and the number of columns, inclusive                        </dd> <dt> <span class="strong">Returns:</span>   </dt><dd>an <code>int</code> representing the SQL type of values stored in the designated column            </dd> <dt> <span class="strong">Throws:</span>   </dt><dd> <code>java.sql.SQLException</code> - if a database access error occurs or the given column number is out of bounds                 </dd> <dt> <span class="strong">See Also: </span>   </dt><dd>&lt;code&gt;Types&lt;/code&gt;</dd>     </dl></li></ul> <a end_ctx_id="method:getColumnType(int)"/>  </td></tr></table></td></tr></table><table border="0" cellpadding="1" cellspacing="0" width="100%"><tr><td><h3 class="ctxid">method:getColumnTypeName(int) [NONE]</h3></td></tr><tr><td><table border="0" cellpadding="5" cellspacing="1" bgcolor="black" width="100%"><tr valign="top"><td bgcolor="#FFFFFF" colspan="1"> <a start_ctx_id="method:getColumnTypeName(int)"/><a name="getColumnTypeName(int)"/><ul class="blockList"><li class="blockList"><h4>getColumnTypeName</h4><pre>public java.lang.String getColumnTypeName(int columnIndex)
                                   throws java.sql.SQLException</pre><div class="block">Retrieves the DBMS-specific type name for values stored in the designated column.           </div><dl> <dt> <strong>Specified by: </strong>   </dt><dd> <code>getColumnTypeName</code> in interface <code>java.sql.ResultSetMetaData</code>  </dd> <dt> <span class="strong">Parameters:</span>   </dt><dd> <code>columnIndex</code> - the first column is 1, the second is 2, and so on; must be between <code>1</code> and the number of columns, inclusive                        </dd> <dt> <span class="strong">Returns:</span>   </dt><dd>the type name used by the data source       </dd> <dt> <span class="strong">Throws:</span>   </dt><dd> <code>java.sql.SQLException</code> - if a database access error occurs or the given column number is out of bounds                 </dd>    </dl></li></ul> <a end_ctx_id="method:getColumnTypeName(int)"/>  </td></tr></table></td></tr></table><table border="0" cellpadding="1" cellspacing="0" width="100%"><tr><td><h3 class="ctxid">method:isReadOnly(int) [NONE]</h3></td></tr><tr><td><table border="0" cellpadding="5" cellspacing="1" bgcolor="black" width="100%"><tr valign="top"><td bgcolor="#FFFFFF" colspan="1"> <a start_ctx_id="method:isReadOnly(int)"/><a name="isReadOnly(int)"/><ul class="blockList"><li class="blockList"><h4>isReadOnly</h4><pre>public boolean isReadOnly(int columnIndex)
                   throws java.sql.SQLException</pre><div class="block">Indicates whether the designated column is definitely not writable, thus readonly.          </div><dl> <dt> <strong>Specified by: </strong>   </dt><dd> <code>isReadOnly</code> in interface <code>java.sql.ResultSetMetaData</code>  </dd> <dt> <span class="strong">Parameters:</span>   </dt><dd> <code>columnIndex</code> - the first column is 1, the second is 2, and so on; must be between <code>1</code> and the number of columns, inclusive                        </dd> <dt> <span class="strong">Returns:</span>   </dt><dd> <code>true</code> if this <code>RowSet</code> object is read-Only and thus not updatable; <code>false</code> otherwise             </dd> <dt> <span class="strong">Throws:</span>   </dt><dd> <code>java.sql.SQLException</code> - if a database access error occurs or the given column number is out of bounds                 </dd>    </dl></li></ul> <a end_ctx_id="method:isReadOnly(int)"/>  </td></tr></table></td></tr></table><table border="0" cellpadding="1" cellspacing="0" width="100%"><tr><td><h3 class="ctxid">method:isWritable(int) [NONE]</h3></td></tr><tr><td><table border="0" cellpadding="5" cellspacing="1" bgcolor="black" width="100%"><tr valign="top"><td bgcolor="#FFFFFF" colspan="1"> <a start_ctx_id="method:isWritable(int)"/><a name="isWritable(int)"/><ul class="blockList"><li class="blockList"><h4>isWritable</h4><pre>public boolean isWritable(int columnIndex)
                   throws java.sql.SQLException</pre><div class="block">Indicates whether it is possible for a write operation on the designated column to succeed. A return value of <code>true</code> means that a write operation may or may not succeed.                             </div><dl> <dt> <strong>Specified by: </strong>   </dt><dd> <code>isWritable</code> in interface <code>java.sql.ResultSetMetaData</code>  </dd> <dt> <span class="strong">Parameters:</span>   </dt><dd> <code>columnIndex</code> - the first column is 1, the second is 2, and so on; must be between <code>1</code> and the number of columns, inclusive                        </dd> <dt> <span class="strong">Returns:</span>   </dt><dd> <code>true</code> if a write operation on the designated column may will succeed; <code>false</code> otherwise              </dd> <dt> <span class="strong">Throws:</span>   </dt><dd> <code>java.sql.SQLException</code> - if a database access error occurs or the given column number is out of bounds                 </dd>    </dl></li></ul> <a end_ctx_id="method:isWritable(int)"/>  </td></tr></table></td></tr></table><table border="0" cellpadding="1" cellspacing="0" width="100%"><tr><td><h3 class="ctxid">method:isDefinitelyWritable(int) [NONE]</h3></td></tr><tr><td><table border="0" cellpadding="5" cellspacing="1" bgcolor="black" width="100%"><tr valign="top"><td bgcolor="#FFFFFF" colspan="1"> <a start_ctx_id="method:isDefinitelyWritable(int)"/><a name="isDefinitelyWritable(int)"/><ul class="blockList"><li class="blockList"><h4>isDefinitelyWritable</h4><pre>public boolean isDefinitelyWritable(int columnIndex)
                             throws java.sql.SQLException</pre><div class="block">Indicates whether a write operation on the designated column will definitely succeed.           </div><dl> <dt> <strong>Specified by: </strong>   </dt><dd> <code>isDefinitelyWritable</code> in interface <code>java.sql.ResultSetMetaData</code>  </dd> <dt> <span class="strong">Parameters:</span>   </dt><dd> <code>columnIndex</code> - the first column is 1, the second is 2, and so on; must be between <code>1</code> and the number of columns, inclusive                        </dd> <dt> <span class="strong">Returns:</span>   </dt><dd> <code>true</code> if a write operation on the designated column will definitely succeed; <code>false</code> otherwise              </dd> <dt> <span class="strong">Throws:</span>   </dt><dd> <code>java.sql.SQLException</code> - if a database access error occurs or the given column number is out of bounds                 </dd>    </dl></li></ul> <a end_ctx_id="method:isDefinitelyWritable(int)"/>  </td></tr></table></td></tr></table><table border="0" cellpadding="1" cellspacing="0" width="100%"><tr><td><h3 class="ctxid">method:getColumnClassName(int) [NONE]</h3></td></tr><tr><td><table border="0" cellpadding="5" cellspacing="1" bgcolor="black" width="100%"><tr valign="top"><td bgcolor="#FFFFFF" colspan="1"> <a start_ctx_id="method:getColumnClassName(int)"/><a name="getColumnClassName(int)"/><ul class="blockList"><li class="blockList"><h4>getColumnClassName</h4><pre>public java.lang.String getColumnClassName(int columnIndex)
                                    throws java.sql.SQLException</pre><div class="block">Retrieves the fully-qualified name of the class in the Java programming language to which a value in the designated column will be mapped. For example, if the value is an <code>int</code>, the class name returned by this method will be <code>java.lang.Integer</code>.<p> If the value in the designated column has a custom mapping, this method returns the name of the class that implements <code>SQLData</code>. When the method <code>ResultSet.getObject</code> is called to retrieve a value from the designated column, it will create an instance of this class or one of its subclasses.                                                 </p>                                        </div><dl> <dt> <strong>Specified by: </strong>   </dt><dd> <code>getColumnClassName</code> in interface <code>java.sql.ResultSetMetaData</code>  </dd> <dt> <span class="strong">Parameters:</span>   </dt><dd> <code>columnIndex</code> - the first column is 1, the second is 2, and so on; must be between <code>1</code> and the number of columns, inclusive                        </dd> <dt> <span class="strong">Returns:</span>   </dt><dd>the fully-qualified name of the class in the Java programming language that would be used by the method <code>RowSet.getObject</code> to retrieve the value in the specified column. This is the class name used for custom mapping when there is a custom mapping.                                         </dd> <dt> <span class="strong">Throws:</span>   </dt><dd> <code>java.sql.SQLException</code> - if a database access error occurs or the given column number is out of bounds                 </dd>    </dl></li></ul> <a end_ctx_id="method:getColumnClassName(int)"/>  </td></tr></table></td></tr></table><table border="0" cellpadding="1" cellspacing="0" width="100%"><tr><td><h3 class="ctxid">method:unwrap(java.lang.Class) [CHANGED]</h3></td></tr><tr><td><table border="0" cellpadding="5" cellspacing="1" bgcolor="black" width="100%"><tr valign="top"><td bgcolor="#EEEEEE" colspan="2"> <a start_ctx_id="method:unwrap(java.lang.Class)"/><a name="unwrap(java.lang.Class)"/><ul class="blockList"><li class="blockList"><h4>unwrap</h4><pre>public &lt;T&gt; T unwrap(java.lang.Class&lt;T&gt; iface)
             throws java.sql.SQLException</pre><div class="block">Returns an object that implements the given interface to allow access to non-standard methods, or standard methods not exposed by the proxy. The result may be either the object found to implement the interface or a proxy for that object. If the receiver implements the interface then that is the object. If the receiver is a wrapper and the wrapped object implements the interface then that is the object. Otherwise the object is the result of calling <code>unwrap</code> recursively on the wrapped object. If the receiver is not a wrapper and does not implement the interface, then an <code>SQLException</code> is thrown.                                                                                                    </div><dl> <dt> <strong>Specified by: </strong>   </dt><dd> <code>unwrap</code> in interface <code>java.sql.Wrapper</code>  </dd> <dt> <span class="strong"><span class="diff-html-added">Type</span> <span class="diff-html-added">Parameters:</span> </span>   </dt><dd> <code><span class="diff-html-added">T</span></code> <span class="diff-html-added">-</span> <span class="diff-html-added">the</span> <span class="diff-html-added">type</span> <span class="diff-html-added">of</span> <span class="diff-html-added">the</span> <span class="diff-html-added">class</span> <span class="diff-html-added">modeled</span> <span class="diff-html-added">by</span> <span class="diff-html-added">this</span> <span class="diff-html-added">Class</span> <span class="diff-html-added">object</span>            </dd> <dt> <span class="strong">Parameters:</span>   </dt><dd> <code>iface</code> - A Class defining an interface that the result must implement.            </dd> <dt> <span class="strong">Returns:</span>   </dt><dd>an object that implements the interface. May be a proxy for the actual implementing object.              </dd> <dt> <span class="strong">Throws:</span>   </dt><dd> <code>java.sql.SQLException</code> - If no object found that implements the interface          </dd> <dt> <span class="strong">Since:</span>   </dt><dd>1.6</dd>      </dl></li></ul> <a end_ctx_id="method:unwrap(java.lang.Class)"/>  </td></tr><tr valign="top"><td bgcolor="#CCCCCC" colspan="1"> <a start_ctx_id="method:unwrap(java.lang.Class)"/><a name="unwrap(java.lang.Class)"/><ul class="blockList"><li class="blockList"><h4>unwrap</h4><pre>public &lt;T&gt; T unwrap(java.lang.Class&lt;T&gt; iface)
             throws java.sql.SQLException</pre><div class="block">Returns an object that implements the given interface to allow access to non-standard methods, or standard methods not exposed by the proxy. The result may be either the object found to implement the interface or a proxy for that object. If the receiver implements the interface then that is the object. If the receiver is a wrapper and the wrapped object implements the interface then that is the object. Otherwise the object is the result of calling <code>unwrap</code> recursively on the wrapped object. If the receiver is not a wrapper and does not implement the interface, then an <code>SQLException</code> is thrown.                                                                                                    </div><dl> <dt> <strong>Specified by: </strong>   </dt><dd> <code>unwrap</code> in interface <code>java.sql.Wrapper</code>  </dd> <dt> <span class="strong">Parameters:</span>   </dt><dd> <code>iface</code> - A Class defining an interface that the result must implement.            </dd> <dt> <span class="strong">Returns:</span>   </dt><dd>an object that implements the interface. May be a proxy for the actual implementing object.              </dd> <dt> <span class="strong">Throws:</span>   </dt><dd> <code>java.sql.SQLException</code> - If no object found that implements the interface          </dd> <dt> <span class="strong">Since:</span>   </dt><dd>1.6</dd>     </dl></li></ul> <a end_ctx_id="method:unwrap(java.lang.Class)"/>  </td><td bgcolor="#FFFFFF" colspan="1"> <a start_ctx_id="method:unwrap(java.lang.Class)"/><a name="unwrap(java.lang.Class)"/><ul class="blockList"><li class="blockList"><h4>unwrap</h4><pre>public &lt;T&gt; T unwrap(java.lang.Class&lt;T&gt; iface)
             throws java.sql.SQLException</pre><div class="block">Returns an object that implements the given interface to allow access to non-standard methods, or standard methods not exposed by the proxy. The result may be either the object found to implement the interface or a proxy for that object. If the receiver implements the interface then that is the object. If the receiver is a wrapper and the wrapped object implements the interface then that is the object. Otherwise the object is the result of calling <code>unwrap</code> recursively on the wrapped object. If the receiver is not a wrapper and does not implement the interface, then an <code>SQLException</code> is thrown.                                                                                                    </div><dl> <dt> <strong>Specified by: </strong>   </dt><dd> <code>unwrap</code> in interface <code>java.sql.Wrapper</code>  </dd> <dt> <span class="strong">Type Parameters: </span>   </dt><dd> <code>T</code> - the type of the class modeled by this Class object            </dd> <dt> <span class="strong">Parameters:</span>   </dt><dd> <code>iface</code> - A Class defining an interface that the result must implement.            </dd> <dt> <span class="strong">Returns:</span>   </dt><dd>an object that implements the interface. May be a proxy for the actual implementing object.              </dd> <dt> <span class="strong">Throws:</span>   </dt><dd> <code>java.sql.SQLException</code> - If no object found that implements the interface          </dd> <dt> <span class="strong">Since:</span>   </dt><dd>1.6</dd>      </dl></li></ul> <a end_ctx_id="method:unwrap(java.lang.Class)"/>  </td></tr></table></td></tr></table><table border="0" cellpadding="1" cellspacing="0" width="100%"><tr><td><h3 class="ctxid">method:isWrapperFor(java.lang.Class) [NONE]</h3></td></tr><tr><td><table border="0" cellpadding="5" cellspacing="1" bgcolor="black" width="100%"><tr valign="top"><td bgcolor="#FFFFFF" colspan="1"> <a start_ctx_id="method:isWrapperFor(java.lang.Class)"/><a name="isWrapperFor(java.lang.Class)"/><ul class="blockListLast"><li class="blockList"><h4>isWrapperFor</h4><pre>public boolean isWrapperFor(java.lang.Class&lt;?&gt; interfaces)
                     throws java.sql.SQLException</pre><div class="block">Returns true if this either implements the interface argument or is directly or indirectly a wrapper for an object that does. Returns false otherwise. If this implements the interface then return true, else if this is a wrapper then return the result of recursively calling <code>isWrapperFor</code> on the wrapped object. If this does not implement the interface and is not a wrapper, return false. This method should be implemented as a low-cost operation compared to <code>unwrap</code> so that callers can use this method to avoid expensive <code>unwrap</code> calls that may fail. If this method returns true then calling <code>unwrap</code> with the same argument should succeed.                                                                                                        </div><dl> <dt> <strong>Specified by: </strong>   </dt><dd> <code>isWrapperFor</code> in interface <code>java.sql.Wrapper</code>  </dd> <dt> <span class="strong">Parameters:</span>   </dt><dd> <code>interfaces</code> - a Class defining an interface.       </dd> <dt> <span class="strong">Returns:</span>   </dt><dd>true if this implements the interface or directly or indirectly wraps an object that does.              </dd> <dt> <span class="strong">Throws:</span>   </dt><dd> <code>java.sql.SQLException</code> - if an error occurs while determining whether this is a wrapper for an object with the given interface.                    </dd> <dt> <span class="strong">Since:</span>   </dt><dd>1.6</dd>     </dl></li></ul> <a end_ctx_id="method:isWrapperFor(java.lang.Class)"/>  </td></tr></table></td></tr></table></diff></diffreport>