<?xml version="1.0" encoding="UTF-8" standalone="yes"?><Document><name>javax/sql/rowset/RowSetWarning.spec</name><Context><name>class:RowSetWarning</name><mt>CHANGED</mt></Context><Context><name>constructor:RowSetWarning()</name><mt>NONE</mt></Context><Context><name>constructor:RowSetWarning(java.lang.String)</name><mt>NONE</mt></Context><Context><name>constructor:RowSetWarning(java.lang.String, java.lang.String)</name><mt>NONE</mt></Context><Context><name>constructor:RowSetWarning(java.lang.String, java.lang.String, int)</name><mt>NONE</mt></Context><Context><name>method:getNextWarning()</name><mt>NONE</mt></Context><Context><name>method:setNextWarning(javax.sql.rowset.RowSetWarning)</name><mt>NONE</mt></Context><Stat><name>javax/sql/rowset/RowSetWarning.spec</name><mt>CHANGED</mt><Group name="context"><Item name="ADDED" count="0"/><Item name="REMOVED" count="0"/><Item name="CHANGED" count="1"/><Item name="MODIFIED" count="1"/><Item name="TOTAL" count="7"/></Group><Group name="assertion"><Item name="ADDED" count="0"/><Item name="REMOVED" count="0"/><Item name="CHANGED" count="0"/><Item name="MODIFIED" count="0"/><Item name="TOTAL" count="0"/></Group></Stat></Document>