<?xml version="1.0" encoding="UTF-8" standalone="yes"?><Document><name>javax/sql/rowset/RowSetProvider.spec</name><Context><name>class:RowSetProvider</name><mt>NONE</mt></Context><Context><name>constructor:RowSetProvider()</name><mt>CHANGED</mt></Context><Context><name>method:newFactory()</name><mt>NONE</mt></Context><Context><name>method:newFactory(java.lang.String, java.lang.ClassLoader)</name><mt>NONE</mt></Context><Stat><name>javax/sql/rowset/RowSetProvider.spec</name><mt>CHANGED</mt><Group name="context"><Item name="ADDED" count="0"/><Item name="REMOVED" count="0"/><Item name="CHANGED" count="1"/><Item name="MODIFIED" count="1"/><Item name="TOTAL" count="4"/></Group><Group name="assertion"><Item name="ADDED" count="0"/><Item name="REMOVED" count="0"/><Item name="CHANGED" count="0"/><Item name="MODIFIED" count="0"/><Item name="TOTAL" count="0"/></Group></Stat></Document>