<?xml version="1.0" encoding="UTF-8" standalone="yes"?><Document><name>javax/sql/rowset/RowSetFactory.spec</name><Context><name>class:RowSetFactory</name><mt>NONE</mt></Context><Context><name>method:createCachedRowSet()</name><mt>NONE</mt></Context><Context><name>method:createFilteredRowSet()</name><mt>NONE</mt></Context><Context><name>method:createJdbcRowSet()</name><mt>NONE</mt></Context><Context><name>method:createJoinRowSet()</name><mt>NONE</mt></Context><Context><name>method:createWebRowSet()</name><mt>NONE</mt></Context><Stat><name>javax/sql/rowset/RowSetFactory.spec</name><mt>NONE</mt><Group name="context"><Item name="ADDED" count="0"/><Item name="REMOVED" count="0"/><Item name="CHANGED" count="0"/><Item name="MODIFIED" count="0"/><Item name="TOTAL" count="6"/></Group><Group name="assertion"><Item name="ADDED" count="0"/><Item name="REMOVED" count="0"/><Item name="CHANGED" count="0"/><Item name="MODIFIED" count="0"/><Item name="TOTAL" count="0"/></Group></Stat></Document>