<?xml version="1.0" encoding="UTF-8" standalone="yes"?><Document><name>javax/sql/rowset/WebRowSet.spec</name><Context><name>class:WebRowSet</name><mt>CHANGED</mt></Context><Context><name>field:PUBLIC_XML_SCHEMA</name><mt>NONE</mt></Context><Context><name>field:SCHEMA_SYSTEM_ID</name><mt>NONE</mt></Context><Context><name>method:readXml(java.io.InputStream)</name><mt>NONE</mt></Context><Context><name>method:readXml(java.io.Reader)</name><mt>NONE</mt></Context><Context><name>method:writeXml(java.io.OutputStream)</name><mt>NONE</mt></Context><Context><name>method:writeXml(java.io.Writer)</name><mt>NONE</mt></Context><Context><name>method:writeXml(java.sql.ResultSet, java.io.OutputStream)</name><mt>NONE</mt></Context><Context><name>method:writeXml(java.sql.ResultSet, java.io.Writer)</name><mt>NONE</mt></Context><Stat><name>javax/sql/rowset/WebRowSet.spec</name><mt>CHANGED</mt><Group name="context"><Item name="ADDED" count="0"/><Item name="REMOVED" count="0"/><Item name="CHANGED" count="1"/><Item name="MODIFIED" count="1"/><Item name="TOTAL" count="9"/></Group><Group name="assertion"><Item name="ADDED" count="0"/><Item name="REMOVED" count="0"/><Item name="CHANGED" count="0"/><Item name="MODIFIED" count="0"/><Item name="TOTAL" count="0"/></Group></Stat></Document>