<?xml version="1.0" encoding="UTF-8"?><diffreport><diff><span class="diff-html-removed">&#0;&#0;&#0;&#1;Bud1&#0;&#0;&#16;&#0;&#0;&#0;&#8;&#0;&#0;&#0;&#16;&#0;&#0;&#0;&#1;&#8;&#0;&#0;&#0;&#0;&#0;&#0;&#0;&#0;&#0;&#0;&#0;&#0;&#0;&#0;&#0;&#0;&#0;&#0;&#0;&#0;&#0;&#0;&#8;&#0;&#0;&#0;&#8;&#0;&#0;&#0;&#0;&#0;&#0;&#0;&#0;&#0;&#0;&#0;&#0;&#0;&#0;&#0;&#0;&#0;&#0;&#0;&#0;&#2;&#0;&#0;&#0;&#0;&#0;&#0;&#0;&#2;&#0;&#0;&#0;&#1;&#0;&#0;&#16;&#0;ocblob&#0;&#0;&#0;&#16;&#0;&#0;&#0;&#0;&#0;&#0;&#0;&#0;&#0;&#0;&#0;&#0;&#0;&#0;&#0;&#0;&#0;&#0;&#0;&#0;&#0;&#0;&#0;&#0;&#0;&#0;&#0;&#0;&#0;&#0;&#0;&#0;&#0;&#0;&#0;&#0;&#0;&#0;&#0;&#0;&#0;&#0;&#0;&#0;&#0;&#0;&#0;&#0;&#0;&#0;&#0;&#0;&#0;&#0;&#0;&#0;&#0;&#0;&#0;&#0;&#0;&#0;&#0;&#0;&#0;&#0;&#0;&#0;&#0;&#0;&#0;&#0;&#0;&#0;&#0;&#0;&#0;&#0;&#0;&#0;&#0;&#0;&#0;&#0;&#0;&#0;&#0;&#0;&#0;&#0;&#0;&#0;&#0;&#0;&#0;&#0;&#0;&#0;&#0;&#0;&#0;&#0;&#0;&#0;&#0;&#0;&#0;&#0;&#0;&#0;&#0;&#0;&#0;&#0;&#0;&#0;&#0;&#0;&#0;&#0;&#0;&#0;&#0;&#0;&#0;&#0;&#0;&#0;&#0;&#0;&#0;&#0;&#0;&#0;&#0;&#0;&#0;&#0;&#0;&#0;&#0;&#0;&#0;&#0;&#0;&#0;&#0;&#0;&#0;&#0;&#0;&#0;&#0;&#0;&#0;&#0;&#0;&#0;&#0;&#0;&#0;&#0;&#0;&#0;&#0;&#0;&#0;&#0;&#0;&#2;&#0;&#0;&#0;&#3;&#0;s&#0;q&#0;lIlocblob&#0;&#0;&#0;&#16;&#0;&#0;&#0;F&#0;&#0;&#0;</span><span class="diff-html-added">&#0;&#0;&#0;&#1;Bud1&#0;&#0;&#16;&#0;&#0;&#0;&#8;&#0;&#0;&#0;&#16;&#0;&#0;&#0;&#4;</span> <span class="diff-html-added">&#0;&#0;&#0;&#0;&#0;&#0;&#0;&#0;&#0;&#0;&#0;&#0;&#0;&#0;&#0;&#0;&#0;&#0;&#0;&#0;&#0;&#0;&#8;&#0;&#0;&#0;&#8;&#0;&#0;&#0;&#0;&#0;&#0;&#0;&#0;&#0;&#0;&#0;&#0;&#0;&#0;&#0;&#0;&#0;&#0;&#0;&#0;&#2;&#0;&#0;&#0;&#0;&#0;&#0;&#0;&#3;&#0;&#0;&#0;&#1;&#0;&#0;&#16;&#0;ocblob&#0;&#0;&#0;&#16;&#0;&#0;&#0;&#0;&#0;&#0;&#0;&#0;&#0;&#0;&#0;&#0;&#0;&#0;&#0;&#0;&#0;&#0;&#0;&#0;&#0;&#0;&#0;&#0;&#0;&#0;&#0;&#0;&#0;&#0;&#0;&#0;&#0;&#0;&#0;&#0;&#0;&#0;&#0;&#0;&#0;&#0;&#0;&#0;&#0;&#0;&#0;&#0;&#0;&#0;&#0;&#0;&#0;&#0;&#0;&#0;&#0;&#0;&#0;&#0;&#0;&#0;&#0;&#0;&#0;&#0;&#0;&#0;&#0;&#0;&#0;&#0;&#0;&#0;&#0;&#0;&#0;&#0;&#0;&#0;&#0;&#0;&#0;&#0;&#0;&#0;&#0;&#0;&#0;&#0;&#0;&#0;&#0;&#0;&#0;&#0;&#0;&#0;&#0;&#0;&#0;&#0;&#0;&#0;&#0;&#0;&#0;&#0;&#0;&#0;&#0;&#0;&#0;&#0;&#0;&#0;&#0;&#0;&#0;&#0;&#0;&#0;&#0;&#0;&#0;&#0;&#0;&#0;&#0;&#0;&#0;&#0;&#0;&#0;&#0;&#0;&#0;&#0;&#0;&#0;&#0;&#0;&#0;&#0;&#0;&#0;&#0;&#0;&#0;&#0;&#0;&#0;&#0;&#0;&#0;&#0;&#0;&#0;&#0;&#0;&#0;&#0;&#0;&#0;&#0;&#0;&#0;&#0;&#0;&#0;&#0;&#0;&#0;&#0;&#0;&#0;&#0;&#0;&#0;&#0;&#0;&#0;&#0;&#0;&#0;&#0;&#0;&#0;&#0;&#0;&#0;&#0;&#0;&#0;&#0;&#0;&#0;&#0;&#0;&#0;&#0;&#0;&#0;&#0;&#0;&#0;&#0;&#0;&#0;&#0;&#0;&#0;&#0;&#0;&#0;&#0;&#0;&#0;&#0;&#0;&#0;&#0;&#0;&#0;&#0;&#0;&#0;&#0;&#0;&#0;&#0;&#0;&#0;&#0;&#0;&#0;&#0;&#0;&#0;&#0;&#0;&#0;&#0;&#0;&#0;&#0;&#0;&#0;&#0;&#0;&#0;&#0;&#0;&#0;&#0;&#0;&#0;&#0;&#0;&#0;&#0;&#0;&#0;&#0;&#0;&#0;&#0;&#0;&#0;&#0;&#0;&#0;&#0;&#0;&#0;&#0;&#0;&#0;&#0;&#0;&#0;&#0;&#0;&#0;&#0;&#0;&#0;&#0;&#0;&#0;&#0;&#0;&#0;&#0;&#0;&#0;&#0;&#0;&#0;&#0;&#0;&#0;&#0;&#0;&#0;&#0;&#0;&#0;&#0;&#0;&#0;&#0;&#0;&#0;&#0;&#0;&#0;&#0;&#0;&#0;&#0;&#0;&#0;&#0;&#0;&#0;&#0;&#0;&#0;&#0;&#0;&#0;&#0;&#0;&#0;&#0;&#0;&#0;&#0;&#0;&#0;&#0;&#0;&#0;&#0;&#0;&#0;&#0;&#0;&#0;&#0;&#0;&#0;&#0;&#0;&#0;&#0;&#0;&#0;&#0;&#0;&#0;&#0;&#0;&#0;&#0;&#0;&#0;&#0;&#0;&#0;&#0;&#0;&#0;&#0;&#0;&#0;&#0;&#0;&#0;&#0;&#0;&#0;&#0;&#0;&#0;&#0;&#0;&#0;&#0;&#0;&#0;&#0;&#0;&#0;&#0;&#0;&#0;&#0;&#0;&#0;&#0;&#0;&#0;&#0;&#0;&#0;&#0;&#0;&#0;&#0;&#0;&#0;&#0;&#0;&#0;&#0;&#0;&#0;&#0;&#0;&#0;&#0;&#0;&#0;&#0;&#0;&#0;&#0;&#0;&#0;&#0;&#0;&#0;&#0;&#0;&#0;&#0;&#0;&#0;&#0;&#0;&#0;&#0;&#0;&#0;&#0;&#0;&#0;&#0;&#0;&#0;&#0;&#0;&#0;&#0;&#0;&#0;&#0;&#0;&#0;&#0;&#0;&#0;&#0;&#0;&#0;&#0;&#0;&#0;&#0;&#0;&#0;&#0;&#0;&#0;&#0;&#0;&#0;&#0;&#0;&#0;&#0;&#0;&#0;&#0;&#0;&#0;&#0;&#0;&#0;&#0;&#0;&#0;&#0;&#0;&#0;&#0;&#0;&#0;&#0;&#0;&#0;&#0;&#0;&#0;&#0;&#0;&#0;&#0;&#0;&#0;&#0;&#0;&#0;&#0;&#0;&#0;&#0;&#0;&#0;&#0;&#0;&#0;&#0;&#0;&#0;&#0;&#0;&#0;&#0;&#0;&#0;&#0;&#0;&#0;&#0;&#0;&#0;&#0;&#0;&#0;&#0;&#0;&#0;&#0;&#0;&#0;&#0;&#0;&#0;&#0;&#0;&#0;&#0;&#0;&#0;&#0;&#0;&#0;&#0;&#0;&#0;&#0;&#0;&#0;&#0;&#0;&#0;&#0;&#0;&#0;&#0;&#0;&#0;&#0;&#0;&#0;&#0;&#0;&#0;&#0;&#0;&#0;&#0;&#0;&#0;&#0;&#0;&#0;&#0;&#0;&#0;&#0;&#0;&#0;&#0;&#0;&#0;&#0;&#0;&#0;&#0;&#0;&#0;&#0;&#0;&#0;&#0;&#0;&#0;&#0;&#0;&#0;&#0;&#0;&#0;&#0;&#0;&#0;&#0;&#0;&#0;&#0;&#0;&#0;&#0;&#0;&#0;&#0;&#0;&#0;&#0;&#0;&#0;&#0;&#0;&#0;&#0;&#0;&#0;&#0;&#0;&#0;&#0;&#0;&#0;&#0;&#0;&#0;&#0;&#0;&#0;&#0;&#0;&#0;&#0;&#0;&#0;&#0;&#0;&#0;&#0;&#0;&#0;&#0;&#0;&#0;&#0;&#0;&#0;&#0;&#0;&#0;&#0;&#0;&#0;&#0;&#0;&#0;&#0;&#0;&#0;&#0;&#0;&#0;&#0;&#0;&#0;&#0;&#0;&#0;&#0;&#0;&#0;&#0;&#0;&#0;&#0;&#0;&#0;&#0;&#0;&#0;&#0;&#0;&#0;&#0;&#0;&#0;&#0;&#0;&#0;&#0;&#0;&#0;&#0;&#0;&#0;&#0;&#0;&#0;&#0;&#0;&#0;&#0;&#0;&#0;&#0;&#0;&#0;&#0;&#0;&#0;&#0;&#0;&#0;&#0;&#0;&#0;&#0;&#0;&#0;&#0;&#0;&#0;&#0;&#0;&#0;&#0;&#0;&#0;&#0;&#0;&#0;&#0;&#0;&#0;&#0;&#0;&#0;&#0;&#0;&#0;&#0;&#0;&#0;&#0;&#0;&#0;&#0;&#0;&#0;&#0;&#0;&#0;&#0;&#0;&#0;&#0;&#0;&#0;&#0;&#0;&#0;&#0;&#0;&#0;&#0;&#0;&#0;&#0;&#0;&#0;&#0;&#0;&#0;&#0;&#0;&#0;&#0;&#0;&#0;&#0;&#0;&#0;&#0;&#0;&#0;&#0;&#0;&#0;&#0;&#0;&#0;&#0;&#0;&#0;&#0;&#0;&#0;&#0;&#0;&#0;&#0;&#0;&#0;&#0;&#0;&#0;&#0;&#0;&#0;&#0;&#0;&#0;&#0;&#0;&#0;&#0;&#0;&#0;&#0;&#0;&#0;&#0;&#0;&#0;&#0;&#0;&#0;&#0;&#0;&#0;&#0;&#0;&#0;&#0;&#0;&#0;&#0;&#0;&#0;&#0;&#0;&#0;&#0;&#0;&#0;&#0;&#0;&#0;&#0;&#0;&#0;&#0;&#0;&#0;&#0;&#0;&#0;&#0;&#0;&#0;&#0;&#0;&#0;&#0;&#0;&#0;&#0;&#0;&#0;&#0;&#0;&#0;&#0;&#0;&#0;&#0;&#0;&#0;&#0;&#0;&#0;&#0;&#0;&#0;&#0;&#0;&#0;&#0;&#0;&#0;&#0;&#0;&#0;&#0;&#0;&#0;&#0;&#0;&#0;&#0;&#0;&#0;&#0;&#0;&#0;&#0;&#0;&#0;&#0;&#0;&#0;&#0;&#0;&#3;&#0;&#0;&#0;&#3;&#0;s&#0;q&#0;lIlocblob&#0;&#0;&#0;&#16;&#0;&#0;&#0;F&#0;&#0;&#0;</span>(<span class="diff-html-removed">&#0;&#0;&#0;&#1;ˇˇ&#0;&#0;&#0;&#0;&#0;&#3;&#0;s&#0;q&#0;lbwspblob&#0;&#0;&#0;≠bplist00÷&#1;&#2;&#3;&#4;&#5;&#6;&#7;&#8;&#8;</span><span class="diff-html-added">&#0;&#0;&#0;&#1;ˇˇ&#0;&#0;&#0;&#0;&#0;&#3;&#0;s&#0;q&#0;lbwspblob&#0;&#0;&#0;Øbplist00÷&#1;&#2;&#3;&#4;&#5;&#6;&#7;&#8;&#8;</span> &#8;&#12;\WindowBounds[ShowSidebar]ShowStatusBar[ShowPathbar[ShowToolbar\SidebarWidth_&#16;&#24;{{<span class="diff-html-removed">30,</span> <span class="diff-html-removed">81</span><span class="diff-html-added">596,</span> <span class="diff-html-added">123</span>}, {770, 444}} &#8; &#16;¿&#8;&#21;".<hta/>        </diff></diffreport>