<?xml version="1.0" encoding="UTF-8" standalone="yes"?><Document><name>javax/sql/rowset/serial/package-summary.spec</name><Context><mt>CHANGED</mt></Context><Stat><name>javax/sql/rowset/serial/package-summary.spec</name><mt>CHANGED</mt><Group name="context"><Item name="ADDED" count="0"/><Item name="REMOVED" count="0"/><Item name="CHANGED" count="1"/><Item name="MODIFIED" count="1"/><Item name="TOTAL" count="1"/></Group><Group name="assertion"><Item name="ADDED" count="0"/><Item name="REMOVED" count="0"/><Item name="CHANGED" count="0"/><Item name="MODIFIED" count="0"/><Item name="TOTAL" count="0"/></Group><Group name="package_document"><Item name="ADDED" count="0"/><Item name="REMOVED" count="0"/><Item name="CHANGED" count="9"/><Item name="MODIFIED" count="9"/><Item name="TOTAL" count="11"/></Group><Group name="package_context"><Item name="ADDED" count="21"/><Item name="REMOVED" count="0"/><Item name="CHANGED" count="51"/><Item name="MODIFIED" count="72"/><Item name="TOTAL" count="146"/></Group><Group name="package_assertion"><Item name="ADDED" count="0"/><Item name="REMOVED" count="0"/><Item name="CHANGED" count="0"/><Item name="MODIFIED" count="0"/><Item name="TOTAL" count="0"/></Group><Stats><Stat><name>javax/sql/rowset/serial/SQLInputImpl.spec</name><mt>CHANGED</mt><Group name="context"><Item name="ADDED" count="0"/><Item name="REMOVED" count="0"/><Item name="CHANGED" count="5"/><Item name="MODIFIED" count="5"/><Item name="TOTAL" count="29"/></Group><Group name="assertion"><Item name="ADDED" count="0"/><Item name="REMOVED" count="0"/><Item name="CHANGED" count="0"/><Item name="MODIFIED" count="0"/><Item name="TOTAL" count="0"/></Group></Stat><Stat><name>javax/sql/rowset/serial/SQLOutputImpl.spec</name><mt>NONE</mt><Group name="context"><Item name="ADDED" count="0"/><Item name="REMOVED" count="0"/><Item name="CHANGED" count="0"/><Item name="MODIFIED" count="0"/><Item name="TOTAL" count="29"/></Group><Group name="assertion"><Item name="ADDED" count="0"/><Item name="REMOVED" count="0"/><Item name="CHANGED" count="0"/><Item name="MODIFIED" count="0"/><Item name="TOTAL" count="0"/></Group></Stat><Stat><name>javax/sql/rowset/serial/SerialArray.spec</name><mt>CHANGED</mt><Group name="context"><Item name="ADDED" count="3"/><Item name="REMOVED" count="0"/><Item name="CHANGED" count="12"/><Item name="MODIFIED" count="15"/><Item name="TOTAL" count="17"/></Group><Group name="assertion"><Item name="ADDED" count="0"/><Item name="REMOVED" count="0"/><Item name="CHANGED" count="0"/><Item name="MODIFIED" count="0"/><Item name="TOTAL" count="0"/></Group></Stat><Stat><name>javax/sql/rowset/serial/SerialBlob.spec</name><mt>CHANGED</mt><Group name="context"><Item name="ADDED" count="3"/><Item name="REMOVED" count="0"/><Item name="CHANGED" count="12"/><Item name="MODIFIED" count="15"/><Item name="TOTAL" count="17"/></Group><Group name="assertion"><Item name="ADDED" count="0"/><Item name="REMOVED" count="0"/><Item name="CHANGED" count="0"/><Item name="MODIFIED" count="0"/><Item name="TOTAL" count="0"/></Group></Stat><Stat><name>javax/sql/rowset/serial/SerialClob.spec</name><mt>CHANGED</mt><Group name="context"><Item name="ADDED" count="3"/><Item name="REMOVED" count="0"/><Item name="CHANGED" count="14"/><Item name="MODIFIED" count="17"/><Item name="TOTAL" count="19"/></Group><Group name="assertion"><Item name="ADDED" count="0"/><Item name="REMOVED" count="0"/><Item name="CHANGED" count="0"/><Item name="MODIFIED" count="0"/><Item name="TOTAL" count="0"/></Group></Stat><Stat><name>javax/sql/rowset/serial/SerialDatalink.spec</name><mt>CHANGED</mt><Group name="context"><Item name="ADDED" count="3"/><Item name="REMOVED" count="0"/><Item name="CHANGED" count="2"/><Item name="MODIFIED" count="5"/><Item name="TOTAL" count="6"/></Group><Group name="assertion"><Item name="ADDED" count="0"/><Item name="REMOVED" count="0"/><Item name="CHANGED" count="0"/><Item name="MODIFIED" count="0"/><Item name="TOTAL" count="0"/></Group></Stat><Stat><name>javax/sql/rowset/serial/SerialException.spec</name><mt>NONE</mt><Group name="context"><Item name="ADDED" count="0"/><Item name="REMOVED" count="0"/><Item name="CHANGED" count="0"/><Item name="MODIFIED" count="0"/><Item name="TOTAL" count="3"/></Group><Group name="assertion"><Item name="ADDED" count="0"/><Item name="REMOVED" count="0"/><Item name="CHANGED" count="0"/><Item name="MODIFIED" count="0"/><Item name="TOTAL" count="0"/></Group></Stat><Stat><name>javax/sql/rowset/serial/SerialJavaObject.spec</name><mt>CHANGED</mt><Group name="context"><Item name="ADDED" count="3"/><Item name="REMOVED" count="0"/><Item name="CHANGED" count="2"/><Item name="MODIFIED" count="5"/><Item name="TOTAL" count="7"/></Group><Group name="assertion"><Item name="ADDED" count="0"/><Item name="REMOVED" count="0"/><Item name="CHANGED" count="0"/><Item name="MODIFIED" count="0"/><Item name="TOTAL" count="0"/></Group></Stat><Stat><name>javax/sql/rowset/serial/SerialRef.spec</name><mt>CHANGED</mt><Group name="context"><Item name="ADDED" count="3"/><Item name="REMOVED" count="0"/><Item name="CHANGED" count="1"/><Item name="MODIFIED" count="4"/><Item name="TOTAL" count="9"/></Group><Group name="assertion"><Item name="ADDED" count="0"/><Item name="REMOVED" count="0"/><Item name="CHANGED" count="0"/><Item name="MODIFIED" count="0"/><Item name="TOTAL" count="0"/></Group></Stat><Stat><name>javax/sql/rowset/serial/SerialStruct.spec</name><mt>CHANGED</mt><Group name="context"><Item name="ADDED" count="3"/><Item name="REMOVED" count="0"/><Item name="CHANGED" count="2"/><Item name="MODIFIED" count="5"/><Item name="TOTAL" count="9"/></Group><Group name="assertion"><Item name="ADDED" count="0"/><Item name="REMOVED" count="0"/><Item name="CHANGED" count="0"/><Item name="MODIFIED" count="0"/><Item name="TOTAL" count="0"/></Group></Stat></Stats></Stat></Document>