<?xml version="1.0" encoding="UTF-8" standalone="yes"?><Document><name>javax/sql/rowset/serial/SerialClob.spec</name><Context><name>class:SerialClob</name><mt>CHANGED</mt></Context><Context><name>constructor:SerialClob(char[])</name><mt>NONE</mt></Context><Context><name>constructor:SerialClob(java.sql.Clob)</name><mt>NONE</mt></Context><Context><name>method:clone()</name><mt>ADDED</mt></Context><Context><name>method:equals(java.lang.Object)</name><mt>ADDED</mt></Context><Context><name>method:free()</name><mt>CHANGED</mt></Context><Context><name>method:getAsciiStream()</name><mt>CHANGED</mt></Context><Context><name>method:getCharacterStream()</name><mt>CHANGED</mt></Context><Context><name>method:getCharacterStream(long, long)</name><mt>CHANGED</mt></Context><Context><name>method:getSubString(long, int)</name><mt>CHANGED</mt></Context><Context><name>method:hashCode()</name><mt>ADDED</mt></Context><Context><name>method:length()</name><mt>CHANGED</mt></Context><Context><name>method:position(java.lang.String, long)</name><mt>CHANGED</mt></Context><Context><name>method:position(java.sql.Clob, long)</name><mt>CHANGED</mt></Context><Context><name>method:setAsciiStream(long)</name><mt>CHANGED</mt></Context><Context><name>method:setCharacterStream(long)</name><mt>CHANGED</mt></Context><Context><name>method:setString(long, java.lang.String)</name><mt>CHANGED</mt></Context><Context><name>method:setString(long, java.lang.String, int, int)</name><mt>CHANGED</mt></Context><Context><name>method:truncate(long)</name><mt>CHANGED</mt></Context><Stat><name>javax/sql/rowset/serial/SerialClob.spec</name><mt>CHANGED</mt><Group name="context"><Item name="ADDED" count="3"/><Item name="REMOVED" count="0"/><Item name="CHANGED" count="14"/><Item name="MODIFIED" count="17"/><Item name="TOTAL" count="19"/></Group><Group name="assertion"><Item name="ADDED" count="0"/><Item name="REMOVED" count="0"/><Item name="CHANGED" count="0"/><Item name="MODIFIED" count="0"/><Item name="TOTAL" count="0"/></Group></Stat></Document>