<?xml version="1.0" encoding="UTF-8" standalone="yes"?><Document><name>javax/sql/rowset/serial/SerialBlob.spec</name><Context><name>class:SerialBlob</name><mt>CHANGED</mt></Context><Context><name>constructor:SerialBlob(byte[])</name><mt>NONE</mt></Context><Context><name>constructor:SerialBlob(java.sql.Blob)</name><mt>NONE</mt></Context><Context><name>method:clone()</name><mt>ADDED</mt></Context><Context><name>method:equals(java.lang.Object)</name><mt>ADDED</mt></Context><Context><name>method:free()</name><mt>CHANGED</mt></Context><Context><name>method:getBinaryStream()</name><mt>CHANGED</mt></Context><Context><name>method:getBinaryStream(long, long)</name><mt>CHANGED</mt></Context><Context><name>method:getBytes(long, int)</name><mt>CHANGED</mt></Context><Context><name>method:hashCode()</name><mt>ADDED</mt></Context><Context><name>method:length()</name><mt>CHANGED</mt></Context><Context><name>method:position(byte[], long)</name><mt>CHANGED</mt></Context><Context><name>method:position(java.sql.Blob, long)</name><mt>CHANGED</mt></Context><Context><name>method:setBinaryStream(long)</name><mt>CHANGED</mt></Context><Context><name>method:setBytes(long, byte[])</name><mt>CHANGED</mt></Context><Context><name>method:setBytes(long, byte[], int, int)</name><mt>CHANGED</mt></Context><Context><name>method:truncate(long)</name><mt>CHANGED</mt></Context><Stat><name>javax/sql/rowset/serial/SerialBlob.spec</name><mt>CHANGED</mt><Group name="context"><Item name="ADDED" count="3"/><Item name="REMOVED" count="0"/><Item name="CHANGED" count="12"/><Item name="MODIFIED" count="15"/><Item name="TOTAL" count="17"/></Group><Group name="assertion"><Item name="ADDED" count="0"/><Item name="REMOVED" count="0"/><Item name="CHANGED" count="0"/><Item name="MODIFIED" count="0"/><Item name="TOTAL" count="0"/></Group></Stat></Document>