<?xml version="1.0" encoding="UTF-8"?><diffreport><diff><table border="0" cellpadding="1" cellspacing="0" width="100%"><tr><td><h3 class="ctxid">class:SerialException [NONE]</h3></td></tr><tr><td><table border="0" cellpadding="5" cellspacing="1" bgcolor="black" width="100%"><tr valign="top"><td bgcolor="#FFFFFF" colspan="1"><div class="description"> <a start_ctx_id="class:SerialException"/><ul class="blockList"><li class="blockList"><dl> <dt>All Implemented Interfaces:  </dt><dd>java.io.Serializable, java.lang.Iterable&lt;java.lang.Throwable&gt; </dd> </dl> <hr/> <br/><pre>public class <span class="strong">SerialException</span>
extends java.sql.SQLException</pre><div class="block">Indicates and an error with the serialization or de-serialization of SQL types such as <code>BLOB, CLOB, STRUCT or ARRAY    </code> in addition to SQL types such as <code>DATALINK and JAVAOBJECT  </code>                      </div><dl> <dt> <span class="strong">See Also: </span>   </dt><dd> <a href="../../../../serialized-form.html#javax.sql.rowset.serial.SerialException">Serialized Form </a> </dd> </dl>  </li></ul> </div> <a end_ctx_id="class:SerialException"/> </td></tr></table></td></tr></table><table border="0" cellpadding="1" cellspacing="0" width="100%"><tr><td><h3 class="ctxid">constructor:SerialException() [NONE]</h3></td></tr><tr><td><table border="0" cellpadding="5" cellspacing="1" bgcolor="black" width="100%"><tr valign="top"><td bgcolor="#FFFFFF" colspan="1"> <a start_ctx_id="constructor:SerialException()"/><a name="SerialException()"/><ul class="blockList"><li class="blockList"><h4>SerialException</h4><pre>public SerialException()</pre><div class="block">Creates a new <code>SerialException</code> without a message.      </div></li></ul> <a end_ctx_id="constructor:SerialException()"/>  </td></tr></table></td></tr></table><table border="0" cellpadding="1" cellspacing="0" width="100%"><tr><td><h3 class="ctxid">constructor:SerialException(java.lang.String) [NONE]</h3></td></tr><tr><td><table border="0" cellpadding="5" cellspacing="1" bgcolor="black" width="100%"><tr valign="top"><td bgcolor="#FFFFFF" colspan="1"> <a start_ctx_id="constructor:SerialException(java.lang.String)"/><a name="SerialException(java.lang.String)"/><ul class="blockListLast"><li class="blockList"><h4>SerialException</h4><pre>public SerialException(java.lang.String msg)</pre><div class="block">Creates a new <code>SerialException</code> with the specified message.       </div><dl> <dt> <span class="strong">Parameters:</span>   </dt><dd> <code>msg</code> - the detail message     </dd> </dl></li></ul> <a end_ctx_id="constructor:SerialException(java.lang.String)"/>  </td></tr></table></td></tr></table></diff></diffreport>