<?xml version="1.0" encoding="UTF-8"?><diffreport><diff><table border="0" cellpadding="1" cellspacing="0" width="100%"><tr><td><h3 class="ctxid">class:SerialJavaObject [CHANGED]</h3></td></tr><tr><td><table border="0" cellpadding="5" cellspacing="1" bgcolor="black" width="100%"><tr valign="top"><td bgcolor="#EEEEEE" colspan="2"><div class="description"> <a start_ctx_id="class:SerialJavaObject"/><ul class="blockList"><li class="blockList"><dl> <dt>All Implemented Interfaces:  </dt><dd>java.io.Serializable, java.lang.Cloneable </dd> </dl> <hr/> <br/><pre>public class <span class="strong">SerialJavaObject</span>
extends java.lang.Object
implements java.io.Serializable, java.lang.Cloneable</pre><div class="block">A serializable mapping in the Java programming language of an SQL <code>JAVA_OBJECT</code> value. Assuming the Java object implements the <code>Serializable</code> interface, this class simply wraps the serialization process.<p> If however, the serialization is not possible because the Java object is not immediately serializable, this class will attempt to serialize all non-static members to permit the object state to be serialized. Static or transient fields cannot be serialized; an attempt to serialize them will result in a <code>SerialException</code> object being thrown.                                                    </p><h3> <span class="diff-html-added">Thread</span> <span class="diff-html-added">safety</span>  </h3> <span class="diff-html-added">A</span> <span class="diff-html-added">SerialJavaObject</span> <span class="diff-html-added">is</span> <span class="diff-html-added">not</span> <span class="diff-html-added">safe</span> <span class="diff-html-added">for</span> <span class="diff-html-added">use</span> <span class="diff-html-added">by</span> <span class="diff-html-added">multiple</span> <span class="diff-html-added">concurrent</span> <span class="diff-html-added">threads.</span> <span class="diff-html-added">If</span> <span class="diff-html-added">a</span> <span class="diff-html-added">SerialJavaObject</span> <span class="diff-html-added">is</span> <span class="diff-html-added">to</span> <span class="diff-html-added">be</span> <span class="diff-html-added">used</span> <span class="diff-html-added">by</span> <span class="diff-html-added">more</span> <span class="diff-html-added">than</span> <span class="diff-html-added">one</span> <span class="diff-html-added">thread</span> <span class="diff-html-added">then</span> <span class="diff-html-added">access</span> <span class="diff-html-added">to</span> <span class="diff-html-added">the</span> <span class="diff-html-added">SerialJavaObject</span> <span class="diff-html-added">should</span> <span class="diff-html-added">be</span> <span class="diff-html-added">controlled</span> <span class="diff-html-added">by</span> <span class="diff-html-added">appropriate</span> <span class="diff-html-added">synchronization.</span>                                                             </div><dl> <dt> <span class="strong">See Also: </span>   </dt><dd> <a href="../../../../serialized-form.html#javax.sql.rowset.serial.SerialJavaObject">Serialized Form </a> </dd> </dl>  </li></ul> </div> <a end_ctx_id="class:SerialJavaObject"/> </td></tr><tr valign="top"><td bgcolor="#CCCCCC" colspan="1"><div class="description"> <a start_ctx_id="class:SerialJavaObject"/><ul class="blockList"><li class="blockList"><dl> <dt>All Implemented Interfaces:  </dt><dd>java.io.Serializable, java.lang.Cloneable </dd> </dl> <hr/> <br/><pre>public class <span class="strong">SerialJavaObject</span>
extends java.lang.Object
implements java.io.Serializable, java.lang.Cloneable</pre><div class="block">A serializable mapping in the Java programming language of an SQL <code>JAVA_OBJECT</code> value. Assuming the Java object implements the <code>Serializable</code> interface, this class simply wraps the serialization process.<p> If however, the serialization is not possible because the Java object is not immediately serializable, this class will attempt to serialize all non-static members to permit the object state to be serialized. Static or transient fields cannot be serialized; an attempt to serialize them will result in a <code>SerialException</code> object being thrown.                                                    </p>                           </div><dl> <dt> <span class="strong">See Also: </span>   </dt><dd> <a href="../../../../serialized-form.html#javax.sql.rowset.serial.SerialJavaObject">Serialized Form </a> </dd> </dl>  </li></ul> </div> <a end_ctx_id="class:SerialJavaObject"/> </td><td bgcolor="#FFFFFF" colspan="1"><div class="description"> <a start_ctx_id="class:SerialJavaObject"/><ul class="blockList"><li class="blockList"><dl> <dt>All Implemented Interfaces:  </dt><dd>java.io.Serializable, java.lang.Cloneable </dd> </dl> <hr/> <br/><pre>public class <span class="strong">SerialJavaObject</span>
extends java.lang.Object
implements java.io.Serializable, java.lang.Cloneable</pre><div class="block">A serializable mapping in the Java programming language of an SQL <code>JAVA_OBJECT</code> value. Assuming the Java object implements the <code>Serializable</code> interface, this class simply wraps the serialization process.<p> If however, the serialization is not possible because the Java object is not immediately serializable, this class will attempt to serialize all non-static members to permit the object state to be serialized. Static or transient fields cannot be serialized; an attempt to serialize them will result in a <code>SerialException</code> object being thrown.                                                    </p><h3> Thread safety  </h3> A SerialJavaObject is not safe for use by multiple concurrent threads. If a SerialJavaObject is to be used by more than one thread then access to the SerialJavaObject should be controlled by appropriate synchronization.                                                             </div><dl> <dt> <span class="strong">See Also: </span>   </dt><dd> <a href="../../../../serialized-form.html#javax.sql.rowset.serial.SerialJavaObject">Serialized Form </a> </dd> </dl>  </li></ul> </div> <a end_ctx_id="class:SerialJavaObject"/> </td></tr></table></td></tr></table><table border="0" cellpadding="1" cellspacing="0" width="100%"><tr><td><h3 class="ctxid">constructor:SerialJavaObject(java.lang.Object) [NONE]</h3></td></tr><tr><td><table border="0" cellpadding="5" cellspacing="1" bgcolor="black" width="100%"><tr valign="top"><td bgcolor="#FFFFFF" colspan="1"> <a start_ctx_id="constructor:SerialJavaObject(java.lang.Object)"/><a name="SerialJavaObject(java.lang.Object)"/><ul class="blockListLast"><li class="blockList"><h4>SerialJavaObject</h4><pre>public SerialJavaObject(java.lang.Object obj)
                 throws <a href="../../../../javax/sql/rowset/serial/SerialException.html" title="class in javax.sql.rowset.serial">SerialException</a></pre><div class="block">Constructor for <code>SerialJavaObject</code> helper class.<p/>    </div><dl> <dt> <span class="strong">Parameters:</span>   </dt><dd> <code>obj</code> - the Java <code>Object</code> to be serialized        </dd> <dt> <span class="strong">Throws:</span>   </dt><dd> <code><a href="../../../../javax/sql/rowset/serial/SerialException.html" title="class in javax.sql.rowset.serial">SerialException</a></code> - if the object is found not to be serializable           </dd>  </dl></li></ul> <a end_ctx_id="constructor:SerialJavaObject(java.lang.Object)"/>  </td></tr></table></td></tr></table><table border="0" cellpadding="1" cellspacing="0" width="100%"><tr><td><h3 class="ctxid">method:getObject() [NONE]</h3></td></tr><tr><td><table border="0" cellpadding="5" cellspacing="1" bgcolor="black" width="100%"><tr valign="top"><td bgcolor="#FFFFFF" colspan="1"> <a start_ctx_id="method:getObject()"/><a name="getObject()"/><ul class="blockList"><li class="blockList"><h4>getObject</h4><pre>public java.lang.Object getObject()
                           throws <a href="../../../../javax/sql/rowset/serial/SerialException.html" title="class in javax.sql.rowset.serial">SerialException</a></pre><div class="block">Returns an <code>Object</code> that is a copy of this <code>SerialJavaObject</code> object.          </div><dl> <dt> <span class="strong">Returns:</span>   </dt><dd>a copy of this <code>SerialJavaObject</code> object as an <code>Object</code> in the Java programming language             </dd> <dt> <span class="strong">Throws:</span>   </dt><dd> <code><a href="../../../../javax/sql/rowset/serial/SerialException.html" title="class in javax.sql.rowset.serial">SerialException</a></code> - if the instance is corrupt       </dd>  </dl></li></ul> <a end_ctx_id="method:getObject()"/>  </td></tr></table></td></tr></table><table border="0" cellpadding="1" cellspacing="0" width="100%"><tr><td><h3 class="ctxid">method:getFields() [CHANGED]</h3></td></tr><tr><td><table border="0" cellpadding="5" cellspacing="1" bgcolor="black" width="100%"><tr valign="top"><td bgcolor="#EEEEEE" colspan="2"> <a start_ctx_id="method:getFields()"/><a name="getFields()"/><ul class="blockList"><li class="blockList"><h4>getFields</h4><pre>public java.lang.reflect.Field[] getFields()
                                    throws <a href="../../../../javax/sql/rowset/serial/SerialException.html" title="class in javax.sql.rowset.serial">SerialException</a></pre><div class="block">Returns an array of <code>Field</code> objects that contains each field of the object that this helper class is serializing.                  </div><dl> <dt> <span class="strong">Returns:</span>   </dt><dd>an array of <code>Field</code> objects    </dd> <dt> <span class="strong">Throws:</span>   </dt><dd> <code><a href="../../../../javax/sql/rowset/serial/SerialException.html" title="class in javax.sql.rowset.serial">SerialException</a></code> - if an error is encountered accessing the serialized object           </dd><dd> <code><span class="diff-html-added">java.lang.SecurityException</span></code> <span class="diff-html-added">-</span> <span class="diff-html-added">If</span> <span class="diff-html-added">a</span> <span class="diff-html-added">security</span> <span class="diff-html-added">manager,</span> <i><span class="diff-html-added">s</span></i><span class="diff-html-added">,</span> <span class="diff-html-added">is</span> <span class="diff-html-added">present</span> <span class="diff-html-added">and</span> <span class="diff-html-added">the</span> <span class="diff-html-added">caller's</span> <span class="diff-html-added">class</span> <span class="diff-html-added">loader</span> <span class="diff-html-added">is</span> <span class="diff-html-added">not</span> <span class="diff-html-added">the</span> <span class="diff-html-added">same</span> <span class="diff-html-added">as</span> <span class="diff-html-added">or</span> <span class="diff-html-added">an</span> <span class="diff-html-added">ancestor</span> <span class="diff-html-added">of</span> <span class="diff-html-added">the</span> <span class="diff-html-added">class</span> <span class="diff-html-added">loader</span> <span class="diff-html-added">for</span> <span class="diff-html-added">the</span> <span class="diff-html-added">class</span> <span class="diff-html-added">of</span> <span class="diff-html-added">the</span> <a href="../../../../javax/sql/rowset/serial/SerialJavaObject.html#getObject()"><span class="diff-html-added">object</span></a> <span class="diff-html-added">being</span> <span class="diff-html-added">serialized</span> <span class="diff-html-added">and</span> <span class="diff-html-added">invocation</span> <span class="diff-html-added">of</span> <code><span class="diff-html-added">s.checkPackageAccess()</span></code> <span class="diff-html-added">denies</span> <span class="diff-html-added">access</span> <span class="diff-html-added">to</span> <span class="diff-html-added">the</span> <span class="diff-html-added">package</span> <span class="diff-html-added">of</span> <span class="diff-html-added">that</span> <span class="diff-html-added">class.</span>                                              </dd> <dt> <span class="strong"><span class="diff-html-added">See</span> <span class="diff-html-added">Also:</span> </span>   </dt><dd> <code><span class="diff-html-added">Class.getFields()</span></code> </dd>   </dl></li></ul> <a end_ctx_id="method:getFields()"/>  </td></tr><tr valign="top"><td bgcolor="#CCCCCC" colspan="1"> <a start_ctx_id="method:getFields()"/><a name="getFields()"/><ul class="blockListLast"><li class="blockList"><h4>getFields</h4><pre>public java.lang.reflect.Field[] getFields()
                                    throws <a href="../../../../javax/sql/rowset/serial/SerialException.html" title="class in javax.sql.rowset.serial">SerialException</a></pre><div class="block">Returns an array of <code>Field</code> objects that contains each field of the object that this helper class is serializing.                  </div><dl> <dt> <span class="strong">Returns:</span>   </dt><dd>an array of <code>Field</code> objects    </dd> <dt> <span class="strong">Throws:</span>   </dt><dd> <code><a href="../../../../javax/sql/rowset/serial/SerialException.html" title="class in javax.sql.rowset.serial">SerialException</a></code> - if an error is encountered accessing the serialized object           </dd>  </dl></li></ul> <a end_ctx_id="method:getFields()"/>  </td><td bgcolor="#FFFFFF" colspan="1"> <a start_ctx_id="method:getFields()"/><a name="getFields()"/><ul class="blockList"><li class="blockList"><h4>getFields</h4><pre>public java.lang.reflect.Field[] getFields()
                                    throws <a href="../../../../javax/sql/rowset/serial/SerialException.html" title="class in javax.sql.rowset.serial">SerialException</a></pre><div class="block">Returns an array of <code>Field</code> objects that contains each field of the object that this helper class is serializing.                  </div><dl> <dt> <span class="strong">Returns:</span>   </dt><dd>an array of <code>Field</code> objects    </dd> <dt> <span class="strong">Throws:</span>   </dt><dd> <code><a href="../../../../javax/sql/rowset/serial/SerialException.html" title="class in javax.sql.rowset.serial">SerialException</a></code> - if an error is encountered accessing the serialized object           </dd><dd> <code>java.lang.SecurityException</code> - If a security manager, <i>s</i>, is present and the caller's class loader is not the same as or an ancestor of the class loader for the class of the <a href="../../../../javax/sql/rowset/serial/SerialJavaObject.html#getObject()">object</a> being serialized and invocation of <code>s.checkPackageAccess()</code> denies access to the package of that class.                                              </dd> <dt> <span class="strong">See Also: </span>   </dt><dd> <code>Class.getFields()</code> </dd>   </dl></li></ul> <a end_ctx_id="method:getFields()"/>  </td></tr></table></td></tr></table><table border="0" cellpadding="1" cellspacing="0" width="100%"><tr><td><h3 class="ctxid">method:equals(java.lang.Object) [ADDED]</h3></td></tr><tr><td><table border="0" cellpadding="5" cellspacing="1" bgcolor="black" width="100%"><tr valign="top"><td bgcolor="#FFFFFF" colspan="1"> <a start_ctx_id="method:equals(java.lang.Object)"><span class="diff-html-added"/></a><a name="equals(java.lang.Object)"/><ul class="blockList"><li class="blockList"><h4><span class="diff-html-added">equals</span></h4><pre><span class="diff-html-added">public boolean equals(java.lang.Object o)</span></pre><div class="block"><span class="diff-html-added">Compares</span> <span class="diff-html-added">this</span> <span class="diff-html-added">SerialJavaObject</span> <span class="diff-html-added">to</span> <span class="diff-html-added">the</span> <span class="diff-html-added">specified</span> <span class="diff-html-added">object.</span> <span class="diff-html-added">The</span> <span class="diff-html-added">result</span> <span class="diff-html-added">is</span> <code><span class="diff-html-added">true</span></code> <span class="diff-html-added">if</span> <span class="diff-html-added">and</span> <span class="diff-html-added">only</span> <span class="diff-html-added">if</span> <span class="diff-html-added">the</span> <span class="diff-html-added">argument</span> <span class="diff-html-added">is</span> <span class="diff-html-added">not</span> <code><span class="diff-html-added">null</span></code> <span class="diff-html-added">and</span> <span class="diff-html-added">is</span> <span class="diff-html-added">a</span> <code><span class="diff-html-added">SerialJavaObject</span></code> <span class="diff-html-added">object</span> <span class="diff-html-added">that</span> <span class="diff-html-added">is</span> <span class="diff-html-added">identical</span> <span class="diff-html-added">to</span> <span class="diff-html-added">this</span> <span class="diff-html-added">object</span>                              </div><dl> <dt> <strong><span class="diff-html-added">Overrides:</span></strong>   </dt><dd> <code><span class="diff-html-added">equals</span></code><span class="diff-html-added"> in</span> <span class="diff-html-added">class </span><code><span class="diff-html-added">java.lang.Object</span></code>  </dd> <dt> <span class="strong"><span class="diff-html-added">Parameters:</span></span>   </dt><dd> <code><span class="diff-html-added">o</span></code> <span class="diff-html-added">-</span> <span class="diff-html-added">The</span> <span class="diff-html-added">object</span> <span class="diff-html-added">to</span> <span class="diff-html-added">compare</span> <span class="diff-html-added">this</span> <code><span class="diff-html-added">SerialJavaObject</span></code> <span class="diff-html-added">against</span>         </dd> <dt> <span class="strong"><span class="diff-html-added">Returns:</span></span>   </dt><dd> <code><span class="diff-html-added">true</span></code> <span class="diff-html-added">if</span> <span class="diff-html-added">the</span> <span class="diff-html-added">given</span> <span class="diff-html-added">object</span> <span class="diff-html-added">represents</span> <span class="diff-html-added">a</span> <code><span class="diff-html-added">SerialJavaObject</span></code> <span class="diff-html-added">equivalent</span> <span class="diff-html-added">to</span> <span class="diff-html-added">this</span> <span class="diff-html-added">SerialJavaObject,</span> <code><span class="diff-html-added">false</span></code> <span class="diff-html-added">otherwise</span>              </dd> <dt> <span class="strong"><span class="diff-html-added">See</span> <span class="diff-html-added">Also:</span> </span>   </dt><dd> <code><span class="diff-html-added">Object.hashCode()</span></code><span class="diff-html-added">,</span> <span class="diff-html-added">&lt;code&gt;HashMap&lt;/code&gt;</span>  </dd>    </dl></li></ul> <a end_ctx_id="method:equals(java.lang.Object)"><span class="diff-html-added"/></a>  </td></tr></table></td></tr></table><table border="0" cellpadding="1" cellspacing="0" width="100%"><tr><td><h3 class="ctxid">method:hashCode() [ADDED]</h3></td></tr><tr><td><table border="0" cellpadding="5" cellspacing="1" bgcolor="black" width="100%"><tr valign="top"><td bgcolor="#FFFFFF" colspan="1"> <a start_ctx_id="method:hashCode()"><span class="diff-html-added"/></a><a name="hashCode()"/><ul class="blockList"><li class="blockList"><h4><span class="diff-html-added">hashCode</span></h4><pre><span class="diff-html-added">public int hashCode()</span></pre><div class="block"><span class="diff-html-added">Returns</span> <span class="diff-html-added">a</span> <span class="diff-html-added">hash</span> <span class="diff-html-added">code</span> <span class="diff-html-added">for</span> <span class="diff-html-added">this</span> <span class="diff-html-added">SerialJavaObject.</span> <span class="diff-html-added">The</span> <span class="diff-html-added">hash</span> <span class="diff-html-added">code</span> <span class="diff-html-added">for</span> <span class="diff-html-added">a</span> <code><span class="diff-html-added">SerialJavaObject</span></code> <span class="diff-html-added">object</span> <span class="diff-html-added">is</span> <span class="diff-html-added">taken</span> <span class="diff-html-added">as</span> <span class="diff-html-added">the</span> <span class="diff-html-added">hash</span> <span class="diff-html-added">code</span> <span class="diff-html-added">of</span> <span class="diff-html-added">the</span> <code><span class="diff-html-added">Object</span></code> <span class="diff-html-added">it</span> <span class="diff-html-added">stores</span>                        </div><dl> <dt> <strong><span class="diff-html-added">Overrides:</span></strong>   </dt><dd> <code><span class="diff-html-added">hashCode</span></code><span class="diff-html-added"> in</span> <span class="diff-html-added">class </span><code><span class="diff-html-added">java.lang.Object</span></code>  </dd> <dt> <span class="strong"><span class="diff-html-added">Returns:</span></span>   </dt><dd><span class="diff-html-added">a</span> <span class="diff-html-added">hash</span> <span class="diff-html-added">code</span> <span class="diff-html-added">value</span> <span class="diff-html-added">for</span> <span class="diff-html-added">this</span> <span class="diff-html-added">object.</span>      </dd> <dt> <span class="strong"><span class="diff-html-added">See</span> <span class="diff-html-added">Also:</span> </span>   </dt><dd> <code><span class="diff-html-added">Object.equals(java.lang.Object)</span></code><span class="diff-html-added">,</span> <code><span class="diff-html-added">System.identityHashCode(java.lang.Object)</span></code>  </dd>   </dl></li></ul> <a end_ctx_id="method:hashCode()"><span class="diff-html-added"/></a>  </td></tr></table></td></tr></table><table border="0" cellpadding="1" cellspacing="0" width="100%"><tr><td><h3 class="ctxid">method:clone() [ADDED]</h3></td></tr><tr><td><table border="0" cellpadding="5" cellspacing="1" bgcolor="black" width="100%"><tr valign="top"><td bgcolor="#FFFFFF" colspan="1"> <a start_ctx_id="method:clone()"><span class="diff-html-added"/></a><a name="clone()"/><ul class="blockListLast"><li class="blockList"><h4><span class="diff-html-added">clone</span></h4><pre><span class="diff-html-added">public java.lang.Object clone()</span></pre><div class="block"><span class="diff-html-added">Returns</span> <span class="diff-html-added">a</span> <span class="diff-html-added">clone</span> <span class="diff-html-added">of</span> <span class="diff-html-added">this</span> <code><span class="diff-html-added">SerialJavaObject</span></code><span class="diff-html-added">.</span>     </div><dl> <dt> <strong><span class="diff-html-added">Overrides:</span></strong>   </dt><dd> <code><span class="diff-html-added">clone</span></code><span class="diff-html-added"> in</span> <span class="diff-html-added">class </span><code><span class="diff-html-added">java.lang.Object</span></code>  </dd> <dt> <span class="strong"><span class="diff-html-added">Returns:</span></span>   </dt><dd><span class="diff-html-added">a</span> <span class="diff-html-added">clone</span> <span class="diff-html-added">of</span> <span class="diff-html-added">this</span> <span class="diff-html-added">SerialJavaObject</span>    </dd> <dt> <span class="strong"><span class="diff-html-added">See</span> <span class="diff-html-added">Also:</span> </span>   </dt><dd><span class="diff-html-added">&lt;code&gt;Cloneable&lt;/code&gt;</span></dd>   </dl></li></ul> <a end_ctx_id="method:clone()"><span class="diff-html-added"/></a>  </td></tr></table></td></tr></table></diff></diffreport>