<?xml version="1.0" encoding="UTF-8" standalone="yes"?><Document><name>javax/sql/rowset/serial/SerialArray.spec</name><Context><name>class:SerialArray</name><mt>CHANGED</mt></Context><Context><name>constructor:SerialArray(java.sql.Array)</name><mt>NONE</mt></Context><Context><name>constructor:SerialArray(java.sql.Array, java.util.Map)</name><mt>NONE</mt></Context><Context><name>method:clone()</name><mt>ADDED</mt></Context><Context><name>method:equals(java.lang.Object)</name><mt>ADDED</mt></Context><Context><name>method:free()</name><mt>CHANGED</mt></Context><Context><name>method:getArray()</name><mt>CHANGED</mt></Context><Context><name>method:getArray(java.util.Map)</name><mt>CHANGED</mt></Context><Context><name>method:getArray(long, int)</name><mt>CHANGED</mt></Context><Context><name>method:getArray(long, int, java.util.Map)</name><mt>CHANGED</mt></Context><Context><name>method:getBaseType()</name><mt>CHANGED</mt></Context><Context><name>method:getBaseTypeName()</name><mt>CHANGED</mt></Context><Context><name>method:getResultSet()</name><mt>CHANGED</mt></Context><Context><name>method:getResultSet(java.util.Map)</name><mt>CHANGED</mt></Context><Context><name>method:getResultSet(long, int)</name><mt>CHANGED</mt></Context><Context><name>method:getResultSet(long, int, java.util.Map)</name><mt>CHANGED</mt></Context><Context><name>method:hashCode()</name><mt>ADDED</mt></Context><Stat><name>javax/sql/rowset/serial/SerialArray.spec</name><mt>CHANGED</mt><Group name="context"><Item name="ADDED" count="3"/><Item name="REMOVED" count="0"/><Item name="CHANGED" count="12"/><Item name="MODIFIED" count="15"/><Item name="TOTAL" count="17"/></Group><Group name="assertion"><Item name="ADDED" count="0"/><Item name="REMOVED" count="0"/><Item name="CHANGED" count="0"/><Item name="MODIFIED" count="0"/><Item name="TOTAL" count="0"/></Group></Stat></Document>