<?xml version="1.0" encoding="UTF-8" standalone="yes"?><Document><name>javax/sql/rowset/serial/SerialException.spec</name><Context><name>class:SerialException</name><mt>NONE</mt></Context><Context><name>constructor:SerialException()</name><mt>NONE</mt></Context><Context><name>constructor:SerialException(java.lang.String)</name><mt>NONE</mt></Context><Stat><name>javax/sql/rowset/serial/SerialException.spec</name><mt>NONE</mt><Group name="context"><Item name="ADDED" count="0"/><Item name="REMOVED" count="0"/><Item name="CHANGED" count="0"/><Item name="MODIFIED" count="0"/><Item name="TOTAL" count="3"/></Group><Group name="assertion"><Item name="ADDED" count="0"/><Item name="REMOVED" count="0"/><Item name="CHANGED" count="0"/><Item name="MODIFIED" count="0"/><Item name="TOTAL" count="0"/></Group></Stat></Document>