<?xml version="1.0" encoding="UTF-8"?><diffreport><diff><table border="0" cellpadding="1" cellspacing="0" width="100%"><tr><td><h3 class="ctxid">class:SerialArray [CHANGED]</h3></td></tr><tr><td><table border="0" cellpadding="5" cellspacing="1" bgcolor="black" width="100%"><tr valign="top"><td bgcolor="#EEEEEE" colspan="2"><div class="description"> <a start_ctx_id="class:SerialArray"/><ul class="blockList"><li class="blockList"><dl> <dt>All Implemented Interfaces:  </dt><dd>java.io.Serializable, java.lang.Cloneable, java.sql.Array  </dd> </dl> <hr/> <br/><pre>public class <span class="strong">SerialArray</span>
extends java.lang.Object
implements java.sql.Array, java.io.Serializable, java.lang.Cloneable</pre><div class="block">A serialized version of an <code>Array</code> object, which is the mapping in the Java programming language of an SQL <code>ARRAY</code> value.<p> The <code>SerialArray</code> class provides a constructor for creating a <code>SerialArray</code> instance from an <code>Array</code> object, methods for getting the base type and the SQL name for the base type, and methods for copying all or part of a <code>SerialArray</code> object.                                        </p><p> Note: In order for this class to function correctly, a connection to the data source must be available in order for the SQL <code>Array</code> object to be materialized (have all of its elements brought to the client server) if necessary. At this time, logical pointers to the data in the data source, such as locators, are not currently supported.                                                           </p><h3> <span class="diff-html-added">Thread</span> <span class="diff-html-added">safety</span>  </h3> <span class="diff-html-added">A</span> <span class="diff-html-added">SerialArray</span> <span class="diff-html-added">is</span> <span class="diff-html-added">not</span> <span class="diff-html-added">safe</span> <span class="diff-html-added">for</span> <span class="diff-html-added">use</span> <span class="diff-html-added">by</span> <span class="diff-html-added">multiple</span> <span class="diff-html-added">concurrent</span> <span class="diff-html-added">threads.</span> <span class="diff-html-added">If</span> <span class="diff-html-added">a</span> <span class="diff-html-added">SerialArray</span> <span class="diff-html-added">is</span> <span class="diff-html-added">to</span> <span class="diff-html-added">be</span> <span class="diff-html-added">used</span> <span class="diff-html-added">by</span> <span class="diff-html-added">more</span> <span class="diff-html-added">than</span> <span class="diff-html-added">one</span> <span class="diff-html-added">thread</span> <span class="diff-html-added">then</span> <span class="diff-html-added">access</span> <span class="diff-html-added">to</span> <span class="diff-html-added">the</span> <span class="diff-html-added">SerialArray</span> <span class="diff-html-added">should</span> <span class="diff-html-added">be</span> <span class="diff-html-added">controlled</span> <span class="diff-html-added">by</span> <span class="diff-html-added">appropriate</span> <span class="diff-html-added">synchronization.</span>                                                      </div><dl> <dt> <span class="strong">See Also: </span>   </dt><dd> <a href="../../../../serialized-form.html#javax.sql.rowset.serial.SerialArray">Serialized Form </a> </dd> </dl>  </li></ul> </div> <a end_ctx_id="class:SerialArray"/> </td></tr><tr valign="top"><td bgcolor="#CCCCCC" colspan="1"><div class="description"> <a start_ctx_id="class:SerialArray"/><ul class="blockList"><li class="blockList"><dl> <dt>All Implemented Interfaces:  </dt><dd>java.io.Serializable, java.lang.Cloneable, java.sql.Array  </dd> </dl> <hr/> <br/><pre>public class <span class="strong">SerialArray</span>
extends java.lang.Object
implements java.sql.Array, java.io.Serializable, java.lang.Cloneable</pre><div class="block">A serialized version of an <code>Array</code> object, which is the mapping in the Java programming language of an SQL <code>ARRAY</code> value.<p> The <code>SerialArray</code> class provides a constructor for creating a <code>SerialArray</code> instance from an <code>Array</code> object, methods for getting the base type and the SQL name for the base type, and methods for copying all or part of a <code>SerialArray</code> object.                                        </p><p> Note: In order for this class to function correctly, a connection to the data source must be available in order for the SQL <code>Array</code> object to be materialized (have all of its elements brought to the client server) if necessary. At this time, logical pointers to the data in the data source, such as locators, are not currently supported.                                                           </p>                    </div><dl> <dt> <span class="strong">See Also: </span>   </dt><dd> <a href="../../../../serialized-form.html#javax.sql.rowset.serial.SerialArray">Serialized Form </a> </dd> </dl>  </li></ul> </div> <a end_ctx_id="class:SerialArray"/> </td><td bgcolor="#FFFFFF" colspan="1"><div class="description"> <a start_ctx_id="class:SerialArray"/><ul class="blockList"><li class="blockList"><dl> <dt>All Implemented Interfaces:  </dt><dd>java.io.Serializable, java.lang.Cloneable, java.sql.Array  </dd> </dl> <hr/> <br/><pre>public class <span class="strong">SerialArray</span>
extends java.lang.Object
implements java.sql.Array, java.io.Serializable, java.lang.Cloneable</pre><div class="block">A serialized version of an <code>Array</code> object, which is the mapping in the Java programming language of an SQL <code>ARRAY</code> value.<p> The <code>SerialArray</code> class provides a constructor for creating a <code>SerialArray</code> instance from an <code>Array</code> object, methods for getting the base type and the SQL name for the base type, and methods for copying all or part of a <code>SerialArray</code> object.                                        </p><p> Note: In order for this class to function correctly, a connection to the data source must be available in order for the SQL <code>Array</code> object to be materialized (have all of its elements brought to the client server) if necessary. At this time, logical pointers to the data in the data source, such as locators, are not currently supported.                                                           </p><h3> Thread safety  </h3> A SerialArray is not safe for use by multiple concurrent threads. If a SerialArray is to be used by more than one thread then access to the SerialArray should be controlled by appropriate synchronization.                                                      </div><dl> <dt> <span class="strong">See Also: </span>   </dt><dd> <a href="../../../../serialized-form.html#javax.sql.rowset.serial.SerialArray">Serialized Form </a> </dd> </dl>  </li></ul> </div> <a end_ctx_id="class:SerialArray"/> </td></tr></table></td></tr></table><table border="0" cellpadding="1" cellspacing="0" width="100%"><tr><td><h3 class="ctxid">constructor:SerialArray(java.sql.Array, java.util.Map) [NONE]</h3></td></tr><tr><td><table border="0" cellpadding="5" cellspacing="1" bgcolor="black" width="100%"><tr valign="top"><td bgcolor="#FFFFFF" colspan="1"> <a start_ctx_id="constructor:SerialArray(java.sql.Array, java.util.Map)"/><a name="SerialArray(java.sql.Array, java.util.Map)"/><ul class="blockList"><li class="blockList"><h4>SerialArray</h4><pre>public SerialArray(java.sql.Array array,
                   java.util.Map&lt;java.lang.String,java.lang.Class&lt;?&gt;&gt; map)
            throws <a href="../../../../javax/sql/rowset/serial/SerialException.html" title="class in javax.sql.rowset.serial">SerialException</a>,
                   java.sql.SQLException</pre><div class="block">Constructs a new <code>SerialArray</code> object from the given <code>Array</code> object, using the given type map for the custom mapping of each element when the elements are SQL UDTs.<p> This method does custom mapping if the array elements are a UDT and the given type map has an entry for that UDT. Custom mapping is recursive, meaning that if, for instance, an element of an SQL structured type is an SQL structured type that itself has an element that is an SQL structured type, each structured type that has a custom mapping will be mapped according to the given type map.                                                                        </p><p> The new <code>SerialArray</code> object contains the same elements as the <code>Array</code> object from which it is built, except when the base type is the SQL type <code>STRUCT</code>, <code>ARRAY</code>, <code>BLOB</code>, <code>CLOB</code>, <code>DATALINK</code> or <code>JAVA_OBJECT</code>. In this case, each element in the new <code>SerialArray</code> object is the appropriate serialized form, that is, a <code>SerialStruct</code>, <code>SerialArray</code>, <code>SerialBlob</code>, <code>SerialClob</code>, <code>SerialDatalink</code>, or <code>SerialJavaObject</code> object.                                                           </p><p> Note: (1) The <code>Array</code> object from which a <code>SerialArray</code> object is created must have materialized the SQL <code>ARRAY</code> value's data on the client before it is passed to the constructor. Otherwise, the new <code>SerialArray</code> object will contain no data.                                       </p><p> Note: (2) If the <code>Array</code> contains <code>java.sql.Types.JAVA_OBJECT</code> types, the <code>SerialJavaObject</code> constructor is called where checks are made to ensure this object is serializable.                       </p><p> Note: (3) The <code>Array</code> object supplied to this constructor cannot return <code>null</code> for any <code>Array.getArray()</code> methods. <code>SerialArray</code> cannot serialize null array values.                      </p>                           </div><dl> <dt> <span class="strong">Parameters:</span>   </dt><dd> <code>array</code> - the <code>Array</code> object to be serialized        </dd><dd> <code>map</code> - a <code>java.util.Map</code> object in which each entry consists of 1) a <code>String</code> object giving the fully qualified name of a UDT (an SQL structured type or distinct type) and 2) the <code>Class</code> object for the <code>SQLData</code> implementation that defines how the UDT is to be mapped. The <i>map</i> parameter does not have any effect for <code>Blob</code>, <code>Clob</code>, <code>DATALINK</code>, or <code>JAVA_OBJECT</code> types.                                                               </dd> <dt> <span class="strong">Throws:</span>   </dt><dd> <code><a href="../../../../javax/sql/rowset/serial/SerialException.html" title="class in javax.sql.rowset.serial">SerialException</a></code> - if an error occurs serializing the <code>Array</code> object          </dd><dd> <code>java.sql.SQLException</code> - if a database access error occurs or if the <i>array</i> or the <i>map</i> values are <code>null</code>                  </dd>  </dl></li></ul> <a end_ctx_id="constructor:SerialArray(java.sql.Array, java.util.Map)"/>  </td></tr></table></td></tr></table><table border="0" cellpadding="1" cellspacing="0" width="100%"><tr><td><h3 class="ctxid">constructor:SerialArray(java.sql.Array) [NONE]</h3></td></tr><tr><td><table border="0" cellpadding="5" cellspacing="1" bgcolor="black" width="100%"><tr valign="top"><td bgcolor="#FFFFFF" colspan="1"> <a start_ctx_id="constructor:SerialArray(java.sql.Array)"/><a name="SerialArray(java.sql.Array)"/><ul class="blockListLast"><li class="blockList"><h4>SerialArray</h4><pre>public SerialArray(java.sql.Array array)
            throws <a href="../../../../javax/sql/rowset/serial/SerialException.html" title="class in javax.sql.rowset.serial">SerialException</a>,
                   java.sql.SQLException</pre><div class="block">Constructs a new <code>SerialArray</code> object from the given <code>Array</code> object.<p> This constructor does not do custom mapping. If the base type of the array is an SQL structured type and custom mapping is desired, the constructor <code>SerialArray(Array array, Map map)   </code> should be used.                              </p><p> The new <code>SerialArray</code> object contains the same elements as the <code>Array</code> object from which it is built, except when the base type is the SQL type <code>BLOB</code>, <code>CLOB</code>, <code>DATALINK</code> or <code>JAVA_OBJECT</code>. In this case, each element in the new <code>SerialArray</code> object is the appropriate serialized form, that is, a <code>SerialBlob</code>, <code>SerialClob</code>, <code>SerialDatalink</code>, or <code>SerialJavaObject</code> object.                                                       </p><p> Note: (1) The <code>Array</code> object from which a <code>SerialArray</code> object is created must have materialized the SQL <code>ARRAY</code> value's data on the client before it is passed to the constructor. Otherwise, the new <code>SerialArray</code> object will contain no data.                                       </p><p> Note: (2) The <code>Array</code> object supplied to this constructor cannot return <code>null</code> for any <code>Array.getArray()</code> methods. <code>SerialArray</code> cannot serialize <code>null</code> array values.                      </p>         </div><dl> <dt> <span class="strong">Parameters:</span>   </dt><dd> <code>array</code> - the <code>Array</code> object to be serialized        </dd> <dt> <span class="strong">Throws:</span>   </dt><dd> <code><a href="../../../../javax/sql/rowset/serial/SerialException.html" title="class in javax.sql.rowset.serial">SerialException</a></code> - if an error occurs serializing the <code>Array</code> object          </dd><dd> <code>java.sql.SQLException</code> - if a database access error occurs or the <i>array</i> parameter is <code>null</code>.              </dd>  </dl></li></ul> <a end_ctx_id="constructor:SerialArray(java.sql.Array)"/>  </td></tr></table></td></tr></table><table border="0" cellpadding="1" cellspacing="0" width="100%"><tr><td><h3 class="ctxid">method:free() [CHANGED]</h3></td></tr><tr><td><table border="0" cellpadding="5" cellspacing="1" bgcolor="black" width="100%"><tr valign="top"><td bgcolor="#EEEEEE" colspan="2"> <a start_ctx_id="method:free()"/><a name="free()"/><ul class="blockList"><li class="blockList"><h4>free</h4><pre>public void free()
          throws java.sql.SQLException</pre><div class="block">This method frees the <code> <code changeType="diff-removed-tag"><span class="diff-html-removed">Array</span></code><span class="diff-html-added">SeriableArray</span> </code> object and releases the resources that it holds. The object is invalid once the <code>free</code> method is called<span class="diff-html-removed">.</span> <span class="diff-html-removed">After</span> <code changeType="diff-removed-tag"><span class="diff-html-removed">free</span></code> <span class="diff-html-removed">has</span> <span class="diff-html-removed">been</span> <span class="diff-html-removed">called,</span> <span class="diff-html-removed">any</span> <span class="diff-html-removed">attempt</span> <span class="diff-html-removed">to</span> <span class="diff-html-removed">invoke</span> <span class="diff-html-removed">a</span> <span class="diff-html-removed">method</span> <span class="diff-html-removed">other</span> <span class="diff-html-removed">than</span> <code changeType="diff-removed-tag"><span class="diff-html-removed">free</span></code> <span class="diff-html-removed">will</span> <span class="diff-html-removed">result</span> <span class="diff-html-removed">in</span> <span class="diff-html-removed">a</span> <code changeType="diff-removed-tag"><span class="diff-html-removed">SQLException</span></code> <span class="diff-html-removed">being</span> <span class="diff-html-removed">thrown</span>.<p> If <code>free</code> is called multiple times, the subsequent calls to <code>free</code> are treated as a no-op.                </p>                                           </div><dl> <dt> <strong>Specified by: </strong>   </dt><dd> <code>free</code> in interface <code>java.sql.Array</code>  </dd> <dt> <span class="strong">Throws:</span>   </dt><dd> <code>java.sql.SQLException</code> - if an error occurs releasing the <span class="diff-html-removed">Array</span><span class="diff-html-added">SerialArray</span>'s resources          </dd> <dt> <span class="strong"><dd changeType="diff-removed-tag"> <code><span class="diff-html-removed">java.sql.SQLFeatureNotSupportedException</span></code> <span class="diff-html-removed">-</span> <span class="diff-html-removed">if</span> <span class="diff-html-removed">the</span> <span class="diff-html-removed">JDBC</span> <span class="diff-html-removed">driver</span> <span class="diff-html-removed">does</span> <span class="diff-html-removed">not</span> <span class="diff-html-removed">support</span> <span class="diff-html-removed">this</span> <span class="diff-html-removed">method</span>           </dd>Since:</span>   </dt><dd>1.6</dd>   </dl></li></ul> <a end_ctx_id="method:free()"/>  </td></tr><tr valign="top"><td bgcolor="#CCCCCC" colspan="1"> <a start_ctx_id="method:free()"/><a name="free()"/><ul class="blockList"><li class="blockList"><h4>free</h4><pre>public void free()
          throws java.sql.SQLException</pre><div class="block">This method frees the <code changeType="diff-removed-tag">Array</code> object and releases the resources that it holds. The object is invalid once the <code>free</code> method is called.<p> After <code changeType="diff-removed-tag">free</code> has been called, any attempt to invoke a method other than <code changeType="diff-removed-tag">free</code> will result in a <code changeType="diff-removed-tag">SQLException</code> being thrown. If <code>free</code> is called multiple times, the subsequent calls to <code>free</code> are treated as a no-op.                                     </p><p/>                      </div><dl> <dt> <strong>Specified by: </strong>   </dt><dd> <code>free</code> in interface <code>java.sql.Array</code>  </dd> <dt> <span class="strong">Throws:</span>   </dt><dd> <code>java.sql.SQLException</code> - if an error occurs releasing the Array's resources          </dd><dd changeType="diff-removed-tag"> <code>java.sql.SQLFeatureNotSupportedException</code> - if the JDBC driver does not support this method           </dd> <dt> <span class="strong">Since:</span>   </dt><dd>1.6</dd>   </dl></li></ul> <a end_ctx_id="method:free()"/>  </td><td bgcolor="#FFFFFF" colspan="1"> <a start_ctx_id="method:free()"/><a name="free()"/><ul class="blockList"><li class="blockList"><h4>free</h4><pre>public void free()
          throws java.sql.SQLException</pre><div class="block">This method frees the <code>SeriableArray</code> object and releases the resources that it holds. The object is invalid once the <code>free</code> method is called.<p> If <code>free</code> is called multiple times, the subsequent calls to <code>free</code> are treated as a no-op.                </p>                      </div><dl> <dt> <strong>Specified by: </strong>   </dt><dd> <code>free</code> in interface <code>java.sql.Array</code>  </dd> <dt> <span class="strong">Throws:</span>   </dt><dd> <code>java.sql.SQLException</code> - if an error occurs releasing the SerialArray's resources          </dd> <dt> <span class="strong">Since:</span>   </dt><dd>1.6</dd>   </dl></li></ul> <a end_ctx_id="method:free()"/>  </td></tr></table></td></tr></table><table border="0" cellpadding="1" cellspacing="0" width="100%"><tr><td><h3 class="ctxid">method:getArray() [CHANGED]</h3></td></tr><tr><td><table border="0" cellpadding="5" cellspacing="1" bgcolor="black" width="100%"><tr valign="top"><td bgcolor="#EEEEEE" colspan="2"> <a start_ctx_id="method:getArray()"/><a name="getArray()"/><ul class="blockList"><li class="blockList"><h4>getArray</h4><pre>public java.lang.Object getArray()
                          throws <a href="../../../../javax/sql/rowset/serial/SerialException.html" title="class in javax.sql.rowset.serial">SerialException</a></pre><div class="block">Returns a new array that is a copy of this <code>SerialArray</code> object.           </div><dl> <dt> <strong>Specified by: </strong>   </dt><dd> <code>getArray</code> in interface <code>java.sql.Array</code>  </dd> <dt> <span class="strong">Returns:</span>   </dt><dd>a copy of this <code>SerialArray</code> object as an <code>Object</code> in the Java programming language             </dd> <dt> <span class="strong">Throws:</span>   </dt><dd> <code><a href="../../../../javax/sql/rowset/serial/SerialException.html" title="class in javax.sql.rowset.serial">SerialException</a></code> - if an error occurs <span class="diff-html-removed">retrieving</span> <span class="diff-html-removed">a</span> <span class="diff-html-removed">copy</span> <span class="diff-html-removed">of</span><span class="diff-html-added">;</span> <span class="diff-html-added">if</span> <code><span class="diff-html-added">free</span></code> <span class="diff-html-added">had</span> <span class="diff-html-added">previously</span> <span class="diff-html-added">been</span> <span class="diff-html-added">called</span> <span class="diff-html-added">on</span> this <code changeType="diff-removed-tag"><span class="diff-html-removed">SerialArray</span></code>object                   </dd>   </dl></li></ul> <a end_ctx_id="method:getArray()"/>  </td></tr><tr valign="top"><td bgcolor="#CCCCCC" colspan="1"> <a start_ctx_id="method:getArray()"/><a name="getArray()"/><ul class="blockList"><li class="blockList"><h4>getArray</h4><pre>public java.lang.Object getArray()
                          throws <a href="../../../../javax/sql/rowset/serial/SerialException.html" title="class in javax.sql.rowset.serial">SerialException</a></pre><div class="block">Returns a new array that is a copy of this <code>SerialArray</code> object.           </div><dl> <dt> <strong>Specified by: </strong>   </dt><dd> <code>getArray</code> in interface <code>java.sql.Array</code>  </dd> <dt> <span class="strong">Returns:</span>   </dt><dd>a copy of this <code>SerialArray</code> object as an <code>Object</code> in the Java programming language             </dd> <dt> <span class="strong">Throws:</span>   </dt><dd> <code><a href="../../../../javax/sql/rowset/serial/SerialException.html" title="class in javax.sql.rowset.serial">SerialException</a></code> - if an error occurs retrieving a copy of this <code changeType="diff-removed-tag">SerialArray</code> object             </dd>   </dl></li></ul> <a end_ctx_id="method:getArray()"/>  </td><td bgcolor="#FFFFFF" colspan="1"> <a start_ctx_id="method:getArray()"/><a name="getArray()"/><ul class="blockList"><li class="blockList"><h4>getArray</h4><pre>public java.lang.Object getArray()
                          throws <a href="../../../../javax/sql/rowset/serial/SerialException.html" title="class in javax.sql.rowset.serial">SerialException</a></pre><div class="block">Returns a new array that is a copy of this <code>SerialArray</code> object.           </div><dl> <dt> <strong>Specified by: </strong>   </dt><dd> <code>getArray</code> in interface <code>java.sql.Array</code>  </dd> <dt> <span class="strong">Returns:</span>   </dt><dd>a copy of this <code>SerialArray</code> object as an <code>Object</code> in the Java programming language             </dd> <dt> <span class="strong">Throws:</span>   </dt><dd> <code><a href="../../../../javax/sql/rowset/serial/SerialException.html" title="class in javax.sql.rowset.serial">SerialException</a></code> - if an error occurs; if <code>free</code> had previously been called on this object               </dd>   </dl></li></ul> <a end_ctx_id="method:getArray()"/>  </td></tr></table></td></tr></table><table border="0" cellpadding="1" cellspacing="0" width="100%"><tr><td><h3 class="ctxid">method:getArray(java.util.Map) [CHANGED]</h3></td></tr><tr><td><table border="0" cellpadding="5" cellspacing="1" bgcolor="black" width="100%"><tr valign="top"><td bgcolor="#EEEEEE" colspan="2"> <a start_ctx_id="method:getArray(java.util.Map)"/><a name="getArray(java.util.Map)"/><ul class="blockList"><li class="blockList"><h4>getArray</h4><pre>public java.lang.Object getArray(java.util.Map&lt;java.lang.String,java.lang.Class&lt;?&gt;&gt; map)
                          throws <a href="../../../../javax/sql/rowset/serial/SerialException.html" title="class in javax.sql.rowset.serial">SerialException</a></pre><div class="block">Returns a new array that is a copy of this <code>SerialArray</code> object, using the given type map for the custom mapping of each element when the elements are SQL UDTs.<p> This method does custom mapping if the array elements are a UDT and the given type map has an entry for that UDT. Custom mapping is recursive, meaning that if, for instance, an element of an SQL structured type is an SQL structured type that itself has an element that is an SQL structured type, each structured type that has a custom mapping will be mapped according to the given type map.                                                                        </p>                             </div><dl> <dt> <strong>Specified by: </strong>   </dt><dd> <code>getArray</code> in interface <code>java.sql.Array</code>  </dd> <dt> <span class="strong">Parameters:</span>   </dt><dd> <code>map</code> - a <code>java.util.Map</code> object in which each entry consists of 1) a <code>String</code> object giving the fully qualified name of a UDT and 2) the <code>Class</code> object for the <code>SQLData</code> implementation that defines how the UDT is to be mapped                                         </dd> <dt> <span class="strong">Returns:</span>   </dt><dd>a copy of this <code>SerialArray</code> object as an <code>Object</code> in the Java programming language             </dd> <dt> <span class="strong">Throws:</span>   </dt><dd> <code><a href="../../../../javax/sql/rowset/serial/SerialException.html" title="class in javax.sql.rowset.serial">SerialException</a></code> - if an error occurs<span class="diff-html-added">;</span> <span class="diff-html-added">if</span> <code><span class="diff-html-added">free</span></code> <span class="diff-html-added">had</span> <span class="diff-html-added">previously</span> <span class="diff-html-added">been</span> <span class="diff-html-added">called</span> <span class="diff-html-added">on</span> <span class="diff-html-added">this</span> <span class="diff-html-added">object</span>               </dd>    </dl></li></ul> <a end_ctx_id="method:getArray(java.util.Map)"/>  </td></tr><tr valign="top"><td bgcolor="#CCCCCC" colspan="1"> <a start_ctx_id="method:getArray(java.util.Map)"/><a name="getArray(java.util.Map)"/><ul class="blockList"><li class="blockList"><h4>getArray</h4><pre>public java.lang.Object getArray(java.util.Map&lt;java.lang.String,java.lang.Class&lt;?&gt;&gt; map)
                          throws <a href="../../../../javax/sql/rowset/serial/SerialException.html" title="class in javax.sql.rowset.serial">SerialException</a></pre><div class="block">Returns a new array that is a copy of this <code>SerialArray</code> object, using the given type map for the custom mapping of each element when the elements are SQL UDTs.<p> This method does custom mapping if the array elements are a UDT and the given type map has an entry for that UDT. Custom mapping is recursive, meaning that if, for instance, an element of an SQL structured type is an SQL structured type that itself has an element that is an SQL structured type, each structured type that has a custom mapping will be mapped according to the given type map.                                                                        </p>                             </div><dl> <dt> <strong>Specified by: </strong>   </dt><dd> <code>getArray</code> in interface <code>java.sql.Array</code>  </dd> <dt> <span class="strong">Parameters:</span>   </dt><dd> <code>map</code> - a <code>java.util.Map</code> object in which each entry consists of 1) a <code>String</code> object giving the fully qualified name of a UDT and 2) the <code>Class</code> object for the <code>SQLData</code> implementation that defines how the UDT is to be mapped                                         </dd> <dt> <span class="strong">Returns:</span>   </dt><dd>a copy of this <code>SerialArray</code> object as an <code>Object</code> in the Java programming language             </dd> <dt> <span class="strong">Throws:</span>   </dt><dd> <code><a href="../../../../javax/sql/rowset/serial/SerialException.html" title="class in javax.sql.rowset.serial">SerialException</a></code> - if an error occurs      </dd>    </dl></li></ul> <a end_ctx_id="method:getArray(java.util.Map)"/>  </td><td bgcolor="#FFFFFF" colspan="1"> <a start_ctx_id="method:getArray(java.util.Map)"/><a name="getArray(java.util.Map)"/><ul class="blockList"><li class="blockList"><h4>getArray</h4><pre>public java.lang.Object getArray(java.util.Map&lt;java.lang.String,java.lang.Class&lt;?&gt;&gt; map)
                          throws <a href="../../../../javax/sql/rowset/serial/SerialException.html" title="class in javax.sql.rowset.serial">SerialException</a></pre><div class="block">Returns a new array that is a copy of this <code>SerialArray</code> object, using the given type map for the custom mapping of each element when the elements are SQL UDTs.<p> This method does custom mapping if the array elements are a UDT and the given type map has an entry for that UDT. Custom mapping is recursive, meaning that if, for instance, an element of an SQL structured type is an SQL structured type that itself has an element that is an SQL structured type, each structured type that has a custom mapping will be mapped according to the given type map.                                                                        </p>                             </div><dl> <dt> <strong>Specified by: </strong>   </dt><dd> <code>getArray</code> in interface <code>java.sql.Array</code>  </dd> <dt> <span class="strong">Parameters:</span>   </dt><dd> <code>map</code> - a <code>java.util.Map</code> object in which each entry consists of 1) a <code>String</code> object giving the fully qualified name of a UDT and 2) the <code>Class</code> object for the <code>SQLData</code> implementation that defines how the UDT is to be mapped                                         </dd> <dt> <span class="strong">Returns:</span>   </dt><dd>a copy of this <code>SerialArray</code> object as an <code>Object</code> in the Java programming language             </dd> <dt> <span class="strong">Throws:</span>   </dt><dd> <code><a href="../../../../javax/sql/rowset/serial/SerialException.html" title="class in javax.sql.rowset.serial">SerialException</a></code> - if an error occurs; if <code>free</code> had previously been called on this object               </dd>    </dl></li></ul> <a end_ctx_id="method:getArray(java.util.Map)"/>  </td></tr></table></td></tr></table><table border="0" cellpadding="1" cellspacing="0" width="100%"><tr><td><h3 class="ctxid">method:getArray(long, int) [CHANGED]</h3></td></tr><tr><td><table border="0" cellpadding="5" cellspacing="1" bgcolor="black" width="100%"><tr valign="top"><td bgcolor="#EEEEEE" colspan="2"> <a start_ctx_id="method:getArray(long, int)"/><a name="getArray(long, int)"/><ul class="blockList"><li class="blockList"><h4>getArray</h4><pre>public java.lang.Object getArray(long index,
                                 int count)
                          throws <a href="../../../../javax/sql/rowset/serial/SerialException.html" title="class in javax.sql.rowset.serial">SerialException</a></pre><div class="block">Returns a new array that is a copy of a slice of this <code>SerialArray</code> object, starting with the element at the given index and containing the given number of consecutive elements.                              </div><dl> <dt> <strong>Specified by: </strong>   </dt><dd> <code>getArray</code> in interface <code>java.sql.Array</code>  </dd> <dt> <span class="strong">Parameters:</span>   </dt><dd> <code>index</code> - the index into this <code>SerialArray</code> object of the first element to be copied; the index of the first element is <code>0</code>                       </dd><dd> <code>count</code> - the number of consecutive elements to be copied, starting at the given index               </dd> <dt> <span class="strong">Returns:</span>   </dt><dd>a copy of the designated elements in this <code>SerialArray</code> object as an <code>Object</code> in the Java programming language                 </dd> <dt> <span class="strong">Throws:</span>   </dt><dd> <code><a href="../../../../javax/sql/rowset/serial/SerialException.html" title="class in javax.sql.rowset.serial">SerialException</a></code> - if an error occurs<span class="diff-html-added">;</span> <span class="diff-html-added">if</span> <code><span class="diff-html-added">free</span></code> <span class="diff-html-added">had</span> <span class="diff-html-added">previously</span> <span class="diff-html-added">been</span> <span class="diff-html-added">called</span> <span class="diff-html-added">on</span> <span class="diff-html-added">this</span> <span class="diff-html-added">object</span>               </dd>    </dl></li></ul> <a end_ctx_id="method:getArray(long, int)"/>  </td></tr><tr valign="top"><td bgcolor="#CCCCCC" colspan="1"> <a start_ctx_id="method:getArray(long, int)"/><a name="getArray(long, int)"/><ul class="blockList"><li class="blockList"><h4>getArray</h4><pre>public java.lang.Object getArray(long index,
                                 int count)
                          throws <a href="../../../../javax/sql/rowset/serial/SerialException.html" title="class in javax.sql.rowset.serial">SerialException</a></pre><div class="block">Returns a new array that is a copy of a slice of this <code>SerialArray</code> object, starting with the element at the given index and containing the given number of consecutive elements.                              </div><dl> <dt> <strong>Specified by: </strong>   </dt><dd> <code>getArray</code> in interface <code>java.sql.Array</code>  </dd> <dt> <span class="strong">Parameters:</span>   </dt><dd> <code>index</code> - the index into this <code>SerialArray</code> object of the first element to be copied; the index of the first element is <code>0</code>                       </dd><dd> <code>count</code> - the number of consecutive elements to be copied, starting at the given index               </dd> <dt> <span class="strong">Returns:</span>   </dt><dd>a copy of the designated elements in this <code>SerialArray</code> object as an <code>Object</code> in the Java programming language                 </dd> <dt> <span class="strong">Throws:</span>   </dt><dd> <code><a href="../../../../javax/sql/rowset/serial/SerialException.html" title="class in javax.sql.rowset.serial">SerialException</a></code> - if an error occurs      </dd>    </dl></li></ul> <a end_ctx_id="method:getArray(long, int)"/>  </td><td bgcolor="#FFFFFF" colspan="1"> <a start_ctx_id="method:getArray(long, int)"/><a name="getArray(long, int)"/><ul class="blockList"><li class="blockList"><h4>getArray</h4><pre>public java.lang.Object getArray(long index,
                                 int count)
                          throws <a href="../../../../javax/sql/rowset/serial/SerialException.html" title="class in javax.sql.rowset.serial">SerialException</a></pre><div class="block">Returns a new array that is a copy of a slice of this <code>SerialArray</code> object, starting with the element at the given index and containing the given number of consecutive elements.                              </div><dl> <dt> <strong>Specified by: </strong>   </dt><dd> <code>getArray</code> in interface <code>java.sql.Array</code>  </dd> <dt> <span class="strong">Parameters:</span>   </dt><dd> <code>index</code> - the index into this <code>SerialArray</code> object of the first element to be copied; the index of the first element is <code>0</code>                       </dd><dd> <code>count</code> - the number of consecutive elements to be copied, starting at the given index               </dd> <dt> <span class="strong">Returns:</span>   </dt><dd>a copy of the designated elements in this <code>SerialArray</code> object as an <code>Object</code> in the Java programming language                 </dd> <dt> <span class="strong">Throws:</span>   </dt><dd> <code><a href="../../../../javax/sql/rowset/serial/SerialException.html" title="class in javax.sql.rowset.serial">SerialException</a></code> - if an error occurs; if <code>free</code> had previously been called on this object               </dd>    </dl></li></ul> <a end_ctx_id="method:getArray(long, int)"/>  </td></tr></table></td></tr></table><table border="0" cellpadding="1" cellspacing="0" width="100%"><tr><td><h3 class="ctxid">method:getArray(long, int, java.util.Map) [CHANGED]</h3></td></tr><tr><td><table border="0" cellpadding="5" cellspacing="1" bgcolor="black" width="100%"><tr valign="top"><td bgcolor="#EEEEEE" colspan="2"> <a start_ctx_id="method:getArray(long, int, java.util.Map)"/><a name="getArray(long, int, java.util.Map)"/><ul class="blockList"><li class="blockList"><h4>getArray</h4><pre>public java.lang.Object getArray(long index,
                                 int count,
                                 java.util.Map&lt;java.lang.String,java.lang.Class&lt;?&gt;&gt; map)
                          throws <a href="../../../../javax/sql/rowset/serial/SerialException.html" title="class in javax.sql.rowset.serial">SerialException</a></pre><div class="block">Returns a new array that is a copy of a slice of this <code>SerialArray</code> object, starting with the element at the given index and containing the given number of consecutive elements.<p> This method does custom mapping if the array elements are a UDT and the given type map has an entry for that UDT. Custom mapping is recursive, meaning that if, for instance, an element of an SQL structured type is an SQL structured type that itself has an element that is an SQL structured type, each structured type that has a custom mapping will be mapped according to the given type map.                                                                        </p>                              </div><dl> <dt> <strong>Specified by: </strong>   </dt><dd> <code>getArray</code> in interface <code>java.sql.Array</code>  </dd> <dt> <span class="strong">Parameters:</span>   </dt><dd> <code>index</code> - the index into this <code>SerialArray</code> object of the first element to be copied; the index of the first element in the array is <code>0</code>                          </dd><dd> <code>count</code> - the number of consecutive elements to be copied, starting at the given index               </dd><dd> <code>map</code> - a <code>java.util.Map</code> object in which each entry consists of 1) a <code>String</code> object giving the fully qualified name of a UDT and 2) the <code>Class</code> object for the <code>SQLData</code> implementation that defines how the UDT is to be mapped                                         </dd> <dt> <span class="strong">Returns:</span>   </dt><dd>a copy of the designated elements in this <code>SerialArray</code> object as an <code>Object</code> in the Java programming language                 </dd> <dt> <span class="strong">Throws:</span>   </dt><dd> <code><a href="../../../../javax/sql/rowset/serial/SerialException.html" title="class in javax.sql.rowset.serial">SerialException</a></code> - if an error occurs<span class="diff-html-added">;</span> <span class="diff-html-added">if</span> <code><span class="diff-html-added">free</span></code> <span class="diff-html-added">had</span> <span class="diff-html-added">previously</span> <span class="diff-html-added">been</span> <span class="diff-html-added">called</span> <span class="diff-html-added">on</span> <span class="diff-html-added">this</span> <span class="diff-html-added">object</span>               </dd>    </dl></li></ul> <a end_ctx_id="method:getArray(long, int, java.util.Map)"/>  </td></tr><tr valign="top"><td bgcolor="#CCCCCC" colspan="1"> <a start_ctx_id="method:getArray(long, int, java.util.Map)"/><a name="getArray(long, int, java.util.Map)"/><ul class="blockList"><li class="blockList"><h4>getArray</h4><pre>public java.lang.Object getArray(long index,
                                 int count,
                                 java.util.Map&lt;java.lang.String,java.lang.Class&lt;?&gt;&gt; map)
                          throws <a href="../../../../javax/sql/rowset/serial/SerialException.html" title="class in javax.sql.rowset.serial">SerialException</a></pre><div class="block">Returns a new array that is a copy of a slice of this <code>SerialArray</code> object, starting with the element at the given index and containing the given number of consecutive elements.<p> This method does custom mapping if the array elements are a UDT and the given type map has an entry for that UDT. Custom mapping is recursive, meaning that if, for instance, an element of an SQL structured type is an SQL structured type that itself has an element that is an SQL structured type, each structured type that has a custom mapping will be mapped according to the given type map.                                                                        </p>                              </div><dl> <dt> <strong>Specified by: </strong>   </dt><dd> <code>getArray</code> in interface <code>java.sql.Array</code>  </dd> <dt> <span class="strong">Parameters:</span>   </dt><dd> <code>index</code> - the index into this <code>SerialArray</code> object of the first element to be copied; the index of the first element in the array is <code>0</code>                          </dd><dd> <code>count</code> - the number of consecutive elements to be copied, starting at the given index               </dd><dd> <code>map</code> - a <code>java.util.Map</code> object in which each entry consists of 1) a <code>String</code> object giving the fully qualified name of a UDT and 2) the <code>Class</code> object for the <code>SQLData</code> implementation that defines how the UDT is to be mapped                                         </dd> <dt> <span class="strong">Returns:</span>   </dt><dd>a copy of the designated elements in this <code>SerialArray</code> object as an <code>Object</code> in the Java programming language                 </dd> <dt> <span class="strong">Throws:</span>   </dt><dd> <code><a href="../../../../javax/sql/rowset/serial/SerialException.html" title="class in javax.sql.rowset.serial">SerialException</a></code> - if an error occurs      </dd>    </dl></li></ul> <a end_ctx_id="method:getArray(long, int, java.util.Map)"/>  </td><td bgcolor="#FFFFFF" colspan="1"> <a start_ctx_id="method:getArray(long, int, java.util.Map)"/><a name="getArray(long, int, java.util.Map)"/><ul class="blockList"><li class="blockList"><h4>getArray</h4><pre>public java.lang.Object getArray(long index,
                                 int count,
                                 java.util.Map&lt;java.lang.String,java.lang.Class&lt;?&gt;&gt; map)
                          throws <a href="../../../../javax/sql/rowset/serial/SerialException.html" title="class in javax.sql.rowset.serial">SerialException</a></pre><div class="block">Returns a new array that is a copy of a slice of this <code>SerialArray</code> object, starting with the element at the given index and containing the given number of consecutive elements.<p> This method does custom mapping if the array elements are a UDT and the given type map has an entry for that UDT. Custom mapping is recursive, meaning that if, for instance, an element of an SQL structured type is an SQL structured type that itself has an element that is an SQL structured type, each structured type that has a custom mapping will be mapped according to the given type map.                                                                        </p>                              </div><dl> <dt> <strong>Specified by: </strong>   </dt><dd> <code>getArray</code> in interface <code>java.sql.Array</code>  </dd> <dt> <span class="strong">Parameters:</span>   </dt><dd> <code>index</code> - the index into this <code>SerialArray</code> object of the first element to be copied; the index of the first element in the array is <code>0</code>                          </dd><dd> <code>count</code> - the number of consecutive elements to be copied, starting at the given index               </dd><dd> <code>map</code> - a <code>java.util.Map</code> object in which each entry consists of 1) a <code>String</code> object giving the fully qualified name of a UDT and 2) the <code>Class</code> object for the <code>SQLData</code> implementation that defines how the UDT is to be mapped                                         </dd> <dt> <span class="strong">Returns:</span>   </dt><dd>a copy of the designated elements in this <code>SerialArray</code> object as an <code>Object</code> in the Java programming language                 </dd> <dt> <span class="strong">Throws:</span>   </dt><dd> <code><a href="../../../../javax/sql/rowset/serial/SerialException.html" title="class in javax.sql.rowset.serial">SerialException</a></code> - if an error occurs; if <code>free</code> had previously been called on this object               </dd>    </dl></li></ul> <a end_ctx_id="method:getArray(long, int, java.util.Map)"/>  </td></tr></table></td></tr></table><table border="0" cellpadding="1" cellspacing="0" width="100%"><tr><td><h3 class="ctxid">method:getBaseType() [CHANGED]</h3></td></tr><tr><td><table border="0" cellpadding="5" cellspacing="1" bgcolor="black" width="100%"><tr valign="top"><td bgcolor="#EEEEEE" colspan="2"> <a start_ctx_id="method:getBaseType()"/><a name="getBaseType()"/><ul class="blockList"><li class="blockList"><h4>getBaseType</h4><pre>public int getBaseType()
                throws <a href="../../../../javax/sql/rowset/serial/SerialException.html" title="class in javax.sql.rowset.serial">SerialException</a></pre><div class="block">Retrieves the SQL type of the elements in this <code>SerialArray</code> object. The <code>int</code> returned is one of the constants in the class <code>java.sql.Types</code>.                      </div><dl> <dt> <strong>Specified by: </strong>   </dt><dd> <code>getBaseType</code> in interface <code>java.sql.Array</code>  </dd> <dt> <span class="strong">Returns:</span>   </dt><dd>one of the constants in <code>java.sql.Types</code>, indicating the SQL type of the elements in this <code>SerialArray</code> object                </dd> <dt> <span class="strong">Throws:</span>   </dt><dd> <code><a href="../../../../javax/sql/rowset/serial/SerialException.html" title="class in javax.sql.rowset.serial">SerialException</a></code> - if an error occurs<span class="diff-html-added">;</span> <span class="diff-html-added">if</span> <code><span class="diff-html-added">free</span></code> <span class="diff-html-added">had</span> <span class="diff-html-added">previously</span> <span class="diff-html-added">been</span> <span class="diff-html-added">called</span> <span class="diff-html-added">on</span> <span class="diff-html-added">this</span> <span class="diff-html-added">object</span>               </dd>   </dl></li></ul> <a end_ctx_id="method:getBaseType()"/>  </td></tr><tr valign="top"><td bgcolor="#CCCCCC" colspan="1"> <a start_ctx_id="method:getBaseType()"/><a name="getBaseType()"/><ul class="blockList"><li class="blockList"><h4>getBaseType</h4><pre>public int getBaseType()
                throws <a href="../../../../javax/sql/rowset/serial/SerialException.html" title="class in javax.sql.rowset.serial">SerialException</a></pre><div class="block">Retrieves the SQL type of the elements in this <code>SerialArray</code> object. The <code>int</code> returned is one of the constants in the class <code>java.sql.Types</code>.                      </div><dl> <dt> <strong>Specified by: </strong>   </dt><dd> <code>getBaseType</code> in interface <code>java.sql.Array</code>  </dd> <dt> <span class="strong">Returns:</span>   </dt><dd>one of the constants in <code>java.sql.Types</code>, indicating the SQL type of the elements in this <code>SerialArray</code> object                </dd> <dt> <span class="strong">Throws:</span>   </dt><dd> <code><a href="../../../../javax/sql/rowset/serial/SerialException.html" title="class in javax.sql.rowset.serial">SerialException</a></code> - if an error occurs      </dd>   </dl></li></ul> <a end_ctx_id="method:getBaseType()"/>  </td><td bgcolor="#FFFFFF" colspan="1"> <a start_ctx_id="method:getBaseType()"/><a name="getBaseType()"/><ul class="blockList"><li class="blockList"><h4>getBaseType</h4><pre>public int getBaseType()
                throws <a href="../../../../javax/sql/rowset/serial/SerialException.html" title="class in javax.sql.rowset.serial">SerialException</a></pre><div class="block">Retrieves the SQL type of the elements in this <code>SerialArray</code> object. The <code>int</code> returned is one of the constants in the class <code>java.sql.Types</code>.                      </div><dl> <dt> <strong>Specified by: </strong>   </dt><dd> <code>getBaseType</code> in interface <code>java.sql.Array</code>  </dd> <dt> <span class="strong">Returns:</span>   </dt><dd>one of the constants in <code>java.sql.Types</code>, indicating the SQL type of the elements in this <code>SerialArray</code> object                </dd> <dt> <span class="strong">Throws:</span>   </dt><dd> <code><a href="../../../../javax/sql/rowset/serial/SerialException.html" title="class in javax.sql.rowset.serial">SerialException</a></code> - if an error occurs; if <code>free</code> had previously been called on this object               </dd>   </dl></li></ul> <a end_ctx_id="method:getBaseType()"/>  </td></tr></table></td></tr></table><table border="0" cellpadding="1" cellspacing="0" width="100%"><tr><td><h3 class="ctxid">method:getBaseTypeName() [CHANGED]</h3></td></tr><tr><td><table border="0" cellpadding="5" cellspacing="1" bgcolor="black" width="100%"><tr valign="top"><td bgcolor="#EEEEEE" colspan="2"> <a start_ctx_id="method:getBaseTypeName()"/><a name="getBaseTypeName()"/><ul class="blockList"><li class="blockList"><h4>getBaseTypeName</h4><pre>public java.lang.String getBaseTypeName()
                                 throws <a href="../../../../javax/sql/rowset/serial/SerialException.html" title="class in javax.sql.rowset.serial">SerialException</a></pre><div class="block">Retrieves the DBMS-specific type name for the elements in this <code>SerialArray</code> object.           </div><dl> <dt> <strong>Specified by: </strong>   </dt><dd> <code>getBaseTypeName</code> in interface <code>java.sql.Array</code>  </dd> <dt> <span class="strong">Returns:</span>   </dt><dd>the SQL type name used by the DBMS for the base type of this <code>SerialArray</code> object               </dd> <dt> <span class="strong">Throws:</span>   </dt><dd> <code><a href="../../../../javax/sql/rowset/serial/SerialException.html" title="class in javax.sql.rowset.serial">SerialException</a></code> - if an error occurs<span class="diff-html-added">;</span> <span class="diff-html-added">if</span> <code><span class="diff-html-added">free</span></code> <span class="diff-html-added">had</span> <span class="diff-html-added">previously</span> <span class="diff-html-added">been</span> <span class="diff-html-added">called</span> <span class="diff-html-added">on</span> <span class="diff-html-added">this</span> <span class="diff-html-added">object</span>               </dd>   </dl></li></ul> <a end_ctx_id="method:getBaseTypeName()"/>  </td></tr><tr valign="top"><td bgcolor="#CCCCCC" colspan="1"> <a start_ctx_id="method:getBaseTypeName()"/><a name="getBaseTypeName()"/><ul class="blockList"><li class="blockList"><h4>getBaseTypeName</h4><pre>public java.lang.String getBaseTypeName()
                                 throws <a href="../../../../javax/sql/rowset/serial/SerialException.html" title="class in javax.sql.rowset.serial">SerialException</a></pre><div class="block">Retrieves the DBMS-specific type name for the elements in this <code>SerialArray</code> object.           </div><dl> <dt> <strong>Specified by: </strong>   </dt><dd> <code>getBaseTypeName</code> in interface <code>java.sql.Array</code>  </dd> <dt> <span class="strong">Returns:</span>   </dt><dd>the SQL type name used by the DBMS for the base type of this <code>SerialArray</code> object               </dd> <dt> <span class="strong">Throws:</span>   </dt><dd> <code><a href="../../../../javax/sql/rowset/serial/SerialException.html" title="class in javax.sql.rowset.serial">SerialException</a></code> - if an error occurs      </dd>   </dl></li></ul> <a end_ctx_id="method:getBaseTypeName()"/>  </td><td bgcolor="#FFFFFF" colspan="1"> <a start_ctx_id="method:getBaseTypeName()"/><a name="getBaseTypeName()"/><ul class="blockList"><li class="blockList"><h4>getBaseTypeName</h4><pre>public java.lang.String getBaseTypeName()
                                 throws <a href="../../../../javax/sql/rowset/serial/SerialException.html" title="class in javax.sql.rowset.serial">SerialException</a></pre><div class="block">Retrieves the DBMS-specific type name for the elements in this <code>SerialArray</code> object.           </div><dl> <dt> <strong>Specified by: </strong>   </dt><dd> <code>getBaseTypeName</code> in interface <code>java.sql.Array</code>  </dd> <dt> <span class="strong">Returns:</span>   </dt><dd>the SQL type name used by the DBMS for the base type of this <code>SerialArray</code> object               </dd> <dt> <span class="strong">Throws:</span>   </dt><dd> <code><a href="../../../../javax/sql/rowset/serial/SerialException.html" title="class in javax.sql.rowset.serial">SerialException</a></code> - if an error occurs; if <code>free</code> had previously been called on this object               </dd>   </dl></li></ul> <a end_ctx_id="method:getBaseTypeName()"/>  </td></tr></table></td></tr></table><table border="0" cellpadding="1" cellspacing="0" width="100%"><tr><td><h3 class="ctxid">method:getResultSet(long, int) [CHANGED]</h3></td></tr><tr><td><table border="0" cellpadding="5" cellspacing="1" bgcolor="black" width="100%"><tr valign="top"><td bgcolor="#EEEEEE" colspan="2"> <a start_ctx_id="method:getResultSet(long, int)"/><a name="getResultSet(long, int)"/><ul class="blockList"><li class="blockList"><h4>getResultSet</h4><pre>public java.sql.ResultSet getResultSet(long index,
                                       int count)
                                throws <a href="../../../../javax/sql/rowset/serial/SerialException.html" title="class in javax.sql.rowset.serial">SerialException</a></pre><div class="block">Retrieves a <code>ResultSet</code> object holding the elements of the subarray that starts at index <i>index</i> and contains up to <i>count</i> successive elements. This method uses the connection's type map to map the elements of the array if the map contains an entry for the base type. Otherwise, the standard mapping is used.                                                   </div><dl> <dt> <strong>Specified by: </strong>   </dt><dd> <code>getResultSet</code> in interface <code>java.sql.Array</code>  </dd> <dt> <span class="strong">Parameters:</span>   </dt><dd> <code>index</code> - the index into this <code>SerialArray</code> object of the first element to be copied; the index of the first element in the array is <code>0</code>                          </dd><dd> <code>count</code> - the number of consecutive elements to be copied, starting at the given index               </dd> <dt> <span class="strong">Returns:</span>   </dt><dd>a <code>ResultSet</code> object containing the designated elements in this <code>SerialArray</code> object, with a separate row for each element                 </dd> <dt> <span class="strong">Throws:</span>   </dt><dd> <code><a href="../../../../javax/sql/rowset/serial/SerialException.html" title="class in javax.sql.rowset.serial">SerialException</a><span class="diff-html-removed">,</span></code> - <span class="diff-html-removed">which</span> <span class="diff-html-removed">in</span> <span class="diff-html-removed">turn</span> <span class="diff-html-removed">throws</span> <span class="diff-html-removed">an</span> <code changeType="diff-removed-tag"><span class="diff-html-removed">UnsupportedOperationException</span></code><span class="diff-html-removed">,</span>if <span class="diff-html-removed">this</span> <span class="diff-html-removed">method</span> <span class="diff-html-removed">is</span>called <dd changeType="diff-removed-tag"> <code><a href="../../../../javax/sql/rowset/serial/SerialException.html" title="class in javax.sql.rowset.serial"><span class="diff-html-removed">SerialException</span></a><span class="diff-html-removed"/></code> </dd><span class="diff-html-added">with</span> <span class="diff-html-added">the</span> <span class="diff-html-added">cause</span> <span class="diff-html-added">set</span> <span class="diff-html-added">to</span> <code><span class="diff-html-added">UnsupportedOperationException</span></code>                 </dd>    </dl></li></ul> <a end_ctx_id="method:getResultSet(long, int)"/>  </td></tr><tr valign="top"><td bgcolor="#CCCCCC" colspan="1"> <a start_ctx_id="method:getResultSet(long, int)"/><a name="getResultSet(long, int)"/><ul class="blockList"><li class="blockList"><h4>getResultSet</h4><pre>public java.sql.ResultSet getResultSet(long index,
                                       int count)
                                throws <a href="../../../../javax/sql/rowset/serial/SerialException.html" title="class in javax.sql.rowset.serial">SerialException</a></pre><div class="block">Retrieves a <code>ResultSet</code> object holding the elements of the subarray that starts at index <i>index</i> and contains up to <i>count</i> successive elements. This method uses the connection's type map to map the elements of the array if the map contains an entry for the base type. Otherwise, the standard mapping is used.                                                   </div><dl> <dt> <strong>Specified by: </strong>   </dt><dd> <code>getResultSet</code> in interface <code>java.sql.Array</code>  </dd> <dt> <span class="strong">Parameters:</span>   </dt><dd> <code>index</code> - the index into this <code>SerialArray</code> object of the first element to be copied; the index of the first element in the array is <code>0</code>                          </dd><dd> <code>count</code> - the number of consecutive elements to be copied, starting at the given index               </dd> <dt> <span class="strong">Returns:</span>   </dt><dd>a <code>ResultSet</code> object containing the designated elements in this <code>SerialArray</code> object, with a separate row for each element                 </dd> <dt> <span class="strong">Throws:</span>   </dt><dd> <code>SerialException,</code> - which in turn throws an <code changeType="diff-removed-tag">UnsupportedOperationException</code>, if this method is called             </dd><dd changeType="diff-removed-tag"> <code><a href="../../../../javax/sql/rowset/serial/SerialException.html" title="class in javax.sql.rowset.serial">SerialException</a></code> </dd>    </dl></li></ul> <a end_ctx_id="method:getResultSet(long, int)"/>  </td><td bgcolor="#FFFFFF" colspan="1"> <a start_ctx_id="method:getResultSet(long, int)"/><a name="getResultSet(long, int)"/><ul class="blockList"><li class="blockList"><h4>getResultSet</h4><pre>public java.sql.ResultSet getResultSet(long index,
                                       int count)
                                throws <a href="../../../../javax/sql/rowset/serial/SerialException.html" title="class in javax.sql.rowset.serial">SerialException</a></pre><div class="block">Retrieves a <code>ResultSet</code> object holding the elements of the subarray that starts at index <i>index</i> and contains up to <i>count</i> successive elements. This method uses the connection's type map to map the elements of the array if the map contains an entry for the base type. Otherwise, the standard mapping is used.                                                   </div><dl> <dt> <strong>Specified by: </strong>   </dt><dd> <code>getResultSet</code> in interface <code>java.sql.Array</code>  </dd> <dt> <span class="strong">Parameters:</span>   </dt><dd> <code>index</code> - the index into this <code>SerialArray</code> object of the first element to be copied; the index of the first element in the array is <code>0</code>                          </dd><dd> <code>count</code> - the number of consecutive elements to be copied, starting at the given index               </dd> <dt> <span class="strong">Returns:</span>   </dt><dd>a <code>ResultSet</code> object containing the designated elements in this <code>SerialArray</code> object, with a separate row for each element                 </dd> <dt> <span class="strong">Throws:</span>   </dt><dd> <code><a href="../../../../javax/sql/rowset/serial/SerialException.html" title="class in javax.sql.rowset.serial">SerialException</a></code> - if called with the cause set to <code>UnsupportedOperationException</code>          </dd>    </dl></li></ul> <a end_ctx_id="method:getResultSet(long, int)"/>  </td></tr></table></td></tr></table><table border="0" cellpadding="1" cellspacing="0" width="100%"><tr><td><h3 class="ctxid">method:getResultSet(java.util.Map) [CHANGED]</h3></td></tr><tr><td><table border="0" cellpadding="5" cellspacing="1" bgcolor="black" width="100%"><tr valign="top"><td bgcolor="#EEEEEE" colspan="2"> <a start_ctx_id="method:getResultSet(java.util.Map)"/><a name="getResultSet(java.util.Map)"/><ul class="blockList"><li class="blockList"><h4>getResultSet</h4><pre>public java.sql.ResultSet getResultSet(java.util.Map&lt;java.lang.String,java.lang.Class&lt;?&gt;&gt; map)
                                throws <a href="../../../../javax/sql/rowset/serial/SerialException.html" title="class in javax.sql.rowset.serial">SerialException</a></pre><div class="block">Retrieves a <code>ResultSet</code> object that contains all of the elements of the SQL <code>ARRAY</code> value represented by this <code>SerialArray</code> object. This method uses the specified map for type map customizations unless the base type of the array does not match a user-defined type (UDT) in <i>map</i>, in which case it uses the standard mapping. This version of the method <code>getResultSet</code> uses either the given type map or the standard mapping; it never uses the type map associated with the connection.                                                                               </div><dl> <dt> <strong>Specified by: </strong>   </dt><dd> <code>getResultSet</code> in interface <code>java.sql.Array</code>  </dd> <dt> <span class="strong">Parameters:</span>   </dt><dd> <code>map</code> - a <code>java.util.Map</code> object in which each entry consists of 1) a <code>String</code> object giving the fully qualified name of a UDT and 2) the <code>Class</code> object for the <code>SQLData</code> implementation that defines how the UDT is to be mapped                                         </dd> <dt> <span class="strong">Returns:</span>   </dt><dd>a <code>ResultSet</code> object containing all of the elements in this <code>SerialArray</code> object, with a separate row for each element                  </dd> <dt> <span class="strong">Throws:</span>   </dt><dd> <code><a href="../../../../javax/sql/rowset/serial/SerialException.html" title="class in javax.sql.rowset.serial">SerialException</a><span class="diff-html-removed">,</span></code> - <span class="diff-html-removed">which</span> <span class="diff-html-removed">in</span> <span class="diff-html-removed">turn</span> <span class="diff-html-removed">throws</span> <span class="diff-html-removed">an</span> <code changeType="diff-removed-tag"><span class="diff-html-removed">UnsupportedOperationException</span></code><span class="diff-html-removed">,</span>if <span class="diff-html-removed">this</span> <span class="diff-html-removed">method</span> <span class="diff-html-removed">is</span>called <dd changeType="diff-removed-tag"> <code><a href="../../../../javax/sql/rowset/serial/SerialException.html" title="class in javax.sql.rowset.serial"><span class="diff-html-removed">SerialException</span></a><span class="diff-html-removed"/></code> </dd><span class="diff-html-added">with</span> <span class="diff-html-added">the</span> <span class="diff-html-added">cause</span> <span class="diff-html-added">set</span> <span class="diff-html-added">to</span> <code><span class="diff-html-added">UnsupportedOperationException</span></code>                 </dd>    </dl></li></ul> <a end_ctx_id="method:getResultSet(java.util.Map)"/>  </td></tr><tr valign="top"><td bgcolor="#CCCCCC" colspan="1"> <a start_ctx_id="method:getResultSet(java.util.Map)"/><a name="getResultSet(java.util.Map)"/><ul class="blockList"><li class="blockList"><h4>getResultSet</h4><pre>public java.sql.ResultSet getResultSet(java.util.Map&lt;java.lang.String,java.lang.Class&lt;?&gt;&gt; map)
                                throws <a href="../../../../javax/sql/rowset/serial/SerialException.html" title="class in javax.sql.rowset.serial">SerialException</a></pre><div class="block">Retrieves a <code>ResultSet</code> object that contains all of the elements of the SQL <code>ARRAY</code> value represented by this <code>SerialArray</code> object. This method uses the specified map for type map customizations unless the base type of the array does not match a user-defined type (UDT) in <i>map</i>, in which case it uses the standard mapping. This version of the method <code>getResultSet</code> uses either the given type map or the standard mapping; it never uses the type map associated with the connection.                                                                               </div><dl> <dt> <strong>Specified by: </strong>   </dt><dd> <code>getResultSet</code> in interface <code>java.sql.Array</code>  </dd> <dt> <span class="strong">Parameters:</span>   </dt><dd> <code>map</code> - a <code>java.util.Map</code> object in which each entry consists of 1) a <code>String</code> object giving the fully qualified name of a UDT and 2) the <code>Class</code> object for the <code>SQLData</code> implementation that defines how the UDT is to be mapped                                         </dd> <dt> <span class="strong">Returns:</span>   </dt><dd>a <code>ResultSet</code> object containing all of the elements in this <code>SerialArray</code> object, with a separate row for each element                  </dd> <dt> <span class="strong">Throws:</span>   </dt><dd> <code>SerialException,</code> - which in turn throws an <code changeType="diff-removed-tag">UnsupportedOperationException</code>, if this method is called             </dd><dd changeType="diff-removed-tag"> <code><a href="../../../../javax/sql/rowset/serial/SerialException.html" title="class in javax.sql.rowset.serial">SerialException</a></code> </dd>    </dl></li></ul> <a end_ctx_id="method:getResultSet(java.util.Map)"/>  </td><td bgcolor="#FFFFFF" colspan="1"> <a start_ctx_id="method:getResultSet(java.util.Map)"/><a name="getResultSet(java.util.Map)"/><ul class="blockList"><li class="blockList"><h4>getResultSet</h4><pre>public java.sql.ResultSet getResultSet(java.util.Map&lt;java.lang.String,java.lang.Class&lt;?&gt;&gt; map)
                                throws <a href="../../../../javax/sql/rowset/serial/SerialException.html" title="class in javax.sql.rowset.serial">SerialException</a></pre><div class="block">Retrieves a <code>ResultSet</code> object that contains all of the elements of the SQL <code>ARRAY</code> value represented by this <code>SerialArray</code> object. This method uses the specified map for type map customizations unless the base type of the array does not match a user-defined type (UDT) in <i>map</i>, in which case it uses the standard mapping. This version of the method <code>getResultSet</code> uses either the given type map or the standard mapping; it never uses the type map associated with the connection.                                                                               </div><dl> <dt> <strong>Specified by: </strong>   </dt><dd> <code>getResultSet</code> in interface <code>java.sql.Array</code>  </dd> <dt> <span class="strong">Parameters:</span>   </dt><dd> <code>map</code> - a <code>java.util.Map</code> object in which each entry consists of 1) a <code>String</code> object giving the fully qualified name of a UDT and 2) the <code>Class</code> object for the <code>SQLData</code> implementation that defines how the UDT is to be mapped                                         </dd> <dt> <span class="strong">Returns:</span>   </dt><dd>a <code>ResultSet</code> object containing all of the elements in this <code>SerialArray</code> object, with a separate row for each element                  </dd> <dt> <span class="strong">Throws:</span>   </dt><dd> <code><a href="../../../../javax/sql/rowset/serial/SerialException.html" title="class in javax.sql.rowset.serial">SerialException</a></code> - if called with the cause set to <code>UnsupportedOperationException</code>          </dd>    </dl></li></ul> <a end_ctx_id="method:getResultSet(java.util.Map)"/>  </td></tr></table></td></tr></table><table border="0" cellpadding="1" cellspacing="0" width="100%"><tr><td><h3 class="ctxid">method:getResultSet() [CHANGED]</h3></td></tr><tr><td><table border="0" cellpadding="5" cellspacing="1" bgcolor="black" width="100%"><tr valign="top"><td bgcolor="#EEEEEE" colspan="2"> <a start_ctx_id="method:getResultSet()"/><a name="getResultSet()"/><ul class="blockList"><li class="blockList"><h4>getResultSet</h4><pre>public java.sql.ResultSet getResultSet()
                                throws <a href="../../../../javax/sql/rowset/serial/SerialException.html" title="class in javax.sql.rowset.serial">SerialException</a></pre><div class="block">Retrieves a <code>ResultSet</code> object that contains all of the elements in the <code>ARRAY</code> value that this <code>SerialArray</code> object represents. If appropriate, the elements of the array are mapped using the connection's type map; otherwise, the standard mapping is used.                                      </div><dl> <dt> <strong>Specified by: </strong>   </dt><dd> <code>getResultSet</code> in interface <code>java.sql.Array</code>  </dd> <dt> <span class="strong">Returns:</span>   </dt><dd>a <code>ResultSet</code> object containing all of the elements in this <code>SerialArray</code> object, with a separate row for each element                  </dd> <dt> <span class="strong">Throws:</span>   </dt><dd> <code><a href="../../../../javax/sql/rowset/serial/SerialException.html" title="class in javax.sql.rowset.serial">SerialException</a></code> - if called <span class="diff-html-removed">,</span> <span class="diff-html-removed">which</span> <span class="diff-html-removed">in</span> <span class="diff-html-removed">turn</span> <span class="diff-html-removed">throws</span> <span class="diff-html-removed">an</span><span class="diff-html-added">with</span> <span class="diff-html-added">the</span> <span class="diff-html-added">cause</span> <span class="diff-html-added">set</span> <span class="diff-html-added">to</span> <code>UnsupportedOperationException<span class="diff-html-removed">,</span> <span class="diff-html-removed">if</span> <span class="diff-html-removed">this</span> <span class="diff-html-removed">method</span> <span class="diff-html-removed">is</span> <span class="diff-html-removed">called</span>     </code>               </dd>   </dl></li></ul> <a end_ctx_id="method:getResultSet()"/>  </td></tr><tr valign="top"><td bgcolor="#CCCCCC" colspan="1"> <a start_ctx_id="method:getResultSet()"/><a name="getResultSet()"/><ul class="blockList"><li class="blockList"><h4>getResultSet</h4><pre>public java.sql.ResultSet getResultSet()
                                throws <a href="../../../../javax/sql/rowset/serial/SerialException.html" title="class in javax.sql.rowset.serial">SerialException</a></pre><div class="block">Retrieves a <code>ResultSet</code> object that contains all of the elements in the <code>ARRAY</code> value that this <code>SerialArray</code> object represents. If appropriate, the elements of the array are mapped using the connection's type map; otherwise, the standard mapping is used.                                      </div><dl> <dt> <strong>Specified by: </strong>   </dt><dd> <code>getResultSet</code> in interface <code>java.sql.Array</code>  </dd> <dt> <span class="strong">Returns:</span>   </dt><dd>a <code>ResultSet</code> object containing all of the elements in this <code>SerialArray</code> object, with a separate row for each element                  </dd> <dt> <span class="strong">Throws:</span>   </dt><dd> <code><a href="../../../../javax/sql/rowset/serial/SerialException.html" title="class in javax.sql.rowset.serial">SerialException</a></code> - if called, which in turn throws an <code>UnsupportedOperationException</code>, if this method is called               </dd>   </dl></li></ul> <a end_ctx_id="method:getResultSet()"/>  </td><td bgcolor="#FFFFFF" colspan="1"> <a start_ctx_id="method:getResultSet()"/><a name="getResultSet()"/><ul class="blockList"><li class="blockList"><h4>getResultSet</h4><pre>public java.sql.ResultSet getResultSet()
                                throws <a href="../../../../javax/sql/rowset/serial/SerialException.html" title="class in javax.sql.rowset.serial">SerialException</a></pre><div class="block">Retrieves a <code>ResultSet</code> object that contains all of the elements in the <code>ARRAY</code> value that this <code>SerialArray</code> object represents. If appropriate, the elements of the array are mapped using the connection's type map; otherwise, the standard mapping is used.                                      </div><dl> <dt> <strong>Specified by: </strong>   </dt><dd> <code>getResultSet</code> in interface <code>java.sql.Array</code>  </dd> <dt> <span class="strong">Returns:</span>   </dt><dd>a <code>ResultSet</code> object containing all of the elements in this <code>SerialArray</code> object, with a separate row for each element                  </dd> <dt> <span class="strong">Throws:</span>   </dt><dd> <code><a href="../../../../javax/sql/rowset/serial/SerialException.html" title="class in javax.sql.rowset.serial">SerialException</a></code> - if called with the cause set to <code>UnsupportedOperationException</code>          </dd>   </dl></li></ul> <a end_ctx_id="method:getResultSet()"/>  </td></tr></table></td></tr></table><table border="0" cellpadding="1" cellspacing="0" width="100%"><tr><td><h3 class="ctxid">method:getResultSet(long, int, java.util.Map) [CHANGED]</h3></td></tr><tr><td><table border="0" cellpadding="5" cellspacing="1" bgcolor="black" width="100%"><tr valign="top"><td bgcolor="#EEEEEE" colspan="2"> <a start_ctx_id="method:getResultSet(long, int, java.util.Map)"/><a name="getResultSet(long, int, java.util.Map)"/><ul class="blockList"><li class="blockList"><h4>getResultSet</h4><pre>public java.sql.ResultSet getResultSet(long index,
                                       int count,
                                       java.util.Map&lt;java.lang.String,java.lang.Class&lt;?&gt;&gt; map)
                                throws <a href="../../../../javax/sql/rowset/serial/SerialException.html" title="class in javax.sql.rowset.serial">SerialException</a></pre><div class="block">Retrieves a result set holding the elements of the subarray that starts at Retrieves a <code>ResultSet</code> object that contains a subarray of the elements in this <code>SerialArray</code> object, starting at index <i>index</i> and containing up to <i>count</i> successive elements. This method uses the specified map for type map customizations unless the base type of the array does not match a user-defined type (UDT) in <i>map</i>, in which case it uses the standard mapping. This version of the method <code>getResultSet</code> uses either the given type map or the standard mapping; it never uses the type map associated with the connection.                                                                                                  </div><dl> <dt> <strong>Specified by: </strong>   </dt><dd> <code>getResultSet</code> in interface <code>java.sql.Array</code>  </dd> <dt> <span class="strong">Parameters:</span>   </dt><dd> <code>index</code> - the index into this <code>SerialArray</code> object of the first element to be copied; the index of the first element in the array is <code>0</code>                          </dd><dd> <code>count</code> - the number of consecutive elements to be copied, starting at the given index               </dd><dd> <code>map</code> - a <code>java.util.Map</code> object in which each entry consists of 1) a <code>String</code> object giving the fully qualified name of a UDT and 2) the <code>Class</code> object for the <code>SQLData</code> implementation that defines how the UDT is to be mapped                                         </dd> <dt> <span class="strong">Returns:</span>   </dt><dd>a <code>ResultSet</code> object containing the designated elements in this <code>SerialArray</code> object, with a separate row for each element                 </dd> <dt> <span class="strong">Throws:</span>   </dt><dd> <code><a href="../../../../javax/sql/rowset/serial/SerialException.html" title="class in javax.sql.rowset.serial">SerialException</a></code> - if called <span class="diff-html-removed">,</span> <span class="diff-html-removed">which</span> <span class="diff-html-removed">in</span> <span class="diff-html-removed">turn</span> <span class="diff-html-removed">throws</span> <span class="diff-html-removed">an</span><span class="diff-html-added">with</span> <span class="diff-html-added">the</span> <span class="diff-html-added">cause</span> <span class="diff-html-added">set</span> <span class="diff-html-added">to</span> <code>UnsupportedOperationException</code>               </dd>    </dl></li></ul> <a end_ctx_id="method:getResultSet(long, int, java.util.Map)"/>  </td></tr><tr valign="top"><td bgcolor="#CCCCCC" colspan="1"> <a start_ctx_id="method:getResultSet(long, int, java.util.Map)"/><a name="getResultSet(long, int, java.util.Map)"/><ul class="blockListLast"><li class="blockList"><h4>getResultSet</h4><pre>public java.sql.ResultSet getResultSet(long index,
                                       int count,
                                       java.util.Map&lt;java.lang.String,java.lang.Class&lt;?&gt;&gt; map)
                                throws <a href="../../../../javax/sql/rowset/serial/SerialException.html" title="class in javax.sql.rowset.serial">SerialException</a></pre><div class="block">Retrieves a result set holding the elements of the subarray that starts at Retrieves a <code>ResultSet</code> object that contains a subarray of the elements in this <code>SerialArray</code> object, starting at index <i>index</i> and containing up to <i>count</i> successive elements. This method uses the specified map for type map customizations unless the base type of the array does not match a user-defined type (UDT) in <i>map</i>, in which case it uses the standard mapping. This version of the method <code>getResultSet</code> uses either the given type map or the standard mapping; it never uses the type map associated with the connection.                                                                                                  </div><dl> <dt> <strong>Specified by: </strong>   </dt><dd> <code>getResultSet</code> in interface <code>java.sql.Array</code>  </dd> <dt> <span class="strong">Parameters:</span>   </dt><dd> <code>index</code> - the index into this <code>SerialArray</code> object of the first element to be copied; the index of the first element in the array is <code>0</code>                          </dd><dd> <code>count</code> - the number of consecutive elements to be copied, starting at the given index               </dd><dd> <code>map</code> - a <code>java.util.Map</code> object in which each entry consists of 1) a <code>String</code> object giving the fully qualified name of a UDT and 2) the <code>Class</code> object for the <code>SQLData</code> implementation that defines how the UDT is to be mapped                                         </dd> <dt> <span class="strong">Returns:</span>   </dt><dd>a <code>ResultSet</code> object containing the designated elements in this <code>SerialArray</code> object, with a separate row for each element                 </dd> <dt> <span class="strong">Throws:</span>   </dt><dd> <code><a href="../../../../javax/sql/rowset/serial/SerialException.html" title="class in javax.sql.rowset.serial">SerialException</a></code> - if called, which in turn throws an <code>UnsupportedOperationException</code>          </dd>    </dl></li></ul> <a end_ctx_id="method:getResultSet(long, int, java.util.Map)"/>  </td><td bgcolor="#FFFFFF" colspan="1"> <a start_ctx_id="method:getResultSet(long, int, java.util.Map)"/><a name="getResultSet(long, int, java.util.Map)"/><ul class="blockList"><li class="blockList"><h4>getResultSet</h4><pre>public java.sql.ResultSet getResultSet(long index,
                                       int count,
                                       java.util.Map&lt;java.lang.String,java.lang.Class&lt;?&gt;&gt; map)
                                throws <a href="../../../../javax/sql/rowset/serial/SerialException.html" title="class in javax.sql.rowset.serial">SerialException</a></pre><div class="block">Retrieves a result set holding the elements of the subarray that starts at Retrieves a <code>ResultSet</code> object that contains a subarray of the elements in this <code>SerialArray</code> object, starting at index <i>index</i> and containing up to <i>count</i> successive elements. This method uses the specified map for type map customizations unless the base type of the array does not match a user-defined type (UDT) in <i>map</i>, in which case it uses the standard mapping. This version of the method <code>getResultSet</code> uses either the given type map or the standard mapping; it never uses the type map associated with the connection.                                                                                                  </div><dl> <dt> <strong>Specified by: </strong>   </dt><dd> <code>getResultSet</code> in interface <code>java.sql.Array</code>  </dd> <dt> <span class="strong">Parameters:</span>   </dt><dd> <code>index</code> - the index into this <code>SerialArray</code> object of the first element to be copied; the index of the first element in the array is <code>0</code>                          </dd><dd> <code>count</code> - the number of consecutive elements to be copied, starting at the given index               </dd><dd> <code>map</code> - a <code>java.util.Map</code> object in which each entry consists of 1) a <code>String</code> object giving the fully qualified name of a UDT and 2) the <code>Class</code> object for the <code>SQLData</code> implementation that defines how the UDT is to be mapped                                         </dd> <dt> <span class="strong">Returns:</span>   </dt><dd>a <code>ResultSet</code> object containing the designated elements in this <code>SerialArray</code> object, with a separate row for each element                 </dd> <dt> <span class="strong">Throws:</span>   </dt><dd> <code><a href="../../../../javax/sql/rowset/serial/SerialException.html" title="class in javax.sql.rowset.serial">SerialException</a></code> - if called with the cause set to <code>UnsupportedOperationException</code>          </dd>    </dl></li></ul> <a end_ctx_id="method:getResultSet(long, int, java.util.Map)"/>  </td></tr></table></td></tr></table><table border="0" cellpadding="1" cellspacing="0" width="100%"><tr><td><h3 class="ctxid">method:equals(java.lang.Object) [ADDED]</h3></td></tr><tr><td><table border="0" cellpadding="5" cellspacing="1" bgcolor="black" width="100%"><tr valign="top"><td bgcolor="#FFFFFF" colspan="1"> <a start_ctx_id="method:equals(java.lang.Object)"><span class="diff-html-added"/></a><a name="equals(java.lang.Object)"/><ul class="blockList"><li class="blockList"><h4><span class="diff-html-added">equals</span></h4><pre><span class="diff-html-added">public boolean equals(java.lang.Object obj)</span></pre><div class="block"><span class="diff-html-added">Compares</span> <span class="diff-html-added">this</span> <span class="diff-html-added">SerialArray</span> <span class="diff-html-added">to</span> <span class="diff-html-added">the</span> <span class="diff-html-added">specified</span> <span class="diff-html-added">object.</span> <span class="diff-html-added">The</span> <span class="diff-html-added">result</span> <span class="diff-html-added">is</span> <code><span class="diff-html-added">true</span></code> <span class="diff-html-added">if</span> <span class="diff-html-added">and</span> <span class="diff-html-added">only</span> <span class="diff-html-added">if</span> <span class="diff-html-added">the</span> <span class="diff-html-added">argument</span> <span class="diff-html-added">is</span> <span class="diff-html-added">not</span> <code><span class="diff-html-added">null</span></code> <span class="diff-html-added">and</span> <span class="diff-html-added">is</span> <span class="diff-html-added">a</span> <code><span class="diff-html-added">SerialArray</span></code> <span class="diff-html-added">object</span> <span class="diff-html-added">whose</span> <span class="diff-html-added">elements</span> <span class="diff-html-added">are</span> <span class="diff-html-added">identical</span> <span class="diff-html-added">to</span> <span class="diff-html-added">this</span> <span class="diff-html-added">object's</span> <span class="diff-html-added">elements</span>                                </div><dl> <dt> <strong><span class="diff-html-added">Overrides:</span></strong>   </dt><dd> <code><span class="diff-html-added">equals</span></code><span class="diff-html-added"> in</span> <span class="diff-html-added">class </span><code><span class="diff-html-added">java.lang.Object</span></code>  </dd> <dt> <span class="strong"><span class="diff-html-added">Parameters:</span></span>   </dt><dd> <code><span class="diff-html-added">obj</span></code> <span class="diff-html-added">-</span> <span class="diff-html-added">The</span> <span class="diff-html-added">object</span> <span class="diff-html-added">to</span> <span class="diff-html-added">compare</span> <span class="diff-html-added">this</span> <code><span class="diff-html-added">SerialArray</span></code> <span class="diff-html-added">against</span>         </dd> <dt> <span class="strong"><span class="diff-html-added">Returns:</span></span>   </dt><dd> <code><span class="diff-html-added">true</span></code> <span class="diff-html-added">if</span> <span class="diff-html-added">the</span> <span class="diff-html-added">given</span> <span class="diff-html-added">object</span> <span class="diff-html-added">represents</span> <span class="diff-html-added">a</span> <code><span class="diff-html-added">SerialArray</span></code> <span class="diff-html-added">equivalent</span> <span class="diff-html-added">to</span> <span class="diff-html-added">this</span> <span class="diff-html-added">SerialArray,</span> <code><span class="diff-html-added">false</span></code> <span class="diff-html-added">otherwise</span>              </dd> <dt> <span class="strong"><span class="diff-html-added">See</span> <span class="diff-html-added">Also:</span> </span>   </dt><dd> <code><span class="diff-html-added">Object.hashCode()</span></code><span class="diff-html-added">,</span> <span class="diff-html-added">&lt;code&gt;HashMap&lt;/code&gt;</span>  </dd>    </dl></li></ul> <a end_ctx_id="method:equals(java.lang.Object)"><span class="diff-html-added"/></a>  </td></tr></table></td></tr></table><table border="0" cellpadding="1" cellspacing="0" width="100%"><tr><td><h3 class="ctxid">method:hashCode() [ADDED]</h3></td></tr><tr><td><table border="0" cellpadding="5" cellspacing="1" bgcolor="black" width="100%"><tr valign="top"><td bgcolor="#FFFFFF" colspan="1"> <a start_ctx_id="method:hashCode()"><span class="diff-html-added"/></a><a name="hashCode()"/><ul class="blockList"><li class="blockList"><h4><span class="diff-html-added">hashCode</span></h4><pre><span class="diff-html-added">public int hashCode()</span></pre><div class="block"><span class="diff-html-added">Returns</span> <span class="diff-html-added">a</span> <span class="diff-html-added">hash</span> <span class="diff-html-added">code</span> <span class="diff-html-added">for</span> <span class="diff-html-added">this</span> <span class="diff-html-added">SerialArray.</span> <span class="diff-html-added">The</span> <span class="diff-html-added">hash</span> <span class="diff-html-added">code</span> <span class="diff-html-added">for</span> <span class="diff-html-added">a</span> <code><span class="diff-html-added">SerialArray</span></code> <span class="diff-html-added">object</span> <span class="diff-html-added">is</span> <span class="diff-html-added">computed</span> <span class="diff-html-added">using</span> <span class="diff-html-added">the</span> <span class="diff-html-added">hash</span> <span class="diff-html-added">codes</span> <span class="diff-html-added">of</span> <span class="diff-html-added">the</span> <span class="diff-html-added">elements</span> <span class="diff-html-added">of</span> <span class="diff-html-added">the</span> <code><span class="diff-html-added">SerialArray</span></code> <span class="diff-html-added">object</span>                          </div><dl> <dt> <strong><span class="diff-html-added">Overrides:</span></strong>   </dt><dd> <code><span class="diff-html-added">hashCode</span></code><span class="diff-html-added"> in</span> <span class="diff-html-added">class </span><code><span class="diff-html-added">java.lang.Object</span></code>  </dd> <dt> <span class="strong"><span class="diff-html-added">Returns:</span></span>   </dt><dd><span class="diff-html-added">a</span> <span class="diff-html-added">hash</span> <span class="diff-html-added">code</span> <span class="diff-html-added">value</span> <span class="diff-html-added">for</span> <span class="diff-html-added">this</span> <span class="diff-html-added">object.</span>      </dd> <dt> <span class="strong"><span class="diff-html-added">See</span> <span class="diff-html-added">Also:</span> </span>   </dt><dd> <code><span class="diff-html-added">Object.equals(java.lang.Object)</span></code><span class="diff-html-added">,</span> <code><span class="diff-html-added">System.identityHashCode(java.lang.Object)</span></code>  </dd>   </dl></li></ul> <a end_ctx_id="method:hashCode()"><span class="diff-html-added"/></a>  </td></tr></table></td></tr></table><table border="0" cellpadding="1" cellspacing="0" width="100%"><tr><td><h3 class="ctxid">method:clone() [ADDED]</h3></td></tr><tr><td><table border="0" cellpadding="5" cellspacing="1" bgcolor="black" width="100%"><tr valign="top"><td bgcolor="#FFFFFF" colspan="1"> <a start_ctx_id="method:clone()"><span class="diff-html-added"/></a><a name="clone()"/><ul class="blockListLast"><li class="blockList"><h4><span class="diff-html-added">clone</span></h4><pre><span class="diff-html-added">public java.lang.Object clone()</span></pre><div class="block"><span class="diff-html-added">Returns</span> <span class="diff-html-added">a</span> <span class="diff-html-added">clone</span> <span class="diff-html-added">of</span> <span class="diff-html-added">this</span> <code><span class="diff-html-added">SerialArray</span></code><span class="diff-html-added">.</span> <span class="diff-html-added">The</span> <span class="diff-html-added">copy</span> <span class="diff-html-added">will</span> <span class="diff-html-added">contain</span> <span class="diff-html-added">a</span> <span class="diff-html-added">reference</span> <span class="diff-html-added">to</span> <span class="diff-html-added">a</span> <span class="diff-html-added">clone</span> <span class="diff-html-added">of</span> <span class="diff-html-added">the</span> <span class="diff-html-added">underlying</span> <span class="diff-html-added">objects</span> <span class="diff-html-added">array,</span> <span class="diff-html-added">not</span> <span class="diff-html-added">a</span> <span class="diff-html-added">reference</span> <span class="diff-html-added">to</span> <span class="diff-html-added">the</span> <span class="diff-html-added">original</span> <span class="diff-html-added">underlying</span> <span class="diff-html-added">object</span> <span class="diff-html-added">array</span> <span class="diff-html-added">of</span> <span class="diff-html-added">this</span> <code><span class="diff-html-added">SerialArray</span></code> <span class="diff-html-added">object.</span>                                </div><dl> <dt> <strong><span class="diff-html-added">Overrides:</span></strong>   </dt><dd> <code><span class="diff-html-added">clone</span></code><span class="diff-html-added"> in</span> <span class="diff-html-added">class </span><code><span class="diff-html-added">java.lang.Object</span></code>  </dd> <dt> <span class="strong"><span class="diff-html-added">Returns:</span></span>   </dt><dd><span class="diff-html-added">a</span> <span class="diff-html-added">clone</span> <span class="diff-html-added">of</span> <span class="diff-html-added">this</span> <span class="diff-html-added">SerialArray</span>    </dd> <dt> <span class="strong"><span class="diff-html-added">See</span> <span class="diff-html-added">Also:</span> </span>   </dt><dd><span class="diff-html-added">&lt;code&gt;Cloneable&lt;/code&gt;</span></dd>   </dl></li></ul> <a end_ctx_id="method:clone()"><span class="diff-html-added"/></a>  </td></tr></table></td></tr></table></diff></diffreport>