<?xml version="1.0" encoding="UTF-8"?><diffreport><diff><table border="0" cellpadding="1" cellspacing="0" width="100%"><tr><td><h3 class="ctxid">class:SerialStruct [CHANGED]</h3></td></tr><tr><td><table border="0" cellpadding="5" cellspacing="1" bgcolor="black" width="100%"><tr valign="top"><td bgcolor="#EEEEEE" colspan="2"><div class="description"> <a start_ctx_id="class:SerialStruct"/><ul class="blockList"><li class="blockList"><dl> <dt>All Implemented Interfaces:  </dt><dd>java.io.Serializable, java.lang.Cloneable, java.sql.Struct  </dd> </dl> <hr/> <br/><pre>public class <span class="strong">SerialStruct</span>
extends java.lang.Object
implements java.sql.Struct, java.io.Serializable, java.lang.Cloneable</pre><div class="block">A serialized mapping in the Java programming language of an SQL structured type. Each attribute that is not already serialized is mapped to a serialized form, and if an attribute is itself a structured type, each of its attributes that is not already serialized is mapped to a serialized form.<p> In addition, the structured type is custom mapped to a class in the Java programming language if there is such a mapping, as are its attributes, if appropriate.                            </p><p> The <code>SerialStruct</code> class provides a constructor for creating an instance from a <code>Struct</code> object, a method for retrieving the SQL type name of the SQL structured type in the database, and methods for retrieving its attribute values.                                     </p><h3> <span class="diff-html-added">Thread</span> <span class="diff-html-added">safety</span>  </h3> <span class="diff-html-added">A</span> <span class="diff-html-added">SerialStruct</span> <span class="diff-html-added">is</span> <span class="diff-html-added">not</span> <span class="diff-html-added">safe</span> <span class="diff-html-added">for</span> <span class="diff-html-added">use</span> <span class="diff-html-added">by</span> <span class="diff-html-added">multiple</span> <span class="diff-html-added">concurrent</span> <span class="diff-html-added">threads.</span> <span class="diff-html-added">If</span> <span class="diff-html-added">a</span> <span class="diff-html-added">SerialStruct</span> <span class="diff-html-added">is</span> <span class="diff-html-added">to</span> <span class="diff-html-added">be</span> <span class="diff-html-added">used</span> <span class="diff-html-added">by</span> <span class="diff-html-added">more</span> <span class="diff-html-added">than</span> <span class="diff-html-added">one</span> <span class="diff-html-added">thread</span> <span class="diff-html-added">then</span> <span class="diff-html-added">access</span> <span class="diff-html-added">to</span> <span class="diff-html-added">the</span> <span class="diff-html-added">SerialStruct</span> <span class="diff-html-added">should</span> <span class="diff-html-added">be</span> <span class="diff-html-added">controlled</span> <span class="diff-html-added">by</span> <span class="diff-html-added">appropriate</span> <span class="diff-html-added">synchronization.</span>                                                                                   </div><dl> <dt> <span class="strong">See Also: </span>   </dt><dd> <a href="../../../../serialized-form.html#javax.sql.rowset.serial.SerialStruct">Serialized Form </a> </dd> </dl>  </li></ul> </div> <a end_ctx_id="class:SerialStruct"/> </td></tr><tr valign="top"><td bgcolor="#CCCCCC" colspan="1"><div class="description"> <a start_ctx_id="class:SerialStruct"/><ul class="blockList"><li class="blockList"><dl> <dt>All Implemented Interfaces:  </dt><dd>java.io.Serializable, java.lang.Cloneable, java.sql.Struct  </dd> </dl> <hr/> <br/><pre>public class <span class="strong">SerialStruct</span>
extends java.lang.Object
implements java.sql.Struct, java.io.Serializable, java.lang.Cloneable</pre><div class="block">A serialized mapping in the Java programming language of an SQL structured type. Each attribute that is not already serialized is mapped to a serialized form, and if an attribute is itself a structured type, each of its attributes that is not already serialized is mapped to a serialized form.<p> In addition, the structured type is custom mapped to a class in the Java programming language if there is such a mapping, as are its attributes, if appropriate.                            </p><p> The <code>SerialStruct</code> class provides a constructor for creating an instance from a <code>Struct</code> object, a method for retrieving the SQL type name of the SQL structured type in the database, and methods for retrieving its attribute values.                                     </p>                                                 </div><dl> <dt> <span class="strong">See Also: </span>   </dt><dd> <a href="../../../../serialized-form.html#javax.sql.rowset.serial.SerialStruct">Serialized Form </a> </dd> </dl>  </li></ul> </div> <a end_ctx_id="class:SerialStruct"/> </td><td bgcolor="#FFFFFF" colspan="1"><div class="description"> <a start_ctx_id="class:SerialStruct"/><ul class="blockList"><li class="blockList"><dl> <dt>All Implemented Interfaces:  </dt><dd>java.io.Serializable, java.lang.Cloneable, java.sql.Struct  </dd> </dl> <hr/> <br/><pre>public class <span class="strong">SerialStruct</span>
extends java.lang.Object
implements java.sql.Struct, java.io.Serializable, java.lang.Cloneable</pre><div class="block">A serialized mapping in the Java programming language of an SQL structured type. Each attribute that is not already serialized is mapped to a serialized form, and if an attribute is itself a structured type, each of its attributes that is not already serialized is mapped to a serialized form.<p> In addition, the structured type is custom mapped to a class in the Java programming language if there is such a mapping, as are its attributes, if appropriate.                            </p><p> The <code>SerialStruct</code> class provides a constructor for creating an instance from a <code>Struct</code> object, a method for retrieving the SQL type name of the SQL structured type in the database, and methods for retrieving its attribute values.                                     </p><h3> Thread safety  </h3> A SerialStruct is not safe for use by multiple concurrent threads. If a SerialStruct is to be used by more than one thread then access to the SerialStruct should be controlled by appropriate synchronization.                                                                                   </div><dl> <dt> <span class="strong">See Also: </span>   </dt><dd> <a href="../../../../serialized-form.html#javax.sql.rowset.serial.SerialStruct">Serialized Form </a> </dd> </dl>  </li></ul> </div> <a end_ctx_id="class:SerialStruct"/> </td></tr></table></td></tr></table><table border="0" cellpadding="1" cellspacing="0" width="100%"><tr><td><h3 class="ctxid">constructor:SerialStruct(java.sql.Struct, java.util.Map) [CHANGED]</h3></td></tr><tr><td><table border="0" cellpadding="5" cellspacing="1" bgcolor="black" width="100%"><tr valign="top"><td bgcolor="#EEEEEE" colspan="2"> <a start_ctx_id="constructor:SerialStruct(java.sql.Struct, java.util.Map)"/><a name="SerialStruct(java.sql.Struct, java.util.Map)"/><ul class="blockList"><li class="blockList"><h4>SerialStruct</h4><pre>public SerialStruct(java.sql.Struct in,
                    java.util.Map&lt;java.lang.String,java.lang.Class&lt;?&gt;&gt; map)
             throws <a href="../../../../javax/sql/rowset/serial/SerialException.html" title="class in javax.sql.rowset.serial">SerialException</a></pre><div class="block">Constructs a <code>SerialStruct</code> object from the given <code>Struct</code> object, using the given <code>java.util.Map</code> object for custom mapping the SQL structured type or any of its attributes that are SQL structured types.                              </div><dl> <dt> <span class="strong">Parameters:</span>   </dt><dd> <code><span class="diff-html-added">in</span></code> <span class="diff-html-added">-</span> <span class="diff-html-added">an</span> <span class="diff-html-added">instance</span> <span class="diff-html-added">of</span> <code><span class="diff-html-added">Struct</span></code>      </dd><dd> <code>map</code> - a <code>java.util.Map</code> object in which each entry consists of 1) a <code>String</code> object giving the fully qualified name of a UDT and 2) the <code>Class</code> object for the <code>SQLData</code> implementation that defines how the UDT is to be mapped                                         </dd> <dt> <span class="strong">Throws:</span>   </dt><dd> <code><a href="../../../../javax/sql/rowset/serial/SerialException.html" title="class in javax.sql.rowset.serial">SerialException</a></code> - if an error occurs      </dd> <dt> <span class="strong">See Also: </span>   </dt><dd>&lt;code&gt;Struct&lt;/code&gt;</dd>   </dl></li></ul> <a end_ctx_id="constructor:SerialStruct(java.sql.Struct, java.util.Map)"/>  </td></tr><tr valign="top"><td bgcolor="#CCCCCC" colspan="1"> <a start_ctx_id="constructor:SerialStruct(java.sql.Struct, java.util.Map)"/><a name="SerialStruct(java.sql.Struct, java.util.Map)"/><ul class="blockList"><li class="blockList"><h4>SerialStruct</h4><pre>public SerialStruct(java.sql.Struct in,
                    java.util.Map&lt;java.lang.String,java.lang.Class&lt;?&gt;&gt; map)
             throws <a href="../../../../javax/sql/rowset/serial/SerialException.html" title="class in javax.sql.rowset.serial">SerialException</a></pre><div class="block">Constructs a <code>SerialStruct</code> object from the given <code>Struct</code> object, using the given <code>java.util.Map</code> object for custom mapping the SQL structured type or any of its attributes that are SQL structured types.                              </div><dl> <dt> <span class="strong">Parameters:</span>   </dt><dd> <code>map</code> - a <code>java.util.Map</code> object in which each entry consists of 1) a <code>String</code> object giving the fully qualified name of a UDT and 2) the <code>Class</code> object for the <code>SQLData</code> implementation that defines how the UDT is to be mapped                                         </dd> <dt> <span class="strong">Throws:</span>   </dt><dd> <code><a href="../../../../javax/sql/rowset/serial/SerialException.html" title="class in javax.sql.rowset.serial">SerialException</a></code> - if an error occurs      </dd> <dt> <span class="strong">See Also: </span>   </dt><dd>&lt;code&gt;Struct&lt;/code&gt;</dd>   </dl></li></ul> <a end_ctx_id="constructor:SerialStruct(java.sql.Struct, java.util.Map)"/>  </td><td bgcolor="#FFFFFF" colspan="1"> <a start_ctx_id="constructor:SerialStruct(java.sql.Struct, java.util.Map)"/><a name="SerialStruct(java.sql.Struct, java.util.Map)"/><ul class="blockList"><li class="blockList"><h4>SerialStruct</h4><pre>public SerialStruct(java.sql.Struct in,
                    java.util.Map&lt;java.lang.String,java.lang.Class&lt;?&gt;&gt; map)
             throws <a href="../../../../javax/sql/rowset/serial/SerialException.html" title="class in javax.sql.rowset.serial">SerialException</a></pre><div class="block">Constructs a <code>SerialStruct</code> object from the given <code>Struct</code> object, using the given <code>java.util.Map</code> object for custom mapping the SQL structured type or any of its attributes that are SQL structured types.                              </div><dl> <dt> <span class="strong">Parameters:</span>   </dt><dd> <code>in</code> - an instance of <code>Struct</code>      </dd><dd> <code>map</code> - a <code>java.util.Map</code> object in which each entry consists of 1) a <code>String</code> object giving the fully qualified name of a UDT and 2) the <code>Class</code> object for the <code>SQLData</code> implementation that defines how the UDT is to be mapped                                         </dd> <dt> <span class="strong">Throws:</span>   </dt><dd> <code><a href="../../../../javax/sql/rowset/serial/SerialException.html" title="class in javax.sql.rowset.serial">SerialException</a></code> - if an error occurs      </dd> <dt> <span class="strong">See Also: </span>   </dt><dd>&lt;code&gt;Struct&lt;/code&gt;</dd>   </dl></li></ul> <a end_ctx_id="constructor:SerialStruct(java.sql.Struct, java.util.Map)"/>  </td></tr></table></td></tr></table><table border="0" cellpadding="1" cellspacing="0" width="100%"><tr><td><h3 class="ctxid">constructor:SerialStruct(java.sql.SQLData, java.util.Map) [NONE]</h3></td></tr><tr><td><table border="0" cellpadding="5" cellspacing="1" bgcolor="black" width="100%"><tr valign="top"><td bgcolor="#FFFFFF" colspan="1"> <a start_ctx_id="constructor:SerialStruct(java.sql.SQLData, java.util.Map)"/><a name="SerialStruct(java.sql.SQLData, java.util.Map)"/><ul class="blockListLast"><li class="blockList"><h4>SerialStruct</h4><pre>public SerialStruct(java.sql.SQLData in,
                    java.util.Map&lt;java.lang.String,java.lang.Class&lt;?&gt;&gt; map)
             throws <a href="../../../../javax/sql/rowset/serial/SerialException.html" title="class in javax.sql.rowset.serial">SerialException</a></pre><div class="block">Constructs a <code>SerialStruct</code> object from the given <code>SQLData</code> object, using the given type map to custom map it to a class in the Java programming language. The type map gives the SQL type and the class to which it is mapped. The <code>SQLData</code> object defines the class to which the SQL type will be mapped.                                                      </div><dl> <dt> <span class="strong">Parameters:</span>   </dt><dd> <code>in</code> - an instance of the <code>SQLData</code> class that defines the mapping of the SQL structured type to one or more objects in the Java programming language                           </dd><dd> <code>map</code> - a <code>java.util.Map</code> object in which each entry consists of 1) a <code>String</code> object giving the fully qualified name of a UDT and 2) the <code>Class</code> object for the <code>SQLData</code> implementation that defines how the UDT is to be mapped                                         </dd> <dt> <span class="strong">Throws:</span>   </dt><dd> <code><a href="../../../../javax/sql/rowset/serial/SerialException.html" title="class in javax.sql.rowset.serial">SerialException</a></code> - if an error occurs      </dd>  </dl></li></ul> <a end_ctx_id="constructor:SerialStruct(java.sql.SQLData, java.util.Map)"/>  </td></tr></table></td></tr></table><table border="0" cellpadding="1" cellspacing="0" width="100%"><tr><td><h3 class="ctxid">method:getSQLTypeName() [NONE]</h3></td></tr><tr><td><table border="0" cellpadding="5" cellspacing="1" bgcolor="black" width="100%"><tr valign="top"><td bgcolor="#FFFFFF" colspan="1"> <a start_ctx_id="method:getSQLTypeName()"/><a name="getSQLTypeName()"/><ul class="blockList"><li class="blockList"><h4>getSQLTypeName</h4><pre>public java.lang.String getSQLTypeName()
                                throws <a href="../../../../javax/sql/rowset/serial/SerialException.html" title="class in javax.sql.rowset.serial">SerialException</a></pre><div class="block">Retrieves the SQL type name for this <code>SerialStruct</code> object. This is the name used in the SQL definition of the structured type                     </div><dl> <dt> <strong>Specified by: </strong>   </dt><dd> <code>getSQLTypeName</code> in interface <code>java.sql.Struct</code>  </dd> <dt> <span class="strong">Returns:</span>   </dt><dd>a <code>String</code> object representing the SQL type name for the SQL structured type that this <code>SerialStruct</code> object represents                 </dd> <dt> <span class="strong">Throws:</span>   </dt><dd> <code><a href="../../../../javax/sql/rowset/serial/SerialException.html" title="class in javax.sql.rowset.serial">SerialException</a></code> - if an error occurs      </dd>   </dl></li></ul> <a end_ctx_id="method:getSQLTypeName()"/>  </td></tr></table></td></tr></table><table border="0" cellpadding="1" cellspacing="0" width="100%"><tr><td><h3 class="ctxid">method:getAttributes() [NONE]</h3></td></tr><tr><td><table border="0" cellpadding="5" cellspacing="1" bgcolor="black" width="100%"><tr valign="top"><td bgcolor="#FFFFFF" colspan="1"> <a start_ctx_id="method:getAttributes()"/><a name="getAttributes()"/><ul class="blockList"><li class="blockList"><h4>getAttributes</h4><pre>public java.lang.Object[] getAttributes()
                                 throws <a href="../../../../javax/sql/rowset/serial/SerialException.html" title="class in javax.sql.rowset.serial">SerialException</a></pre><div class="block">Retrieves an array of <code>Object</code> values containing the attributes of the SQL structured type that this <code>SerialStruct</code> object represents.                  </div><dl> <dt> <strong>Specified by: </strong>   </dt><dd> <code>getAttributes</code> in interface <code>java.sql.Struct</code>  </dd> <dt> <span class="strong">Returns:</span>   </dt><dd>an array of <code>Object</code> values, with each element being an attribute of the SQL structured type that this <code>SerialStruct</code> object represents                    </dd> <dt> <span class="strong">Throws:</span>   </dt><dd> <code><a href="../../../../javax/sql/rowset/serial/SerialException.html" title="class in javax.sql.rowset.serial">SerialException</a></code> - if an error occurs      </dd>   </dl></li></ul> <a end_ctx_id="method:getAttributes()"/>  </td></tr></table></td></tr></table><table border="0" cellpadding="1" cellspacing="0" width="100%"><tr><td><h3 class="ctxid">method:getAttributes(java.util.Map) [NONE]</h3></td></tr><tr><td><table border="0" cellpadding="5" cellspacing="1" bgcolor="black" width="100%"><tr valign="top"><td bgcolor="#FFFFFF" colspan="1"> <a start_ctx_id="method:getAttributes(java.util.Map)"/><a name="getAttributes(java.util.Map)"/><ul class="blockList"><li class="blockList"><h4>getAttributes</h4><pre>public java.lang.Object[] getAttributes(java.util.Map&lt;java.lang.String,java.lang.Class&lt;?&gt;&gt; map)
                                 throws <a href="../../../../javax/sql/rowset/serial/SerialException.html" title="class in javax.sql.rowset.serial">SerialException</a></pre><div class="block">Retrieves the attributes for the SQL structured type that this <code>SerialStruct</code> represents as an array of <code>Object</code> values, using the given type map for custom mapping if appropriate.                           </div><dl> <dt> <strong>Specified by: </strong>   </dt><dd> <code>getAttributes</code> in interface <code>java.sql.Struct</code>  </dd> <dt> <span class="strong">Parameters:</span>   </dt><dd> <code>map</code> - a <code>java.util.Map</code> object in which each entry consists of 1) a <code>String</code> object giving the fully qualified name of a UDT and 2) the <code>Class</code> object for the <code>SQLData</code> implementation that defines how the UDT is to be mapped                                         </dd> <dt> <span class="strong">Returns:</span>   </dt><dd>an array of <code>Object</code> values, with each element being an attribute of the SQL structured type that this <code>SerialStruct</code> object represents                    </dd> <dt> <span class="strong">Throws:</span>   </dt><dd> <code><a href="../../../../javax/sql/rowset/serial/SerialException.html" title="class in javax.sql.rowset.serial">SerialException</a></code> - if an error occurs      </dd>    </dl></li></ul> <a end_ctx_id="method:getAttributes(java.util.Map)"/>  </td></tr></table></td></tr></table><table border="0" cellpadding="1" cellspacing="0" width="100%"><tr><td><h3 class="ctxid">method:equals(java.lang.Object) [ADDED]</h3></td></tr><tr><td><table border="0" cellpadding="5" cellspacing="1" bgcolor="black" width="100%"><tr valign="top"><td bgcolor="#FFFFFF" colspan="1"> <a start_ctx_id="method:equals(java.lang.Object)"><span class="diff-html-added"/></a><a name="equals(java.lang.Object)"/><ul class="blockList"><li class="blockList"><h4><span class="diff-html-added">equals</span></h4><pre><span class="diff-html-added">public boolean equals(java.lang.Object obj)</span></pre><div class="block"><span class="diff-html-added">Compares</span> <span class="diff-html-added">this</span> <span class="diff-html-added">SerialStruct</span> <span class="diff-html-added">to</span> <span class="diff-html-added">the</span> <span class="diff-html-added">specified</span> <span class="diff-html-added">object.</span> <span class="diff-html-added">The</span> <span class="diff-html-added">result</span> <span class="diff-html-added">is</span> <code><span class="diff-html-added">true</span></code> <span class="diff-html-added">if</span> <span class="diff-html-added">and</span> <span class="diff-html-added">only</span> <span class="diff-html-added">if</span> <span class="diff-html-added">the</span> <span class="diff-html-added">argument</span> <span class="diff-html-added">is</span> <span class="diff-html-added">not</span> <code><span class="diff-html-added">null</span></code> <span class="diff-html-added">and</span> <span class="diff-html-added">is</span> <span class="diff-html-added">a</span> <code><span class="diff-html-added">SerialStruct</span></code> <span class="diff-html-added">object</span> <span class="diff-html-added">whose</span> <span class="diff-html-added">attributes</span> <span class="diff-html-added">are</span> <span class="diff-html-added">identical</span> <span class="diff-html-added">to</span> <span class="diff-html-added">this</span> <span class="diff-html-added">object's</span> <span class="diff-html-added">attributes</span>                                </div><dl> <dt> <strong><span class="diff-html-added">Overrides:</span></strong>   </dt><dd> <code><span class="diff-html-added">equals</span></code><span class="diff-html-added"> in</span> <span class="diff-html-added">class </span><code><span class="diff-html-added">java.lang.Object</span></code>  </dd> <dt> <span class="strong"><span class="diff-html-added">Parameters:</span></span>   </dt><dd> <code><span class="diff-html-added">obj</span></code> <span class="diff-html-added">-</span> <span class="diff-html-added">The</span> <span class="diff-html-added">object</span> <span class="diff-html-added">to</span> <span class="diff-html-added">compare</span> <span class="diff-html-added">this</span> <code><span class="diff-html-added">SerialStruct</span></code> <span class="diff-html-added">against</span>         </dd> <dt> <span class="strong"><span class="diff-html-added">Returns:</span></span>   </dt><dd> <code><span class="diff-html-added">true</span></code> <span class="diff-html-added">if</span> <span class="diff-html-added">the</span> <span class="diff-html-added">given</span> <span class="diff-html-added">object</span> <span class="diff-html-added">represents</span> <span class="diff-html-added">a</span> <code><span class="diff-html-added">SerialStruct</span></code> <span class="diff-html-added">equivalent</span> <span class="diff-html-added">to</span> <span class="diff-html-added">this</span> <span class="diff-html-added">SerialStruct,</span> <code><span class="diff-html-added">false</span></code> <span class="diff-html-added">otherwise</span>              </dd> <dt> <span class="strong"><span class="diff-html-added">See</span> <span class="diff-html-added">Also:</span> </span>   </dt><dd> <code><span class="diff-html-added">Object.hashCode()</span></code><span class="diff-html-added">,</span> <span class="diff-html-added">&lt;code&gt;HashMap&lt;/code&gt;</span>  </dd>    </dl></li></ul> <a end_ctx_id="method:equals(java.lang.Object)"><span class="diff-html-added"/></a>  </td></tr></table></td></tr></table><table border="0" cellpadding="1" cellspacing="0" width="100%"><tr><td><h3 class="ctxid">method:hashCode() [ADDED]</h3></td></tr><tr><td><table border="0" cellpadding="5" cellspacing="1" bgcolor="black" width="100%"><tr valign="top"><td bgcolor="#FFFFFF" colspan="1"> <a start_ctx_id="method:hashCode()"><span class="diff-html-added"/></a><a name="hashCode()"/><ul class="blockList"><li class="blockList"><h4><span class="diff-html-added">hashCode</span></h4><pre><span class="diff-html-added">public int hashCode()</span></pre><div class="block"><span class="diff-html-added">Returns</span> <span class="diff-html-added">a</span> <span class="diff-html-added">hash</span> <span class="diff-html-added">code</span> <span class="diff-html-added">for</span> <span class="diff-html-added">this</span> <code><span class="diff-html-added">SerialStruct</span></code><span class="diff-html-added">.</span> <span class="diff-html-added">The</span> <span class="diff-html-added">hash</span> <span class="diff-html-added">code</span> <span class="diff-html-added">for</span> <span class="diff-html-added">a</span> <code><span class="diff-html-added">SerialStruct</span></code> <span class="diff-html-added">object</span> <span class="diff-html-added">is</span> <span class="diff-html-added">computed</span> <span class="diff-html-added">using</span> <span class="diff-html-added">the</span> <span class="diff-html-added">hash</span> <span class="diff-html-added">codes</span> <span class="diff-html-added">of</span> <span class="diff-html-added">the</span> <span class="diff-html-added">attributes</span> <span class="diff-html-added">of</span> <span class="diff-html-added">the</span> <code><span class="diff-html-added">SerialStruct</span></code> <span class="diff-html-added">object</span> <span class="diff-html-added">and</span> <span class="diff-html-added">its</span> <code><span class="diff-html-added">SQLTypeName</span></code>                             </div><dl> <dt> <strong><span class="diff-html-added">Overrides:</span></strong>   </dt><dd> <code><span class="diff-html-added">hashCode</span></code><span class="diff-html-added"> in</span> <span class="diff-html-added">class </span><code><span class="diff-html-added">java.lang.Object</span></code>  </dd> <dt> <span class="strong"><span class="diff-html-added">Returns:</span></span>   </dt><dd><span class="diff-html-added">a</span> <span class="diff-html-added">hash</span> <span class="diff-html-added">code</span> <span class="diff-html-added">value</span> <span class="diff-html-added">for</span> <span class="diff-html-added">this</span> <span class="diff-html-added">object.</span>      </dd> <dt> <span class="strong"><span class="diff-html-added">See</span> <span class="diff-html-added">Also:</span> </span>   </dt><dd> <code><span class="diff-html-added">Object.equals(java.lang.Object)</span></code><span class="diff-html-added">,</span> <code><span class="diff-html-added">System.identityHashCode(java.lang.Object)</span></code>  </dd>   </dl></li></ul> <a end_ctx_id="method:hashCode()"><span class="diff-html-added"/></a>  </td></tr></table></td></tr></table><table border="0" cellpadding="1" cellspacing="0" width="100%"><tr><td><h3 class="ctxid">method:clone() [ADDED]</h3></td></tr><tr><td><table border="0" cellpadding="5" cellspacing="1" bgcolor="black" width="100%"><tr valign="top"><td bgcolor="#FFFFFF" colspan="1"> <a start_ctx_id="method:clone()"><span class="diff-html-added"/></a><a name="clone()"/><ul class="blockListLast"><li class="blockList"><h4><span class="diff-html-added">clone</span></h4><pre><span class="diff-html-added">public java.lang.Object clone()</span></pre><div class="block"><span class="diff-html-added">Returns</span> <span class="diff-html-added">a</span> <span class="diff-html-added">clone</span> <span class="diff-html-added">of</span> <span class="diff-html-added">this</span> <code><span class="diff-html-added">SerialStruct</span></code><span class="diff-html-added">.</span> <span class="diff-html-added">The</span> <span class="diff-html-added">copy</span> <span class="diff-html-added">will</span> <span class="diff-html-added">contain</span> <span class="diff-html-added">a</span> <span class="diff-html-added">reference</span> <span class="diff-html-added">to</span> <span class="diff-html-added">a</span> <span class="diff-html-added">clone</span> <span class="diff-html-added">of</span> <span class="diff-html-added">the</span> <span class="diff-html-added">underlying</span> <span class="diff-html-added">attribs</span> <span class="diff-html-added">array,</span> <span class="diff-html-added">not</span> <span class="diff-html-added">a</span> <span class="diff-html-added">reference</span> <span class="diff-html-added">to</span> <span class="diff-html-added">the</span> <span class="diff-html-added">original</span> <span class="diff-html-added">underlying</span> <span class="diff-html-added">attribs</span> <span class="diff-html-added">array</span> <span class="diff-html-added">of</span> <span class="diff-html-added">this</span> <code><span class="diff-html-added">SerialStruct</span></code> <span class="diff-html-added">object.</span>                                </div><dl> <dt> <strong><span class="diff-html-added">Overrides:</span></strong>   </dt><dd> <code><span class="diff-html-added">clone</span></code><span class="diff-html-added"> in</span> <span class="diff-html-added">class </span><code><span class="diff-html-added">java.lang.Object</span></code>  </dd> <dt> <span class="strong"><span class="diff-html-added">Returns:</span></span>   </dt><dd><span class="diff-html-added">a</span> <span class="diff-html-added">clone</span> <span class="diff-html-added">of</span> <span class="diff-html-added">this</span> <span class="diff-html-added">SerialStruct</span>    </dd> <dt> <span class="strong"><span class="diff-html-added">See</span> <span class="diff-html-added">Also:</span> </span>   </dt><dd><span class="diff-html-added">&lt;code&gt;Cloneable&lt;/code&gt;</span></dd>   </dl></li></ul> <a end_ctx_id="method:clone()"><span class="diff-html-added"/></a>  </td></tr></table></td></tr></table></diff></diffreport>