<?xml version="1.0" encoding="UTF-8" standalone="yes"?><Document><name>javax/sql/rowset/serial/SerialRef.spec</name><Context><name>class:SerialRef</name><mt>CHANGED</mt></Context><Context><name>constructor:SerialRef(java.sql.Ref)</name><mt>NONE</mt></Context><Context><name>method:clone()</name><mt>ADDED</mt></Context><Context><name>method:equals(java.lang.Object)</name><mt>ADDED</mt></Context><Context><name>method:getBaseTypeName()</name><mt>NONE</mt></Context><Context><name>method:getObject()</name><mt>NONE</mt></Context><Context><name>method:getObject(java.util.Map)</name><mt>NONE</mt></Context><Context><name>method:hashCode()</name><mt>ADDED</mt></Context><Context><name>method:setObject(java.lang.Object)</name><mt>NONE</mt></Context><Stat><name>javax/sql/rowset/serial/SerialRef.spec</name><mt>CHANGED</mt><Group name="context"><Item name="ADDED" count="3"/><Item name="REMOVED" count="0"/><Item name="CHANGED" count="1"/><Item name="MODIFIED" count="4"/><Item name="TOTAL" count="9"/></Group><Group name="assertion"><Item name="ADDED" count="0"/><Item name="REMOVED" count="0"/><Item name="CHANGED" count="0"/><Item name="MODIFIED" count="0"/><Item name="TOTAL" count="0"/></Group></Stat></Document>