<?xml version="1.0" encoding="UTF-8" standalone="yes"?><Document><name>javax/sql/rowset/serial/SerialStruct.spec</name><Context><name>class:SerialStruct</name><mt>CHANGED</mt></Context><Context><name>constructor:SerialStruct(java.sql.SQLData, java.util.Map)</name><mt>NONE</mt></Context><Context><name>constructor:SerialStruct(java.sql.Struct, java.util.Map)</name><mt>CHANGED</mt></Context><Context><name>method:clone()</name><mt>ADDED</mt></Context><Context><name>method:equals(java.lang.Object)</name><mt>ADDED</mt></Context><Context><name>method:getAttributes()</name><mt>NONE</mt></Context><Context><name>method:getAttributes(java.util.Map)</name><mt>NONE</mt></Context><Context><name>method:getSQLTypeName()</name><mt>NONE</mt></Context><Context><name>method:hashCode()</name><mt>ADDED</mt></Context><Stat><name>javax/sql/rowset/serial/SerialStruct.spec</name><mt>CHANGED</mt><Group name="context"><Item name="ADDED" count="3"/><Item name="REMOVED" count="0"/><Item name="CHANGED" count="2"/><Item name="MODIFIED" count="5"/><Item name="TOTAL" count="9"/></Group><Group name="assertion"><Item name="ADDED" count="0"/><Item name="REMOVED" count="0"/><Item name="CHANGED" count="0"/><Item name="MODIFIED" count="0"/><Item name="TOTAL" count="0"/></Group></Stat></Document>