<?xml version="1.0" encoding="UTF-8"?><diffreport><diff><table border="0" cellpadding="1" cellspacing="0" width="100%"><tr><td><h3 class="ctxid">class:SerialBlob [CHANGED]</h3></td></tr><tr><td><table border="0" cellpadding="5" cellspacing="1" bgcolor="black" width="100%"><tr valign="top"><td bgcolor="#EEEEEE" colspan="2"><div class="description"> <a start_ctx_id="class:SerialBlob"/><ul class="blockList"><li class="blockList"><dl> <dt>All Implemented Interfaces:  </dt><dd>java.io.Serializable, java.lang.Cloneable, java.sql.Blob  </dd> </dl> <hr/> <br/><pre>public class <span class="strong">SerialBlob</span>
extends java.lang.Object
implements java.sql.Blob, java.io.Serializable, java.lang.Cloneable</pre><div class="block">A serialized mapping in the Java programming language of an SQL <code>BLOB</code> value.<p> The <code>SerialBlob</code> class provides a constructor for creating an instance from a <code>Blob</code> object. Note that the <code>Blob</code> object should have brought the SQL <code>BLOB</code> value's data over to the client before a <code>SerialBlob</code> object is constructed from it. The data of an SQL <code>BLOB</code> value can be materialized on the client as an array of bytes (using the method <code>Blob.getBytes</code>) or as a stream of uninterpreted bytes (using the method <code>Blob.getBinaryStream</code>).                                                                        </p><p> <code>SerialBlob</code> methods make it possible to make a copy of a <code>SerialBlob</code> object as an array of bytes or as a stream. They also make it possible to locate a given pattern of bytes or a <code>Blob</code> object within a <code>SerialBlob</code> object and to update or truncate a <code>Blob</code> object.                                                  </p><h3> <span class="diff-html-added">Thread</span> <span class="diff-html-added">safety</span>  </h3><p> <span class="diff-html-added">A</span> <span class="diff-html-added">SerialBlob</span> <span class="diff-html-added">is</span> <span class="diff-html-added">not</span> <span class="diff-html-added">safe</span> <span class="diff-html-added">for</span> <span class="diff-html-added">use</span> <span class="diff-html-added">by</span> <span class="diff-html-added">multiple</span> <span class="diff-html-added">concurrent</span> <span class="diff-html-added">threads.</span> <span class="diff-html-added">If</span> <span class="diff-html-added">a</span> <span class="diff-html-added">SerialBlob</span> <span class="diff-html-added">is</span> <span class="diff-html-added">to</span> <span class="diff-html-added">be</span> <span class="diff-html-added">used</span> <span class="diff-html-added">by</span> <span class="diff-html-added">more</span> <span class="diff-html-added">than</span> <span class="diff-html-added">one</span> <span class="diff-html-added">thread</span> <span class="diff-html-added">then</span> <span class="diff-html-added">access</span> <span class="diff-html-added">to</span> <span class="diff-html-added">the</span> <span class="diff-html-added">SerialBlob</span> <span class="diff-html-added">should</span> <span class="diff-html-added">be</span> <span class="diff-html-added">controlled</span> <span class="diff-html-added">by</span> <span class="diff-html-added">appropriate</span> <span class="diff-html-added">synchronization.</span>                                  </p>            </div><dl> <dt> <span class="strong">See Also: </span>   </dt><dd> <a href="../../../../serialized-form.html#javax.sql.rowset.serial.SerialBlob">Serialized Form </a> </dd> </dl>  </li></ul> </div> <a end_ctx_id="class:SerialBlob"/> </td></tr><tr valign="top"><td bgcolor="#CCCCCC" colspan="1"><div class="description"> <a start_ctx_id="class:SerialBlob"/><ul class="blockList"><li class="blockList"><dl> <dt>All Implemented Interfaces:  </dt><dd>java.io.Serializable, java.lang.Cloneable, java.sql.Blob  </dd> </dl> <hr/> <br/><pre>public class <span class="strong">SerialBlob</span>
extends java.lang.Object
implements java.sql.Blob, java.io.Serializable, java.lang.Cloneable</pre><div class="block">A serialized mapping in the Java programming language of an SQL <code>BLOB</code> value.<p> The <code>SerialBlob</code> class provides a constructor for creating an instance from a <code>Blob</code> object. Note that the <code>Blob</code> object should have brought the SQL <code>BLOB</code> value's data over to the client before a <code>SerialBlob</code> object is constructed from it. The data of an SQL <code>BLOB</code> value can be materialized on the client as an array of bytes (using the method <code>Blob.getBytes</code>) or as a stream of uninterpreted bytes (using the method <code>Blob.getBinaryStream</code>).                                                                        </p><p> <code>SerialBlob</code> methods make it possible to make a copy of a <code>SerialBlob</code> object as an array of bytes or as a stream. They also make it possible to locate a given pattern of bytes or a <code>Blob</code> object within a <code>SerialBlob</code> object and to update or truncate a <code>Blob</code> object.                                                  </p>            </div><dl> <dt> <span class="strong">See Also: </span>   </dt><dd> <a href="../../../../serialized-form.html#javax.sql.rowset.serial.SerialBlob">Serialized Form </a> </dd> </dl>  </li></ul> </div> <a end_ctx_id="class:SerialBlob"/> </td><td bgcolor="#FFFFFF" colspan="1"><div class="description"> <a start_ctx_id="class:SerialBlob"/><ul class="blockList"><li class="blockList"><dl> <dt>All Implemented Interfaces:  </dt><dd>java.io.Serializable, java.lang.Cloneable, java.sql.Blob  </dd> </dl> <hr/> <br/><pre>public class <span class="strong">SerialBlob</span>
extends java.lang.Object
implements java.sql.Blob, java.io.Serializable, java.lang.Cloneable</pre><div class="block">A serialized mapping in the Java programming language of an SQL <code>BLOB</code> value.<p> The <code>SerialBlob</code> class provides a constructor for creating an instance from a <code>Blob</code> object. Note that the <code>Blob</code> object should have brought the SQL <code>BLOB</code> value's data over to the client before a <code>SerialBlob</code> object is constructed from it. The data of an SQL <code>BLOB</code> value can be materialized on the client as an array of bytes (using the method <code>Blob.getBytes</code>) or as a stream of uninterpreted bytes (using the method <code>Blob.getBinaryStream</code>).                                                                        </p><p> <code>SerialBlob</code> methods make it possible to make a copy of a <code>SerialBlob</code> object as an array of bytes or as a stream. They also make it possible to locate a given pattern of bytes or a <code>Blob</code> object within a <code>SerialBlob</code> object and to update or truncate a <code>Blob</code> object.                                                  </p><h3> Thread safety  </h3><p> A SerialBlob is not safe for use by multiple concurrent threads. If a SerialBlob is to be used by more than one thread then access to the SerialBlob should be controlled by appropriate synchronization.                                  </p>            </div><dl> <dt> <span class="strong">See Also: </span>   </dt><dd> <a href="../../../../serialized-form.html#javax.sql.rowset.serial.SerialBlob">Serialized Form </a> </dd> </dl>  </li></ul> </div> <a end_ctx_id="class:SerialBlob"/> </td></tr></table></td></tr></table><table border="0" cellpadding="1" cellspacing="0" width="100%"><tr><td><h3 class="ctxid">constructor:SerialBlob(byte[]) [NONE]</h3></td></tr><tr><td><table border="0" cellpadding="5" cellspacing="1" bgcolor="black" width="100%"><tr valign="top"><td bgcolor="#FFFFFF" colspan="1"> <a start_ctx_id="constructor:SerialBlob(byte[])"/><a name="SerialBlob(byte[])"/><ul class="blockList"><li class="blockList"><h4>SerialBlob</h4><pre>public SerialBlob(byte[] b)
           throws <a href="../../../../javax/sql/rowset/serial/SerialException.html" title="class in javax.sql.rowset.serial">SerialException</a>,
                  java.sql.SQLException</pre><div class="block">Constructs a <code>SerialBlob</code> object that is a serialized version of the given <code>byte</code> array.<p> The new <code>SerialBlob</code> object is initialized with the data from the <code>byte</code> array, thus allowing disconnected <code>RowSet</code> objects to establish serialized <code>Blob</code> objects without touching the data source.                            </p>             </div><dl> <dt> <span class="strong">Parameters:</span>   </dt><dd> <code>b</code> - the <code>byte</code> array containing the data for the <code>Blob</code> object to be serialized               </dd> <dt> <span class="strong">Throws:</span>   </dt><dd> <code><a href="../../../../javax/sql/rowset/serial/SerialException.html" title="class in javax.sql.rowset.serial">SerialException</a></code> - if an error occurs during serialization        </dd><dd> <code>java.sql.SQLException</code> - if a SQL errors occurs       </dd>  </dl></li></ul> <a end_ctx_id="constructor:SerialBlob(byte[])"/>  </td></tr></table></td></tr></table><table border="0" cellpadding="1" cellspacing="0" width="100%"><tr><td><h3 class="ctxid">constructor:SerialBlob(java.sql.Blob) [NONE]</h3></td></tr><tr><td><table border="0" cellpadding="5" cellspacing="1" bgcolor="black" width="100%"><tr valign="top"><td bgcolor="#FFFFFF" colspan="1"> <a start_ctx_id="constructor:SerialBlob(java.sql.Blob)"/><a name="SerialBlob(java.sql.Blob)"/><ul class="blockListLast"><li class="blockList"><h4>SerialBlob</h4><pre>public SerialBlob(java.sql.Blob blob)
           throws <a href="../../../../javax/sql/rowset/serial/SerialException.html" title="class in javax.sql.rowset.serial">SerialException</a>,
                  java.sql.SQLException</pre><div class="block">Constructs a <code>SerialBlob</code> object that is a serialized version of the given <code>Blob</code> object.<p> The new <code>SerialBlob</code> object is initialized with the data from the <code>Blob</code> object; therefore, the <code>Blob</code> object should have previously brought the SQL <code>BLOB</code> value's data over to the client from the database. Otherwise, the new <code>SerialBlob</code> object will contain no data.                                          </p>             </div><dl> <dt> <span class="strong">Parameters:</span>   </dt><dd> <code>blob</code> - the <code>Blob</code> object from which this <code>SerialBlob</code> object is to be constructed; cannot be null.                 </dd> <dt> <span class="strong">Throws:</span>   </dt><dd> <code><a href="../../../../javax/sql/rowset/serial/SerialException.html" title="class in javax.sql.rowset.serial">SerialException</a></code> - if an error occurs during serialization        </dd><dd> <code>java.sql.SQLException</code> - if the <code>Blob</code> passed to this to this constructor is a <code>null</code>.              </dd> <dt> <span class="strong">See Also: </span>   </dt><dd>&lt;code&gt;Blob&lt;/code&gt;</dd>   </dl></li></ul> <a end_ctx_id="constructor:SerialBlob(java.sql.Blob)"/>  </td></tr></table></td></tr></table><table border="0" cellpadding="1" cellspacing="0" width="100%"><tr><td><h3 class="ctxid">method:getBytes(long, int) [CHANGED]</h3></td></tr><tr><td><table border="0" cellpadding="5" cellspacing="1" bgcolor="black" width="100%"><tr valign="top"><td bgcolor="#EEEEEE" colspan="2"> <a start_ctx_id="method:getBytes(long, int)"/><a name="getBytes(long, int)"/><ul class="blockList"><li class="blockList"><h4>getBytes</h4><pre>public byte[] getBytes(long pos,
                       int length)
                throws <a href="../../../../javax/sql/rowset/serial/SerialException.html" title="class in javax.sql.rowset.serial">SerialException</a></pre><div class="block">Copies the specified number of bytes, starting at the given position, from this <code>SerialBlob</code> object to another array of bytes.<p> Note that if the given number of bytes to be copied is larger than the length of this <code>SerialBlob</code> object's array of bytes, the given number will be shortened to the array's length.                                 </p>                   </div><dl> <dt> <strong>Specified by: </strong>   </dt><dd> <code>getBytes</code> in interface <code>java.sql.Blob</code>  </dd> <dt> <span class="strong">Parameters:</span>   </dt><dd> <code>pos</code> - the ordinal position of the first byte in this <code>SerialBlob</code> object to be copied; numbering starts at <code>1</code>; must not be less than <code>1</code> and must be less than or equal to the length of this <code>SerialBlob</code> object                                        </dd><dd> <code>length</code> - the number of bytes to be copied         </dd> <dt> <span class="strong">Returns:</span>   </dt><dd>an array of bytes that is a copy of a region of this <code>SerialBlob</code> object, starting at the given position and containing the given number of consecutive bytes                           </dd> <dt> <span class="strong">Throws:</span>   </dt><dd> <code><a href="../../../../javax/sql/rowset/serial/SerialException.html" title="class in javax.sql.rowset.serial">SerialException</a></code> - if the given starting position is out of bounds<span class="diff-html-added">;</span> <span class="diff-html-added">if</span> <code><span class="diff-html-added">free</span></code> <span class="diff-html-added">had</span> <span class="diff-html-added">previously</span> <span class="diff-html-added">been</span> <span class="diff-html-added">called</span> <span class="diff-html-added">on</span> <span class="diff-html-added">this</span> <span class="diff-html-added">object</span>                    </dd> <dt> <span class="strong">See Also: </span>   </dt><dd> <code>Blob.setBytes(long, byte[]) </code> </dd>     </dl></li></ul> <a end_ctx_id="method:getBytes(long, int)"/>  </td></tr><tr valign="top"><td bgcolor="#CCCCCC" colspan="1"> <a start_ctx_id="method:getBytes(long, int)"/><a name="getBytes(long, int)"/><ul class="blockList"><li class="blockList"><h4>getBytes</h4><pre>public byte[] getBytes(long pos,
                       int length)
                throws <a href="../../../../javax/sql/rowset/serial/SerialException.html" title="class in javax.sql.rowset.serial">SerialException</a></pre><div class="block">Copies the specified number of bytes, starting at the given position, from this <code>SerialBlob</code> object to another array of bytes.<p> Note that if the given number of bytes to be copied is larger than the length of this <code>SerialBlob</code> object's array of bytes, the given number will be shortened to the array's length.                                 </p>                   </div><dl> <dt> <strong>Specified by: </strong>   </dt><dd> <code>getBytes</code> in interface <code>java.sql.Blob</code>  </dd> <dt> <span class="strong">Parameters:</span>   </dt><dd> <code>pos</code> - the ordinal position of the first byte in this <code>SerialBlob</code> object to be copied; numbering starts at <code>1</code>; must not be less than <code>1</code> and must be less than or equal to the length of this <code>SerialBlob</code> object                                        </dd><dd> <code>length</code> - the number of bytes to be copied         </dd> <dt> <span class="strong">Returns:</span>   </dt><dd>an array of bytes that is a copy of a region of this <code>SerialBlob</code> object, starting at the given position and containing the given number of consecutive bytes                           </dd> <dt> <span class="strong">Throws:</span>   </dt><dd> <code><a href="../../../../javax/sql/rowset/serial/SerialException.html" title="class in javax.sql.rowset.serial">SerialException</a></code> - if the given starting position is out of bounds           </dd> <dt> <span class="strong">See Also: </span>   </dt><dd> <code>Blob.setBytes(long, byte[]) </code> </dd>     </dl></li></ul> <a end_ctx_id="method:getBytes(long, int)"/>  </td><td bgcolor="#FFFFFF" colspan="1"> <a start_ctx_id="method:getBytes(long, int)"/><a name="getBytes(long, int)"/><ul class="blockList"><li class="blockList"><h4>getBytes</h4><pre>public byte[] getBytes(long pos,
                       int length)
                throws <a href="../../../../javax/sql/rowset/serial/SerialException.html" title="class in javax.sql.rowset.serial">SerialException</a></pre><div class="block">Copies the specified number of bytes, starting at the given position, from this <code>SerialBlob</code> object to another array of bytes.<p> Note that if the given number of bytes to be copied is larger than the length of this <code>SerialBlob</code> object's array of bytes, the given number will be shortened to the array's length.                                 </p>                   </div><dl> <dt> <strong>Specified by: </strong>   </dt><dd> <code>getBytes</code> in interface <code>java.sql.Blob</code>  </dd> <dt> <span class="strong">Parameters:</span>   </dt><dd> <code>pos</code> - the ordinal position of the first byte in this <code>SerialBlob</code> object to be copied; numbering starts at <code>1</code>; must not be less than <code>1</code> and must be less than or equal to the length of this <code>SerialBlob</code> object                                        </dd><dd> <code>length</code> - the number of bytes to be copied         </dd> <dt> <span class="strong">Returns:</span>   </dt><dd>an array of bytes that is a copy of a region of this <code>SerialBlob</code> object, starting at the given position and containing the given number of consecutive bytes                           </dd> <dt> <span class="strong">Throws:</span>   </dt><dd> <code><a href="../../../../javax/sql/rowset/serial/SerialException.html" title="class in javax.sql.rowset.serial">SerialException</a></code> - if the given starting position is out of bounds; if <code>free</code> had previously been called on this object                    </dd> <dt> <span class="strong">See Also: </span>   </dt><dd> <code>Blob.setBytes(long, byte[]) </code> </dd>     </dl></li></ul> <a end_ctx_id="method:getBytes(long, int)"/>  </td></tr></table></td></tr></table><table border="0" cellpadding="1" cellspacing="0" width="100%"><tr><td><h3 class="ctxid">method:length() [CHANGED]</h3></td></tr><tr><td><table border="0" cellpadding="5" cellspacing="1" bgcolor="black" width="100%"><tr valign="top"><td bgcolor="#EEEEEE" colspan="2"> <a start_ctx_id="method:length()"/><a name="length()"/><ul class="blockList"><li class="blockList"><h4>length</h4><pre>public long length()
            throws <a href="../../../../javax/sql/rowset/serial/SerialException.html" title="class in javax.sql.rowset.serial">SerialException</a></pre><div class="block">Retrieves the number of bytes in this <code>SerialBlob</code> object's array of bytes.           </div><dl> <dt> <strong>Specified by: </strong>   </dt><dd> <code>length</code> in interface <code>java.sql.Blob</code>  </dd> <dt> <span class="strong">Returns:</span>   </dt><dd>a <code>long</code> indicating the length in bytes of this <code>SerialBlob</code> object's array of bytes             </dd> <dt> <span class="strong">Throws:</span>   </dt><dd> <code><a href="../../../../javax/sql/rowset/serial/SerialException.html" title="class in javax.sql.rowset.serial">SerialException</a></code> - if an error occurs<span class="diff-html-added">;</span> <span class="diff-html-added">if</span> <code><span class="diff-html-added">free</span></code> <span class="diff-html-added">had</span> <span class="diff-html-added">previously</span> <span class="diff-html-added">been</span> <span class="diff-html-added">called</span> <span class="diff-html-added">on</span> <span class="diff-html-added">this</span> <span class="diff-html-added">object</span>               </dd>   </dl></li></ul> <a end_ctx_id="method:length()"/>  </td></tr><tr valign="top"><td bgcolor="#CCCCCC" colspan="1"> <a start_ctx_id="method:length()"/><a name="length()"/><ul class="blockList"><li class="blockList"><h4>length</h4><pre>public long length()
            throws <a href="../../../../javax/sql/rowset/serial/SerialException.html" title="class in javax.sql.rowset.serial">SerialException</a></pre><div class="block">Retrieves the number of bytes in this <code>SerialBlob</code> object's array of bytes.           </div><dl> <dt> <strong>Specified by: </strong>   </dt><dd> <code>length</code> in interface <code>java.sql.Blob</code>  </dd> <dt> <span class="strong">Returns:</span>   </dt><dd>a <code>long</code> indicating the length in bytes of this <code>SerialBlob</code> object's array of bytes             </dd> <dt> <span class="strong">Throws:</span>   </dt><dd> <code><a href="../../../../javax/sql/rowset/serial/SerialException.html" title="class in javax.sql.rowset.serial">SerialException</a></code> - if an error occurs      </dd>   </dl></li></ul> <a end_ctx_id="method:length()"/>  </td><td bgcolor="#FFFFFF" colspan="1"> <a start_ctx_id="method:length()"/><a name="length()"/><ul class="blockList"><li class="blockList"><h4>length</h4><pre>public long length()
            throws <a href="../../../../javax/sql/rowset/serial/SerialException.html" title="class in javax.sql.rowset.serial">SerialException</a></pre><div class="block">Retrieves the number of bytes in this <code>SerialBlob</code> object's array of bytes.           </div><dl> <dt> <strong>Specified by: </strong>   </dt><dd> <code>length</code> in interface <code>java.sql.Blob</code>  </dd> <dt> <span class="strong">Returns:</span>   </dt><dd>a <code>long</code> indicating the length in bytes of this <code>SerialBlob</code> object's array of bytes             </dd> <dt> <span class="strong">Throws:</span>   </dt><dd> <code><a href="../../../../javax/sql/rowset/serial/SerialException.html" title="class in javax.sql.rowset.serial">SerialException</a></code> - if an error occurs; if <code>free</code> had previously been called on this object               </dd>   </dl></li></ul> <a end_ctx_id="method:length()"/>  </td></tr></table></td></tr></table><table border="0" cellpadding="1" cellspacing="0" width="100%"><tr><td><h3 class="ctxid">method:getBinaryStream() [CHANGED]</h3></td></tr><tr><td><table border="0" cellpadding="5" cellspacing="1" bgcolor="black" width="100%"><tr valign="top"><td bgcolor="#EEEEEE" colspan="2"> <a start_ctx_id="method:getBinaryStream()"/><a name="getBinaryStream()"/><ul class="blockList"><li class="blockList"><h4>getBinaryStream</h4><pre>public java.io.InputStream getBinaryStream()
                                    throws <a href="../../../../javax/sql/rowset/serial/SerialException.html" title="class in javax.sql.rowset.serial">SerialException</a></pre><div class="block">Returns this <code>SerialBlob</code> object as an input stream. Unlike the related method, <code>setBinaryStream</code>, a stream is produced regardless of whether the <code>SerialBlob</code> was created with a <code>Blob</code> object or a <code>byte</code> array.                               </div><dl> <dt> <strong>Specified by: </strong>   </dt><dd> <code>getBinaryStream</code> in interface <code>java.sql.Blob</code>  </dd> <dt> <span class="strong">Returns:</span>   </dt><dd>a <code>java.io.InputStream</code> object that contains this <code>SerialBlob</code> object's array of bytes          </dd> <dt> <span class="strong">Throws:</span>   </dt><dd> <code><a href="../../../../javax/sql/rowset/serial/SerialException.html" title="class in javax.sql.rowset.serial">SerialException</a></code> - if an error occurs<span class="diff-html-added">;</span> <span class="diff-html-added">if</span> <code><span class="diff-html-added">free</span></code> <span class="diff-html-added">had</span> <span class="diff-html-added">previously</span> <span class="diff-html-added">been</span> <span class="diff-html-added">called</span> <span class="diff-html-added">on</span> <span class="diff-html-added">this</span> <span class="diff-html-added">object</span>               </dd> <dt> <span class="strong">See Also: </span>   </dt><dd> <a href="../../../../javax/sql/rowset/serial/SerialBlob.html#setBinaryStream(long)"><code>setBinaryStream(long)</code></a> </dd>    </dl></li></ul> <a end_ctx_id="method:getBinaryStream()"/>  </td></tr><tr valign="top"><td bgcolor="#CCCCCC" colspan="1"> <a start_ctx_id="method:getBinaryStream()"/><a name="getBinaryStream()"/><ul class="blockList"><li class="blockList"><h4>getBinaryStream</h4><pre>public java.io.InputStream getBinaryStream()
                                    throws <a href="../../../../javax/sql/rowset/serial/SerialException.html" title="class in javax.sql.rowset.serial">SerialException</a></pre><div class="block">Returns this <code>SerialBlob</code> object as an input stream. Unlike the related method, <code>setBinaryStream</code>, a stream is produced regardless of whether the <code>SerialBlob</code> was created with a <code>Blob</code> object or a <code>byte</code> array.                               </div><dl> <dt> <strong>Specified by: </strong>   </dt><dd> <code>getBinaryStream</code> in interface <code>java.sql.Blob</code>  </dd> <dt> <span class="strong">Returns:</span>   </dt><dd>a <code>java.io.InputStream</code> object that contains this <code>SerialBlob</code> object's array of bytes          </dd> <dt> <span class="strong">Throws:</span>   </dt><dd> <code><a href="../../../../javax/sql/rowset/serial/SerialException.html" title="class in javax.sql.rowset.serial">SerialException</a></code> - if an error occurs      </dd> <dt> <span class="strong">See Also: </span>   </dt><dd> <a href="../../../../javax/sql/rowset/serial/SerialBlob.html#setBinaryStream(long)"><code>setBinaryStream(long)</code></a> </dd>    </dl></li></ul> <a end_ctx_id="method:getBinaryStream()"/>  </td><td bgcolor="#FFFFFF" colspan="1"> <a start_ctx_id="method:getBinaryStream()"/><a name="getBinaryStream()"/><ul class="blockList"><li class="blockList"><h4>getBinaryStream</h4><pre>public java.io.InputStream getBinaryStream()
                                    throws <a href="../../../../javax/sql/rowset/serial/SerialException.html" title="class in javax.sql.rowset.serial">SerialException</a></pre><div class="block">Returns this <code>SerialBlob</code> object as an input stream. Unlike the related method, <code>setBinaryStream</code>, a stream is produced regardless of whether the <code>SerialBlob</code> was created with a <code>Blob</code> object or a <code>byte</code> array.                               </div><dl> <dt> <strong>Specified by: </strong>   </dt><dd> <code>getBinaryStream</code> in interface <code>java.sql.Blob</code>  </dd> <dt> <span class="strong">Returns:</span>   </dt><dd>a <code>java.io.InputStream</code> object that contains this <code>SerialBlob</code> object's array of bytes          </dd> <dt> <span class="strong">Throws:</span>   </dt><dd> <code><a href="../../../../javax/sql/rowset/serial/SerialException.html" title="class in javax.sql.rowset.serial">SerialException</a></code> - if an error occurs; if <code>free</code> had previously been called on this object               </dd> <dt> <span class="strong">See Also: </span>   </dt><dd> <a href="../../../../javax/sql/rowset/serial/SerialBlob.html#setBinaryStream(long)"><code>setBinaryStream(long)</code></a> </dd>    </dl></li></ul> <a end_ctx_id="method:getBinaryStream()"/>  </td></tr></table></td></tr></table><table border="0" cellpadding="1" cellspacing="0" width="100%"><tr><td><h3 class="ctxid">method:position(byte[], long) [CHANGED]</h3></td></tr><tr><td><table border="0" cellpadding="5" cellspacing="1" bgcolor="black" width="100%"><tr valign="top"><td bgcolor="#EEEEEE" colspan="2"> <a start_ctx_id="method:position(byte[], long)"/><a name="position(byte[], long)"/><ul class="blockList"><li class="blockList"><h4>position</h4><pre>public long position(byte[] pattern,
                     long start)
              throws <a href="../../../../javax/sql/rowset/serial/SerialException.html" title="class in javax.sql.rowset.serial">SerialException</a>,
                     java.sql.SQLException</pre><div class="block">Returns the position in this <code>SerialBlob</code> object where the given pattern of bytes begins, starting the search at the specified position.                    </div><dl> <dt> <strong>Specified by: </strong>   </dt><dd> <code>position</code> in interface <code>java.sql.Blob</code>  </dd> <dt> <span class="strong">Parameters:</span>   </dt><dd> <code>pattern</code> - the pattern of bytes for which to search          </dd><dd> <code>start</code> - the position of the byte in this <code>SerialBlob</code> object from which to begin the search; the first position is <code>1</code>; must not be less than <code>1</code> nor greater than the length of this <code>SerialBlob</code> object                                     </dd> <dt> <span class="strong">Returns:</span>   </dt><dd>the position in this <code>SerialBlob</code> object where the given pattern begins, starting at the specified position; <code>-1</code> if the pattern is not found or the given starting position is out of bounds; position numbering for the return value starts at <code>1</code>                                        </dd> <dt> <span class="strong">Throws:</span>   </dt><dd> <code><a href="../../../../javax/sql/rowset/serial/SerialException.html" title="class in javax.sql.rowset.serial">SerialException</a></code> - if an error occurs when serializing the blob<span class="diff-html-added">;</span> <span class="diff-html-added">if</span> <code><span class="diff-html-added">free</span></code> <span class="diff-html-added">had</span> <span class="diff-html-added">previously</span> <span class="diff-html-added">been</span> <span class="diff-html-added">called</span> <span class="diff-html-added">on</span> <span class="diff-html-added">this</span> <span class="diff-html-added">object</span>                   </dd><dd> <code>java.sql.SQLException</code> - if there is an error accessing the <code>BLOB</code> value from the database              </dd>    </dl></li></ul> <a end_ctx_id="method:position(byte[], long)"/>  </td></tr><tr valign="top"><td bgcolor="#CCCCCC" colspan="1"> <a start_ctx_id="method:position(byte[], long)"/><a name="position(byte[], long)"/><ul class="blockList"><li class="blockList"><h4>position</h4><pre>public long position(byte[] pattern,
                     long start)
              throws <a href="../../../../javax/sql/rowset/serial/SerialException.html" title="class in javax.sql.rowset.serial">SerialException</a>,
                     java.sql.SQLException</pre><div class="block">Returns the position in this <code>SerialBlob</code> object where the given pattern of bytes begins, starting the search at the specified position.                    </div><dl> <dt> <strong>Specified by: </strong>   </dt><dd> <code>position</code> in interface <code>java.sql.Blob</code>  </dd> <dt> <span class="strong">Parameters:</span>   </dt><dd> <code>pattern</code> - the pattern of bytes for which to search          </dd><dd> <code>start</code> - the position of the byte in this <code>SerialBlob</code> object from which to begin the search; the first position is <code>1</code>; must not be less than <code>1</code> nor greater than the length of this <code>SerialBlob</code> object                                     </dd> <dt> <span class="strong">Returns:</span>   </dt><dd>the position in this <code>SerialBlob</code> object where the given pattern begins, starting at the specified position; <code>-1</code> if the pattern is not found or the given starting position is out of bounds; position numbering for the return value starts at <code>1</code>                                        </dd> <dt> <span class="strong">Throws:</span>   </dt><dd> <code><a href="../../../../javax/sql/rowset/serial/SerialException.html" title="class in javax.sql.rowset.serial">SerialException</a></code> - if an error occurs when serializing the blob          </dd><dd> <code>java.sql.SQLException</code> - if there is an error accessing the <code>BLOB</code> value from the database              </dd>    </dl></li></ul> <a end_ctx_id="method:position(byte[], long)"/>  </td><td bgcolor="#FFFFFF" colspan="1"> <a start_ctx_id="method:position(byte[], long)"/><a name="position(byte[], long)"/><ul class="blockList"><li class="blockList"><h4>position</h4><pre>public long position(byte[] pattern,
                     long start)
              throws <a href="../../../../javax/sql/rowset/serial/SerialException.html" title="class in javax.sql.rowset.serial">SerialException</a>,
                     java.sql.SQLException</pre><div class="block">Returns the position in this <code>SerialBlob</code> object where the given pattern of bytes begins, starting the search at the specified position.                    </div><dl> <dt> <strong>Specified by: </strong>   </dt><dd> <code>position</code> in interface <code>java.sql.Blob</code>  </dd> <dt> <span class="strong">Parameters:</span>   </dt><dd> <code>pattern</code> - the pattern of bytes for which to search          </dd><dd> <code>start</code> - the position of the byte in this <code>SerialBlob</code> object from which to begin the search; the first position is <code>1</code>; must not be less than <code>1</code> nor greater than the length of this <code>SerialBlob</code> object                                     </dd> <dt> <span class="strong">Returns:</span>   </dt><dd>the position in this <code>SerialBlob</code> object where the given pattern begins, starting at the specified position; <code>-1</code> if the pattern is not found or the given starting position is out of bounds; position numbering for the return value starts at <code>1</code>                                        </dd> <dt> <span class="strong">Throws:</span>   </dt><dd> <code><a href="../../../../javax/sql/rowset/serial/SerialException.html" title="class in javax.sql.rowset.serial">SerialException</a></code> - if an error occurs when serializing the blob; if <code>free</code> had previously been called on this object                   </dd><dd> <code>java.sql.SQLException</code> - if there is an error accessing the <code>BLOB</code> value from the database              </dd>    </dl></li></ul> <a end_ctx_id="method:position(byte[], long)"/>  </td></tr></table></td></tr></table><table border="0" cellpadding="1" cellspacing="0" width="100%"><tr><td><h3 class="ctxid">method:position(java.sql.Blob, long) [CHANGED]</h3></td></tr><tr><td><table border="0" cellpadding="5" cellspacing="1" bgcolor="black" width="100%"><tr valign="top"><td bgcolor="#EEEEEE" colspan="2"> <a start_ctx_id="method:position(java.sql.Blob, long)"/><a name="position(java.sql.Blob, long)"/><ul class="blockList"><li class="blockList"><h4>position</h4><pre>public long position(java.sql.Blob pattern,
                     long start)
              throws <a href="../../../../javax/sql/rowset/serial/SerialException.html" title="class in javax.sql.rowset.serial">SerialException</a>,
                     java.sql.SQLException</pre><div class="block">Returns the position in this <code>SerialBlob</code> object where the given <code>Blob</code> object begins, starting the search at the specified position.                   </div><dl> <dt> <strong>Specified by: </strong>   </dt><dd> <code>position</code> in interface <code>java.sql.Blob</code>  </dd> <dt> <span class="strong">Parameters:</span>   </dt><dd> <code>pattern</code> - the <code>Blob</code> object for which to search;         </dd><dd> <code>start</code> - the position of the byte in this <code>SerialBlob</code> object from which to begin the search; the first position is <code>1</code>; must not be less than <code>1</code> nor greater than the length of this <code>SerialBlob</code> object                                     </dd> <dt> <span class="strong">Returns:</span>   </dt><dd>the position in this <code>SerialBlob</code> object where the given <code>Blob</code> object begins, starting at the specified position; <code>-1</code> if the pattern is not found or the given starting position is out of bounds; position numbering for the return value starts at <code>1</code>                                         </dd> <dt> <span class="strong">Throws:</span>   </dt><dd> <code><a href="../../../../javax/sql/rowset/serial/SerialException.html" title="class in javax.sql.rowset.serial">SerialException</a></code> - if an error occurs when serializing the blob<span class="diff-html-added">;</span> <span class="diff-html-added">if</span> <code><span class="diff-html-added">free</span></code> <span class="diff-html-added">had</span> <span class="diff-html-added">previously</span> <span class="diff-html-added">been</span> <span class="diff-html-added">called</span> <span class="diff-html-added">on</span> <span class="diff-html-added">this</span> <span class="diff-html-added">object</span>                   </dd><dd> <code>java.sql.SQLException</code> - if there is an error accessing the <code>BLOB</code> value from the database              </dd>    </dl></li></ul> <a end_ctx_id="method:position(java.sql.Blob, long)"/>  </td></tr><tr valign="top"><td bgcolor="#CCCCCC" colspan="1"> <a start_ctx_id="method:position(java.sql.Blob, long)"/><a name="position(java.sql.Blob, long)"/><ul class="blockList"><li class="blockList"><h4>position</h4><pre>public long position(java.sql.Blob pattern,
                     long start)
              throws <a href="../../../../javax/sql/rowset/serial/SerialException.html" title="class in javax.sql.rowset.serial">SerialException</a>,
                     java.sql.SQLException</pre><div class="block">Returns the position in this <code>SerialBlob</code> object where the given <code>Blob</code> object begins, starting the search at the specified position.                   </div><dl> <dt> <strong>Specified by: </strong>   </dt><dd> <code>position</code> in interface <code>java.sql.Blob</code>  </dd> <dt> <span class="strong">Parameters:</span>   </dt><dd> <code>pattern</code> - the <code>Blob</code> object for which to search;         </dd><dd> <code>start</code> - the position of the byte in this <code>SerialBlob</code> object from which to begin the search; the first position is <code>1</code>; must not be less than <code>1</code> nor greater than the length of this <code>SerialBlob</code> object                                     </dd> <dt> <span class="strong">Returns:</span>   </dt><dd>the position in this <code>SerialBlob</code> object where the given <code>Blob</code> object begins, starting at the specified position; <code>-1</code> if the pattern is not found or the given starting position is out of bounds; position numbering for the return value starts at <code>1</code>                                         </dd> <dt> <span class="strong">Throws:</span>   </dt><dd> <code><a href="../../../../javax/sql/rowset/serial/SerialException.html" title="class in javax.sql.rowset.serial">SerialException</a></code> - if an error occurs when serializing the blob          </dd><dd> <code>java.sql.SQLException</code> - if there is an error accessing the <code>BLOB</code> value from the database              </dd>    </dl></li></ul> <a end_ctx_id="method:position(java.sql.Blob, long)"/>  </td><td bgcolor="#FFFFFF" colspan="1"> <a start_ctx_id="method:position(java.sql.Blob, long)"/><a name="position(java.sql.Blob, long)"/><ul class="blockList"><li class="blockList"><h4>position</h4><pre>public long position(java.sql.Blob pattern,
                     long start)
              throws <a href="../../../../javax/sql/rowset/serial/SerialException.html" title="class in javax.sql.rowset.serial">SerialException</a>,
                     java.sql.SQLException</pre><div class="block">Returns the position in this <code>SerialBlob</code> object where the given <code>Blob</code> object begins, starting the search at the specified position.                   </div><dl> <dt> <strong>Specified by: </strong>   </dt><dd> <code>position</code> in interface <code>java.sql.Blob</code>  </dd> <dt> <span class="strong">Parameters:</span>   </dt><dd> <code>pattern</code> - the <code>Blob</code> object for which to search;         </dd><dd> <code>start</code> - the position of the byte in this <code>SerialBlob</code> object from which to begin the search; the first position is <code>1</code>; must not be less than <code>1</code> nor greater than the length of this <code>SerialBlob</code> object                                     </dd> <dt> <span class="strong">Returns:</span>   </dt><dd>the position in this <code>SerialBlob</code> object where the given <code>Blob</code> object begins, starting at the specified position; <code>-1</code> if the pattern is not found or the given starting position is out of bounds; position numbering for the return value starts at <code>1</code>                                         </dd> <dt> <span class="strong">Throws:</span>   </dt><dd> <code><a href="../../../../javax/sql/rowset/serial/SerialException.html" title="class in javax.sql.rowset.serial">SerialException</a></code> - if an error occurs when serializing the blob; if <code>free</code> had previously been called on this object                   </dd><dd> <code>java.sql.SQLException</code> - if there is an error accessing the <code>BLOB</code> value from the database              </dd>    </dl></li></ul> <a end_ctx_id="method:position(java.sql.Blob, long)"/>  </td></tr></table></td></tr></table><table border="0" cellpadding="1" cellspacing="0" width="100%"><tr><td><h3 class="ctxid">method:setBytes(long, byte[]) [CHANGED]</h3></td></tr><tr><td><table border="0" cellpadding="5" cellspacing="1" bgcolor="black" width="100%"><tr valign="top"><td bgcolor="#EEEEEE" colspan="2"> <a start_ctx_id="method:setBytes(long, byte[])"/><a name="setBytes(long, byte[])"/><ul class="blockList"><li class="blockList"><h4>setBytes</h4><pre>public int setBytes(long pos,
                    byte[] bytes)
             throws <a href="../../../../javax/sql/rowset/serial/SerialException.html" title="class in javax.sql.rowset.serial">SerialException</a>,
                    java.sql.SQLException</pre><div class="block">Writes the given array of bytes to the <code>BLOB</code> value that this <code>Blob</code> object represents, starting at position <code>pos</code>, and returns the number of bytes written.                         </div><dl> <dt> <strong>Specified by: </strong>   </dt><dd> <code>setBytes</code> in interface <code>java.sql.Blob</code>  </dd> <dt> <span class="strong">Parameters:</span>   </dt><dd> <code>pos</code> - the position in the SQL <code>BLOB</code> value at which to start writing. The first position is <code>1</code>; must not be less than <code>1</code> nor greater than the length of this <code>SerialBlob</code> object.                                  </dd><dd> <code>bytes</code> - the array of bytes to be written to the <code>BLOB</code> value that this <code>Blob</code> object represents                  </dd> <dt> <span class="strong">Returns:</span>   </dt><dd>the number of bytes written    </dd> <dt> <span class="strong">Throws:</span>   </dt><dd> <code><a href="../../../../javax/sql/rowset/serial/SerialException.html" title="class in javax.sql.rowset.serial">SerialException</a></code> - if there is an error accessing the <code>BLOB</code> value; or if an invalid position is set; if an invalid offset value is set<span class="diff-html-added">;</span> <span class="diff-html-added">if</span> <code><span class="diff-html-added">free</span></code> <span class="diff-html-added">had</span> <span class="diff-html-added">previously</span> <span class="diff-html-added">been</span> <span class="diff-html-added">called</span> <span class="diff-html-added">on</span> <span class="diff-html-added">this</span> <span class="diff-html-added">object</span>                                  </dd><dd> <code>java.sql.SQLException</code> - if there is an error accessing the <code>BLOB</code> value from the database              </dd> <dt> <span class="strong">See Also: </span>   </dt><dd> <a href="../../../../javax/sql/rowset/serial/SerialBlob.html#getBytes(long, int)"><code>getBytes(long, int) </code></a> </dd>     </dl></li></ul> <a end_ctx_id="method:setBytes(long, byte[])"/>  </td></tr><tr valign="top"><td bgcolor="#CCCCCC" colspan="1"> <a start_ctx_id="method:setBytes(long, byte[])"/><a name="setBytes(long, byte[])"/><ul class="blockList"><li class="blockList"><h4>setBytes</h4><pre>public int setBytes(long pos,
                    byte[] bytes)
             throws <a href="../../../../javax/sql/rowset/serial/SerialException.html" title="class in javax.sql.rowset.serial">SerialException</a>,
                    java.sql.SQLException</pre><div class="block">Writes the given array of bytes to the <code>BLOB</code> value that this <code>Blob</code> object represents, starting at position <code>pos</code>, and returns the number of bytes written.                         </div><dl> <dt> <strong>Specified by: </strong>   </dt><dd> <code>setBytes</code> in interface <code>java.sql.Blob</code>  </dd> <dt> <span class="strong">Parameters:</span>   </dt><dd> <code>pos</code> - the position in the SQL <code>BLOB</code> value at which to start writing. The first position is <code>1</code>; must not be less than <code>1</code> nor greater than the length of this <code>SerialBlob</code> object.                                  </dd><dd> <code>bytes</code> - the array of bytes to be written to the <code>BLOB</code> value that this <code>Blob</code> object represents                  </dd> <dt> <span class="strong">Returns:</span>   </dt><dd>the number of bytes written    </dd> <dt> <span class="strong">Throws:</span>   </dt><dd> <code><a href="../../../../javax/sql/rowset/serial/SerialException.html" title="class in javax.sql.rowset.serial">SerialException</a></code> - if there is an error accessing the <code>BLOB</code> value; or if an invalid position is set; if an invalid offset value is set                         </dd><dd> <code>java.sql.SQLException</code> - if there is an error accessing the <code>BLOB</code> value from the database              </dd> <dt> <span class="strong">See Also: </span>   </dt><dd> <a href="../../../../javax/sql/rowset/serial/SerialBlob.html#getBytes(long, int)"><code>getBytes(long, int) </code></a> </dd>     </dl></li></ul> <a end_ctx_id="method:setBytes(long, byte[])"/>  </td><td bgcolor="#FFFFFF" colspan="1"> <a start_ctx_id="method:setBytes(long, byte[])"/><a name="setBytes(long, byte[])"/><ul class="blockList"><li class="blockList"><h4>setBytes</h4><pre>public int setBytes(long pos,
                    byte[] bytes)
             throws <a href="../../../../javax/sql/rowset/serial/SerialException.html" title="class in javax.sql.rowset.serial">SerialException</a>,
                    java.sql.SQLException</pre><div class="block">Writes the given array of bytes to the <code>BLOB</code> value that this <code>Blob</code> object represents, starting at position <code>pos</code>, and returns the number of bytes written.                         </div><dl> <dt> <strong>Specified by: </strong>   </dt><dd> <code>setBytes</code> in interface <code>java.sql.Blob</code>  </dd> <dt> <span class="strong">Parameters:</span>   </dt><dd> <code>pos</code> - the position in the SQL <code>BLOB</code> value at which to start writing. The first position is <code>1</code>; must not be less than <code>1</code> nor greater than the length of this <code>SerialBlob</code> object.                                  </dd><dd> <code>bytes</code> - the array of bytes to be written to the <code>BLOB</code> value that this <code>Blob</code> object represents                  </dd> <dt> <span class="strong">Returns:</span>   </dt><dd>the number of bytes written    </dd> <dt> <span class="strong">Throws:</span>   </dt><dd> <code><a href="../../../../javax/sql/rowset/serial/SerialException.html" title="class in javax.sql.rowset.serial">SerialException</a></code> - if there is an error accessing the <code>BLOB</code> value; or if an invalid position is set; if an invalid offset value is set; if <code>free</code> had previously been called on this object                                  </dd><dd> <code>java.sql.SQLException</code> - if there is an error accessing the <code>BLOB</code> value from the database              </dd> <dt> <span class="strong">See Also: </span>   </dt><dd> <a href="../../../../javax/sql/rowset/serial/SerialBlob.html#getBytes(long, int)"><code>getBytes(long, int) </code></a> </dd>     </dl></li></ul> <a end_ctx_id="method:setBytes(long, byte[])"/>  </td></tr></table></td></tr></table><table border="0" cellpadding="1" cellspacing="0" width="100%"><tr><td><h3 class="ctxid">method:setBytes(long, byte[], int, int) [CHANGED]</h3></td></tr><tr><td><table border="0" cellpadding="5" cellspacing="1" bgcolor="black" width="100%"><tr valign="top"><td bgcolor="#EEEEEE" colspan="2"> <a start_ctx_id="method:setBytes(long, byte[], int, int)"/><a name="setBytes(long, byte[], int, int)"/><ul class="blockList"><li class="blockList"><h4>setBytes</h4><pre>public int setBytes(long pos,
                    byte[] bytes,
                    int offset,
                    int length)
             throws <a href="../../../../javax/sql/rowset/serial/SerialException.html" title="class in javax.sql.rowset.serial">SerialException</a>,
                    java.sql.SQLException</pre><div class="block">Writes all or part of the given <code>byte</code> array to the <code>BLOB</code> value that this <code>Blob</code> object represents and returns the number of bytes written. Writing starts at position <code>pos</code> in the <code>BLOB</code> value; <i>len</i> bytes from the given byte array are written.                                          </div><dl> <dt> <strong>Specified by: </strong>   </dt><dd> <code>setBytes</code> in interface <code>java.sql.Blob</code>  </dd> <dt> <span class="strong">Parameters:</span>   </dt><dd> <code>pos</code> - the position in the <code>BLOB</code> object at which to start writing. The first position is <code>1</code>; must not be less than <code>1</code> nor greater than the length of this <code>SerialBlob</code> object.                                 </dd><dd> <code>bytes</code> - the array of bytes to be written to the <code>BLOB</code> value             </dd><dd> <code>offset</code> - the offset in the <code>byte</code> array at which to start reading the bytes. The first offset position is <code>0</code>; must not be less than <code>0</code> nor greater than the length of the <code>byte</code> array                                    </dd><dd> <code>length</code> - the number of bytes to be written to the <code>BLOB</code> value from the array of bytes <i>bytes</i>.                   </dd> <dt> <span class="strong">Returns:</span>   </dt><dd>the number of bytes written    </dd> <dt> <span class="strong">Throws:</span>   </dt><dd> <code><a href="../../../../javax/sql/rowset/serial/SerialException.html" title="class in javax.sql.rowset.serial">SerialException</a></code> - if there is an error accessing the <code>BLOB</code> value; if an invalid position is set; if an invalid offset value is set; if number of bytes to be written is greater than the <code>SerialBlob</code> length; or the combined values of the length and offset is greater than the Blob buffer<span class="diff-html-added">;</span> <span class="diff-html-added">if</span> <code><span class="diff-html-added">free</span></code> <span class="diff-html-added">had</span> <span class="diff-html-added">previously</span> <span class="diff-html-added">been</span> <span class="diff-html-added">called</span> <span class="diff-html-added">on</span> <span class="diff-html-added">this</span> <span class="diff-html-added">object</span>                                                             </dd><dd> <code>java.sql.SQLException</code> - if there is an error accessing the <code>BLOB</code> value from the database.              </dd> <dt> <span class="strong">See Also: </span>   </dt><dd> <a href="../../../../javax/sql/rowset/serial/SerialBlob.html#getBytes(long, int)"><code>getBytes(long, int) </code></a> </dd>     </dl></li></ul> <a end_ctx_id="method:setBytes(long, byte[], int, int)"/>  </td></tr><tr valign="top"><td bgcolor="#CCCCCC" colspan="1"> <a start_ctx_id="method:setBytes(long, byte[], int, int)"/><a name="setBytes(long, byte[], int, int)"/><ul class="blockList"><li class="blockList"><h4>setBytes</h4><pre>public int setBytes(long pos,
                    byte[] bytes,
                    int offset,
                    int length)
             throws <a href="../../../../javax/sql/rowset/serial/SerialException.html" title="class in javax.sql.rowset.serial">SerialException</a>,
                    java.sql.SQLException</pre><div class="block">Writes all or part of the given <code>byte</code> array to the <code>BLOB</code> value that this <code>Blob</code> object represents and returns the number of bytes written. Writing starts at position <code>pos</code> in the <code>BLOB</code> value; <i>len</i> bytes from the given byte array are written.                                          </div><dl> <dt> <strong>Specified by: </strong>   </dt><dd> <code>setBytes</code> in interface <code>java.sql.Blob</code>  </dd> <dt> <span class="strong">Parameters:</span>   </dt><dd> <code>pos</code> - the position in the <code>BLOB</code> object at which to start writing. The first position is <code>1</code>; must not be less than <code>1</code> nor greater than the length of this <code>SerialBlob</code> object.                                 </dd><dd> <code>bytes</code> - the array of bytes to be written to the <code>BLOB</code> value             </dd><dd> <code>offset</code> - the offset in the <code>byte</code> array at which to start reading the bytes. The first offset position is <code>0</code>; must not be less than <code>0</code> nor greater than the length of the <code>byte</code> array                                    </dd><dd> <code>length</code> - the number of bytes to be written to the <code>BLOB</code> value from the array of bytes <i>bytes</i>.                   </dd> <dt> <span class="strong">Returns:</span>   </dt><dd>the number of bytes written    </dd> <dt> <span class="strong">Throws:</span>   </dt><dd> <code><a href="../../../../javax/sql/rowset/serial/SerialException.html" title="class in javax.sql.rowset.serial">SerialException</a></code> - if there is an error accessing the <code>BLOB</code> value; if an invalid position is set; if an invalid offset value is set; if number of bytes to be written is greater than the <code>SerialBlob</code> length; or the combined values of the length and offset is greater than the Blob buffer                                                    </dd><dd> <code>java.sql.SQLException</code> - if there is an error accessing the <code>BLOB</code> value from the database.              </dd> <dt> <span class="strong">See Also: </span>   </dt><dd> <a href="../../../../javax/sql/rowset/serial/SerialBlob.html#getBytes(long, int)"><code>getBytes(long, int) </code></a> </dd>     </dl></li></ul> <a end_ctx_id="method:setBytes(long, byte[], int, int)"/>  </td><td bgcolor="#FFFFFF" colspan="1"> <a start_ctx_id="method:setBytes(long, byte[], int, int)"/><a name="setBytes(long, byte[], int, int)"/><ul class="blockList"><li class="blockList"><h4>setBytes</h4><pre>public int setBytes(long pos,
                    byte[] bytes,
                    int offset,
                    int length)
             throws <a href="../../../../javax/sql/rowset/serial/SerialException.html" title="class in javax.sql.rowset.serial">SerialException</a>,
                    java.sql.SQLException</pre><div class="block">Writes all or part of the given <code>byte</code> array to the <code>BLOB</code> value that this <code>Blob</code> object represents and returns the number of bytes written. Writing starts at position <code>pos</code> in the <code>BLOB</code> value; <i>len</i> bytes from the given byte array are written.                                          </div><dl> <dt> <strong>Specified by: </strong>   </dt><dd> <code>setBytes</code> in interface <code>java.sql.Blob</code>  </dd> <dt> <span class="strong">Parameters:</span>   </dt><dd> <code>pos</code> - the position in the <code>BLOB</code> object at which to start writing. The first position is <code>1</code>; must not be less than <code>1</code> nor greater than the length of this <code>SerialBlob</code> object.                                 </dd><dd> <code>bytes</code> - the array of bytes to be written to the <code>BLOB</code> value             </dd><dd> <code>offset</code> - the offset in the <code>byte</code> array at which to start reading the bytes. The first offset position is <code>0</code>; must not be less than <code>0</code> nor greater than the length of the <code>byte</code> array                                    </dd><dd> <code>length</code> - the number of bytes to be written to the <code>BLOB</code> value from the array of bytes <i>bytes</i>.                   </dd> <dt> <span class="strong">Returns:</span>   </dt><dd>the number of bytes written    </dd> <dt> <span class="strong">Throws:</span>   </dt><dd> <code><a href="../../../../javax/sql/rowset/serial/SerialException.html" title="class in javax.sql.rowset.serial">SerialException</a></code> - if there is an error accessing the <code>BLOB</code> value; if an invalid position is set; if an invalid offset value is set; if number of bytes to be written is greater than the <code>SerialBlob</code> length; or the combined values of the length and offset is greater than the Blob buffer; if <code>free</code> had previously been called on this object                                                             </dd><dd> <code>java.sql.SQLException</code> - if there is an error accessing the <code>BLOB</code> value from the database.              </dd> <dt> <span class="strong">See Also: </span>   </dt><dd> <a href="../../../../javax/sql/rowset/serial/SerialBlob.html#getBytes(long, int)"><code>getBytes(long, int) </code></a> </dd>     </dl></li></ul> <a end_ctx_id="method:setBytes(long, byte[], int, int)"/>  </td></tr></table></td></tr></table><table border="0" cellpadding="1" cellspacing="0" width="100%"><tr><td><h3 class="ctxid">method:setBinaryStream(long) [CHANGED]</h3></td></tr><tr><td><table border="0" cellpadding="5" cellspacing="1" bgcolor="black" width="100%"><tr valign="top"><td bgcolor="#EEEEEE" colspan="2"> <a start_ctx_id="method:setBinaryStream(long)"/><a name="setBinaryStream(long)"/><ul class="blockList"><li class="blockList"><h4>setBinaryStream</h4><pre>public java.io.OutputStream setBinaryStream(long pos)
                                     throws <a href="../../../../javax/sql/rowset/serial/SerialException.html" title="class in javax.sql.rowset.serial">SerialException</a>,
                                            java.sql.SQLException</pre><div class="block">Retrieves a stream that can be used to write to the <code>BLOB</code> value that this <code>Blob</code> object represents. The stream begins at position <code>pos</code>. This method forwards the <code>setBinaryStream()</code> call to the underlying <code>Blob</code> in the event that this <code>SerialBlob</code> object is instantiated with a <code>Blob</code>. If this <code>SerialBlob</code> is instantiated with a <code>byte</code> array, a <code>SerialException</code> is thrown.                                                          </div><dl> <dt> <strong>Specified by: </strong>   </dt><dd> <code>setBinaryStream</code> in interface <code>java.sql.Blob</code>  </dd> <dt> <span class="strong">Parameters:</span>   </dt><dd> <code>pos</code> - the position in the <code>BLOB</code> value at which to start writing             </dd> <dt> <span class="strong">Returns:</span>   </dt><dd>a <code>java.io.OutputStream</code> object to which data can be written        </dd> <dt> <span class="strong">Throws:</span>   </dt><dd> <code>java.sql.SQLException</code> - if there is an error accessing the <code>BLOB</code> value           </dd><dd> <code><a href="../../../../javax/sql/rowset/serial/SerialException.html" title="class in javax.sql.rowset.serial">SerialException</a></code> - if the SerialBlob in not instantiated with a <code>Blob</code> object that supports <code>setBinaryStream()</code><span class="diff-html-added">;</span> <span class="diff-html-added">if</span> <code><span class="diff-html-added">free</span></code> <span class="diff-html-added">had</span> <span class="diff-html-added">previously</span> <span class="diff-html-added">been</span> <span class="diff-html-added">called</span> <span class="diff-html-added">on</span> <span class="diff-html-added">this</span> <span class="diff-html-added">object</span>                        </dd> <dt> <span class="strong">See Also: </span>   </dt><dd> <a href="../../../../javax/sql/rowset/serial/SerialBlob.html#getBinaryStream()"><code>getBinaryStream()</code></a> </dd>     </dl></li></ul> <a end_ctx_id="method:setBinaryStream(long)"/>  </td></tr><tr valign="top"><td bgcolor="#CCCCCC" colspan="1"> <a start_ctx_id="method:setBinaryStream(long)"/><a name="setBinaryStream(long)"/><ul class="blockList"><li class="blockList"><h4>setBinaryStream</h4><pre>public java.io.OutputStream setBinaryStream(long pos)
                                     throws <a href="../../../../javax/sql/rowset/serial/SerialException.html" title="class in javax.sql.rowset.serial">SerialException</a>,
                                            java.sql.SQLException</pre><div class="block">Retrieves a stream that can be used to write to the <code>BLOB</code> value that this <code>Blob</code> object represents. The stream begins at position <code>pos</code>. This method forwards the <code>setBinaryStream()</code> call to the underlying <code>Blob</code> in the event that this <code>SerialBlob</code> object is instantiated with a <code>Blob</code>. If this <code>SerialBlob</code> is instantiated with a <code>byte</code> array, a <code>SerialException</code> is thrown.                                                          </div><dl> <dt> <strong>Specified by: </strong>   </dt><dd> <code>setBinaryStream</code> in interface <code>java.sql.Blob</code>  </dd> <dt> <span class="strong">Parameters:</span>   </dt><dd> <code>pos</code> - the position in the <code>BLOB</code> value at which to start writing             </dd> <dt> <span class="strong">Returns:</span>   </dt><dd>a <code>java.io.OutputStream</code> object to which data can be written        </dd> <dt> <span class="strong">Throws:</span>   </dt><dd> <code>java.sql.SQLException</code> - if there is an error accessing the <code>BLOB</code> value           </dd><dd> <code><a href="../../../../javax/sql/rowset/serial/SerialException.html" title="class in javax.sql.rowset.serial">SerialException</a></code> - if the SerialBlob in not instantiated with a <code>Blob</code> object that supports <code>setBinaryStream()</code>               </dd> <dt> <span class="strong">See Also: </span>   </dt><dd> <a href="../../../../javax/sql/rowset/serial/SerialBlob.html#getBinaryStream()"><code>getBinaryStream()</code></a> </dd>     </dl></li></ul> <a end_ctx_id="method:setBinaryStream(long)"/>  </td><td bgcolor="#FFFFFF" colspan="1"> <a start_ctx_id="method:setBinaryStream(long)"/><a name="setBinaryStream(long)"/><ul class="blockList"><li class="blockList"><h4>setBinaryStream</h4><pre>public java.io.OutputStream setBinaryStream(long pos)
                                     throws <a href="../../../../javax/sql/rowset/serial/SerialException.html" title="class in javax.sql.rowset.serial">SerialException</a>,
                                            java.sql.SQLException</pre><div class="block">Retrieves a stream that can be used to write to the <code>BLOB</code> value that this <code>Blob</code> object represents. The stream begins at position <code>pos</code>. This method forwards the <code>setBinaryStream()</code> call to the underlying <code>Blob</code> in the event that this <code>SerialBlob</code> object is instantiated with a <code>Blob</code>. If this <code>SerialBlob</code> is instantiated with a <code>byte</code> array, a <code>SerialException</code> is thrown.                                                          </div><dl> <dt> <strong>Specified by: </strong>   </dt><dd> <code>setBinaryStream</code> in interface <code>java.sql.Blob</code>  </dd> <dt> <span class="strong">Parameters:</span>   </dt><dd> <code>pos</code> - the position in the <code>BLOB</code> value at which to start writing             </dd> <dt> <span class="strong">Returns:</span>   </dt><dd>a <code>java.io.OutputStream</code> object to which data can be written        </dd> <dt> <span class="strong">Throws:</span>   </dt><dd> <code>java.sql.SQLException</code> - if there is an error accessing the <code>BLOB</code> value           </dd><dd> <code><a href="../../../../javax/sql/rowset/serial/SerialException.html" title="class in javax.sql.rowset.serial">SerialException</a></code> - if the SerialBlob in not instantiated with a <code>Blob</code> object that supports <code>setBinaryStream()</code>; if <code>free</code> had previously been called on this object                        </dd> <dt> <span class="strong">See Also: </span>   </dt><dd> <a href="../../../../javax/sql/rowset/serial/SerialBlob.html#getBinaryStream()"><code>getBinaryStream()</code></a> </dd>     </dl></li></ul> <a end_ctx_id="method:setBinaryStream(long)"/>  </td></tr></table></td></tr></table><table border="0" cellpadding="1" cellspacing="0" width="100%"><tr><td><h3 class="ctxid">method:truncate(long) [CHANGED]</h3></td></tr><tr><td><table border="0" cellpadding="5" cellspacing="1" bgcolor="black" width="100%"><tr valign="top"><td bgcolor="#EEEEEE" colspan="2"> <a start_ctx_id="method:truncate(long)"/><a name="truncate(long)"/><ul class="blockList"><li class="blockList"><h4>truncate</h4><pre>public void truncate(long length)
              throws <a href="../../../../javax/sql/rowset/serial/SerialException.html" title="class in javax.sql.rowset.serial">SerialException</a></pre><div class="block">Truncates the <code>BLOB</code> value that this <code>Blob</code> object represents to be <code>len</code> bytes in length.              </div><dl> <dt> <strong>Specified by: </strong>   </dt><dd> <code>truncate</code> in interface <code>java.sql.Blob</code>  </dd> <dt> <span class="strong">Parameters:</span>   </dt><dd> <code>length</code> - the length, in bytes, to which the <code>BLOB</code> value that this <code>Blob</code> object represents should be truncated                   </dd> <dt> <span class="strong">Throws:</span>   </dt><dd> <code><a href="../../../../javax/sql/rowset/serial/SerialException.html" title="class in javax.sql.rowset.serial">SerialException</a></code> - if there is an error accessing the Blob value; or the length to truncate is greater that the SerialBlob length<span class="diff-html-added">;</span> <span class="diff-html-added">if</span> <code><span class="diff-html-added">free</span></code> <span class="diff-html-added">had</span> <span class="diff-html-added">previously</span> <span class="diff-html-added">been</span> <span class="diff-html-added">called</span> <span class="diff-html-added">on</span> <span class="diff-html-added">this</span> <span class="diff-html-added">object</span>                               </dd>   </dl></li></ul> <a end_ctx_id="method:truncate(long)"/>  </td></tr><tr valign="top"><td bgcolor="#CCCCCC" colspan="1"> <a start_ctx_id="method:truncate(long)"/><a name="truncate(long)"/><ul class="blockList"><li class="blockList"><h4>truncate</h4><pre>public void truncate(long length)
              throws <a href="../../../../javax/sql/rowset/serial/SerialException.html" title="class in javax.sql.rowset.serial">SerialException</a></pre><div class="block">Truncates the <code>BLOB</code> value that this <code>Blob</code> object represents to be <code>len</code> bytes in length.              </div><dl> <dt> <strong>Specified by: </strong>   </dt><dd> <code>truncate</code> in interface <code>java.sql.Blob</code>  </dd> <dt> <span class="strong">Parameters:</span>   </dt><dd> <code>length</code> - the length, in bytes, to which the <code>BLOB</code> value that this <code>Blob</code> object represents should be truncated                   </dd> <dt> <span class="strong">Throws:</span>   </dt><dd> <code><a href="../../../../javax/sql/rowset/serial/SerialException.html" title="class in javax.sql.rowset.serial">SerialException</a></code> - if there is an error accessing the Blob value; or the length to truncate is greater that the SerialBlob length                      </dd>   </dl></li></ul> <a end_ctx_id="method:truncate(long)"/>  </td><td bgcolor="#FFFFFF" colspan="1"> <a start_ctx_id="method:truncate(long)"/><a name="truncate(long)"/><ul class="blockList"><li class="blockList"><h4>truncate</h4><pre>public void truncate(long length)
              throws <a href="../../../../javax/sql/rowset/serial/SerialException.html" title="class in javax.sql.rowset.serial">SerialException</a></pre><div class="block">Truncates the <code>BLOB</code> value that this <code>Blob</code> object represents to be <code>len</code> bytes in length.              </div><dl> <dt> <strong>Specified by: </strong>   </dt><dd> <code>truncate</code> in interface <code>java.sql.Blob</code>  </dd> <dt> <span class="strong">Parameters:</span>   </dt><dd> <code>length</code> - the length, in bytes, to which the <code>BLOB</code> value that this <code>Blob</code> object represents should be truncated                   </dd> <dt> <span class="strong">Throws:</span>   </dt><dd> <code><a href="../../../../javax/sql/rowset/serial/SerialException.html" title="class in javax.sql.rowset.serial">SerialException</a></code> - if there is an error accessing the Blob value; or the length to truncate is greater that the SerialBlob length; if <code>free</code> had previously been called on this object                               </dd>   </dl></li></ul> <a end_ctx_id="method:truncate(long)"/>  </td></tr></table></td></tr></table><table border="0" cellpadding="1" cellspacing="0" width="100%"><tr><td><h3 class="ctxid">method:getBinaryStream(long, long) [CHANGED]</h3></td></tr><tr><td><table border="0" cellpadding="5" cellspacing="1" bgcolor="black" width="100%"><tr valign="top"><td bgcolor="#EEEEEE" colspan="2"> <a start_ctx_id="method:getBinaryStream(long, long)"/><a name="getBinaryStream(long, long)"/><ul class="blockList"><li class="blockList"><h4>getBinaryStream</h4><pre>public java.io.InputStream getBinaryStream(long pos,
                                           long length)
                                    throws java.sql.SQLException</pre><div class="block">Returns an <code>InputStream</code> object that contains a partial <code>Blob</code> value, starting with the byte specified by pos, which is length bytes in length.                      </div><dl> <dt> <strong>Specified by: </strong>   </dt><dd> <code>getBinaryStream</code> in interface <code>java.sql.Blob</code>  </dd> <dt> <span class="strong">Parameters:</span>   </dt><dd> <code>pos</code> - the offset to the first byte of the partial value to be retrieved. The first byte in the <code>Blob</code> is at position 1                         </dd><dd> <code>length</code> - the length in bytes of the partial value to be retrieved             </dd> <dt> <span class="strong">Returns:</span>   </dt><dd> <code>InputStream</code> through which the partial <code>Blob</code> value can be read.          </dd> <dt> <span class="strong">Throws:</span>   </dt><dd> <code>java.sql.SQLException</code> - if pos is less than 1 or if pos is greater than the number of bytes in the <code>Blob</code> or if pos + length is greater than the number of bytes in the <code>Blob</code>                                    </dd><dd> <code><a href="../../../../javax/sql/rowset/serial/SerialException.html" title="class in javax.sql.rowset.serial"><span class="diff-html-added">SerialException</span></a></code> <span class="diff-html-added">-</span> <span class="diff-html-added">if</span> <span class="diff-html-added">the</span> <code><span class="diff-html-added">free</span></code> <span class="diff-html-added">method</span> <span class="diff-html-added">had</span> <span class="diff-html-added">been</span> <span class="diff-html-added">previously</span> <span class="diff-html-added">called</span> <span class="diff-html-added">on</span> <span class="diff-html-added">this</span> <span class="diff-html-added">object</span>             </dd> <dt> <span class="strong">Since:</span>   </dt><dd>1.6</dd>     </dl></li></ul> <a end_ctx_id="method:getBinaryStream(long, long)"/>  </td></tr><tr valign="top"><td bgcolor="#CCCCCC" colspan="1"> <a start_ctx_id="method:getBinaryStream(long, long)"/><a name="getBinaryStream(long, long)"/><ul class="blockList"><li class="blockList"><h4>getBinaryStream</h4><pre>public java.io.InputStream getBinaryStream(long pos,
                                           long length)
                                    throws java.sql.SQLException</pre><div class="block">Returns an <code>InputStream</code> object that contains a partial <code>Blob</code> value, starting with the byte specified by pos, which is length bytes in length.                      </div><dl> <dt> <strong>Specified by: </strong>   </dt><dd> <code>getBinaryStream</code> in interface <code>java.sql.Blob</code>  </dd> <dt> <span class="strong">Parameters:</span>   </dt><dd> <code>pos</code> - the offset to the first byte of the partial value to be retrieved. The first byte in the <code>Blob</code> is at position 1                         </dd><dd> <code>length</code> - the length in bytes of the partial value to be retrieved             </dd> <dt> <span class="strong">Returns:</span>   </dt><dd> <code>InputStream</code> through which the partial <code>Blob</code> value can be read.          </dd> <dt> <span class="strong">Throws:</span>   </dt><dd> <code>java.sql.SQLException</code> - if pos is less than 1 or if pos is greater than the number of bytes in the <code>Blob</code> or if pos + length is greater than the number of bytes in the <code>Blob</code>                                    </dd> <dt> <span class="strong">Since:</span>   </dt><dd>1.6</dd>     </dl></li></ul> <a end_ctx_id="method:getBinaryStream(long, long)"/>  </td><td bgcolor="#FFFFFF" colspan="1"> <a start_ctx_id="method:getBinaryStream(long, long)"/><a name="getBinaryStream(long, long)"/><ul class="blockList"><li class="blockList"><h4>getBinaryStream</h4><pre>public java.io.InputStream getBinaryStream(long pos,
                                           long length)
                                    throws java.sql.SQLException</pre><div class="block">Returns an <code>InputStream</code> object that contains a partial <code>Blob</code> value, starting with the byte specified by pos, which is length bytes in length.                      </div><dl> <dt> <strong>Specified by: </strong>   </dt><dd> <code>getBinaryStream</code> in interface <code>java.sql.Blob</code>  </dd> <dt> <span class="strong">Parameters:</span>   </dt><dd> <code>pos</code> - the offset to the first byte of the partial value to be retrieved. The first byte in the <code>Blob</code> is at position 1                         </dd><dd> <code>length</code> - the length in bytes of the partial value to be retrieved             </dd> <dt> <span class="strong">Returns:</span>   </dt><dd> <code>InputStream</code> through which the partial <code>Blob</code> value can be read.          </dd> <dt> <span class="strong">Throws:</span>   </dt><dd> <code>java.sql.SQLException</code> - if pos is less than 1 or if pos is greater than the number of bytes in the <code>Blob</code> or if pos + length is greater than the number of bytes in the <code>Blob</code>                                    </dd><dd> <code><a href="../../../../javax/sql/rowset/serial/SerialException.html" title="class in javax.sql.rowset.serial">SerialException</a></code> - if the <code>free</code> method had been previously called on this object             </dd> <dt> <span class="strong">Since:</span>   </dt><dd>1.6</dd>     </dl></li></ul> <a end_ctx_id="method:getBinaryStream(long, long)"/>  </td></tr></table></td></tr></table><table border="0" cellpadding="1" cellspacing="0" width="100%"><tr><td><h3 class="ctxid">method:free() [CHANGED]</h3></td></tr><tr><td><table border="0" cellpadding="5" cellspacing="1" bgcolor="black" width="100%"><tr valign="top"><td bgcolor="#EEEEEE" colspan="2"> <a start_ctx_id="method:free()"/><a name="free()"/><ul class="blockList"><li class="blockList"><h4>free</h4><pre>public void free()
          throws java.sql.SQLException</pre><div class="block">This method frees the <code> <code changeType="diff-removed-tag"><span class="diff-html-removed">Blob</span></code><span class="diff-html-added">SeriableBlob</span> </code> object and releases the resources that it holds<span class="diff-html-removed">.</span> <code changeType="diff-removed-tag"><span class="diff-html-removed">Blob</span></code> <span class="diff-html-removed">object</span>. The object is invalid once the <code>free</code> method is called.<p> If <code>free</code> is called multiple times, the subsequent calls to <code>free</code> are treated as a no-op.                </p>                        </div><dl> <dt> <strong>Specified by: </strong>   </dt><dd> <code>free</code> in interface <code>java.sql.Blob</code>  </dd> <dt> <span class="strong">Throws:</span>   </dt><dd> <code>java.sql.SQLException</code> - if an error occurs releasing the Blob's resources          </dd> <dt> <span class="strong">Since:</span>   </dt><dd>1.6</dd>   </dl></li></ul> <a end_ctx_id="method:free()"/>  </td></tr><tr valign="top"><td bgcolor="#CCCCCC" colspan="1"> <a start_ctx_id="method:free()"/><a name="free()"/><ul class="blockListLast"><li class="blockList"><h4>free</h4><pre>public void free()
          throws java.sql.SQLException</pre><div class="block">This method frees the <code changeType="diff-removed-tag">Blob</code> object and releases the resources that it holds. <code changeType="diff-removed-tag">Blob</code> object. The object is invalid once the <code>free</code> method is called. If <code>free</code> is called multiple times, the subsequent calls to <code>free</code> are treated as a no-op.                                        </div><dl> <dt> <strong>Specified by: </strong>   </dt><dd> <code>free</code> in interface <code>java.sql.Blob</code>  </dd> <dt> <span class="strong">Throws:</span>   </dt><dd> <code>java.sql.SQLException</code> - if an error occurs releasing the Blob's resources          </dd> <dt> <span class="strong">Since:</span>   </dt><dd>1.6</dd>   </dl></li></ul> <a end_ctx_id="method:free()"/>  </td><td bgcolor="#FFFFFF" colspan="1"> <a start_ctx_id="method:free()"/><a name="free()"/><ul class="blockList"><li class="blockList"><h4>free</h4><pre>public void free()
          throws java.sql.SQLException</pre><div class="block">This method frees the <code>SeriableBlob</code> object and releases the resources that it holds. The object is invalid once the <code>free</code> method is called.<p> If <code>free</code> is called multiple times, the subsequent calls to <code>free</code> are treated as a no-op.                </p>                      </div><dl> <dt> <strong>Specified by: </strong>   </dt><dd> <code>free</code> in interface <code>java.sql.Blob</code>  </dd> <dt> <span class="strong">Throws:</span>   </dt><dd> <code>java.sql.SQLException</code> - if an error occurs releasing the Blob's resources          </dd> <dt> <span class="strong">Since:</span>   </dt><dd>1.6</dd>   </dl></li></ul> <a end_ctx_id="method:free()"/>  </td></tr></table></td></tr></table><table border="0" cellpadding="1" cellspacing="0" width="100%"><tr><td><h3 class="ctxid">method:equals(java.lang.Object) [ADDED]</h3></td></tr><tr><td><table border="0" cellpadding="5" cellspacing="1" bgcolor="black" width="100%"><tr valign="top"><td bgcolor="#FFFFFF" colspan="1"> <a start_ctx_id="method:equals(java.lang.Object)"><span class="diff-html-added"/></a><a name="equals(java.lang.Object)"/><ul class="blockList"><li class="blockList"><h4><span class="diff-html-added">equals</span></h4><pre><span class="diff-html-added">public boolean equals(java.lang.Object obj)</span></pre><div class="block"><span class="diff-html-added">Compares</span> <span class="diff-html-added">this</span> <span class="diff-html-added">SerialBlob</span> <span class="diff-html-added">to</span> <span class="diff-html-added">the</span> <span class="diff-html-added">specified</span> <span class="diff-html-added">object.</span> <span class="diff-html-added">The</span> <span class="diff-html-added">result</span> <span class="diff-html-added">is</span> <code><span class="diff-html-added">true</span></code> <span class="diff-html-added">if</span> <span class="diff-html-added">and</span> <span class="diff-html-added">only</span> <span class="diff-html-added">if</span> <span class="diff-html-added">the</span> <span class="diff-html-added">argument</span> <span class="diff-html-added">is</span> <span class="diff-html-added">not</span> <code><span class="diff-html-added">null</span></code> <span class="diff-html-added">and</span> <span class="diff-html-added">is</span> <span class="diff-html-added">a</span> <code><span class="diff-html-added">SerialBlob</span></code> <span class="diff-html-added">object</span> <span class="diff-html-added">that</span> <span class="diff-html-added">represents</span> <span class="diff-html-added">the</span> <span class="diff-html-added">same</span> <span class="diff-html-added">sequence</span> <span class="diff-html-added">of</span> <span class="diff-html-added">bytes</span> <span class="diff-html-added">as</span> <span class="diff-html-added">this</span> <span class="diff-html-added">object.</span>                                  </div><dl> <dt> <strong><span class="diff-html-added">Overrides:</span></strong>   </dt><dd> <code><span class="diff-html-added">equals</span></code><span class="diff-html-added"> in</span> <span class="diff-html-added">class </span><code><span class="diff-html-added">java.lang.Object</span></code>  </dd> <dt> <span class="strong"><span class="diff-html-added">Parameters:</span></span>   </dt><dd> <code><span class="diff-html-added">obj</span></code> <span class="diff-html-added">-</span> <span class="diff-html-added">The</span> <span class="diff-html-added">object</span> <span class="diff-html-added">to</span> <span class="diff-html-added">compare</span> <span class="diff-html-added">this</span> <code><span class="diff-html-added">SerialBlob</span></code> <span class="diff-html-added">against</span>         </dd> <dt> <span class="strong"><span class="diff-html-added">Returns:</span></span>   </dt><dd> <code><span class="diff-html-added">true</span></code> <span class="diff-html-added">if</span> <span class="diff-html-added">the</span> <span class="diff-html-added">given</span> <span class="diff-html-added">object</span> <span class="diff-html-added">represents</span> <span class="diff-html-added">a</span> <code><span class="diff-html-added">SerialBlob</span></code> <span class="diff-html-added">equivalent</span> <span class="diff-html-added">to</span> <span class="diff-html-added">this</span> <span class="diff-html-added">SerialBlob,</span> <code><span class="diff-html-added">false</span></code> <span class="diff-html-added">otherwise</span>              </dd> <dt> <span class="strong"><span class="diff-html-added">See</span> <span class="diff-html-added">Also:</span> </span>   </dt><dd> <code><span class="diff-html-added">Object.hashCode()</span></code><span class="diff-html-added">,</span> <span class="diff-html-added">&lt;code&gt;HashMap&lt;/code&gt;</span>  </dd>    </dl></li></ul> <a end_ctx_id="method:equals(java.lang.Object)"><span class="diff-html-added"/></a>  </td></tr></table></td></tr></table><table border="0" cellpadding="1" cellspacing="0" width="100%"><tr><td><h3 class="ctxid">method:hashCode() [ADDED]</h3></td></tr><tr><td><table border="0" cellpadding="5" cellspacing="1" bgcolor="black" width="100%"><tr valign="top"><td bgcolor="#FFFFFF" colspan="1"> <a start_ctx_id="method:hashCode()"><span class="diff-html-added"/></a><a name="hashCode()"/><ul class="blockList"><li class="blockList"><h4><span class="diff-html-added">hashCode</span></h4><pre><span class="diff-html-added">public int hashCode()</span></pre><div class="block"><span class="diff-html-added">Returns</span> <span class="diff-html-added">a</span> <span class="diff-html-added">hash</span> <span class="diff-html-added">code</span> <span class="diff-html-added">for</span> <span class="diff-html-added">this</span> <code><span class="diff-html-added">SerialBlob</span></code><span class="diff-html-added">.</span>      </div><dl> <dt> <strong><span class="diff-html-added">Overrides:</span></strong>   </dt><dd> <code><span class="diff-html-added">hashCode</span></code><span class="diff-html-added"> in</span> <span class="diff-html-added">class </span><code><span class="diff-html-added">java.lang.Object</span></code>  </dd> <dt> <span class="strong"><span class="diff-html-added">Returns:</span></span>   </dt><dd><span class="diff-html-added">a</span> <span class="diff-html-added">hash</span> <span class="diff-html-added">code</span> <span class="diff-html-added">value</span> <span class="diff-html-added">for</span> <span class="diff-html-added">this</span> <span class="diff-html-added">object.</span>      </dd> <dt> <span class="strong"><span class="diff-html-added">See</span> <span class="diff-html-added">Also:</span> </span>   </dt><dd> <code><span class="diff-html-added">Object.equals(java.lang.Object)</span></code><span class="diff-html-added">,</span> <code><span class="diff-html-added">System.identityHashCode(java.lang.Object)</span></code>  </dd>   </dl></li></ul> <a end_ctx_id="method:hashCode()"><span class="diff-html-added"/></a>  </td></tr></table></td></tr></table><table border="0" cellpadding="1" cellspacing="0" width="100%"><tr><td><h3 class="ctxid">method:clone() [ADDED]</h3></td></tr><tr><td><table border="0" cellpadding="5" cellspacing="1" bgcolor="black" width="100%"><tr valign="top"><td bgcolor="#FFFFFF" colspan="1"> <a start_ctx_id="method:clone()"><span class="diff-html-added"/></a><a name="clone()"/><ul class="blockListLast"><li class="blockList"><h4><span class="diff-html-added">clone</span></h4><pre><span class="diff-html-added">public java.lang.Object clone()</span></pre><div class="block"><span class="diff-html-added">Returns</span> <span class="diff-html-added">a</span> <span class="diff-html-added">clone</span> <span class="diff-html-added">of</span> <span class="diff-html-added">this</span> <code><span class="diff-html-added">SerialBlob</span></code><span class="diff-html-added">.</span> <span class="diff-html-added">The</span> <span class="diff-html-added">copy</span> <span class="diff-html-added">will</span> <span class="diff-html-added">contain</span> <span class="diff-html-added">a</span> <span class="diff-html-added">reference</span> <span class="diff-html-added">to</span> <span class="diff-html-added">a</span> <span class="diff-html-added">clone</span> <span class="diff-html-added">of</span> <span class="diff-html-added">the</span> <span class="diff-html-added">internal</span> <span class="diff-html-added">byte</span> <span class="diff-html-added">array,</span> <span class="diff-html-added">not</span> <span class="diff-html-added">a</span> <span class="diff-html-added">reference</span> <span class="diff-html-added">to</span> <span class="diff-html-added">the</span> <span class="diff-html-added">original</span> <span class="diff-html-added">internal</span> <span class="diff-html-added">byte</span> <span class="diff-html-added">array</span> <span class="diff-html-added">of</span> <span class="diff-html-added">this</span> <code><span class="diff-html-added">SerialBlob</span></code> <span class="diff-html-added">object.</span> <span class="diff-html-added">The</span> <span class="diff-html-added">underlying</span> <code><span class="diff-html-added">Blob</span></code> <span class="diff-html-added">object</span> <span class="diff-html-added">will</span> <span class="diff-html-added">be</span> <span class="diff-html-added">set</span> <span class="diff-html-added">to</span> <span class="diff-html-added">null.</span>                                         </div><dl> <dt> <strong><span class="diff-html-added">Overrides:</span></strong>   </dt><dd> <code><span class="diff-html-added">clone</span></code><span class="diff-html-added"> in</span> <span class="diff-html-added">class </span><code><span class="diff-html-added">java.lang.Object</span></code>  </dd> <dt> <span class="strong"><span class="diff-html-added">Returns:</span></span>   </dt><dd><span class="diff-html-added">a</span> <span class="diff-html-added">clone</span> <span class="diff-html-added">of</span> <span class="diff-html-added">this</span> <span class="diff-html-added">SerialBlob</span>    </dd> <dt> <span class="strong"><span class="diff-html-added">See</span> <span class="diff-html-added">Also:</span> </span>   </dt><dd><span class="diff-html-added">&lt;code&gt;Cloneable&lt;/code&gt;</span></dd>   </dl></li></ul> <a end_ctx_id="method:clone()"><span class="diff-html-added"/></a>  </td></tr></table></td></tr></table></diff></diffreport>