<?xml version="1.0" encoding="UTF-8"?><diffreport><diff><table border="0" cellpadding="1" cellspacing="0" width="100%"><tr><td><h3 class="ctxid">class:SerialRef [CHANGED]</h3></td></tr><tr><td><table border="0" cellpadding="5" cellspacing="1" bgcolor="black" width="100%"><tr valign="top"><td bgcolor="#EEEEEE" colspan="2"><div class="description"> <a start_ctx_id="class:SerialRef"/><ul class="blockList"><li class="blockList"><dl> <dt>All Implemented Interfaces:  </dt><dd>java.io.Serializable, java.lang.Cloneable, java.sql.Ref  </dd> </dl> <hr/> <br/><pre>public class <span class="strong">SerialRef</span>
extends java.lang.Object
implements java.sql.Ref, java.io.Serializable, java.lang.Cloneable</pre><div class="block">A serialized mapping of a <code>Ref</code> object, which is the mapping in the Java programming language of an SQL <code>REF</code> value.<p> The <code>SerialRef</code> class provides a constructor for creating a <code>SerialRef</code> instance from a <code>Ref</code> object and provides methods for getting and setting the <code>Ref</code> object.                         </p><h3> <span class="diff-html-added">Thread</span> <span class="diff-html-added">safety</span>  </h3> <span class="diff-html-added">A</span> <span class="diff-html-added">SerialRef</span> <span class="diff-html-added">is</span> <span class="diff-html-added">not</span> <span class="diff-html-added">safe</span> <span class="diff-html-added">for</span> <span class="diff-html-added">use</span> <span class="diff-html-added">by</span> <span class="diff-html-added">multiple</span> <span class="diff-html-added">concurrent</span> <span class="diff-html-added">threads.</span> <span class="diff-html-added">If</span> <span class="diff-html-added">a</span> <span class="diff-html-added">SerialRef</span> <span class="diff-html-added">is</span> <span class="diff-html-added">to</span> <span class="diff-html-added">be</span> <span class="diff-html-added">used</span> <span class="diff-html-added">by</span> <span class="diff-html-added">more</span> <span class="diff-html-added">than</span> <span class="diff-html-added">one</span> <span class="diff-html-added">thread</span> <span class="diff-html-added">then</span> <span class="diff-html-added">access</span> <span class="diff-html-added">to</span> <span class="diff-html-added">the</span> <span class="diff-html-added">SerialRef</span> <span class="diff-html-added">should</span> <span class="diff-html-added">be</span> <span class="diff-html-added">controlled</span> <span class="diff-html-added">by</span> <span class="diff-html-added">appropriate</span> <span class="diff-html-added">synchronization.</span>                                                      </div><dl> <dt> <span class="strong">See Also: </span>   </dt><dd> <a href="../../../../serialized-form.html#javax.sql.rowset.serial.SerialRef">Serialized Form </a> </dd> </dl>  </li></ul> </div> <a end_ctx_id="class:SerialRef"/> </td></tr><tr valign="top"><td bgcolor="#CCCCCC" colspan="1"><div class="description"> <a start_ctx_id="class:SerialRef"/><ul class="blockList"><li class="blockList"><dl> <dt>All Implemented Interfaces:  </dt><dd>java.io.Serializable, java.lang.Cloneable, java.sql.Ref  </dd> </dl> <hr/> <br/><pre>public class <span class="strong">SerialRef</span>
extends java.lang.Object
implements java.sql.Ref, java.io.Serializable, java.lang.Cloneable</pre><div class="block">A serialized mapping of a <code>Ref</code> object, which is the mapping in the Java programming language of an SQL <code>REF</code> value.<p> The <code>SerialRef</code> class provides a constructor for creating a <code>SerialRef</code> instance from a <code>Ref</code> object and provides methods for getting and setting the <code>Ref</code> object.                         </p>                    </div><dl> <dt> <span class="strong">See Also: </span>   </dt><dd> <a href="../../../../serialized-form.html#javax.sql.rowset.serial.SerialRef">Serialized Form </a> </dd> </dl>  </li></ul> </div> <a end_ctx_id="class:SerialRef"/> </td><td bgcolor="#FFFFFF" colspan="1"><div class="description"> <a start_ctx_id="class:SerialRef"/><ul class="blockList"><li class="blockList"><dl> <dt>All Implemented Interfaces:  </dt><dd>java.io.Serializable, java.lang.Cloneable, java.sql.Ref  </dd> </dl> <hr/> <br/><pre>public class <span class="strong">SerialRef</span>
extends java.lang.Object
implements java.sql.Ref, java.io.Serializable, java.lang.Cloneable</pre><div class="block">A serialized mapping of a <code>Ref</code> object, which is the mapping in the Java programming language of an SQL <code>REF</code> value.<p> The <code>SerialRef</code> class provides a constructor for creating a <code>SerialRef</code> instance from a <code>Ref</code> object and provides methods for getting and setting the <code>Ref</code> object.                         </p><h3> Thread safety  </h3> A SerialRef is not safe for use by multiple concurrent threads. If a SerialRef is to be used by more than one thread then access to the SerialRef should be controlled by appropriate synchronization.                                                      </div><dl> <dt> <span class="strong">See Also: </span>   </dt><dd> <a href="../../../../serialized-form.html#javax.sql.rowset.serial.SerialRef">Serialized Form </a> </dd> </dl>  </li></ul> </div> <a end_ctx_id="class:SerialRef"/> </td></tr></table></td></tr></table><table border="0" cellpadding="1" cellspacing="0" width="100%"><tr><td><h3 class="ctxid">constructor:SerialRef(java.sql.Ref) [NONE]</h3></td></tr><tr><td><table border="0" cellpadding="5" cellspacing="1" bgcolor="black" width="100%"><tr valign="top"><td bgcolor="#FFFFFF" colspan="1"> <a start_ctx_id="constructor:SerialRef(java.sql.Ref)"/><a name="SerialRef(java.sql.Ref)"/><ul class="blockListLast"><li class="blockList"><h4>SerialRef</h4><pre>public SerialRef(java.sql.Ref ref)
          throws <a href="../../../../javax/sql/rowset/serial/SerialException.html" title="class in javax.sql.rowset.serial">SerialException</a>,
                 java.sql.SQLException</pre><div class="block">Constructs a <code>SerialRef</code> object from the given <code>Ref</code> object.        </div><dl> <dt> <span class="strong">Parameters:</span>   </dt><dd> <code>ref</code> - a Ref object; cannot be <code>null</code>        </dd> <dt> <span class="strong">Throws:</span>   </dt><dd> <code>java.sql.SQLException</code> - if a database access occurs; if <code>ref</code> is <code>null</code>; or if the <code>Ref</code> object returns a <code>null</code> value base type name.                       </dd><dd> <code><a href="../../../../javax/sql/rowset/serial/SerialException.html" title="class in javax.sql.rowset.serial">SerialException</a></code> - if an error occurs serializing the <code>Ref</code> object          </dd>  </dl></li></ul> <a end_ctx_id="constructor:SerialRef(java.sql.Ref)"/>  </td></tr></table></td></tr></table><table border="0" cellpadding="1" cellspacing="0" width="100%"><tr><td><h3 class="ctxid">method:getBaseTypeName() [NONE]</h3></td></tr><tr><td><table border="0" cellpadding="5" cellspacing="1" bgcolor="black" width="100%"><tr valign="top"><td bgcolor="#FFFFFF" colspan="1"> <a start_ctx_id="method:getBaseTypeName()"/><a name="getBaseTypeName()"/><ul class="blockList"><li class="blockList"><h4>getBaseTypeName</h4><pre>public java.lang.String getBaseTypeName()
                                 throws <a href="../../../../javax/sql/rowset/serial/SerialException.html" title="class in javax.sql.rowset.serial">SerialException</a></pre><div class="block">Returns a string describing the base type name of the <code>Ref</code>.          </div><dl> <dt> <strong>Specified by: </strong>   </dt><dd> <code>getBaseTypeName</code> in interface <code>java.sql.Ref</code>  </dd> <dt> <span class="strong">Returns:</span>   </dt><dd>a string of the base type name of the Ref         </dd> <dt> <span class="strong">Throws:</span>   </dt><dd> <code><a href="../../../../javax/sql/rowset/serial/SerialException.html" title="class in javax.sql.rowset.serial">SerialException</a></code> - in no Ref object has been set         </dd>   </dl></li></ul> <a end_ctx_id="method:getBaseTypeName()"/>  </td></tr></table></td></tr></table><table border="0" cellpadding="1" cellspacing="0" width="100%"><tr><td><h3 class="ctxid">method:getObject(java.util.Map) [NONE]</h3></td></tr><tr><td><table border="0" cellpadding="5" cellspacing="1" bgcolor="black" width="100%"><tr valign="top"><td bgcolor="#FFFFFF" colspan="1"> <a start_ctx_id="method:getObject(java.util.Map)"/><a name="getObject(java.util.Map)"/><ul class="blockList"><li class="blockList"><h4>getObject</h4><pre>public java.lang.Object getObject(java.util.Map&lt;java.lang.String,java.lang.Class&lt;?&gt;&gt; map)
                           throws <a href="../../../../javax/sql/rowset/serial/SerialException.html" title="class in javax.sql.rowset.serial">SerialException</a></pre><div class="block">Returns an <code>Object</code> representing the SQL structured type to which this <code>SerialRef</code> object refers. The attributes of the structured type are mapped according to the given type map.                           </div><dl> <dt> <strong>Specified by: </strong>   </dt><dd> <code>getObject</code> in interface <code>java.sql.Ref</code>  </dd> <dt> <span class="strong">Parameters:</span>   </dt><dd> <code>map</code> - a <code>java.util.Map</code> object containing zero or more entries, with each entry consisting of 1) a <code>String</code> giving the fully qualified name of a UDT and 2) the <code>Class</code> object for the <code>SQLData</code> implementation that defines how the UDT is to be mapped                                            </dd> <dt> <span class="strong">Returns:</span>   </dt><dd>an object instance resolved from the Ref reference and mapped according to the supplied type map               </dd> <dt> <span class="strong">Throws:</span>   </dt><dd> <code><a href="../../../../javax/sql/rowset/serial/SerialException.html" title="class in javax.sql.rowset.serial">SerialException</a></code> - if an error is encountered in the reference resolution           </dd> <dt> <span class="strong">See Also: </span>   </dt><dd> <code>Ref.setObject(java.lang.Object)</code> </dd>     </dl></li></ul> <a end_ctx_id="method:getObject(java.util.Map)"/>  </td></tr></table></td></tr></table><table border="0" cellpadding="1" cellspacing="0" width="100%"><tr><td><h3 class="ctxid">method:getObject() [NONE]</h3></td></tr><tr><td><table border="0" cellpadding="5" cellspacing="1" bgcolor="black" width="100%"><tr valign="top"><td bgcolor="#FFFFFF" colspan="1"> <a start_ctx_id="method:getObject()"/><a name="getObject()"/><ul class="blockList"><li class="blockList"><h4>getObject</h4><pre>public java.lang.Object getObject()
                           throws <a href="../../../../javax/sql/rowset/serial/SerialException.html" title="class in javax.sql.rowset.serial">SerialException</a></pre><div class="block">Returns an <code>Object</code> representing the SQL structured type to which this <code>SerialRef</code> object refers.             </div><dl> <dt> <strong>Specified by: </strong>   </dt><dd> <code>getObject</code> in interface <code>java.sql.Ref</code>  </dd> <dt> <span class="strong">Returns:</span>   </dt><dd>an object instance resolved from the Ref reference       </dd> <dt> <span class="strong">Throws:</span>   </dt><dd> <code><a href="../../../../javax/sql/rowset/serial/SerialException.html" title="class in javax.sql.rowset.serial">SerialException</a></code> - if an error is encountered in the reference resolution           </dd> <dt> <span class="strong">See Also: </span>   </dt><dd> <code>Ref.setObject(java.lang.Object)</code> </dd>    </dl></li></ul> <a end_ctx_id="method:getObject()"/>  </td></tr></table></td></tr></table><table border="0" cellpadding="1" cellspacing="0" width="100%"><tr><td><h3 class="ctxid">method:setObject(java.lang.Object) [NONE]</h3></td></tr><tr><td><table border="0" cellpadding="5" cellspacing="1" bgcolor="black" width="100%"><tr valign="top"><td bgcolor="#FFFFFF" colspan="1"> <a start_ctx_id="method:setObject(java.lang.Object)"/><a name="setObject(java.lang.Object)"/><ul class="blockList"><li class="blockList"><h4>setObject</h4><pre>public void setObject(java.lang.Object obj)
               throws <a href="../../../../javax/sql/rowset/serial/SerialException.html" title="class in javax.sql.rowset.serial">SerialException</a></pre><div class="block">Sets the SQL structured type that this <code>SerialRef</code> object references to the given <code>Object</code> object.              </div><dl> <dt> <strong>Specified by: </strong>   </dt><dd> <code>setObject</code> in interface <code>java.sql.Ref</code>  </dd> <dt> <span class="strong">Parameters:</span>   </dt><dd> <code>obj</code> - an <code>Object</code> representing the SQL structured type to be referenced            </dd> <dt> <span class="strong">Throws:</span>   </dt><dd> <code><a href="../../../../javax/sql/rowset/serial/SerialException.html" title="class in javax.sql.rowset.serial">SerialException</a></code> - if an error is encountered generating the the structured type referenced by this <code>SerialRef</code> object                 </dd> <dt> <span class="strong">See Also: </span>   </dt><dd> <code>Ref.getObject()</code>, <code>Ref.getObject(Map)</code>, <code>PreparedStatement.setObject(int, Object) </code>, <code>CallableStatement.setObject(String, Object) </code>    </dd>    </dl></li></ul> <a end_ctx_id="method:setObject(java.lang.Object)"/>  </td></tr></table></td></tr></table><table border="0" cellpadding="1" cellspacing="0" width="100%"><tr><td><h3 class="ctxid">method:equals(java.lang.Object) [ADDED]</h3></td></tr><tr><td><table border="0" cellpadding="5" cellspacing="1" bgcolor="black" width="100%"><tr valign="top"><td bgcolor="#FFFFFF" colspan="1"> <a start_ctx_id="method:equals(java.lang.Object)"><span class="diff-html-added"/></a><a name="equals(java.lang.Object)"/><ul class="blockList"><li class="blockList"><h4><span class="diff-html-added">equals</span></h4><pre><span class="diff-html-added">public boolean equals(java.lang.Object obj)</span></pre><div class="block"><span class="diff-html-added">Compares</span> <span class="diff-html-added">this</span> <span class="diff-html-added">SerialRef</span> <span class="diff-html-added">to</span> <span class="diff-html-added">the</span> <span class="diff-html-added">specified</span> <span class="diff-html-added">object.</span> <span class="diff-html-added">The</span> <span class="diff-html-added">result</span> <span class="diff-html-added">is</span> <code><span class="diff-html-added">true</span></code> <span class="diff-html-added">if</span> <span class="diff-html-added">and</span> <span class="diff-html-added">only</span> <span class="diff-html-added">if</span> <span class="diff-html-added">the</span> <span class="diff-html-added">argument</span> <span class="diff-html-added">is</span> <span class="diff-html-added">not</span> <code><span class="diff-html-added">null</span></code> <span class="diff-html-added">and</span> <span class="diff-html-added">is</span> <span class="diff-html-added">a</span> <code><span class="diff-html-added">SerialRef</span></code> <span class="diff-html-added">object</span> <span class="diff-html-added">that</span> <span class="diff-html-added">represents</span> <span class="diff-html-added">the</span> <span class="diff-html-added">same</span> <span class="diff-html-added">object</span> <span class="diff-html-added">as</span> <span class="diff-html-added">this</span> <span class="diff-html-added">object.</span>                                </div><dl> <dt> <strong><span class="diff-html-added">Overrides:</span></strong>   </dt><dd> <code><span class="diff-html-added">equals</span></code><span class="diff-html-added"> in</span> <span class="diff-html-added">class </span><code><span class="diff-html-added">java.lang.Object</span></code>  </dd> <dt> <span class="strong"><span class="diff-html-added">Parameters:</span></span>   </dt><dd> <code><span class="diff-html-added">obj</span></code> <span class="diff-html-added">-</span> <span class="diff-html-added">The</span> <span class="diff-html-added">object</span> <span class="diff-html-added">to</span> <span class="diff-html-added">compare</span> <span class="diff-html-added">this</span> <code><span class="diff-html-added">SerialRef</span></code> <span class="diff-html-added">against</span>         </dd> <dt> <span class="strong"><span class="diff-html-added">Returns:</span></span>   </dt><dd> <code><span class="diff-html-added">true</span></code> <span class="diff-html-added">if</span> <span class="diff-html-added">the</span> <span class="diff-html-added">given</span> <span class="diff-html-added">object</span> <span class="diff-html-added">represents</span> <span class="diff-html-added">a</span> <code><span class="diff-html-added">SerialRef</span></code> <span class="diff-html-added">equivalent</span> <span class="diff-html-added">to</span> <span class="diff-html-added">this</span> <span class="diff-html-added">SerialRef,</span> <code><span class="diff-html-added">false</span></code> <span class="diff-html-added">otherwise</span>              </dd> <dt> <span class="strong"><span class="diff-html-added">See</span> <span class="diff-html-added">Also:</span> </span>   </dt><dd> <code><span class="diff-html-added">Object.hashCode()</span></code><span class="diff-html-added">,</span> <span class="diff-html-added">&lt;code&gt;HashMap&lt;/code&gt;</span>  </dd>    </dl></li></ul> <a end_ctx_id="method:equals(java.lang.Object)"><span class="diff-html-added"/></a>  </td></tr></table></td></tr></table><table border="0" cellpadding="1" cellspacing="0" width="100%"><tr><td><h3 class="ctxid">method:hashCode() [ADDED]</h3></td></tr><tr><td><table border="0" cellpadding="5" cellspacing="1" bgcolor="black" width="100%"><tr valign="top"><td bgcolor="#FFFFFF" colspan="1"> <a start_ctx_id="method:hashCode()"><span class="diff-html-added"/></a><a name="hashCode()"/><ul class="blockList"><li class="blockList"><h4><span class="diff-html-added">hashCode</span></h4><pre><span class="diff-html-added">public int hashCode()</span></pre><div class="block"><span class="diff-html-added">Returns</span> <span class="diff-html-added">a</span> <span class="diff-html-added">hash</span> <span class="diff-html-added">code</span> <span class="diff-html-added">for</span> <span class="diff-html-added">this</span> <code><span class="diff-html-added">SerialRef</span></code><span class="diff-html-added">.</span>      </div><dl> <dt> <strong><span class="diff-html-added">Overrides:</span></strong>   </dt><dd> <code><span class="diff-html-added">hashCode</span></code><span class="diff-html-added"> in</span> <span class="diff-html-added">class </span><code><span class="diff-html-added">java.lang.Object</span></code>  </dd> <dt> <span class="strong"><span class="diff-html-added">Returns:</span></span>   </dt><dd><span class="diff-html-added">a</span> <span class="diff-html-added">hash</span> <span class="diff-html-added">code</span> <span class="diff-html-added">value</span> <span class="diff-html-added">for</span> <span class="diff-html-added">this</span> <span class="diff-html-added">object.</span>      </dd> <dt> <span class="strong"><span class="diff-html-added">See</span> <span class="diff-html-added">Also:</span> </span>   </dt><dd> <code><span class="diff-html-added">Object.equals(java.lang.Object)</span></code><span class="diff-html-added">,</span> <code><span class="diff-html-added">System.identityHashCode(java.lang.Object)</span></code>  </dd>   </dl></li></ul> <a end_ctx_id="method:hashCode()"><span class="diff-html-added"/></a>  </td></tr></table></td></tr></table><table border="0" cellpadding="1" cellspacing="0" width="100%"><tr><td><h3 class="ctxid">method:clone() [ADDED]</h3></td></tr><tr><td><table border="0" cellpadding="5" cellspacing="1" bgcolor="black" width="100%"><tr valign="top"><td bgcolor="#FFFFFF" colspan="1"> <a start_ctx_id="method:clone()"><span class="diff-html-added"/></a><a name="clone()"/><ul class="blockListLast"><li class="blockList"><h4><span class="diff-html-added">clone</span></h4><pre><span class="diff-html-added">public java.lang.Object clone()</span></pre><div class="block"><span class="diff-html-added">Returns</span> <span class="diff-html-added">a</span> <span class="diff-html-added">clone</span> <span class="diff-html-added">of</span> <span class="diff-html-added">this</span> <code><span class="diff-html-added">SerialRef</span></code><span class="diff-html-added">.</span> <span class="diff-html-added">The</span> <span class="diff-html-added">underlying</span> <code><span class="diff-html-added">Ref</span></code> <span class="diff-html-added">object</span> <span class="diff-html-added">will</span> <span class="diff-html-added">be</span> <span class="diff-html-added">set</span> <span class="diff-html-added">to</span> <span class="diff-html-added">null.</span>              </div><dl> <dt> <strong><span class="diff-html-added">Overrides:</span></strong>   </dt><dd> <code><span class="diff-html-added">clone</span></code><span class="diff-html-added"> in</span> <span class="diff-html-added">class </span><code><span class="diff-html-added">java.lang.Object</span></code>  </dd> <dt> <span class="strong"><span class="diff-html-added">Returns:</span></span>   </dt><dd><span class="diff-html-added">a</span> <span class="diff-html-added">clone</span> <span class="diff-html-added">of</span> <span class="diff-html-added">this</span> <span class="diff-html-added">SerialRef</span>    </dd> <dt> <span class="strong"><span class="diff-html-added">See</span> <span class="diff-html-added">Also:</span> </span>   </dt><dd><span class="diff-html-added">&lt;code&gt;Cloneable&lt;/code&gt;</span></dd>   </dl></li></ul> <a end_ctx_id="method:clone()"><span class="diff-html-added"/></a>  </td></tr></table></td></tr></table></diff></diffreport>