<?xml version="1.0" encoding="UTF-8"?><diffreport><diff><table border="0" cellpadding="1" cellspacing="0" width="100%"><tr><td><h3 class="ctxid">class:SQLInputImpl [CHANGED]</h3></td></tr><tr><td><table border="0" cellpadding="5" cellspacing="1" bgcolor="black" width="100%"><tr valign="top"><td bgcolor="#EEEEEE" colspan="2"><div class="description"> <a start_ctx_id="class:SQLInputImpl"/><ul class="blockList"><li class="blockList"><dl> <dt>All Implemented Interfaces:  </dt><dd>java.sql.SQLInput</dd> </dl> <hr/> <br/><pre>public class <span class="strong">SQLInputImpl</span>
extends java.lang.Object
implements java.sql.SQLInput</pre><div class="block">An input stream used for custom mapping user-defined types (UDTs). An <code>SQLInputImpl</code> object is an input stream that contains a stream of values that are the attributes of a UDT.<p> This class is used by the driver behind the scenes when the method <code>getObject</code> is called on an SQL structured or distinct type that has a custom mapping; a programmer never invokes <code>SQLInputImpl</code> methods directly. They are provided here as a convenience for those who write <code>RowSet</code> implementations.                                                </p><p> The <code>SQLInputImpl</code> class provides a set of reader methods analogous to the <code>ResultSet</code> getter methods. These methods make it possible to read the values in an <code>SQLInputImpl</code> object.                            </p><p> The method <code>wasNull</code> is used to determine whether the the last value read was SQL <code>NULL</code>.                </p><p>When the method <code>getObject</code> is called with an object of a class implementing the interface <code>SQLData</code>, the JDBC driver calls the method <code>SQLData.getSQLType</code> to determine the SQL type of the UDT being custom mapped. The driver creates an instance of <code>SQLInputImpl</code>, populating it with the attributes of the UDT. The driver then passes the input stream to the method <code>SQLData.readSQL</code>, which in turn calls the <code>SQLInputImpl</code> reader methods to read the attributes from the input stream.                                                                           </p>                             </div><dl> <dt> <span class="strong"><span class="diff-html-added">Since:</span></span>   </dt><dd><span class="diff-html-added">1.5</span></dd> <dt> <span class="strong">See Also: </span>   </dt><dd>&lt;code&gt;SQLData&lt;/code&gt;</dd>  </dl>  </li></ul> </div> <a end_ctx_id="class:SQLInputImpl"/> </td></tr><tr valign="top"><td bgcolor="#CCCCCC" colspan="1"><div class="description"> <a start_ctx_id="class:SQLInputImpl"/><ul class="blockList"><li class="blockList"><dl> <dt>All Implemented Interfaces:  </dt><dd>java.sql.SQLInput</dd> </dl> <hr/> <br/><pre>public class <span class="strong">SQLInputImpl</span>
extends java.lang.Object
implements java.sql.SQLInput</pre><div class="block">An input stream used for custom mapping user-defined types (UDTs). An <code>SQLInputImpl</code> object is an input stream that contains a stream of values that are the attributes of a UDT.<p> This class is used by the driver behind the scenes when the method <code>getObject</code> is called on an SQL structured or distinct type that has a custom mapping; a programmer never invokes <code>SQLInputImpl</code> methods directly. They are provided here as a convenience for those who write <code>RowSet</code> implementations.                                                </p><p> The <code>SQLInputImpl</code> class provides a set of reader methods analogous to the <code>ResultSet</code> getter methods. These methods make it possible to read the values in an <code>SQLInputImpl</code> object.                            </p><p> The method <code>wasNull</code> is used to determine whether the the last value read was SQL <code>NULL</code>.                </p><p>When the method <code>getObject</code> is called with an object of a class implementing the interface <code>SQLData</code>, the JDBC driver calls the method <code>SQLData.getSQLType</code> to determine the SQL type of the UDT being custom mapped. The driver creates an instance of <code>SQLInputImpl</code>, populating it with the attributes of the UDT. The driver then passes the input stream to the method <code>SQLData.readSQL</code>, which in turn calls the <code>SQLInputImpl</code> reader methods to read the attributes from the input stream.                                                                           </p>                             </div><dl> <dt> <span class="strong">See Also: </span>   </dt><dd>&lt;code&gt;SQLData&lt;/code&gt;</dd> </dl>  </li></ul> </div> <a end_ctx_id="class:SQLInputImpl"/> </td><td bgcolor="#FFFFFF" colspan="1"><div class="description"> <a start_ctx_id="class:SQLInputImpl"/><ul class="blockList"><li class="blockList"><dl> <dt>All Implemented Interfaces:  </dt><dd>java.sql.SQLInput</dd> </dl> <hr/> <br/><pre>public class <span class="strong">SQLInputImpl</span>
extends java.lang.Object
implements java.sql.SQLInput</pre><div class="block">An input stream used for custom mapping user-defined types (UDTs). An <code>SQLInputImpl</code> object is an input stream that contains a stream of values that are the attributes of a UDT.<p> This class is used by the driver behind the scenes when the method <code>getObject</code> is called on an SQL structured or distinct type that has a custom mapping; a programmer never invokes <code>SQLInputImpl</code> methods directly. They are provided here as a convenience for those who write <code>RowSet</code> implementations.                                                </p><p> The <code>SQLInputImpl</code> class provides a set of reader methods analogous to the <code>ResultSet</code> getter methods. These methods make it possible to read the values in an <code>SQLInputImpl</code> object.                            </p><p> The method <code>wasNull</code> is used to determine whether the the last value read was SQL <code>NULL</code>.                </p><p>When the method <code>getObject</code> is called with an object of a class implementing the interface <code>SQLData</code>, the JDBC driver calls the method <code>SQLData.getSQLType</code> to determine the SQL type of the UDT being custom mapped. The driver creates an instance of <code>SQLInputImpl</code>, populating it with the attributes of the UDT. The driver then passes the input stream to the method <code>SQLData.readSQL</code>, which in turn calls the <code>SQLInputImpl</code> reader methods to read the attributes from the input stream.                                                                           </p>                             </div><dl> <dt> <span class="strong">Since:</span>   </dt><dd>1.5</dd> <dt> <span class="strong">See Also: </span>   </dt><dd>&lt;code&gt;SQLData&lt;/code&gt;</dd>  </dl>  </li></ul> </div> <a end_ctx_id="class:SQLInputImpl"/> </td></tr></table></td></tr></table><table border="0" cellpadding="1" cellspacing="0" width="100%"><tr><td><h3 class="ctxid">constructor:SQLInputImpl(java.lang.Object[], java.util.Map) [NONE]</h3></td></tr><tr><td><table border="0" cellpadding="5" cellspacing="1" bgcolor="black" width="100%"><tr valign="top"><td bgcolor="#FFFFFF" colspan="1"> <a start_ctx_id="constructor:SQLInputImpl(java.lang.Object[], java.util.Map)"/><a name="SQLInputImpl(java.lang.Object[], java.util.Map)"/><ul class="blockListLast"><li class="blockList"><h4>SQLInputImpl</h4><pre>public SQLInputImpl(java.lang.Object[] attributes,
                    java.util.Map&lt;java.lang.String,java.lang.Class&lt;?&gt;&gt; map)
             throws java.sql.SQLException</pre><div class="block">Creates an <code>SQLInputImpl</code> object initialized with the given array of attributes and the given type map. If any of the attributes is a UDT whose name is in an entry in the type map, the attribute will be mapped according to the corresponding <code>SQLData</code> implementation.                                            </div><dl> <dt> <span class="strong">Parameters:</span>   </dt><dd> <code>attributes</code> - an array of <code>Object</code> instances in which each element is an attribute of a UDT. The order of the attributes in the array is the same order in which the attributes were defined in the UDT definition.                                       </dd><dd> <code>map</code> - a <code>java.util.Map</code> object containing zero or more entries, with each entry consisting of 1) a <code>String</code> giving the fully qualified name of the UDT and 2) the <code>Class</code> object for the <code>SQLData</code> implementation that defines how the UDT is to be mapped                                            </dd> <dt> <span class="strong">Throws:</span>   </dt><dd> <code>java.sql.SQLException</code> - if the <code>attributes</code> or the <code>map</code> is a <code>null</code> value            </dd>  </dl></li></ul> <a end_ctx_id="constructor:SQLInputImpl(java.lang.Object[], java.util.Map)"/>  </td></tr></table></td></tr></table><table border="0" cellpadding="1" cellspacing="0" width="100%"><tr><td><h3 class="ctxid">method:readString() [NONE]</h3></td></tr><tr><td><table border="0" cellpadding="5" cellspacing="1" bgcolor="black" width="100%"><tr valign="top"><td bgcolor="#FFFFFF" colspan="1"> <a start_ctx_id="method:readString()"/><a name="readString()"/><ul class="blockList"><li class="blockList"><h4>readString</h4><pre>public java.lang.String readString()
                            throws java.sql.SQLException</pre><div class="block">Retrieves the next attribute in this <code>SQLInputImpl</code> object as a <code>String</code> in the Java programming language.<p> This method does not perform type-safe checking to determine if the returned type is the expected type; this responsibility is delegated to the UDT mapping as defined by a <code>SQLData</code> implementation.                               </p><p/>               </div><dl> <dt> <strong>Specified by: </strong>   </dt><dd> <code>readString</code> in interface <code>java.sql.SQLInput</code>  </dd> <dt> <span class="strong">Returns:</span>   </dt><dd>the next attribute in this <code>SQLInputImpl</code> object; if the value is <code>SQL NULL </code>, return <code>null</code>             </dd> <dt> <span class="strong">Throws:</span>   </dt><dd> <code>java.sql.SQLException</code> - if the read position is located at an invalid position or if there are no further values in the stream.                      </dd>   </dl></li></ul> <a end_ctx_id="method:readString()"/>  </td></tr></table></td></tr></table><table border="0" cellpadding="1" cellspacing="0" width="100%"><tr><td><h3 class="ctxid">method:readBoolean() [NONE]</h3></td></tr><tr><td><table border="0" cellpadding="5" cellspacing="1" bgcolor="black" width="100%"><tr valign="top"><td bgcolor="#FFFFFF" colspan="1"> <a start_ctx_id="method:readBoolean()"/><a name="readBoolean()"/><ul class="blockList"><li class="blockList"><h4>readBoolean</h4><pre>public boolean readBoolean()
                    throws java.sql.SQLException</pre><div class="block">Retrieves the next attribute in this <code>SQLInputImpl</code> object as a <code>boolean</code> in the Java programming language.<p> This method does not perform type-safe checking to determine if the returned type is the expected type; this responsibility is delegated to the UDT mapping as defined by a <code>SQLData</code> implementation.                               </p><p/>               </div><dl> <dt> <strong>Specified by: </strong>   </dt><dd> <code>readBoolean</code> in interface <code>java.sql.SQLInput</code>  </dd> <dt> <span class="strong">Returns:</span>   </dt><dd>the next attribute in this <code>SQLInputImpl</code> object; if the value is <code>SQL NULL </code>, return <code>null</code>             </dd> <dt> <span class="strong">Throws:</span>   </dt><dd> <code>java.sql.SQLException</code> - if the read position is located at an invalid position or if there are no further values in the stream.                      </dd>   </dl></li></ul> <a end_ctx_id="method:readBoolean()"/>  </td></tr></table></td></tr></table><table border="0" cellpadding="1" cellspacing="0" width="100%"><tr><td><h3 class="ctxid">method:readByte() [NONE]</h3></td></tr><tr><td><table border="0" cellpadding="5" cellspacing="1" bgcolor="black" width="100%"><tr valign="top"><td bgcolor="#FFFFFF" colspan="1"> <a start_ctx_id="method:readByte()"/><a name="readByte()"/><ul class="blockList"><li class="blockList"><h4>readByte</h4><pre>public byte readByte()
              throws java.sql.SQLException</pre><div class="block">Retrieves the next attribute in this <code>SQLInputImpl</code> object as a <code>byte</code> in the Java programming language.<p> This method does not perform type-safe checking to determine if the returned type is the expected type; this responsibility is delegated to the UDT mapping as defined by a <code>SQLData</code> implementation.                               </p><p/>               </div><dl> <dt> <strong>Specified by: </strong>   </dt><dd> <code>readByte</code> in interface <code>java.sql.SQLInput</code>  </dd> <dt> <span class="strong">Returns:</span>   </dt><dd>the next attribute in this <code>SQLInputImpl</code> object; if the value is <code>SQL NULL </code>, return <code>null</code>             </dd> <dt> <span class="strong">Throws:</span>   </dt><dd> <code>java.sql.SQLException</code> - if the read position is located at an invalid position or if there are no further values in the stream                      </dd>   </dl></li></ul> <a end_ctx_id="method:readByte()"/>  </td></tr></table></td></tr></table><table border="0" cellpadding="1" cellspacing="0" width="100%"><tr><td><h3 class="ctxid">method:readShort() [NONE]</h3></td></tr><tr><td><table border="0" cellpadding="5" cellspacing="1" bgcolor="black" width="100%"><tr valign="top"><td bgcolor="#FFFFFF" colspan="1"> <a start_ctx_id="method:readShort()"/><a name="readShort()"/><ul class="blockList"><li class="blockList"><h4>readShort</h4><pre>public short readShort()
                throws java.sql.SQLException</pre><div class="block">Retrieves the next attribute in this <code>SQLInputImpl</code> object as a <code>short</code> in the Java programming language.<p> This method does not perform type-safe checking to determine if the returned type is the expected type; this responsibility is delegated to the UDT mapping as defined by a <code>SQLData</code> implementation.                               </p><p/>               </div><dl> <dt> <strong>Specified by: </strong>   </dt><dd> <code>readShort</code> in interface <code>java.sql.SQLInput</code>  </dd> <dt> <span class="strong">Returns:</span>   </dt><dd>the next attribute in this <code>SQLInputImpl</code> object; if the value is <code>SQL NULL </code>, return <code>null</code>             </dd> <dt> <span class="strong">Throws:</span>   </dt><dd> <code>java.sql.SQLException</code> - if the read position is located at an invalid position or if there are no more values in the stream                      </dd>   </dl></li></ul> <a end_ctx_id="method:readShort()"/>  </td></tr></table></td></tr></table><table border="0" cellpadding="1" cellspacing="0" width="100%"><tr><td><h3 class="ctxid">method:readInt() [NONE]</h3></td></tr><tr><td><table border="0" cellpadding="5" cellspacing="1" bgcolor="black" width="100%"><tr valign="top"><td bgcolor="#FFFFFF" colspan="1"> <a start_ctx_id="method:readInt()"/><a name="readInt()"/><ul class="blockList"><li class="blockList"><h4>readInt</h4><pre>public int readInt()
            throws java.sql.SQLException</pre><div class="block">Retrieves the next attribute in this <code>SQLInputImpl</code> object as an <code>int</code> in the Java programming language.<p> This method does not perform type-safe checking to determine if the returned type is the expected type; this responsibility is delegated to the UDT mapping as defined by a <code>SQLData</code> implementation.                               </p><p/>               </div><dl> <dt> <strong>Specified by: </strong>   </dt><dd> <code>readInt</code> in interface <code>java.sql.SQLInput</code>  </dd> <dt> <span class="strong">Returns:</span>   </dt><dd>the next attribute in this <code>SQLInputImpl</code> object; if the value is <code>SQL NULL </code>, return <code>null</code>             </dd> <dt> <span class="strong">Throws:</span>   </dt><dd> <code>java.sql.SQLException</code> - if the read position is located at an invalid position or if there are no more values in the stream                      </dd>   </dl></li></ul> <a end_ctx_id="method:readInt()"/>  </td></tr></table></td></tr></table><table border="0" cellpadding="1" cellspacing="0" width="100%"><tr><td><h3 class="ctxid">method:readLong() [NONE]</h3></td></tr><tr><td><table border="0" cellpadding="5" cellspacing="1" bgcolor="black" width="100%"><tr valign="top"><td bgcolor="#FFFFFF" colspan="1"> <a start_ctx_id="method:readLong()"/><a name="readLong()"/><ul class="blockList"><li class="blockList"><h4>readLong</h4><pre>public long readLong()
              throws java.sql.SQLException</pre><div class="block">Retrieves the next attribute in this <code>SQLInputImpl</code> object as a <code>long</code> in the Java programming language.<p> This method does not perform type-safe checking to determine if the returned type is the expected type; this responsibility is delegated to the UDT mapping as defined by a <code>SQLData</code> implementation.                               </p><p/>               </div><dl> <dt> <strong>Specified by: </strong>   </dt><dd> <code>readLong</code> in interface <code>java.sql.SQLInput</code>  </dd> <dt> <span class="strong">Returns:</span>   </dt><dd>the next attribute in this <code>SQLInputImpl</code> object; if the value is <code>SQL NULL </code>, return <code>null</code>             </dd> <dt> <span class="strong">Throws:</span>   </dt><dd> <code>java.sql.SQLException</code> - if the read position is located at an invalid position or if there are no more values in the stream                      </dd>   </dl></li></ul> <a end_ctx_id="method:readLong()"/>  </td></tr></table></td></tr></table><table border="0" cellpadding="1" cellspacing="0" width="100%"><tr><td><h3 class="ctxid">method:readFloat() [NONE]</h3></td></tr><tr><td><table border="0" cellpadding="5" cellspacing="1" bgcolor="black" width="100%"><tr valign="top"><td bgcolor="#FFFFFF" colspan="1"> <a start_ctx_id="method:readFloat()"/><a name="readFloat()"/><ul class="blockList"><li class="blockList"><h4>readFloat</h4><pre>public float readFloat()
                throws java.sql.SQLException</pre><div class="block">Retrieves the next attribute in this <code>SQLInputImpl</code> object as a <code>float</code> in the Java programming language.<p> This method does not perform type-safe checking to determine if the returned type is the expected type; this responsibility is delegated to the UDT mapping as defined by a <code>SQLData</code> implementation.                               </p><p/>               </div><dl> <dt> <strong>Specified by: </strong>   </dt><dd> <code>readFloat</code> in interface <code>java.sql.SQLInput</code>  </dd> <dt> <span class="strong">Returns:</span>   </dt><dd>the next attribute in this <code>SQLInputImpl</code> object; if the value is <code>SQL NULL </code>, return <code>null</code>             </dd> <dt> <span class="strong">Throws:</span>   </dt><dd> <code>java.sql.SQLException</code> - if the read position is located at an invalid position or if there are no more values in the stream                      </dd>   </dl></li></ul> <a end_ctx_id="method:readFloat()"/>  </td></tr></table></td></tr></table><table border="0" cellpadding="1" cellspacing="0" width="100%"><tr><td><h3 class="ctxid">method:readDouble() [NONE]</h3></td></tr><tr><td><table border="0" cellpadding="5" cellspacing="1" bgcolor="black" width="100%"><tr valign="top"><td bgcolor="#FFFFFF" colspan="1"> <a start_ctx_id="method:readDouble()"/><a name="readDouble()"/><ul class="blockList"><li class="blockList"><h4>readDouble</h4><pre>public double readDouble()
                  throws java.sql.SQLException</pre><div class="block">Retrieves the next attribute in this <code>SQLInputImpl</code> object as a <code>double</code> in the Java programming language.<p> This method does not perform type-safe checking to determine if the returned type is the expected type; this responsibility is delegated to the UDT mapping as defined by a <code>SQLData</code> implementation.                               </p><p/>               </div><dl> <dt> <strong>Specified by: </strong>   </dt><dd> <code>readDouble</code> in interface <code>java.sql.SQLInput</code>  </dd> <dt> <span class="strong">Returns:</span>   </dt><dd>the next attribute in this <code>SQLInputImpl</code> object; if the value is <code>SQL NULL </code>, return <code>null</code>             </dd> <dt> <span class="strong">Throws:</span>   </dt><dd> <code>java.sql.SQLException</code> - if the read position is located at an invalid position or if there are no more values in the stream                      </dd>   </dl></li></ul> <a end_ctx_id="method:readDouble()"/>  </td></tr></table></td></tr></table><table border="0" cellpadding="1" cellspacing="0" width="100%"><tr><td><h3 class="ctxid">method:readBigDecimal() [NONE]</h3></td></tr><tr><td><table border="0" cellpadding="5" cellspacing="1" bgcolor="black" width="100%"><tr valign="top"><td bgcolor="#FFFFFF" colspan="1"> <a start_ctx_id="method:readBigDecimal()"/><a name="readBigDecimal()"/><ul class="blockList"><li class="blockList"><h4>readBigDecimal</h4><pre>public java.math.BigDecimal readBigDecimal()
                                    throws java.sql.SQLException</pre><div class="block">Retrieves the next attribute in this <code>SQLInputImpl</code> object as a <code>java.math.BigDecimal</code>.<p> This method does not perform type-safe checking to determine if the returned type is the expected type; this responsibility is delegated to the UDT mapping as defined by a <code>SQLData</code> implementation.                               </p><p/>          </div><dl> <dt> <strong>Specified by: </strong>   </dt><dd> <code>readBigDecimal</code> in interface <code>java.sql.SQLInput</code>  </dd> <dt> <span class="strong">Returns:</span>   </dt><dd>the next attribute in this <code>SQLInputImpl</code> object; if the value is <code>SQL NULL </code>, return <code>null</code>             </dd> <dt> <span class="strong">Throws:</span>   </dt><dd> <code>java.sql.SQLException</code> - if the read position is located at an invalid position or if there are no more values in the stream                      </dd>   </dl></li></ul> <a end_ctx_id="method:readBigDecimal()"/>  </td></tr></table></td></tr></table><table border="0" cellpadding="1" cellspacing="0" width="100%"><tr><td><h3 class="ctxid">method:readBytes() [NONE]</h3></td></tr><tr><td><table border="0" cellpadding="5" cellspacing="1" bgcolor="black" width="100%"><tr valign="top"><td bgcolor="#FFFFFF" colspan="1"> <a start_ctx_id="method:readBytes()"/><a name="readBytes()"/><ul class="blockList"><li class="blockList"><h4>readBytes</h4><pre>public byte[] readBytes()
                 throws java.sql.SQLException</pre><div class="block">Retrieves the next attribute in this <code>SQLInputImpl</code> object as an array of bytes.<p> This method does not perform type-safe checking to determine if the returned type is the expected type; this responsibility is delegated to the UDT mapping as defined by a <code>SQLData</code> implementation.                               </p><p/>            </div><dl> <dt> <strong>Specified by: </strong>   </dt><dd> <code>readBytes</code> in interface <code>java.sql.SQLInput</code>  </dd> <dt> <span class="strong">Returns:</span>   </dt><dd>the next attribute in this <code>SQLInputImpl</code> object; if the value is <code>SQL NULL </code>, return <code>null</code>             </dd> <dt> <span class="strong">Throws:</span>   </dt><dd> <code>java.sql.SQLException</code> - if the read position is located at an invalid position or if there are no more values in the stream                      </dd>   </dl></li></ul> <a end_ctx_id="method:readBytes()"/>  </td></tr></table></td></tr></table><table border="0" cellpadding="1" cellspacing="0" width="100%"><tr><td><h3 class="ctxid">method:readDate() [NONE]</h3></td></tr><tr><td><table border="0" cellpadding="5" cellspacing="1" bgcolor="black" width="100%"><tr valign="top"><td bgcolor="#FFFFFF" colspan="1"> <a start_ctx_id="method:readDate()"/><a name="readDate()"/><ul class="blockList"><li class="blockList"><h4>readDate</h4><pre>public java.sql.Date readDate()
                       throws java.sql.SQLException</pre><div class="block">Retrieves the next attribute in this <code>SQLInputImpl</code> as a <code>java.sql.Date</code> object.<p> This method does not perform type-safe checking to determine if the returned type is the expected type; this responsibility is delegated to the UDT mapping as defined by a <code>SQLData</code> implementation.                               </p><p/>          </div><dl> <dt> <strong>Specified by: </strong>   </dt><dd> <code>readDate</code> in interface <code>java.sql.SQLInput</code>  </dd> <dt> <span class="strong">Returns:</span>   </dt><dd>the next attribute in this <code>SQLInputImpl</code> object; if the value is <code>SQL NULL </code>, return <code>null</code>             </dd> <dt> <span class="strong">Throws:</span>   </dt><dd> <code>java.sql.SQLException</code> - if the read position is located at an invalid position or if there are no more values in the stream                      </dd>   </dl></li></ul> <a end_ctx_id="method:readDate()"/>  </td></tr></table></td></tr></table><table border="0" cellpadding="1" cellspacing="0" width="100%"><tr><td><h3 class="ctxid">method:readTime() [NONE]</h3></td></tr><tr><td><table border="0" cellpadding="5" cellspacing="1" bgcolor="black" width="100%"><tr valign="top"><td bgcolor="#FFFFFF" colspan="1"> <a start_ctx_id="method:readTime()"/><a name="readTime()"/><ul class="blockList"><li class="blockList"><h4>readTime</h4><pre>public java.sql.Time readTime()
                       throws java.sql.SQLException</pre><div class="block">Retrieves the next attribute in this <code>SQLInputImpl</code> object as a <code>java.sql.Time</code> object.<p> This method does not perform type-safe checking to determine if the returned type is the expected type as this responsibility is delegated to the UDT mapping as implemented by a <code>SQLData</code> implementation.                                </p>           </div><dl> <dt> <strong>Specified by: </strong>   </dt><dd> <code>readTime</code> in interface <code>java.sql.SQLInput</code>  </dd> <dt> <span class="strong">Returns:</span>   </dt><dd>the attribute; if the value is <code>SQL NULL </code>, return <code>null</code>        </dd> <dt> <span class="strong">Throws:</span>   </dt><dd> <code>java.sql.SQLException</code> - if the read position is located at an invalid position; or if there are no further values in the stream.                      </dd>   </dl></li></ul> <a end_ctx_id="method:readTime()"/>  </td></tr></table></td></tr></table><table border="0" cellpadding="1" cellspacing="0" width="100%"><tr><td><h3 class="ctxid">method:readTimestamp() [NONE]</h3></td></tr><tr><td><table border="0" cellpadding="5" cellspacing="1" bgcolor="black" width="100%"><tr valign="top"><td bgcolor="#FFFFFF" colspan="1"> <a start_ctx_id="method:readTimestamp()"/><a name="readTimestamp()"/><ul class="blockList"><li class="blockList"><h4>readTimestamp</h4><pre>public java.sql.Timestamp readTimestamp()
                                 throws java.sql.SQLException</pre><div class="block">Retrieves the next attribute in this <code>SQLInputImpl</code> object as a <code>java.sql.Timestamp</code> object.           </div><dl> <dt> <strong>Specified by: </strong>   </dt><dd> <code>readTimestamp</code> in interface <code>java.sql.SQLInput</code>  </dd> <dt> <span class="strong">Returns:</span>   </dt><dd>the attribute; if the value is <code>SQL NULL </code>, return <code>null</code>        </dd> <dt> <span class="strong">Throws:</span>   </dt><dd> <code>java.sql.SQLException</code> - if the read position is located at an invalid position; or if there are no further values in the stream.                      </dd>   </dl></li></ul> <a end_ctx_id="method:readTimestamp()"/>  </td></tr></table></td></tr></table><table border="0" cellpadding="1" cellspacing="0" width="100%"><tr><td><h3 class="ctxid">method:readCharacterStream() [NONE]</h3></td></tr><tr><td><table border="0" cellpadding="5" cellspacing="1" bgcolor="black" width="100%"><tr valign="top"><td bgcolor="#FFFFFF" colspan="1"> <a start_ctx_id="method:readCharacterStream()"/><a name="readCharacterStream()"/><ul class="blockList"><li class="blockList"><h4>readCharacterStream</h4><pre>public java.io.Reader readCharacterStream()
                                   throws java.sql.SQLException</pre><div class="block">Retrieves the next attribute in this <code>SQLInputImpl</code> object as a stream of Unicode characters.<p> This method does not perform type-safe checking to determine if the returned type is the expected type as this responsibility is delegated to the UDT mapping as implemented by a <code>SQLData</code> implementation.                                </p>             </div><dl> <dt> <strong>Specified by: </strong>   </dt><dd> <code>readCharacterStream</code> in interface <code>java.sql.SQLInput</code>  </dd> <dt> <span class="strong">Returns:</span>   </dt><dd>the attribute; if the value is <code>SQL NULL </code>, return <code>null</code>        </dd> <dt> <span class="strong">Throws:</span>   </dt><dd> <code>java.sql.SQLException</code> - if the read position is located at an invalid position; or if there are no further values in the stream.                      </dd>   </dl></li></ul> <a end_ctx_id="method:readCharacterStream()"/>  </td></tr></table></td></tr></table><table border="0" cellpadding="1" cellspacing="0" width="100%"><tr><td><h3 class="ctxid">method:readAsciiStream() [NONE]</h3></td></tr><tr><td><table border="0" cellpadding="5" cellspacing="1" bgcolor="black" width="100%"><tr valign="top"><td bgcolor="#FFFFFF" colspan="1"> <a start_ctx_id="method:readAsciiStream()"/><a name="readAsciiStream()"/><ul class="blockList"><li class="blockList"><h4>readAsciiStream</h4><pre>public java.io.InputStream readAsciiStream()
                                    throws java.sql.SQLException</pre><div class="block">Returns the next attribute in this <code>SQLInputImpl</code> object as a stream of ASCII characters.<p> This method does not perform type-safe checking to determine if the returned type is the expected type as this responsibility is delegated to the UDT mapping as implemented by a <code>SQLData</code> implementation.                                </p>             </div><dl> <dt> <strong>Specified by: </strong>   </dt><dd> <code>readAsciiStream</code> in interface <code>java.sql.SQLInput</code>  </dd> <dt> <span class="strong">Returns:</span>   </dt><dd>the attribute; if the value is <code>SQL NULL </code>, return <code>null</code>        </dd> <dt> <span class="strong">Throws:</span>   </dt><dd> <code>java.sql.SQLException</code> - if the read position is located at an invalid position; or if there are no further values in the stream.                      </dd>   </dl></li></ul> <a end_ctx_id="method:readAsciiStream()"/>  </td></tr></table></td></tr></table><table border="0" cellpadding="1" cellspacing="0" width="100%"><tr><td><h3 class="ctxid">method:readBinaryStream() [NONE]</h3></td></tr><tr><td><table border="0" cellpadding="5" cellspacing="1" bgcolor="black" width="100%"><tr valign="top"><td bgcolor="#FFFFFF" colspan="1"> <a start_ctx_id="method:readBinaryStream()"/><a name="readBinaryStream()"/><ul class="blockList"><li class="blockList"><h4>readBinaryStream</h4><pre>public java.io.InputStream readBinaryStream()
                                     throws java.sql.SQLException</pre><div class="block">Returns the next attribute in this <code>SQLInputImpl</code> object as a stream of uninterpreted bytes.<p> This method does not perform type-safe checking to determine if the returned type is the expected type as this responsibility is delegated to the UDT mapping as implemented by a <code>SQLData</code> implementation.                                </p>             </div><dl> <dt> <strong>Specified by: </strong>   </dt><dd> <code>readBinaryStream</code> in interface <code>java.sql.SQLInput</code>  </dd> <dt> <span class="strong">Returns:</span>   </dt><dd>the attribute; if the value is <code>SQL NULL </code>, return <code>null</code>        </dd> <dt> <span class="strong">Throws:</span>   </dt><dd> <code>java.sql.SQLException</code> - if the read position is located at an invalid position; or if there are no further values in the stream.                      </dd>   </dl></li></ul> <a end_ctx_id="method:readBinaryStream()"/>  </td></tr></table></td></tr></table><table border="0" cellpadding="1" cellspacing="0" width="100%"><tr><td><h3 class="ctxid">method:readObject() [NONE]</h3></td></tr><tr><td><table border="0" cellpadding="5" cellspacing="1" bgcolor="black" width="100%"><tr valign="top"><td bgcolor="#FFFFFF" colspan="1"> <a start_ctx_id="method:readObject()"/><a name="readObject()"/><ul class="blockList"><li class="blockList"><h4>readObject</h4><pre>public java.lang.Object readObject()
                            throws java.sql.SQLException</pre><div class="block">Retrieves the value at the head of this <code>SQLInputImpl</code> object as an <code>Object</code> in the Java programming language. The actual type of the object returned is determined by the default mapping of SQL types to types in the Java programming language unless there is a custom mapping, in which case the type of the object returned is determined by this stream's type map.<p> The JDBC technology-enabled driver registers a type map with the stream before passing the stream to the application.                  </p><p> When the datum at the head of the stream is an SQL <code>NULL</code>, this method returns <code>null</code>. If the datum is an SQL structured or distinct type with a custom mapping, this method determines the SQL type of the datum at the head of the stream, constructs an object of the appropriate class, and calls the method <code>SQLData.readSQL</code> on that object. The <code>readSQL</code> method then calls the appropriate <code>SQLInputImpl.readXXX</code> methods to retrieve the attribute values from the stream.                                                                              </p>                                                              </div><dl> <dt> <strong>Specified by: </strong>   </dt><dd> <code>readObject</code> in interface <code>java.sql.SQLInput</code>  </dd> <dt> <span class="strong">Returns:</span>   </dt><dd>the value at the head of the stream as an <code>Object</code> in the Java programming language; <code>null</code> if the value is SQL <code>NULL</code>                      </dd> <dt> <span class="strong">Throws:</span>   </dt><dd> <code>java.sql.SQLException</code> - if the read position is located at an invalid position; or if there are no further values in the stream.                      </dd>   </dl></li></ul> <a end_ctx_id="method:readObject()"/>  </td></tr></table></td></tr></table><table border="0" cellpadding="1" cellspacing="0" width="100%"><tr><td><h3 class="ctxid">method:readRef() [NONE]</h3></td></tr><tr><td><table border="0" cellpadding="5" cellspacing="1" bgcolor="black" width="100%"><tr valign="top"><td bgcolor="#FFFFFF" colspan="1"> <a start_ctx_id="method:readRef()"/><a name="readRef()"/><ul class="blockList"><li class="blockList"><h4>readRef</h4><pre>public java.sql.Ref readRef()
                     throws java.sql.SQLException</pre><div class="block">Retrieves the value at the head of this <code>SQLInputImpl</code> object as a <code>Ref</code> object in the Java programming language.                  </div><dl> <dt> <strong>Specified by: </strong>   </dt><dd> <code>readRef</code> in interface <code>java.sql.SQLInput</code>  </dd> <dt> <span class="strong">Returns:</span>   </dt><dd>a <code>Ref</code> object representing the SQL <code>REF</code> value at the head of the stream; if the value is <code>SQL NULL </code> return <code>null</code>                    </dd> <dt> <span class="strong">Throws:</span>   </dt><dd> <code>java.sql.SQLException</code> - if the read position is located at an invalid position; or if there are no further values in the stream.                      </dd>   </dl></li></ul> <a end_ctx_id="method:readRef()"/>  </td></tr></table></td></tr></table><table border="0" cellpadding="1" cellspacing="0" width="100%"><tr><td><h3 class="ctxid">method:readBlob() [NONE]</h3></td></tr><tr><td><table border="0" cellpadding="5" cellspacing="1" bgcolor="black" width="100%"><tr valign="top"><td bgcolor="#FFFFFF" colspan="1"> <a start_ctx_id="method:readBlob()"/><a name="readBlob()"/><ul class="blockList"><li class="blockList"><h4>readBlob</h4><pre>public java.sql.Blob readBlob()
                       throws java.sql.SQLException</pre><div class="block">Retrieves the <code>BLOB</code> value at the head of this <code>SQLInputImpl</code> object as a <code>Blob</code> object in the Java programming language.<p> This method does not perform type-safe checking to determine if the returned type is the expected type as this responsibility is delegated to the UDT mapping as implemented by a <code>SQLData</code> implementation.                                </p>                   </div><dl> <dt> <strong>Specified by: </strong>   </dt><dd> <code>readBlob</code> in interface <code>java.sql.SQLInput</code>  </dd> <dt> <span class="strong">Returns:</span>   </dt><dd>a <code>Blob</code> object representing the SQL <code>BLOB</code> value at the head of this stream; if the value is <code>SQL NULL </code>, return <code>null</code>                    </dd> <dt> <span class="strong">Throws:</span>   </dt><dd> <code>java.sql.SQLException</code> - if the read position is located at an invalid position; or if there are no further values in the stream.                      </dd>   </dl></li></ul> <a end_ctx_id="method:readBlob()"/>  </td></tr></table></td></tr></table><table border="0" cellpadding="1" cellspacing="0" width="100%"><tr><td><h3 class="ctxid">method:readClob() [NONE]</h3></td></tr><tr><td><table border="0" cellpadding="5" cellspacing="1" bgcolor="black" width="100%"><tr valign="top"><td bgcolor="#FFFFFF" colspan="1"> <a start_ctx_id="method:readClob()"/><a name="readClob()"/><ul class="blockList"><li class="blockList"><h4>readClob</h4><pre>public java.sql.Clob readClob()
                       throws java.sql.SQLException</pre><div class="block">Retrieves the <code>CLOB</code> value at the head of this <code>SQLInputImpl</code> object as a <code>Clob</code> object in the Java programming language.<p> This method does not perform type-safe checking to determine if the returned type is the expected type as this responsibility is delegated to the UDT mapping as implemented by a <code>SQLData</code> implementation.                                </p>                   </div><dl> <dt> <strong>Specified by: </strong>   </dt><dd> <code>readClob</code> in interface <code>java.sql.SQLInput</code>  </dd> <dt> <span class="strong">Returns:</span>   </dt><dd>a <code>Clob</code> object representing the SQL <code>CLOB</code> value at the head of the stream; if the value is <code>SQL NULL </code>, return <code>null</code>                    </dd> <dt> <span class="strong">Throws:</span>   </dt><dd> <code>java.sql.SQLException</code> - if the read position is located at an invalid position; or if there are no further values in the stream.                      </dd>   </dl></li></ul> <a end_ctx_id="method:readClob()"/>  </td></tr></table></td></tr></table><table border="0" cellpadding="1" cellspacing="0" width="100%"><tr><td><h3 class="ctxid">method:readArray() [NONE]</h3></td></tr><tr><td><table border="0" cellpadding="5" cellspacing="1" bgcolor="black" width="100%"><tr valign="top"><td bgcolor="#FFFFFF" colspan="1"> <a start_ctx_id="method:readArray()"/><a name="readArray()"/><ul class="blockList"><li class="blockList"><h4>readArray</h4><pre>public java.sql.Array readArray()
                         throws java.sql.SQLException</pre><div class="block">Reads an SQL <code>ARRAY</code> value from the stream and returns it as an <code>Array</code> object in the Java programming language.<p> This method does not perform type-safe checking to determine if the returned type is the expected type as this responsibility is delegated to the UDT mapping as implemented by a <code>SQLData</code> implementation.                                </p>                   </div><dl> <dt> <strong>Specified by: </strong>   </dt><dd> <code>readArray</code> in interface <code>java.sql.SQLInput</code>  </dd> <dt> <span class="strong">Returns:</span>   </dt><dd>an <code>Array</code> object representing the SQL <code>ARRAY</code> value at the head of the stream; * if the value is <code>SQL NULL </code>, return <code>null</code>                     </dd> <dt> <span class="strong">Throws:</span>   </dt><dd> <code>java.sql.SQLException</code> - if the read position is located at an invalid position; or if there are no further values in the stream.                      </dd>   </dl></li></ul> <a end_ctx_id="method:readArray()"/>  </td></tr></table></td></tr></table><table border="0" cellpadding="1" cellspacing="0" width="100%"><tr><td><h3 class="ctxid">method:wasNull() [NONE]</h3></td></tr><tr><td><table border="0" cellpadding="5" cellspacing="1" bgcolor="black" width="100%"><tr valign="top"><td bgcolor="#FFFFFF" colspan="1"> <a start_ctx_id="method:wasNull()"/><a name="wasNull()"/><ul class="blockList"><li class="blockList"><h4>wasNull</h4><pre>public boolean wasNull()
                throws java.sql.SQLException</pre><div class="block">Ascertains whether the last value read from this <code>SQLInputImpl</code> object was <code>null</code>.           </div><dl> <dt> <strong>Specified by: </strong>   </dt><dd> <code>wasNull</code> in interface <code>java.sql.SQLInput</code>  </dd> <dt> <span class="strong">Returns:</span>   </dt><dd> <code>true</code> if the SQL value read most recently was <code>null</code>; otherwise, <code>false</code>; by default it will return false                  </dd> <dt> <span class="strong">Throws:</span>   </dt><dd> <code>java.sql.SQLException</code> - if an error occurs determining the last value read was a <code>null</code> value or not;                 </dd>   </dl></li></ul> <a end_ctx_id="method:wasNull()"/>  </td></tr></table></td></tr></table><table border="0" cellpadding="1" cellspacing="0" width="100%"><tr><td><h3 class="ctxid">method:readURL() [NONE]</h3></td></tr><tr><td><table border="0" cellpadding="5" cellspacing="1" bgcolor="black" width="100%"><tr valign="top"><td bgcolor="#FFFFFF" colspan="1"> <a start_ctx_id="method:readURL()"/><a name="readURL()"/><ul class="blockList"><li class="blockList"><h4>readURL</h4><pre>public java.net.URL readURL()
                     throws java.sql.SQLException</pre><div class="block">Reads an SQL <code>DATALINK</code> value from the stream and returns it as an <code>URL</code> object in the Java programming language.<p> This method does not perform type-safe checking to determine if the returned type is the expected type as this responsibility is delegated to the UDT mapping as implemented by a <code>SQLData</code> implementation.                                </p>                   </div><dl> <dt> <strong>Specified by: </strong>   </dt><dd> <code>readURL</code> in interface <code>java.sql.SQLInput</code>  </dd> <dt> <span class="strong">Returns:</span>   </dt><dd>an <code>URL</code> object representing the SQL <code>DATALINK</code> value at the head of the stream; * if the value is <code>SQL NULL </code>, return <code>null</code>                     </dd> <dt> <span class="strong">Throws:</span>   </dt><dd> <code>java.sql.SQLException</code> - if the read position is located at an invalid position; or if there are no further values in the stream.                      </dd>   </dl></li></ul> <a end_ctx_id="method:readURL()"/>  </td></tr></table></td></tr></table><table border="0" cellpadding="1" cellspacing="0" width="100%"><tr><td><h3 class="ctxid">method:readNClob() [CHANGED]</h3></td></tr><tr><td><table border="0" cellpadding="5" cellspacing="1" bgcolor="black" width="100%"><tr valign="top"><td bgcolor="#EEEEEE" colspan="2"> <a start_ctx_id="method:readNClob()"/><a name="readNClob()"/><ul class="blockList"><li class="blockList"><h4>readNClob</h4><pre>public java.sql.NClob readNClob()
                         throws java.sql.SQLException</pre><div class="block">Reads an SQL <code>NCLOB</code> value from the stream and returns it as a <code>Clob</code> object in the Java programming language.                   </div><dl> <dt> <strong>Specified by: </strong>   </dt><dd> <code>readNClob</code> in interface <code>java.sql.SQLInput</code>  </dd> <dt> <span class="strong">Returns:</span>   </dt><dd>a <code>NClob</code> object representing data of the SQL <code>NCLOB</code> value at the head of the stream; <code>null</code> if the value read is SQL <code>NULL</code>                       </dd> <dt> <span class="strong">Throws:</span>   </dt><dd> <code>java.sql.SQLException</code> - if a database access error occurs        </dd> <dt> <span class="strong"><span class="diff-html-added">Since:</span></span>   </dt><dd><span class="diff-html-added">1.6</span></dd>    </dl></li></ul> <a end_ctx_id="method:readNClob()"/>  </td></tr><tr valign="top"><td bgcolor="#CCCCCC" colspan="1"> <a start_ctx_id="method:readNClob()"/><a name="readNClob()"/><ul class="blockList"><li class="blockList"><h4>readNClob</h4><pre>public java.sql.NClob readNClob()
                         throws java.sql.SQLException</pre><div class="block">Reads an SQL <code>NCLOB</code> value from the stream and returns it as a <code>Clob</code> object in the Java programming language.                   </div><dl> <dt> <strong>Specified by: </strong>   </dt><dd> <code>readNClob</code> in interface <code>java.sql.SQLInput</code>  </dd> <dt> <span class="strong">Returns:</span>   </dt><dd>a <code>NClob</code> object representing data of the SQL <code>NCLOB</code> value at the head of the stream; <code>null</code> if the value read is SQL <code>NULL</code>                       </dd> <dt> <span class="strong">Throws:</span>   </dt><dd> <code>java.sql.SQLException</code> - if a database access error occurs        </dd>   </dl></li></ul> <a end_ctx_id="method:readNClob()"/>  </td><td bgcolor="#FFFFFF" colspan="1"> <a start_ctx_id="method:readNClob()"/><a name="readNClob()"/><ul class="blockList"><li class="blockList"><h4>readNClob</h4><pre>public java.sql.NClob readNClob()
                         throws java.sql.SQLException</pre><div class="block">Reads an SQL <code>NCLOB</code> value from the stream and returns it as a <code>Clob</code> object in the Java programming language.                   </div><dl> <dt> <strong>Specified by: </strong>   </dt><dd> <code>readNClob</code> in interface <code>java.sql.SQLInput</code>  </dd> <dt> <span class="strong">Returns:</span>   </dt><dd>a <code>NClob</code> object representing data of the SQL <code>NCLOB</code> value at the head of the stream; <code>null</code> if the value read is SQL <code>NULL</code>                       </dd> <dt> <span class="strong">Throws:</span>   </dt><dd> <code>java.sql.SQLException</code> - if a database access error occurs        </dd> <dt> <span class="strong">Since:</span>   </dt><dd>1.6</dd>    </dl></li></ul> <a end_ctx_id="method:readNClob()"/>  </td></tr></table></td></tr></table><table border="0" cellpadding="1" cellspacing="0" width="100%"><tr><td><h3 class="ctxid">method:readNString() [CHANGED]</h3></td></tr><tr><td><table border="0" cellpadding="5" cellspacing="1" bgcolor="black" width="100%"><tr valign="top"><td bgcolor="#EEEEEE" colspan="2"> <a start_ctx_id="method:readNString()"/><a name="readNString()"/><ul class="blockList"><li class="blockList"><h4>readNString</h4><pre>public java.lang.String readNString()
                             throws java.sql.SQLException</pre><div class="block">Reads the next attribute in the stream and returns it as a <code>String</code> in the Java programming language. It is intended for use when accessing <code>NCHAR</code>,<code>NVARCHAR</code> and <code>LONGNVARCHAR</code> columns.                            </div><dl> <dt> <strong>Specified by: </strong>   </dt><dd> <code>readNString</code> in interface <code>java.sql.SQLInput</code>  </dd> <dt> <span class="strong">Returns:</span>   </dt><dd>the attribute; if the value is SQL <code>NULL</code>, returns <code>null</code>         </dd> <dt> <span class="strong">Throws:</span>   </dt><dd> <code>java.sql.SQLException</code> - if a database access error occurs        </dd> <dt> <span class="strong"><span class="diff-html-added">Since:</span></span>   </dt><dd><span class="diff-html-added">1.6</span></dd>    </dl></li></ul> <a end_ctx_id="method:readNString()"/>  </td></tr><tr valign="top"><td bgcolor="#CCCCCC" colspan="1"> <a start_ctx_id="method:readNString()"/><a name="readNString()"/><ul class="blockList"><li class="blockList"><h4>readNString</h4><pre>public java.lang.String readNString()
                             throws java.sql.SQLException</pre><div class="block">Reads the next attribute in the stream and returns it as a <code>String</code> in the Java programming language. It is intended for use when accessing <code>NCHAR</code>,<code>NVARCHAR</code> and <code>LONGNVARCHAR</code> columns.                            </div><dl> <dt> <strong>Specified by: </strong>   </dt><dd> <code>readNString</code> in interface <code>java.sql.SQLInput</code>  </dd> <dt> <span class="strong">Returns:</span>   </dt><dd>the attribute; if the value is SQL <code>NULL</code>, returns <code>null</code>         </dd> <dt> <span class="strong">Throws:</span>   </dt><dd> <code>java.sql.SQLException</code> - if a database access error occurs        </dd>   </dl></li></ul> <a end_ctx_id="method:readNString()"/>  </td><td bgcolor="#FFFFFF" colspan="1"> <a start_ctx_id="method:readNString()"/><a name="readNString()"/><ul class="blockList"><li class="blockList"><h4>readNString</h4><pre>public java.lang.String readNString()
                             throws java.sql.SQLException</pre><div class="block">Reads the next attribute in the stream and returns it as a <code>String</code> in the Java programming language. It is intended for use when accessing <code>NCHAR</code>,<code>NVARCHAR</code> and <code>LONGNVARCHAR</code> columns.                            </div><dl> <dt> <strong>Specified by: </strong>   </dt><dd> <code>readNString</code> in interface <code>java.sql.SQLInput</code>  </dd> <dt> <span class="strong">Returns:</span>   </dt><dd>the attribute; if the value is SQL <code>NULL</code>, returns <code>null</code>         </dd> <dt> <span class="strong">Throws:</span>   </dt><dd> <code>java.sql.SQLException</code> - if a database access error occurs        </dd> <dt> <span class="strong">Since:</span>   </dt><dd>1.6</dd>    </dl></li></ul> <a end_ctx_id="method:readNString()"/>  </td></tr></table></td></tr></table><table border="0" cellpadding="1" cellspacing="0" width="100%"><tr><td><h3 class="ctxid">method:readSQLXML() [CHANGED]</h3></td></tr><tr><td><table border="0" cellpadding="5" cellspacing="1" bgcolor="black" width="100%"><tr valign="top"><td bgcolor="#EEEEEE" colspan="2"> <a start_ctx_id="method:readSQLXML()"/><a name="readSQLXML()"/><ul class="blockList"><li class="blockList"><h4>readSQLXML</h4><pre>public java.sql.SQLXML readSQLXML()
                           throws java.sql.SQLException</pre><div class="block">Reads an SQL <code>XML</code> value from the stream and returns it as a <code>SQLXML</code> object in the Java programming language.                   </div><dl> <dt> <strong>Specified by: </strong>   </dt><dd> <code>readSQLXML</code> in interface <code>java.sql.SQLInput</code>  </dd> <dt> <span class="strong">Returns:</span>   </dt><dd>a <code>SQLXML</code> object representing data of the SQL <code>XML</code> value at the head of the stream; <code>null</code> if the value read is SQL <code>NULL</code>                       </dd> <dt> <span class="strong">Throws:</span>   </dt><dd> <code>java.sql.SQLException</code> - if a database access error occurs        </dd> <dt> <span class="strong"><span class="diff-html-added">Since:</span></span>   </dt><dd><span class="diff-html-added">1.6</span></dd>    </dl></li></ul> <a end_ctx_id="method:readSQLXML()"/>  </td></tr><tr valign="top"><td bgcolor="#CCCCCC" colspan="1"> <a start_ctx_id="method:readSQLXML()"/><a name="readSQLXML()"/><ul class="blockList"><li class="blockList"><h4>readSQLXML</h4><pre>public java.sql.SQLXML readSQLXML()
                           throws java.sql.SQLException</pre><div class="block">Reads an SQL <code>XML</code> value from the stream and returns it as a <code>SQLXML</code> object in the Java programming language.                   </div><dl> <dt> <strong>Specified by: </strong>   </dt><dd> <code>readSQLXML</code> in interface <code>java.sql.SQLInput</code>  </dd> <dt> <span class="strong">Returns:</span>   </dt><dd>a <code>SQLXML</code> object representing data of the SQL <code>XML</code> value at the head of the stream; <code>null</code> if the value read is SQL <code>NULL</code>                       </dd> <dt> <span class="strong">Throws:</span>   </dt><dd> <code>java.sql.SQLException</code> - if a database access error occurs        </dd>   </dl></li></ul> <a end_ctx_id="method:readSQLXML()"/>  </td><td bgcolor="#FFFFFF" colspan="1"> <a start_ctx_id="method:readSQLXML()"/><a name="readSQLXML()"/><ul class="blockList"><li class="blockList"><h4>readSQLXML</h4><pre>public java.sql.SQLXML readSQLXML()
                           throws java.sql.SQLException</pre><div class="block">Reads an SQL <code>XML</code> value from the stream and returns it as a <code>SQLXML</code> object in the Java programming language.                   </div><dl> <dt> <strong>Specified by: </strong>   </dt><dd> <code>readSQLXML</code> in interface <code>java.sql.SQLInput</code>  </dd> <dt> <span class="strong">Returns:</span>   </dt><dd>a <code>SQLXML</code> object representing data of the SQL <code>XML</code> value at the head of the stream; <code>null</code> if the value read is SQL <code>NULL</code>                       </dd> <dt> <span class="strong">Throws:</span>   </dt><dd> <code>java.sql.SQLException</code> - if a database access error occurs        </dd> <dt> <span class="strong">Since:</span>   </dt><dd>1.6</dd>    </dl></li></ul> <a end_ctx_id="method:readSQLXML()"/>  </td></tr></table></td></tr></table><table border="0" cellpadding="1" cellspacing="0" width="100%"><tr><td><h3 class="ctxid">method:readRowId() [CHANGED]</h3></td></tr><tr><td><table border="0" cellpadding="5" cellspacing="1" bgcolor="black" width="100%"><tr valign="top"><td bgcolor="#EEEEEE" colspan="2"> <a start_ctx_id="method:readRowId()"/><a name="readRowId()"/><ul class="blockListLast"><li class="blockList"><h4>readRowId</h4><pre>public java.sql.RowId readRowId()
                         throws java.sql.SQLException</pre><div class="block">Reads an SQL <code>ROWID</code> value from the stream and returns it as a <code>RowId</code> object in the Java programming language.                   </div><dl> <dt> <strong>Specified by: </strong>   </dt><dd> <code>readRowId</code> in interface <code>java.sql.SQLInput</code>  </dd> <dt> <span class="strong">Returns:</span>   </dt><dd>a <code>RowId</code> object representing data of the SQL <code>ROWID</code> value at the head of the stream; <code>null</code> if the value read is SQL <code>NULL</code>                       </dd> <dt> <span class="strong">Throws:</span>   </dt><dd> <code>java.sql.SQLException</code> - if a database access error occurs        </dd> <dt> <span class="strong"><span class="diff-html-added">Since:</span></span>   </dt><dd><span class="diff-html-added">1.6</span></dd>    </dl></li></ul> <a end_ctx_id="method:readRowId()"/>  </td></tr><tr valign="top"><td bgcolor="#CCCCCC" colspan="1"> <a start_ctx_id="method:readRowId()"/><a name="readRowId()"/><ul class="blockListLast"><li class="blockList"><h4>readRowId</h4><pre>public java.sql.RowId readRowId()
                         throws java.sql.SQLException</pre><div class="block">Reads an SQL <code>ROWID</code> value from the stream and returns it as a <code>RowId</code> object in the Java programming language.                   </div><dl> <dt> <strong>Specified by: </strong>   </dt><dd> <code>readRowId</code> in interface <code>java.sql.SQLInput</code>  </dd> <dt> <span class="strong">Returns:</span>   </dt><dd>a <code>RowId</code> object representing data of the SQL <code>ROWID</code> value at the head of the stream; <code>null</code> if the value read is SQL <code>NULL</code>                       </dd> <dt> <span class="strong">Throws:</span>   </dt><dd> <code>java.sql.SQLException</code> - if a database access error occurs        </dd>   </dl></li></ul> <a end_ctx_id="method:readRowId()"/>  </td><td bgcolor="#FFFFFF" colspan="1"> <a start_ctx_id="method:readRowId()"/><a name="readRowId()"/><ul class="blockListLast"><li class="blockList"><h4>readRowId</h4><pre>public java.sql.RowId readRowId()
                         throws java.sql.SQLException</pre><div class="block">Reads an SQL <code>ROWID</code> value from the stream and returns it as a <code>RowId</code> object in the Java programming language.                   </div><dl> <dt> <strong>Specified by: </strong>   </dt><dd> <code>readRowId</code> in interface <code>java.sql.SQLInput</code>  </dd> <dt> <span class="strong">Returns:</span>   </dt><dd>a <code>RowId</code> object representing data of the SQL <code>ROWID</code> value at the head of the stream; <code>null</code> if the value read is SQL <code>NULL</code>                       </dd> <dt> <span class="strong">Throws:</span>   </dt><dd> <code>java.sql.SQLException</code> - if a database access error occurs        </dd> <dt> <span class="strong">Since:</span>   </dt><dd>1.6</dd>    </dl></li></ul> <a end_ctx_id="method:readRowId()"/>  </td></tr></table></td></tr></table></diff></diffreport>