<?xml version="1.0" encoding="UTF-8" standalone="yes"?><Document><name>javax/sql/rowset/serial/SQLInputImpl.spec</name><Context><name>class:SQLInputImpl</name><mt>CHANGED</mt></Context><Context><name>constructor:SQLInputImpl(java.lang.Object[], java.util.Map)</name><mt>NONE</mt></Context><Context><name>method:readArray()</name><mt>NONE</mt></Context><Context><name>method:readAsciiStream()</name><mt>NONE</mt></Context><Context><name>method:readBigDecimal()</name><mt>NONE</mt></Context><Context><name>method:readBinaryStream()</name><mt>NONE</mt></Context><Context><name>method:readBlob()</name><mt>NONE</mt></Context><Context><name>method:readBoolean()</name><mt>NONE</mt></Context><Context><name>method:readByte()</name><mt>NONE</mt></Context><Context><name>method:readBytes()</name><mt>NONE</mt></Context><Context><name>method:readCharacterStream()</name><mt>NONE</mt></Context><Context><name>method:readClob()</name><mt>NONE</mt></Context><Context><name>method:readDate()</name><mt>NONE</mt></Context><Context><name>method:readDouble()</name><mt>NONE</mt></Context><Context><name>method:readFloat()</name><mt>NONE</mt></Context><Context><name>method:readInt()</name><mt>NONE</mt></Context><Context><name>method:readLong()</name><mt>NONE</mt></Context><Context><name>method:readNClob()</name><mt>CHANGED</mt></Context><Context><name>method:readNString()</name><mt>CHANGED</mt></Context><Context><name>method:readObject()</name><mt>NONE</mt></Context><Context><name>method:readRef()</name><mt>NONE</mt></Context><Context><name>method:readRowId()</name><mt>CHANGED</mt></Context><Context><name>method:readSQLXML()</name><mt>CHANGED</mt></Context><Context><name>method:readShort()</name><mt>NONE</mt></Context><Context><name>method:readString()</name><mt>NONE</mt></Context><Context><name>method:readTime()</name><mt>NONE</mt></Context><Context><name>method:readTimestamp()</name><mt>NONE</mt></Context><Context><name>method:readURL()</name><mt>NONE</mt></Context><Context><name>method:wasNull()</name><mt>NONE</mt></Context><Stat><name>javax/sql/rowset/serial/SQLInputImpl.spec</name><mt>CHANGED</mt><Group name="context"><Item name="ADDED" count="0"/><Item name="REMOVED" count="0"/><Item name="CHANGED" count="5"/><Item name="MODIFIED" count="5"/><Item name="TOTAL" count="29"/></Group><Group name="assertion"><Item name="ADDED" count="0"/><Item name="REMOVED" count="0"/><Item name="CHANGED" count="0"/><Item name="MODIFIED" count="0"/><Item name="TOTAL" count="0"/></Group></Stat></Document>