<?xml version="1.0" encoding="UTF-8"?><diffreport><diff><table border="0" cellpadding="1" cellspacing="0" width="100%"><tr><td><h3 class="ctxid">class:SQLOutputImpl [NONE]</h3></td></tr><tr><td><table border="0" cellpadding="5" cellspacing="1" bgcolor="black" width="100%"><tr valign="top"><td bgcolor="#FFFFFF" colspan="1"><div class="description"> <a start_ctx_id="class:SQLOutputImpl"/><ul class="blockList"><li class="blockList"><dl> <dt>All Implemented Interfaces:  </dt><dd>java.sql.SQLOutput</dd> </dl> <hr/> <br/><pre>public class <span class="strong">SQLOutputImpl</span>
extends java.lang.Object
implements java.sql.SQLOutput</pre><div class="block">The output stream for writing the attributes of a custom-mapped user-defined type (UDT) back to the database. The driver uses this interface internally, and its methods are never directly invoked by an application programmer.<p> When an application calls the method <code>PreparedStatement.setObject</code>, the driver checks to see whether the value to be written is a UDT with a custom mapping. If it is, there will be an entry in a type map containing the <code>Class</code> object for the class that implements <code>SQLData</code> for this UDT. If the value to be written is an instance of <code>SQLData</code>, the driver will create an instance of <code>SQLOutputImpl</code> and pass it to the method <code>SQLData.writeSQL</code>. The method <code>writeSQL</code> in turn calls the appropriate <code>SQLOutputImpl.writeXXX</code> methods to write data from the <code>SQLData</code> object to the <code>SQLOutputImpl</code> output stream as the representation of an SQL user-defined type.                                                                                                          </p>                                 </div>  </li></ul> </div> <a end_ctx_id="class:SQLOutputImpl"/> </td></tr></table></td></tr></table><table border="0" cellpadding="1" cellspacing="0" width="100%"><tr><td><h3 class="ctxid">constructor:SQLOutputImpl(java.util.Vector, java.util.Map) [NONE]</h3></td></tr><tr><td><table border="0" cellpadding="5" cellspacing="1" bgcolor="black" width="100%"><tr valign="top"><td bgcolor="#FFFFFF" colspan="1"> <a start_ctx_id="constructor:SQLOutputImpl(java.util.Vector, java.util.Map)"/><a name="SQLOutputImpl(java.util.Vector, java.util.Map)"/><ul class="blockListLast"><li class="blockList"><h4>SQLOutputImpl</h4><pre>public SQLOutputImpl(java.util.Vector&lt;?&gt; attributes,
                     java.util.Map&lt;java.lang.String,?&gt; map)
              throws java.sql.SQLException</pre><div class="block">Creates a new <code>SQLOutputImpl</code> object initialized with the given vector of attributes and type map. The driver will use the type map to determine which <code>SQLData.writeSQL</code> method to invoke. This method will then call the appropriate <code>SQLOutputImpl</code> writer methods in order and thereby write the attributes to the new output stream.                                                  </div><dl> <dt> <span class="strong">Parameters:</span>   </dt><dd> <code>attributes</code> - a <code>Vector</code> object containing the attributes of the UDT to be mapped to one or more objects in the Java programming language                        </dd><dd> <code>map</code> - a <code>java.util.Map</code> object containing zero or more entries, with each entry consisting of 1) a <code>String</code> giving the fully qualified name of a UDT and 2) the <code>Class</code> object for the <code>SQLData</code> implementation that defines how the UDT is to be mapped                                            </dd> <dt> <span class="strong">Throws:</span>   </dt><dd> <code>java.sql.SQLException</code> - if the <code>attributes</code> or the <code>map</code> is a <code>null</code> value            </dd>  </dl></li></ul> <a end_ctx_id="constructor:SQLOutputImpl(java.util.Vector, java.util.Map)"/>  </td></tr></table></td></tr></table><table border="0" cellpadding="1" cellspacing="0" width="100%"><tr><td><h3 class="ctxid">method:writeString(java.lang.String) [NONE]</h3></td></tr><tr><td><table border="0" cellpadding="5" cellspacing="1" bgcolor="black" width="100%"><tr valign="top"><td bgcolor="#FFFFFF" colspan="1"> <a start_ctx_id="method:writeString(java.lang.String)"/><a name="writeString(java.lang.String)"/><ul class="blockList"><li class="blockList"><h4>writeString</h4><pre>public void writeString(java.lang.String x)
                 throws java.sql.SQLException</pre><div class="block">Writes a <code>String</code> in the Java programming language to this <code>SQLOutputImpl</code> object. The driver converts it to an SQL <code>CHAR</code>, <code>VARCHAR</code>, or <code>LONGVARCHAR</code> before returning it to the database.                            </div><dl> <dt> <strong>Specified by: </strong>   </dt><dd> <code>writeString</code> in interface <code>java.sql.SQLOutput</code>  </dd> <dt> <span class="strong">Parameters:</span>   </dt><dd> <code>x</code> - the value to pass to the database         </dd> <dt> <span class="strong">Throws:</span>   </dt><dd> <code>java.sql.SQLException</code> - if the <code>SQLOutputImpl</code> object is in use by a <code>SQLData</code> object attempting to write the attribute values of a UDT to the database.                         </dd>   </dl></li></ul> <a end_ctx_id="method:writeString(java.lang.String)"/>  </td></tr></table></td></tr></table><table border="0" cellpadding="1" cellspacing="0" width="100%"><tr><td><h3 class="ctxid">method:writeBoolean(boolean) [NONE]</h3></td></tr><tr><td><table border="0" cellpadding="5" cellspacing="1" bgcolor="black" width="100%"><tr valign="top"><td bgcolor="#FFFFFF" colspan="1"> <a start_ctx_id="method:writeBoolean(boolean)"/><a name="writeBoolean(boolean)"/><ul class="blockList"><li class="blockList"><h4>writeBoolean</h4><pre>public void writeBoolean(boolean x)
                  throws java.sql.SQLException</pre><div class="block">Writes a <code>boolean</code> in the Java programming language to this <code>SQLOutputImpl</code> object. The driver converts it to an SQL <code>BIT</code> before returning it to the database.                         </div><dl> <dt> <strong>Specified by: </strong>   </dt><dd> <code>writeBoolean</code> in interface <code>java.sql.SQLOutput</code>  </dd> <dt> <span class="strong">Parameters:</span>   </dt><dd> <code>x</code> - the value to pass to the database         </dd> <dt> <span class="strong">Throws:</span>   </dt><dd> <code>java.sql.SQLException</code> - if the <code>SQLOutputImpl</code> object is in use by a <code>SQLData</code> object attempting to write the attribute values of a UDT to the database.                         </dd>   </dl></li></ul> <a end_ctx_id="method:writeBoolean(boolean)"/>  </td></tr></table></td></tr></table><table border="0" cellpadding="1" cellspacing="0" width="100%"><tr><td><h3 class="ctxid">method:writeByte(byte) [NONE]</h3></td></tr><tr><td><table border="0" cellpadding="5" cellspacing="1" bgcolor="black" width="100%"><tr valign="top"><td bgcolor="#FFFFFF" colspan="1"> <a start_ctx_id="method:writeByte(byte)"/><a name="writeByte(byte)"/><ul class="blockList"><li class="blockList"><h4>writeByte</h4><pre>public void writeByte(byte x)
               throws java.sql.SQLException</pre><div class="block">Writes a <code>byte</code> in the Java programming language to this <code>SQLOutputImpl</code> object. The driver converts it to an SQL <code>BIT</code> before returning it to the database.                         </div><dl> <dt> <strong>Specified by: </strong>   </dt><dd> <code>writeByte</code> in interface <code>java.sql.SQLOutput</code>  </dd> <dt> <span class="strong">Parameters:</span>   </dt><dd> <code>x</code> - the value to pass to the database         </dd> <dt> <span class="strong">Throws:</span>   </dt><dd> <code>java.sql.SQLException</code> - if the <code>SQLOutputImpl</code> object is in use by a <code>SQLData</code> object attempting to write the attribute values of a UDT to the database.                         </dd>   </dl></li></ul> <a end_ctx_id="method:writeByte(byte)"/>  </td></tr></table></td></tr></table><table border="0" cellpadding="1" cellspacing="0" width="100%"><tr><td><h3 class="ctxid">method:writeShort(short) [NONE]</h3></td></tr><tr><td><table border="0" cellpadding="5" cellspacing="1" bgcolor="black" width="100%"><tr valign="top"><td bgcolor="#FFFFFF" colspan="1"> <a start_ctx_id="method:writeShort(short)"/><a name="writeShort(short)"/><ul class="blockList"><li class="blockList"><h4>writeShort</h4><pre>public void writeShort(short x)
                throws java.sql.SQLException</pre><div class="block">Writes a <code>short</code> in the Java programming language to this <code>SQLOutputImpl</code> object. The driver converts it to an SQL <code>SMALLINT</code> before returning it to the database.                         </div><dl> <dt> <strong>Specified by: </strong>   </dt><dd> <code>writeShort</code> in interface <code>java.sql.SQLOutput</code>  </dd> <dt> <span class="strong">Parameters:</span>   </dt><dd> <code>x</code> - the value to pass to the database         </dd> <dt> <span class="strong">Throws:</span>   </dt><dd> <code>java.sql.SQLException</code> - if the <code>SQLOutputImpl</code> object is in use by a <code>SQLData</code> object attempting to write the attribute values of a UDT to the database.                         </dd>   </dl></li></ul> <a end_ctx_id="method:writeShort(short)"/>  </td></tr></table></td></tr></table><table border="0" cellpadding="1" cellspacing="0" width="100%"><tr><td><h3 class="ctxid">method:writeInt(int) [NONE]</h3></td></tr><tr><td><table border="0" cellpadding="5" cellspacing="1" bgcolor="black" width="100%"><tr valign="top"><td bgcolor="#FFFFFF" colspan="1"> <a start_ctx_id="method:writeInt(int)"/><a name="writeInt(int)"/><ul class="blockList"><li class="blockList"><h4>writeInt</h4><pre>public void writeInt(int x)
              throws java.sql.SQLException</pre><div class="block">Writes an <code>int</code> in the Java programming language to this <code>SQLOutputImpl</code> object. The driver converts it to an SQL <code>INTEGER</code> before returning it to the database.                         </div><dl> <dt> <strong>Specified by: </strong>   </dt><dd> <code>writeInt</code> in interface <code>java.sql.SQLOutput</code>  </dd> <dt> <span class="strong">Parameters:</span>   </dt><dd> <code>x</code> - the value to pass to the database         </dd> <dt> <span class="strong">Throws:</span>   </dt><dd> <code>java.sql.SQLException</code> - if the <code>SQLOutputImpl</code> object is in use by a <code>SQLData</code> object attempting to write the attribute values of a UDT to the database.                         </dd>   </dl></li></ul> <a end_ctx_id="method:writeInt(int)"/>  </td></tr></table></td></tr></table><table border="0" cellpadding="1" cellspacing="0" width="100%"><tr><td><h3 class="ctxid">method:writeLong(long) [NONE]</h3></td></tr><tr><td><table border="0" cellpadding="5" cellspacing="1" bgcolor="black" width="100%"><tr valign="top"><td bgcolor="#FFFFFF" colspan="1"> <a start_ctx_id="method:writeLong(long)"/><a name="writeLong(long)"/><ul class="blockList"><li class="blockList"><h4>writeLong</h4><pre>public void writeLong(long x)
               throws java.sql.SQLException</pre><div class="block">Writes a <code>long</code> in the Java programming language to this <code>SQLOutputImpl</code> object. The driver converts it to an SQL <code>BIGINT</code> before returning it to the database.                         </div><dl> <dt> <strong>Specified by: </strong>   </dt><dd> <code>writeLong</code> in interface <code>java.sql.SQLOutput</code>  </dd> <dt> <span class="strong">Parameters:</span>   </dt><dd> <code>x</code> - the value to pass to the database         </dd> <dt> <span class="strong">Throws:</span>   </dt><dd> <code>java.sql.SQLException</code> - if the <code>SQLOutputImpl</code> object is in use by a <code>SQLData</code> object attempting to write the attribute values of a UDT to the database.                         </dd>   </dl></li></ul> <a end_ctx_id="method:writeLong(long)"/>  </td></tr></table></td></tr></table><table border="0" cellpadding="1" cellspacing="0" width="100%"><tr><td><h3 class="ctxid">method:writeFloat(float) [NONE]</h3></td></tr><tr><td><table border="0" cellpadding="5" cellspacing="1" bgcolor="black" width="100%"><tr valign="top"><td bgcolor="#FFFFFF" colspan="1"> <a start_ctx_id="method:writeFloat(float)"/><a name="writeFloat(float)"/><ul class="blockList"><li class="blockList"><h4>writeFloat</h4><pre>public void writeFloat(float x)
                throws java.sql.SQLException</pre><div class="block">Writes a <code>float</code> in the Java programming language to this <code>SQLOutputImpl</code> object. The driver converts it to an SQL <code>REAL</code> before returning it to the database.                         </div><dl> <dt> <strong>Specified by: </strong>   </dt><dd> <code>writeFloat</code> in interface <code>java.sql.SQLOutput</code>  </dd> <dt> <span class="strong">Parameters:</span>   </dt><dd> <code>x</code> - the value to pass to the database         </dd> <dt> <span class="strong">Throws:</span>   </dt><dd> <code>java.sql.SQLException</code> - if the <code>SQLOutputImpl</code> object is in use by a <code>SQLData</code> object attempting to write the attribute values of a UDT to the database.                         </dd>   </dl></li></ul> <a end_ctx_id="method:writeFloat(float)"/>  </td></tr></table></td></tr></table><table border="0" cellpadding="1" cellspacing="0" width="100%"><tr><td><h3 class="ctxid">method:writeDouble(double) [NONE]</h3></td></tr><tr><td><table border="0" cellpadding="5" cellspacing="1" bgcolor="black" width="100%"><tr valign="top"><td bgcolor="#FFFFFF" colspan="1"> <a start_ctx_id="method:writeDouble(double)"/><a name="writeDouble(double)"/><ul class="blockList"><li class="blockList"><h4>writeDouble</h4><pre>public void writeDouble(double x)
                 throws java.sql.SQLException</pre><div class="block">Writes a <code>double</code> in the Java programming language to this <code>SQLOutputImpl</code> object. The driver converts it to an SQL <code>DOUBLE</code> before returning it to the database.                         </div><dl> <dt> <strong>Specified by: </strong>   </dt><dd> <code>writeDouble</code> in interface <code>java.sql.SQLOutput</code>  </dd> <dt> <span class="strong">Parameters:</span>   </dt><dd> <code>x</code> - the value to pass to the database         </dd> <dt> <span class="strong">Throws:</span>   </dt><dd> <code>java.sql.SQLException</code> - if the <code>SQLOutputImpl</code> object is in use by a <code>SQLData</code> object attempting to write the attribute values of a UDT to the database.                         </dd>   </dl></li></ul> <a end_ctx_id="method:writeDouble(double)"/>  </td></tr></table></td></tr></table><table border="0" cellpadding="1" cellspacing="0" width="100%"><tr><td><h3 class="ctxid">method:writeBigDecimal(java.math.BigDecimal) [NONE]</h3></td></tr><tr><td><table border="0" cellpadding="5" cellspacing="1" bgcolor="black" width="100%"><tr valign="top"><td bgcolor="#FFFFFF" colspan="1"> <a start_ctx_id="method:writeBigDecimal(java.math.BigDecimal)"/><a name="writeBigDecimal(java.math.BigDecimal)"/><ul class="blockList"><li class="blockList"><h4>writeBigDecimal</h4><pre>public void writeBigDecimal(java.math.BigDecimal x)
                     throws java.sql.SQLException</pre><div class="block">Writes a <code>java.math.BigDecimal</code> object in the Java programming language to this <code>SQLOutputImpl</code> object. The driver converts it to an SQL <code>NUMERIC</code> before returning it to the database.                          </div><dl> <dt> <strong>Specified by: </strong>   </dt><dd> <code>writeBigDecimal</code> in interface <code>java.sql.SQLOutput</code>  </dd> <dt> <span class="strong">Parameters:</span>   </dt><dd> <code>x</code> - the value to pass to the database         </dd> <dt> <span class="strong">Throws:</span>   </dt><dd> <code>java.sql.SQLException</code> - if the <code>SQLOutputImpl</code> object is in use by a <code>SQLData</code> object attempting to write the attribute values of a UDT to the database.                         </dd>   </dl></li></ul> <a end_ctx_id="method:writeBigDecimal(java.math.BigDecimal)"/>  </td></tr></table></td></tr></table><table border="0" cellpadding="1" cellspacing="0" width="100%"><tr><td><h3 class="ctxid">method:writeBytes(byte[]) [NONE]</h3></td></tr><tr><td><table border="0" cellpadding="5" cellspacing="1" bgcolor="black" width="100%"><tr valign="top"><td bgcolor="#FFFFFF" colspan="1"> <a start_ctx_id="method:writeBytes(byte[])"/><a name="writeBytes(byte[])"/><ul class="blockList"><li class="blockList"><h4>writeBytes</h4><pre>public void writeBytes(byte[] x)
                throws java.sql.SQLException</pre><div class="block">Writes an array of <code>bytes</code> in the Java programming language to this <code>SQLOutputImpl</code> object. The driver converts it to an SQL <code>VARBINARY</code> or <code>LONGVARBINARY</code> before returning it to the database.                             </div><dl> <dt> <strong>Specified by: </strong>   </dt><dd> <code>writeBytes</code> in interface <code>java.sql.SQLOutput</code>  </dd> <dt> <span class="strong">Parameters:</span>   </dt><dd> <code>x</code> - the value to pass to the database         </dd> <dt> <span class="strong">Throws:</span>   </dt><dd> <code>java.sql.SQLException</code> - if the <code>SQLOutputImpl</code> object is in use by a <code>SQLData</code> object attempting to write the attribute values of a UDT to the database.                         </dd>   </dl></li></ul> <a end_ctx_id="method:writeBytes(byte[])"/>  </td></tr></table></td></tr></table><table border="0" cellpadding="1" cellspacing="0" width="100%"><tr><td><h3 class="ctxid">method:writeDate(java.sql.Date) [NONE]</h3></td></tr><tr><td><table border="0" cellpadding="5" cellspacing="1" bgcolor="black" width="100%"><tr valign="top"><td bgcolor="#FFFFFF" colspan="1"> <a start_ctx_id="method:writeDate(java.sql.Date)"/><a name="writeDate(java.sql.Date)"/><ul class="blockList"><li class="blockList"><h4>writeDate</h4><pre>public void writeDate(java.sql.Date x)
               throws java.sql.SQLException</pre><div class="block">Writes a <code>java.sql.Date</code> object in the Java programming language to this <code>SQLOutputImpl</code> object. The driver converts it to an SQL <code>DATE</code> before returning it to the database.                          </div><dl> <dt> <strong>Specified by: </strong>   </dt><dd> <code>writeDate</code> in interface <code>java.sql.SQLOutput</code>  </dd> <dt> <span class="strong">Parameters:</span>   </dt><dd> <code>x</code> - the value to pass to the database         </dd> <dt> <span class="strong">Throws:</span>   </dt><dd> <code>java.sql.SQLException</code> - if the <code>SQLOutputImpl</code> object is in use by a <code>SQLData</code> object attempting to write the attribute values of a UDT to the database.                         </dd>   </dl></li></ul> <a end_ctx_id="method:writeDate(java.sql.Date)"/>  </td></tr></table></td></tr></table><table border="0" cellpadding="1" cellspacing="0" width="100%"><tr><td><h3 class="ctxid">method:writeTime(java.sql.Time) [NONE]</h3></td></tr><tr><td><table border="0" cellpadding="5" cellspacing="1" bgcolor="black" width="100%"><tr valign="top"><td bgcolor="#FFFFFF" colspan="1"> <a start_ctx_id="method:writeTime(java.sql.Time)"/><a name="writeTime(java.sql.Time)"/><ul class="blockList"><li class="blockList"><h4>writeTime</h4><pre>public void writeTime(java.sql.Time x)
               throws java.sql.SQLException</pre><div class="block">Writes a <code>java.sql.Time</code> object in the Java programming language to this <code>SQLOutputImpl</code> object. The driver converts it to an SQL <code>TIME</code> before returning it to the database.                          </div><dl> <dt> <strong>Specified by: </strong>   </dt><dd> <code>writeTime</code> in interface <code>java.sql.SQLOutput</code>  </dd> <dt> <span class="strong">Parameters:</span>   </dt><dd> <code>x</code> - the value to pass to the database         </dd> <dt> <span class="strong">Throws:</span>   </dt><dd> <code>java.sql.SQLException</code> - if the <code>SQLOutputImpl</code> object is in use by a <code>SQLData</code> object attempting to write the attribute values of a UDT to the database.                         </dd>   </dl></li></ul> <a end_ctx_id="method:writeTime(java.sql.Time)"/>  </td></tr></table></td></tr></table><table border="0" cellpadding="1" cellspacing="0" width="100%"><tr><td><h3 class="ctxid">method:writeTimestamp(java.sql.Timestamp) [NONE]</h3></td></tr><tr><td><table border="0" cellpadding="5" cellspacing="1" bgcolor="black" width="100%"><tr valign="top"><td bgcolor="#FFFFFF" colspan="1"> <a start_ctx_id="method:writeTimestamp(java.sql.Timestamp)"/><a name="writeTimestamp(java.sql.Timestamp)"/><ul class="blockList"><li class="blockList"><h4>writeTimestamp</h4><pre>public void writeTimestamp(java.sql.Timestamp x)
                    throws java.sql.SQLException</pre><div class="block">Writes a <code>java.sql.Timestamp</code> object in the Java programming language to this <code>SQLOutputImpl</code> object. The driver converts it to an SQL <code>TIMESTAMP</code> before returning it to the database.                          </div><dl> <dt> <strong>Specified by: </strong>   </dt><dd> <code>writeTimestamp</code> in interface <code>java.sql.SQLOutput</code>  </dd> <dt> <span class="strong">Parameters:</span>   </dt><dd> <code>x</code> - the value to pass to the database         </dd> <dt> <span class="strong">Throws:</span>   </dt><dd> <code>java.sql.SQLException</code> - if the <code>SQLOutputImpl</code> object is in use by a <code>SQLData</code> object attempting to write the attribute values of a UDT to the database.                         </dd>   </dl></li></ul> <a end_ctx_id="method:writeTimestamp(java.sql.Timestamp)"/>  </td></tr></table></td></tr></table><table border="0" cellpadding="1" cellspacing="0" width="100%"><tr><td><h3 class="ctxid">method:writeCharacterStream(java.io.Reader) [NONE]</h3></td></tr><tr><td><table border="0" cellpadding="5" cellspacing="1" bgcolor="black" width="100%"><tr valign="top"><td bgcolor="#FFFFFF" colspan="1"> <a start_ctx_id="method:writeCharacterStream(java.io.Reader)"/><a name="writeCharacterStream(java.io.Reader)"/><ul class="blockList"><li class="blockList"><h4>writeCharacterStream</h4><pre>public void writeCharacterStream(java.io.Reader x)
                          throws java.sql.SQLException</pre><div class="block">Writes a stream of Unicode characters to this <code>SQLOutputImpl</code> object. The driver will do any necessary conversion from Unicode to the database <code>CHAR</code> format.                       </div><dl> <dt> <strong>Specified by: </strong>   </dt><dd> <code>writeCharacterStream</code> in interface <code>java.sql.SQLOutput</code>  </dd> <dt> <span class="strong">Parameters:</span>   </dt><dd> <code>x</code> - the value to pass to the database         </dd> <dt> <span class="strong">Throws:</span>   </dt><dd> <code>java.sql.SQLException</code> - if the <code>SQLOutputImpl</code> object is in use by a <code>SQLData</code> object attempting to write the attribute values of a UDT to the database.                         </dd>   </dl></li></ul> <a end_ctx_id="method:writeCharacterStream(java.io.Reader)"/>  </td></tr></table></td></tr></table><table border="0" cellpadding="1" cellspacing="0" width="100%"><tr><td><h3 class="ctxid">method:writeAsciiStream(java.io.InputStream) [NONE]</h3></td></tr><tr><td><table border="0" cellpadding="5" cellspacing="1" bgcolor="black" width="100%"><tr valign="top"><td bgcolor="#FFFFFF" colspan="1"> <a start_ctx_id="method:writeAsciiStream(java.io.InputStream)"/><a name="writeAsciiStream(java.io.InputStream)"/><ul class="blockList"><li class="blockList"><h4>writeAsciiStream</h4><pre>public void writeAsciiStream(java.io.InputStream x)
                      throws java.sql.SQLException</pre><div class="block">Writes a stream of ASCII characters to this <code>SQLOutputImpl</code> object. The driver will do any necessary conversion from ASCII to the database <code>CHAR</code> format.                       </div><dl> <dt> <strong>Specified by: </strong>   </dt><dd> <code>writeAsciiStream</code> in interface <code>java.sql.SQLOutput</code>  </dd> <dt> <span class="strong">Parameters:</span>   </dt><dd> <code>x</code> - the value to pass to the database         </dd> <dt> <span class="strong">Throws:</span>   </dt><dd> <code>java.sql.SQLException</code> - if the <code>SQLOutputImpl</code> object is in use by a <code>SQLData</code> object attempting to write the attribute values of a UDT to the database.                         </dd>   </dl></li></ul> <a end_ctx_id="method:writeAsciiStream(java.io.InputStream)"/>  </td></tr></table></td></tr></table><table border="0" cellpadding="1" cellspacing="0" width="100%"><tr><td><h3 class="ctxid">method:writeBinaryStream(java.io.InputStream) [NONE]</h3></td></tr><tr><td><table border="0" cellpadding="5" cellspacing="1" bgcolor="black" width="100%"><tr valign="top"><td bgcolor="#FFFFFF" colspan="1"> <a start_ctx_id="method:writeBinaryStream(java.io.InputStream)"/><a name="writeBinaryStream(java.io.InputStream)"/><ul class="blockList"><li class="blockList"><h4>writeBinaryStream</h4><pre>public void writeBinaryStream(java.io.InputStream x)
                       throws java.sql.SQLException</pre><div class="block">Writes a stream of uninterpreted bytes to this <code>SQLOutputImpl</code> object.         </div><dl> <dt> <strong>Specified by: </strong>   </dt><dd> <code>writeBinaryStream</code> in interface <code>java.sql.SQLOutput</code>  </dd> <dt> <span class="strong">Parameters:</span>   </dt><dd> <code>x</code> - the value to pass to the database         </dd> <dt> <span class="strong">Throws:</span>   </dt><dd> <code>java.sql.SQLException</code> - if the <code>SQLOutputImpl</code> object is in use by a <code>SQLData</code> object attempting to write the attribute values of a UDT to the database.                         </dd>   </dl></li></ul> <a end_ctx_id="method:writeBinaryStream(java.io.InputStream)"/>  </td></tr></table></td></tr></table><table border="0" cellpadding="1" cellspacing="0" width="100%"><tr><td><h3 class="ctxid">method:writeObject(java.sql.SQLData) [NONE]</h3></td></tr><tr><td><table border="0" cellpadding="5" cellspacing="1" bgcolor="black" width="100%"><tr valign="top"><td bgcolor="#FFFFFF" colspan="1"> <a start_ctx_id="method:writeObject(java.sql.SQLData)"/><a name="writeObject(java.sql.SQLData)"/><ul class="blockList"><li class="blockList"><h4>writeObject</h4><pre>public void writeObject(java.sql.SQLData x)
                 throws java.sql.SQLException</pre><div class="block">Writes to the stream the data contained in the given <code>SQLData</code> object. When the <code>SQLData</code> object is <code>null</code>, this method writes an SQL <code>NULL</code> to the stream. Otherwise, it calls the <code>SQLData.writeSQL</code> method of the given object, which writes the object's attributes to the stream.<p> The implementation of the method <code>SQLData.writeSQ</code> calls the appropriate <code>SQLOutputImpl.writeXXX</code> method(s) for writing each of the object's attributes in order. The attributes must be read from an <code>SQLInput</code> input stream and written to an <code>SQLOutputImpl</code> output stream in the same order in which they were listed in the SQL definition of the user-defined type.                                                      </p>                                            </div><dl> <dt> <strong>Specified by: </strong>   </dt><dd> <code>writeObject</code> in interface <code>java.sql.SQLOutput</code>  </dd> <dt> <span class="strong">Parameters:</span>   </dt><dd> <code>x</code> - the object representing data of an SQL structured or distinct type             </dd> <dt> <span class="strong">Throws:</span>   </dt><dd> <code>java.sql.SQLException</code> - if the <code>SQLOutputImpl</code> object is in use by a <code>SQLData</code> object attempting to write the attribute values of a UDT to the database.                         </dd>   </dl></li></ul> <a end_ctx_id="method:writeObject(java.sql.SQLData)"/>  </td></tr></table></td></tr></table><table border="0" cellpadding="1" cellspacing="0" width="100%"><tr><td><h3 class="ctxid">method:writeRef(java.sql.Ref) [NONE]</h3></td></tr><tr><td><table border="0" cellpadding="5" cellspacing="1" bgcolor="black" width="100%"><tr valign="top"><td bgcolor="#FFFFFF" colspan="1"> <a start_ctx_id="method:writeRef(java.sql.Ref)"/><a name="writeRef(java.sql.Ref)"/><ul class="blockList"><li class="blockList"><h4>writeRef</h4><pre>public void writeRef(java.sql.Ref x)
              throws java.sql.SQLException</pre><div class="block">Writes a <code>Ref</code> object in the Java programming language to this <code>SQLOutputImpl</code> object. The driver converts it to a serializable <code>SerialRef</code> SQL <code>REF</code> value before returning it to the database.                             </div><dl> <dt> <strong>Specified by: </strong>   </dt><dd> <code>writeRef</code> in interface <code>java.sql.SQLOutput</code>  </dd> <dt> <span class="strong">Parameters:</span>   </dt><dd> <code>x</code> - an object representing an SQL <code>REF</code> value         </dd> <dt> <span class="strong">Throws:</span>   </dt><dd> <code>java.sql.SQLException</code> - if the <code>SQLOutputImpl</code> object is in use by a <code>SQLData</code> object attempting to write the attribute values of a UDT to the database.                         </dd>   </dl></li></ul> <a end_ctx_id="method:writeRef(java.sql.Ref)"/>  </td></tr></table></td></tr></table><table border="0" cellpadding="1" cellspacing="0" width="100%"><tr><td><h3 class="ctxid">method:writeBlob(java.sql.Blob) [NONE]</h3></td></tr><tr><td><table border="0" cellpadding="5" cellspacing="1" bgcolor="black" width="100%"><tr valign="top"><td bgcolor="#FFFFFF" colspan="1"> <a start_ctx_id="method:writeBlob(java.sql.Blob)"/><a name="writeBlob(java.sql.Blob)"/><ul class="blockList"><li class="blockList"><h4>writeBlob</h4><pre>public void writeBlob(java.sql.Blob x)
               throws java.sql.SQLException</pre><div class="block">Writes a <code>Blob</code> object in the Java programming language to this <code>SQLOutputImpl</code> object. The driver converts it to a serializable <code>SerialBlob</code> SQL <code>BLOB</code> value before returning it to the database.                             </div><dl> <dt> <strong>Specified by: </strong>   </dt><dd> <code>writeBlob</code> in interface <code>java.sql.SQLOutput</code>  </dd> <dt> <span class="strong">Parameters:</span>   </dt><dd> <code>x</code> - an object representing an SQL <code>BLOB</code> value         </dd> <dt> <span class="strong">Throws:</span>   </dt><dd> <code>java.sql.SQLException</code> - if the <code>SQLOutputImpl</code> object is in use by a <code>SQLData</code> object attempting to write the attribute values of a UDT to the database.                         </dd>   </dl></li></ul> <a end_ctx_id="method:writeBlob(java.sql.Blob)"/>  </td></tr></table></td></tr></table><table border="0" cellpadding="1" cellspacing="0" width="100%"><tr><td><h3 class="ctxid">method:writeClob(java.sql.Clob) [NONE]</h3></td></tr><tr><td><table border="0" cellpadding="5" cellspacing="1" bgcolor="black" width="100%"><tr valign="top"><td bgcolor="#FFFFFF" colspan="1"> <a start_ctx_id="method:writeClob(java.sql.Clob)"/><a name="writeClob(java.sql.Clob)"/><ul class="blockList"><li class="blockList"><h4>writeClob</h4><pre>public void writeClob(java.sql.Clob x)
               throws java.sql.SQLException</pre><div class="block">Writes a <code>Clob</code> object in the Java programming language to this <code>SQLOutputImpl</code> object. The driver converts it to a serializable <code>SerialClob</code> SQL <code>CLOB</code> value before returning it to the database.                             </div><dl> <dt> <strong>Specified by: </strong>   </dt><dd> <code>writeClob</code> in interface <code>java.sql.SQLOutput</code>  </dd> <dt> <span class="strong">Parameters:</span>   </dt><dd> <code>x</code> - an object representing an SQL <code>CLOB</code> value         </dd> <dt> <span class="strong">Throws:</span>   </dt><dd> <code>java.sql.SQLException</code> - if the <code>SQLOutputImpl</code> object is in use by a <code>SQLData</code> object attempting to write the attribute values of a UDT to the database.                         </dd>   </dl></li></ul> <a end_ctx_id="method:writeClob(java.sql.Clob)"/>  </td></tr></table></td></tr></table><table border="0" cellpadding="1" cellspacing="0" width="100%"><tr><td><h3 class="ctxid">method:writeStruct(java.sql.Struct) [NONE]</h3></td></tr><tr><td><table border="0" cellpadding="5" cellspacing="1" bgcolor="black" width="100%"><tr valign="top"><td bgcolor="#FFFFFF" colspan="1"> <a start_ctx_id="method:writeStruct(java.sql.Struct)"/><a name="writeStruct(java.sql.Struct)"/><ul class="blockList"><li class="blockList"><h4>writeStruct</h4><pre>public void writeStruct(java.sql.Struct x)
                 throws java.sql.SQLException</pre><div class="block">Writes a <code>Struct</code> object in the Java programming language to this <code>SQLOutputImpl</code> object. The driver converts this value to an SQL structured type before returning it to the database.<p> This method should be used when an SQL structured type has been mapped to a <code>Struct</code> object in the Java programming language (the standard mapping). The method <code>writeObject</code> should be used if an SQL structured type has been custom mapped to a class in the Java programming language.                                                </p>                            </div><dl> <dt> <strong>Specified by: </strong>   </dt><dd> <code>writeStruct</code> in interface <code>java.sql.SQLOutput</code>  </dd> <dt> <span class="strong">Parameters:</span>   </dt><dd> <code>x</code> - an object representing the attributes of an SQL structured type            </dd> <dt> <span class="strong">Throws:</span>   </dt><dd> <code>java.sql.SQLException</code> - if the <code>SQLOutputImpl</code> object is in use by a <code>SQLData</code> object attempting to write the attribute values of a UDT to the database.                         </dd>   </dl></li></ul> <a end_ctx_id="method:writeStruct(java.sql.Struct)"/>  </td></tr></table></td></tr></table><table border="0" cellpadding="1" cellspacing="0" width="100%"><tr><td><h3 class="ctxid">method:writeArray(java.sql.Array) [NONE]</h3></td></tr><tr><td><table border="0" cellpadding="5" cellspacing="1" bgcolor="black" width="100%"><tr valign="top"><td bgcolor="#FFFFFF" colspan="1"> <a start_ctx_id="method:writeArray(java.sql.Array)"/><a name="writeArray(java.sql.Array)"/><ul class="blockList"><li class="blockList"><h4>writeArray</h4><pre>public void writeArray(java.sql.Array x)
                throws java.sql.SQLException</pre><div class="block">Writes an <code>Array</code> object in the Java programming language to this <code>SQLOutputImpl</code> object. The driver converts this value to a serializable <code>SerialArray</code> SQL <code>ARRAY</code> value before returning it to the database.                              </div><dl> <dt> <strong>Specified by: </strong>   </dt><dd> <code>writeArray</code> in interface <code>java.sql.SQLOutput</code>  </dd> <dt> <span class="strong">Parameters:</span>   </dt><dd> <code>x</code> - an object representing an SQL <code>ARRAY</code> value         </dd> <dt> <span class="strong">Throws:</span>   </dt><dd> <code>java.sql.SQLException</code> - if the <code>SQLOutputImpl</code> object is in use by a <code>SQLData</code> object attempting to write the attribute values of a UDT to the database.                         </dd>   </dl></li></ul> <a end_ctx_id="method:writeArray(java.sql.Array)"/>  </td></tr></table></td></tr></table><table border="0" cellpadding="1" cellspacing="0" width="100%"><tr><td><h3 class="ctxid">method:writeURL(java.net.URL) [NONE]</h3></td></tr><tr><td><table border="0" cellpadding="5" cellspacing="1" bgcolor="black" width="100%"><tr valign="top"><td bgcolor="#FFFFFF" colspan="1"> <a start_ctx_id="method:writeURL(java.net.URL)"/><a name="writeURL(java.net.URL)"/><ul class="blockList"><li class="blockList"><h4>writeURL</h4><pre>public void writeURL(java.net.URL url)
              throws java.sql.SQLException</pre><div class="block">Writes an <code>java.sql.Type.DATALINK</code> object in the Java programming language to this <code>SQLOutputImpl</code> object. The driver converts this value to a serializable <code>SerialDatalink</code> SQL <code>DATALINK</code> value before return it to the database.                              </div><dl> <dt> <strong>Specified by: </strong>   </dt><dd> <code>writeURL</code> in interface <code>java.sql.SQLOutput</code>  </dd> <dt> <span class="strong">Parameters:</span>   </dt><dd> <code>url</code> - an object representing a SQL <code>DATALINK</code> value         </dd> <dt> <span class="strong">Throws:</span>   </dt><dd> <code>java.sql.SQLException</code> - if the <code>SQLOutputImpl</code> object is in use by a <code>SQLData</code> object attempting to write the attribute values of a UDT to the database.                         </dd>   </dl></li></ul> <a end_ctx_id="method:writeURL(java.net.URL)"/>  </td></tr></table></td></tr></table><table border="0" cellpadding="1" cellspacing="0" width="100%"><tr><td><h3 class="ctxid">method:writeNString(java.lang.String) [NONE]</h3></td></tr><tr><td><table border="0" cellpadding="5" cellspacing="1" bgcolor="black" width="100%"><tr valign="top"><td bgcolor="#FFFFFF" colspan="1"> <a start_ctx_id="method:writeNString(java.lang.String)"/><a name="writeNString(java.lang.String)"/><ul class="blockList"><li class="blockList"><h4>writeNString</h4><pre>public void writeNString(java.lang.String x)
                  throws java.sql.SQLException</pre><div class="block">Writes the next attribute to the stream as a <code>String</code> in the Java programming language. The driver converts this to a SQL <code>NCHAR</code> or <code>NVARCHAR</code> or <code>LONGNVARCHAR</code> value (depending on the argument's size relative to the driver's limits on <code>NVARCHAR</code> values) when it sends it to the stream.                                               </div><dl> <dt> <strong>Specified by: </strong>   </dt><dd> <code>writeNString</code> in interface <code>java.sql.SQLOutput</code>  </dd> <dt> <span class="strong">Parameters:</span>   </dt><dd> <code>x</code> - the value to pass to the database         </dd> <dt> <span class="strong">Throws:</span>   </dt><dd> <code>java.sql.SQLException</code> - if a database access error occurs        </dd> <dt> <span class="strong">Since:</span>   </dt><dd>1.6</dd>    </dl></li></ul> <a end_ctx_id="method:writeNString(java.lang.String)"/>  </td></tr></table></td></tr></table><table border="0" cellpadding="1" cellspacing="0" width="100%"><tr><td><h3 class="ctxid">method:writeNClob(java.sql.NClob) [NONE]</h3></td></tr><tr><td><table border="0" cellpadding="5" cellspacing="1" bgcolor="black" width="100%"><tr valign="top"><td bgcolor="#FFFFFF" colspan="1"> <a start_ctx_id="method:writeNClob(java.sql.NClob)"/><a name="writeNClob(java.sql.NClob)"/><ul class="blockList"><li class="blockList"><h4>writeNClob</h4><pre>public void writeNClob(java.sql.NClob x)
                throws java.sql.SQLException</pre><div class="block">Writes an SQL <code>NCLOB</code> value to the stream.       </div><dl> <dt> <strong>Specified by: </strong>   </dt><dd> <code>writeNClob</code> in interface <code>java.sql.SQLOutput</code>  </dd> <dt> <span class="strong">Parameters:</span>   </dt><dd> <code>x</code> - a <code>NClob</code> object representing data of an SQL <code>NCLOB</code> value            </dd> <dt> <span class="strong">Throws:</span>   </dt><dd> <code>java.sql.SQLException</code> - if a database access error occurs        </dd> <dt> <span class="strong">Since:</span>   </dt><dd>1.6</dd>    </dl></li></ul> <a end_ctx_id="method:writeNClob(java.sql.NClob)"/>  </td></tr></table></td></tr></table><table border="0" cellpadding="1" cellspacing="0" width="100%"><tr><td><h3 class="ctxid">method:writeRowId(java.sql.RowId) [NONE]</h3></td></tr><tr><td><table border="0" cellpadding="5" cellspacing="1" bgcolor="black" width="100%"><tr valign="top"><td bgcolor="#FFFFFF" colspan="1"> <a start_ctx_id="method:writeRowId(java.sql.RowId)"/><a name="writeRowId(java.sql.RowId)"/><ul class="blockList"><li class="blockList"><h4>writeRowId</h4><pre>public void writeRowId(java.sql.RowId x)
                throws java.sql.SQLException</pre><div class="block">Writes an SQL <code>ROWID</code> value to the stream.       </div><dl> <dt> <strong>Specified by: </strong>   </dt><dd> <code>writeRowId</code> in interface <code>java.sql.SQLOutput</code>  </dd> <dt> <span class="strong">Parameters:</span>   </dt><dd> <code>x</code> - a <code>RowId</code> object representing data of an SQL <code>ROWID</code> value            </dd> <dt> <span class="strong">Throws:</span>   </dt><dd> <code>java.sql.SQLException</code> - if a database access error occurs        </dd> <dt> <span class="strong">Since:</span>   </dt><dd>1.6</dd>    </dl></li></ul> <a end_ctx_id="method:writeRowId(java.sql.RowId)"/>  </td></tr></table></td></tr></table><table border="0" cellpadding="1" cellspacing="0" width="100%"><tr><td><h3 class="ctxid">method:writeSQLXML(java.sql.SQLXML) [NONE]</h3></td></tr><tr><td><table border="0" cellpadding="5" cellspacing="1" bgcolor="black" width="100%"><tr valign="top"><td bgcolor="#FFFFFF" colspan="1"> <a start_ctx_id="method:writeSQLXML(java.sql.SQLXML)"/><a name="writeSQLXML(java.sql.SQLXML)"/><ul class="blockListLast"><li class="blockList"><h4>writeSQLXML</h4><pre>public void writeSQLXML(java.sql.SQLXML x)
                 throws java.sql.SQLException</pre><div class="block">Writes an SQL <code>XML</code> value to the stream.       </div><dl> <dt> <strong>Specified by: </strong>   </dt><dd> <code>writeSQLXML</code> in interface <code>java.sql.SQLOutput</code>  </dd> <dt> <span class="strong">Parameters:</span>   </dt><dd> <code>x</code> - a <code>SQLXML</code> object representing data of an SQL <code>XML</code> value            </dd> <dt> <span class="strong">Throws:</span>   </dt><dd> <code>java.sql.SQLException</code> - if a database access error occurs        </dd> <dt> <span class="strong">Since:</span>   </dt><dd>1.6</dd>    </dl></li></ul> <a end_ctx_id="method:writeSQLXML(java.sql.SQLXML)"/>  </td></tr></table></td></tr></table></diff></diffreport>