<?xml version="1.0" encoding="UTF-8" standalone="yes"?><Document><name>javax/sql/rowset/serial/SerialClob.spec</name><Context><name>class:SerialClob</name><mt>NONE</mt></Context><Context><name>constructor:SerialClob(char[])</name><mt>NONE</mt></Context><Context><name>constructor:SerialClob(java.sql.Clob)</name><mt>NONE</mt></Context><Context><name>method:equals(java.lang.Object)</name><mt>NONE</mt></Context><Context><name>method:free()</name><mt>NONE</mt></Context><Context><name>method:getAsciiStream()</name><mt>NONE</mt></Context><Context><name>method:getCharacterStream()</name><mt>NONE</mt></Context><Context><name>method:getCharacterStream(long, long)</name><mt>NONE</mt></Context><Context><name>method:getSubString(long, int)</name><mt>NONE</mt></Context><Context><name>method:hashCode()</name><mt>NONE</mt></Context><Context><name>method:length()</name><mt>NONE</mt></Context><Context><name>method:position(java.lang.String, long)</name><mt>NONE</mt></Context><Context><name>method:position(java.sql.Clob, long)</name><mt>NONE</mt></Context><Context><name>method:setAsciiStream(long)</name><mt>NONE</mt></Context><Context><name>method:setCharacterStream(long)</name><mt>NONE</mt></Context><Context><name>method:setString(long, java.lang.String)</name><mt>NONE</mt></Context><Context><name>method:setString(long, java.lang.String, int, int)</name><mt>NONE</mt></Context><Context><name>method:truncate(long)</name><mt>NONE</mt></Context><Stat><name>javax/sql/rowset/serial/SerialClob.spec</name><mt>NONE</mt><Group name="context"><Item count="0" name="ADDED"/><Item count="0" name="REMOVED"/><Item count="0" name="CHANGED"/><Item count="0" name="MODIFIED"/><Item count="18" name="TOTAL"/></Group><Group name="assertion"><Item count="0" name="ADDED"/><Item count="0" name="REMOVED"/><Item count="0" name="CHANGED"/><Item count="0" name="MODIFIED"/><Item count="0" name="TOTAL"/></Group></Stat></Document>