<?xml version="1.0" encoding="UTF-8"?><diffreport><diff><table border="0" cellpadding="1" cellspacing="0" width="100%"><tr><td><h3 class="ctxid">class:SerialBlob [NONE]</h3></td></tr><tr><td><table border="0" cellpadding="5" cellspacing="1" bgcolor="black" width="100%"><tr valign="top"><td bgcolor="#FFFFFF" colspan="1"> <a start_ctx_id="class:SerialBlob"/><dl> <dt><pre>public class <b>SerialBlob</b></pre>  </dt> <dt>extends java.lang.Object </dt> <dt>implements <a href="../../../../java/sql/Blob.html" title="interface in java.sql">Blob</a>, java.io.Serializable, java.lang.Cloneable   </dt>   </dl><p> A serialized mapping in the Java programming language of an SQL <code>BLOB</code> value.             </p><p> The <code>SerialBlob</code> class provides a constructor for creating an instance from a <code>Blob</code> object. Note that the <code>Blob</code> object should have brought the SQL <code>BLOB</code> value's data over to the client before a <code>SerialBlob</code> object is constructed from it. The data of an SQL <code>BLOB</code> value can be materialized on the client as an array of bytes (using the method <code>Blob.getBytes</code>) or as a stream of uninterpreted bytes (using the method <code>Blob.getBinaryStream</code>).                                                                        </p><p> <code>SerialBlob</code> methods make it possible to make a copy of a <code>SerialBlob</code> object as an array of bytes or as a stream. They also make it possible to locate a given pattern of bytes or a <code>Blob</code> object within a <code>SerialBlob</code> object and to update or truncate a <code>Blob</code> object.                                                  </p><p/><p><dl> <dt> <b>See Also: </b>   </dt><dd> <a href="../../../../serialized-form.html#javax.sql.rowset.serial.SerialBlob">Serialized Form </a> </dd> </dl> <a end_ctx_id="class:SerialBlob"/> </p> </td></tr></table></td></tr></table><table border="0" cellpadding="1" cellspacing="0" width="100%"><tr><td><h3 class="ctxid">constructor:SerialBlob(byte[]) [NONE]</h3></td></tr><tr><td><table border="0" cellpadding="5" cellspacing="1" bgcolor="black" width="100%"><tr valign="top"><td bgcolor="#FFFFFF" colspan="1"> <a start_ctx_id="constructor:SerialBlob(byte[])"/><a name="SerialBlob(byte[])"/><h3> SerialBlob </h3><pre>
public <b>SerialBlob</b>(byte[] b)
           throws <a href="../../../../javax/sql/rowset/serial/SerialException.html" title="class in javax.sql.rowset.serial">SerialException</a>,
                  <a href="../../../../java/sql/SQLException.html" title="class in java.sql">SQLException</a></pre><dl><dd>Constructs a <code>SerialBlob</code> object that is a serialized version of the given <code>byte</code> array.<p> The new <code>SerialBlob</code> object is initialized with the data from the <code>byte</code> array, thus allowing disconnected <code>RowSet</code> objects to establish serialized <code>Blob</code> objects without touching the data source.                            </p><p><dl> <dt> <b>Parameters:</b>   </dt><dd> <code>b</code> - the <code>byte</code> array containing the data for the <code>Blob</code> object to be serialized               </dd> <dt> <b>Throws:</b>   </dt><dd> <code><a href="../../../../javax/sql/rowset/serial/SerialException.html" title="class in javax.sql.rowset.serial">SerialException</a></code> - if an error occurs during serialization        </dd><dd> <code><a href="../../../../java/sql/SQLException.html" title="class in java.sql">SQLException</a></code> - if a SQL errors occurs       </dd>  </dl></p>             </dd></dl> <a end_ctx_id="constructor:SerialBlob(byte[])"/>  </td></tr></table></td></tr></table><table border="0" cellpadding="1" cellspacing="0" width="100%"><tr><td><h3 class="ctxid">constructor:SerialBlob(java.sql.Blob) [NONE]</h3></td></tr><tr><td><table border="0" cellpadding="5" cellspacing="1" bgcolor="black" width="100%"><tr valign="top"><td bgcolor="#FFFFFF" colspan="1"> <a start_ctx_id="constructor:SerialBlob(java.sql.Blob)"/><a name="SerialBlob(java.sql.Blob)"/><h3> SerialBlob </h3><pre>
public <b>SerialBlob</b>(<a href="../../../../java/sql/Blob.html" title="interface in java.sql">Blob</a> blob)
           throws <a href="../../../../javax/sql/rowset/serial/SerialException.html" title="class in javax.sql.rowset.serial">SerialException</a>,
                  <a href="../../../../java/sql/SQLException.html" title="class in java.sql">SQLException</a></pre><dl><dd>Constructs a <code>SerialBlob</code> object that is a serialized version of the given <code>Blob</code> object.<p> The new <code>SerialBlob</code> object is initialized with the data from the <code>Blob</code> object; therefore, the <code>Blob</code> object should have previously brought the SQL <code>BLOB</code> value's data over to the client from the database. Otherwise, the new <code>SerialBlob</code> object will contain no data.                                          </p><p><dl> <dt> <b>Parameters:</b>   </dt><dd> <code>blob</code> - the <code>Blob</code> object from which this <code>SerialBlob</code> object is to be constructed; cannot be null.                 </dd> <dt> <b>Throws:</b>   </dt><dd> <code><a href="../../../../javax/sql/rowset/serial/SerialException.html" title="class in javax.sql.rowset.serial">SerialException</a></code> - if an error occurs during serialization        </dd><dd> <code><a href="../../../../java/sql/SQLException.html" title="class in java.sql">SQLException</a></code> - if the <code>Blob</code> passed to this to this constructor is a <code>null</code>.              </dd> <dt> <b>See Also: </b>   </dt><dd> <a href="../../../../java/sql/Blob.html" title="interface in java.sql"><code>Blob</code></a> </dd>   </dl></p>             </dd></dl> <a end_ctx_id="constructor:SerialBlob(java.sql.Blob)"/>  </td></tr></table></td></tr></table><table border="0" cellpadding="1" cellspacing="0" width="100%"><tr><td><h3 class="ctxid">method:getBytes(long, int) [NONE]</h3></td></tr><tr><td><table border="0" cellpadding="5" cellspacing="1" bgcolor="black" width="100%"><tr valign="top"><td bgcolor="#FFFFFF" colspan="1"> <a start_ctx_id="method:getBytes(long, int)"/><a name="getBytes(long, int)"/><h3> getBytes </h3><pre>
public byte[] <b>getBytes</b>(long pos,
                       int length)
                throws <a href="../../../../javax/sql/rowset/serial/SerialException.html" title="class in javax.sql.rowset.serial">SerialException</a></pre><dl><dd>Copies the specified number of bytes, starting at the given position, from this <code>SerialBlob</code> object to another array of bytes.<p> Note that if the given number of bytes to be copied is larger than the length of this <code>SerialBlob</code> object's array of bytes, the given number will be shortened to the array's length.                                 </p><p/>                   </dd><dd><dl> <dt> <b>Specified by: </b>   </dt><dd> <code><a href="../../../../java/sql/Blob.html#getBytes(long, int)">getBytes</a></code> in interface <code><a href="../../../../java/sql/Blob.html" title="interface in java.sql">Blob</a></code>    </dd> </dl></dd><dd><dl> <dt> <b>Parameters:</b>   </dt><dd> <code>pos</code> - the ordinal position of the first byte in this <code>SerialBlob</code> object to be copied; numbering starts at <code>1</code>; must not be less than <code>1</code> and must be less than or equal to the length of this <code>SerialBlob</code> object                                        </dd><dd> <code>length</code> - the number of bytes to be copied         </dd> <dt> <b>Returns:</b>   </dt><dd>an array of bytes that is a copy of a region of this <code>SerialBlob</code> object, starting at the given position and containing the given number of consecutive bytes                           </dd> <dt> <b>Throws:</b>   </dt><dd> <code><a href="../../../../javax/sql/rowset/serial/SerialException.html" title="class in javax.sql.rowset.serial">SerialException</a></code> - if the given starting position is out of bounds           </dd> <dt> <b>See Also: </b>   </dt><dd> <a href="../../../../java/sql/Blob.html#setBytes(long, byte[])"><code>Blob.setBytes(long, byte[]) </code></a> </dd>    </dl></dd></dl> <a end_ctx_id="method:getBytes(long, int)"/>  </td></tr></table></td></tr></table><table border="0" cellpadding="1" cellspacing="0" width="100%"><tr><td><h3 class="ctxid">method:length() [NONE]</h3></td></tr><tr><td><table border="0" cellpadding="5" cellspacing="1" bgcolor="black" width="100%"><tr valign="top"><td bgcolor="#FFFFFF" colspan="1"> <a start_ctx_id="method:length()"/><a name="length()"/><h3> length </h3><pre>
public long <b>length</b>()
            throws <a href="../../../../javax/sql/rowset/serial/SerialException.html" title="class in javax.sql.rowset.serial">SerialException</a></pre><dl><dd>Retrieves the number of bytes in this <code>SerialBlob</code> object's array of bytes.<p/>           </dd><dd><dl> <dt> <b>Specified by: </b>   </dt><dd> <code><a href="../../../../java/sql/Blob.html#length()">length</a></code> in interface <code><a href="../../../../java/sql/Blob.html" title="interface in java.sql">Blob</a></code>    </dd> </dl></dd><dd><dl> <dt> <b>Returns:</b>   </dt><dd>a <code>long</code> indicating the length in bytes of this <code>SerialBlob</code> object's array of bytes             </dd> <dt> <b>Throws:</b>   </dt><dd> <code><a href="../../../../javax/sql/rowset/serial/SerialException.html" title="class in javax.sql.rowset.serial">SerialException</a></code> - if an error occurs      </dd>  </dl></dd></dl> <a end_ctx_id="method:length()"/>  </td></tr></table></td></tr></table><table border="0" cellpadding="1" cellspacing="0" width="100%"><tr><td><h3 class="ctxid">method:getBinaryStream() [NONE]</h3></td></tr><tr><td><table border="0" cellpadding="5" cellspacing="1" bgcolor="black" width="100%"><tr valign="top"><td bgcolor="#FFFFFF" colspan="1"> <a start_ctx_id="method:getBinaryStream()"/><a name="getBinaryStream()"/><h3> getBinaryStream </h3><pre>
public java.io.InputStream <b>getBinaryStream</b>()
                                    throws <a href="../../../../javax/sql/rowset/serial/SerialException.html" title="class in javax.sql.rowset.serial">SerialException</a></pre><dl><dd>Returns this <code>SerialBlob</code> object as an input stream. Unlike the related method, <code>setBinaryStream</code>, a stream is produced regardless of whether the <code>SerialBlob</code> was created with a <code>Blob</code> object or a <code>byte</code> array.<p/>                               </dd><dd><dl> <dt> <b>Specified by: </b>   </dt><dd> <code><a href="../../../../java/sql/Blob.html#getBinaryStream()">getBinaryStream</a></code> in interface <code><a href="../../../../java/sql/Blob.html" title="interface in java.sql">Blob</a></code>    </dd> </dl></dd><dd><dl> <dt> <b>Returns:</b>   </dt><dd>a <code>java.io.InputStream</code> object that contains this <code>SerialBlob</code> object's array of bytes          </dd> <dt> <b>Throws:</b>   </dt><dd> <code><a href="../../../../javax/sql/rowset/serial/SerialException.html" title="class in javax.sql.rowset.serial">SerialException</a></code> - if an error occurs      </dd> <dt> <b>See Also: </b>   </dt><dd> <a href="../../../../javax/sql/rowset/serial/SerialBlob.html#setBinaryStream(long)"><code>setBinaryStream(long)</code></a> </dd>   </dl></dd></dl> <a end_ctx_id="method:getBinaryStream()"/>  </td></tr></table></td></tr></table><table border="0" cellpadding="1" cellspacing="0" width="100%"><tr><td><h3 class="ctxid">method:position(byte[], long) [NONE]</h3></td></tr><tr><td><table border="0" cellpadding="5" cellspacing="1" bgcolor="black" width="100%"><tr valign="top"><td bgcolor="#FFFFFF" colspan="1"> <a start_ctx_id="method:position(byte[], long)"/><a name="position(byte[], long)"/><h3> position </h3><pre>
public long <b>position</b>(byte[] pattern,
                     long start)
              throws <a href="../../../../javax/sql/rowset/serial/SerialException.html" title="class in javax.sql.rowset.serial">SerialException</a>,
                     <a href="../../../../java/sql/SQLException.html" title="class in java.sql">SQLException</a></pre><dl><dd>Returns the position in this <code>SerialBlob</code> object where the given pattern of bytes begins, starting the search at the specified position.<p/>                    </dd><dd><dl> <dt> <b>Specified by: </b>   </dt><dd> <code><a href="../../../../java/sql/Blob.html#position(byte[], long)">position</a></code> in interface <code><a href="../../../../java/sql/Blob.html" title="interface in java.sql">Blob</a></code>    </dd> </dl></dd><dd><dl> <dt> <b>Parameters:</b>   </dt><dd> <code>pattern</code> - the pattern of bytes for which to search          </dd><dd> <code>start</code> - the position of the byte in this <code>SerialBlob</code> object from which to begin the search; the first position is <code>1</code>; must not be less than <code>1</code> nor greater than the length of this <code>SerialBlob</code> object                                     </dd> <dt> <b>Returns:</b>   </dt><dd>the position in this <code>SerialBlob</code> object where the given pattern begins, starting at the specified position; <code>-1</code> if the pattern is not found or the given starting position is out of bounds; position numbering for the return value starts at <code>1</code>                                        </dd> <dt> <b>Throws:</b>   </dt><dd> <code><a href="../../../../javax/sql/rowset/serial/SerialException.html" title="class in javax.sql.rowset.serial">SerialException</a></code> - if an error occurs when serializing the blob          </dd><dd> <code><a href="../../../../java/sql/SQLException.html" title="class in java.sql">SQLException</a></code> - if there is an error accessing the <code>BLOB</code> value from the database              </dd>   </dl></dd></dl> <a end_ctx_id="method:position(byte[], long)"/>  </td></tr></table></td></tr></table><table border="0" cellpadding="1" cellspacing="0" width="100%"><tr><td><h3 class="ctxid">method:position(java.sql.Blob, long) [NONE]</h3></td></tr><tr><td><table border="0" cellpadding="5" cellspacing="1" bgcolor="black" width="100%"><tr valign="top"><td bgcolor="#FFFFFF" colspan="1"> <a start_ctx_id="method:position(java.sql.Blob, long)"/><a name="position(java.sql.Blob, long)"/><h3> position </h3><pre>
public long <b>position</b>(<a href="../../../../java/sql/Blob.html" title="interface in java.sql">Blob</a> pattern,
                     long start)
              throws <a href="../../../../javax/sql/rowset/serial/SerialException.html" title="class in javax.sql.rowset.serial">SerialException</a>,
                     <a href="../../../../java/sql/SQLException.html" title="class in java.sql">SQLException</a></pre><dl><dd>Returns the position in this <code>SerialBlob</code> object where the given <code>Blob</code> object begins, starting the search at the specified position.<p/>                   </dd><dd><dl> <dt> <b>Specified by: </b>   </dt><dd> <code><a href="../../../../java/sql/Blob.html#position(java.sql.Blob, long)">position</a></code> in interface <code><a href="../../../../java/sql/Blob.html" title="interface in java.sql">Blob</a></code>    </dd> </dl></dd><dd><dl> <dt> <b>Parameters:</b>   </dt><dd> <code>pattern</code> - the <code>Blob</code> object for which to search;         </dd><dd> <code>start</code> - the position of the byte in this <code>SerialBlob</code> object from which to begin the search; the first position is <code>1</code>; must not be less than <code>1</code> nor greater than the length of this <code>SerialBlob</code> object                                     </dd> <dt> <b>Returns:</b>   </dt><dd>the position in this <code>SerialBlob</code> object where the given <code>Blob</code> object begins, starting at the specified position; <code>-1</code> if the pattern is not found or the given starting position is out of bounds; position numbering for the return value starts at <code>1</code>                                         </dd> <dt> <b>Throws:</b>   </dt><dd> <code><a href="../../../../javax/sql/rowset/serial/SerialException.html" title="class in javax.sql.rowset.serial">SerialException</a></code> - if an error occurs when serializing the blob          </dd><dd> <code><a href="../../../../java/sql/SQLException.html" title="class in java.sql">SQLException</a></code> - if there is an error accessing the <code>BLOB</code> value from the database              </dd>   </dl></dd></dl> <a end_ctx_id="method:position(java.sql.Blob, long)"/>  </td></tr></table></td></tr></table><table border="0" cellpadding="1" cellspacing="0" width="100%"><tr><td><h3 class="ctxid">method:setBytes(long, byte[]) [NONE]</h3></td></tr><tr><td><table border="0" cellpadding="5" cellspacing="1" bgcolor="black" width="100%"><tr valign="top"><td bgcolor="#FFFFFF" colspan="1"> <a start_ctx_id="method:setBytes(long, byte[])"/><a name="setBytes(long, byte[])"/><h3> setBytes </h3><pre>
public int <b>setBytes</b>(long pos,
                    byte[] bytes)
             throws <a href="../../../../javax/sql/rowset/serial/SerialException.html" title="class in javax.sql.rowset.serial">SerialException</a>,
                    <a href="../../../../java/sql/SQLException.html" title="class in java.sql">SQLException</a></pre><dl><dd>Writes the given array of bytes to the <code>BLOB</code> value that this <code>Blob</code> object represents, starting at position <code>pos</code>, and returns the number of bytes written.<p/>                         </dd><dd><dl> <dt> <b>Specified by: </b>   </dt><dd> <code><a href="../../../../java/sql/Blob.html#setBytes(long, byte[])">setBytes</a></code> in interface <code><a href="../../../../java/sql/Blob.html" title="interface in java.sql">Blob</a></code>    </dd> </dl></dd><dd><dl> <dt> <b>Parameters:</b>   </dt><dd> <code>pos</code> - the position in the SQL <code>BLOB</code> value at which to start writing. The first position is <code>1</code>; must not be less than <code>1</code> nor greater than the length of this <code>SerialBlob</code> object.                                  </dd><dd> <code>bytes</code> - the array of bytes to be written to the <code>BLOB</code> value that this <code>Blob</code> object represents                  </dd> <dt> <b>Returns:</b>   </dt><dd>the number of bytes written    </dd> <dt> <b>Throws:</b>   </dt><dd> <code><a href="../../../../javax/sql/rowset/serial/SerialException.html" title="class in javax.sql.rowset.serial">SerialException</a></code> - if there is an error accessing the <code>BLOB</code> value; or if an invalid position is set; if an invalid offset value is set                         </dd><dd> <code><a href="../../../../java/sql/SQLException.html" title="class in java.sql">SQLException</a></code> - if there is an error accessing the <code>BLOB</code> value from the database              </dd> <dt> <b>See Also: </b>   </dt><dd> <a href="../../../../javax/sql/rowset/serial/SerialBlob.html#getBytes(long, int)"><code>getBytes(long, int) </code></a> </dd>    </dl></dd></dl> <a end_ctx_id="method:setBytes(long, byte[])"/>  </td></tr></table></td></tr></table><table border="0" cellpadding="1" cellspacing="0" width="100%"><tr><td><h3 class="ctxid">method:setBytes(long, byte[], int, int) [NONE]</h3></td></tr><tr><td><table border="0" cellpadding="5" cellspacing="1" bgcolor="black" width="100%"><tr valign="top"><td bgcolor="#FFFFFF" colspan="1"> <a start_ctx_id="method:setBytes(long, byte[], int, int)"/><a name="setBytes(long, byte[], int, int)"/><h3> setBytes </h3><pre>
public int <b>setBytes</b>(long pos,
                    byte[] bytes,
                    int offset,
                    int length)
             throws <a href="../../../../javax/sql/rowset/serial/SerialException.html" title="class in javax.sql.rowset.serial">SerialException</a>,
                    <a href="../../../../java/sql/SQLException.html" title="class in java.sql">SQLException</a></pre><dl><dd>Writes all or part of the given <code>byte</code> array to the <code>BLOB</code> value that this <code>Blob</code> object represents and returns the number of bytes written. Writing starts at position <code>pos</code> in the <code>BLOB</code> value; <i>len</i> bytes from the given byte array are written.<p/>                                          </dd><dd><dl> <dt> <b>Specified by: </b>   </dt><dd> <code><a href="../../../../java/sql/Blob.html#setBytes(long, byte[], int, int)">setBytes</a></code> in interface <code><a href="../../../../java/sql/Blob.html" title="interface in java.sql">Blob</a></code>    </dd> </dl></dd><dd><dl> <dt> <b>Parameters:</b>   </dt><dd> <code>pos</code> - the position in the <code>BLOB</code> object at which to start writing. The first position is <code>1</code>; must not be less than <code>1</code> nor greater than the length of this <code>SerialBlob</code> object.                                 </dd><dd> <code>bytes</code> - the array of bytes to be written to the <code>BLOB</code> value             </dd><dd> <code>offset</code> - the offset in the <code>byte</code> array at which to start reading the bytes. The first offset position is <code>0</code>; must not be less than <code>0</code> nor greater than the length of the <code>byte</code> array                                    </dd><dd> <code>length</code> - the number of bytes to be written to the <code>BLOB</code> value from the array of bytes <i>bytes</i>.                   </dd> <dt> <b>Returns:</b>   </dt><dd>the number of bytes written    </dd> <dt> <b>Throws:</b>   </dt><dd> <code><a href="../../../../javax/sql/rowset/serial/SerialException.html" title="class in javax.sql.rowset.serial">SerialException</a></code> - if there is an error accessing the <code>BLOB</code> value; if an invalid position is set; if an invalid offset value is set; if number of bytes to be written is greater than the <code>SerialBlob</code> length; or the combined values of the length and offset is greater than the Blob buffer                                                    </dd><dd> <code><a href="../../../../java/sql/SQLException.html" title="class in java.sql">SQLException</a></code> - if there is an error accessing the <code>BLOB</code> value from the database.              </dd> <dt> <b>See Also: </b>   </dt><dd> <a href="../../../../javax/sql/rowset/serial/SerialBlob.html#getBytes(long, int)"><code>getBytes(long, int) </code></a> </dd>    </dl></dd></dl> <a end_ctx_id="method:setBytes(long, byte[], int, int)"/>  </td></tr></table></td></tr></table><table border="0" cellpadding="1" cellspacing="0" width="100%"><tr><td><h3 class="ctxid">method:setBinaryStream(long) [NONE]</h3></td></tr><tr><td><table border="0" cellpadding="5" cellspacing="1" bgcolor="black" width="100%"><tr valign="top"><td bgcolor="#FFFFFF" colspan="1"> <a start_ctx_id="method:setBinaryStream(long)"/><a name="setBinaryStream(long)"/><h3> setBinaryStream </h3><pre>
public java.io.OutputStream <b>setBinaryStream</b>(long pos)
                                     throws <a href="../../../../javax/sql/rowset/serial/SerialException.html" title="class in javax.sql.rowset.serial">SerialException</a>,
                                            <a href="../../../../java/sql/SQLException.html" title="class in java.sql">SQLException</a></pre><dl><dd>Retrieves a stream that can be used to write to the <code>BLOB</code> value that this <code>Blob</code> object represents. The stream begins at position <code>pos</code>. This method forwards the <code>setBinaryStream()</code> call to the underlying <code>Blob</code> in the event that this <code>SerialBlob</code> object is instantiated with a <code>Blob</code>. If this <code>SerialBlob</code> is instantiated with a <code>byte</code> array, a <code>SerialException</code> is thrown.<p/>                                                          </dd><dd><dl> <dt> <b>Specified by: </b>   </dt><dd> <code><a href="../../../../java/sql/Blob.html#setBinaryStream(long)">setBinaryStream</a></code> in interface <code><a href="../../../../java/sql/Blob.html" title="interface in java.sql">Blob</a></code>    </dd> </dl></dd><dd><dl> <dt> <b>Parameters:</b>   </dt><dd> <code>pos</code> - the position in the <code>BLOB</code> value at which to start writing             </dd> <dt> <b>Returns:</b>   </dt><dd>a <code>java.io.OutputStream</code> object to which data can be written        </dd> <dt> <b>Throws:</b>   </dt><dd> <code><a href="../../../../java/sql/SQLException.html" title="class in java.sql">SQLException</a></code> - if there is an error accessing the <code>BLOB</code> value           </dd><dd> <code><a href="../../../../javax/sql/rowset/serial/SerialException.html" title="class in javax.sql.rowset.serial">SerialException</a></code> - if the SerialBlob in not instantiated with a <code>Blob</code> object that supports <code>setBinaryStream()</code>               </dd> <dt> <b>See Also: </b>   </dt><dd> <a href="../../../../javax/sql/rowset/serial/SerialBlob.html#getBinaryStream()"><code>getBinaryStream()</code></a> </dd>    </dl></dd></dl> <a end_ctx_id="method:setBinaryStream(long)"/>  </td></tr></table></td></tr></table><table border="0" cellpadding="1" cellspacing="0" width="100%"><tr><td><h3 class="ctxid">method:truncate(long) [NONE]</h3></td></tr><tr><td><table border="0" cellpadding="5" cellspacing="1" bgcolor="black" width="100%"><tr valign="top"><td bgcolor="#FFFFFF" colspan="1"> <a start_ctx_id="method:truncate(long)"/><a name="truncate(long)"/><h3> truncate </h3><pre>
public void <b>truncate</b>(long length)
              throws <a href="../../../../javax/sql/rowset/serial/SerialException.html" title="class in javax.sql.rowset.serial">SerialException</a></pre><dl><dd>Truncates the <code>BLOB</code> value that this <code>Blob</code> object represents to be <code>len</code> bytes in length.<p/>              </dd><dd><dl> <dt> <b>Specified by: </b>   </dt><dd> <code><a href="../../../../java/sql/Blob.html#truncate(long)">truncate</a></code> in interface <code><a href="../../../../java/sql/Blob.html" title="interface in java.sql">Blob</a></code>    </dd> </dl></dd><dd><dl> <dt> <b>Parameters:</b>   </dt><dd> <code>length</code> - the length, in bytes, to which the <code>BLOB</code> value that this <code>Blob</code> object represents should be truncated                   </dd> <dt> <b>Throws:</b>   </dt><dd> <code><a href="../../../../javax/sql/rowset/serial/SerialException.html" title="class in javax.sql.rowset.serial">SerialException</a></code> - if there is an error accessing the Blob value; or the length to truncate is greater that the SerialBlob length                      </dd>  </dl></dd></dl> <a end_ctx_id="method:truncate(long)"/>  </td></tr></table></td></tr></table><table border="0" cellpadding="1" cellspacing="0" width="100%"><tr><td><h3 class="ctxid">method:getBinaryStream(long, long) [NONE]</h3></td></tr><tr><td><table border="0" cellpadding="5" cellspacing="1" bgcolor="black" width="100%"><tr valign="top"><td bgcolor="#FFFFFF" colspan="1"> <a start_ctx_id="method:getBinaryStream(long, long)"/><a name="getBinaryStream(long, long)"/><h3> getBinaryStream </h3><pre>
public java.io.InputStream <b>getBinaryStream</b>(long pos,
                                           long length)
                                    throws <a href="../../../../java/sql/SQLException.html" title="class in java.sql">SQLException</a></pre><dl><dd>Returns an <code>InputStream</code> object that contains a partial <code>Blob</code> value, starting with the byte specified by pos, which is length bytes in length.<p/>                      </dd><dd><dl> <dt> <b>Specified by: </b>   </dt><dd> <code><a href="../../../../java/sql/Blob.html#getBinaryStream(long, long)">getBinaryStream</a></code> in interface <code><a href="../../../../java/sql/Blob.html" title="interface in java.sql">Blob</a></code>    </dd> </dl></dd><dd><dl> <dt> <b>Parameters:</b>   </dt><dd> <code>pos</code> - the offset to the first byte of the partial value to be retrieved. The first byte in the <code>Blob</code> is at position 1                         </dd><dd> <code>length</code> - the length in bytes of the partial value to be retrieved             </dd> <dt> <b>Returns:</b>   </dt><dd> <code>InputStream</code> through which the partial <code>Blob</code> value can be read.          </dd> <dt> <b>Throws:</b>   </dt><dd> <code><a href="../../../../java/sql/SQLException.html" title="class in java.sql">SQLException</a></code> - if pos is less than 1 or if pos is greater than the number of bytes in the <code>Blob</code> or if pos + length is greater than the number of bytes in the <code>Blob</code>                                    </dd> <dt> <b>Since:</b>   </dt><dd>1.6</dd>    </dl></dd></dl> <a end_ctx_id="method:getBinaryStream(long, long)"/>  </td></tr></table></td></tr></table><table border="0" cellpadding="1" cellspacing="0" width="100%"><tr><td><h3 class="ctxid">method:free() [NONE]</h3></td></tr><tr><td><table border="0" cellpadding="5" cellspacing="1" bgcolor="black" width="100%"><tr valign="top"><td bgcolor="#FFFFFF" colspan="1"> <a start_ctx_id="method:free()"/><a name="free()"/><h3> free </h3><pre>
public void <b>free</b>()
          throws <a href="../../../../java/sql/SQLException.html" title="class in java.sql">SQLException</a></pre><dl><dd>This method frees the <code>Blob</code> object and releases the resources that it holds. <code>Blob</code> object. The object is invalid once the <code>free</code> method is called. If <code>free</code> is called multiple times, the subsequent calls to <code>free</code> are treated as a no-op.<p/>                                        </dd><dd><dl> <dt> <b>Specified by: </b>   </dt><dd> <code><a href="../../../../java/sql/Blob.html#free()">free</a></code> in interface <code><a href="../../../../java/sql/Blob.html" title="interface in java.sql">Blob</a></code>    </dd> </dl></dd><dd><dl> <dt> <b>Throws:</b>   </dt><dd> <code><a href="../../../../java/sql/SQLException.html" title="class in java.sql">SQLException</a></code> - if an error occurs releasing the Blob's resources          </dd> <dt> <b>Since:</b>   </dt><dd>1.6</dd>  </dl></dd></dl> <a end_ctx_id="method:free()"/>  </td></tr></table></td></tr></table><table border="0" cellpadding="1" cellspacing="0" width="100%"><tr><td><h3 class="ctxid">method:equals(java.lang.Object) [NONE]</h3></td></tr><tr><td><table border="0" cellpadding="5" cellspacing="1" bgcolor="black" width="100%"><tr valign="top"><td bgcolor="#FFFFFF" colspan="1"> <a start_ctx_id="method:equals(java.lang.Object)"/><a name="equals(java.lang.Object)"/><h3> equals </h3><pre>
public boolean <b>equals</b>(java.lang.Object anObject)</pre><dl><dd>Compares this SerialBlob to the specified object. The result is <code>true</code> if and only if the argument is not <code>null</code> and is a <code>SerialBlob</code> object that represents the same sequence of bytes as this object.<p/>                                  </dd><dd><dl> <dt> <b>Overrides:</b>   </dt><dd> <code>equals</code> in class <code>java.lang.Object</code>    </dd> </dl></dd><dd><dl> <dt> <b>Parameters:</b>   </dt><dd> <code>anObject</code> - The object to compare this <code>SerialBlob</code> against         </dd> <dt> <b>Returns:</b>   </dt><dd> <code>true</code> if the given object represents a <code>SerialBlob</code> equivalent to this SerialBlob, <code>false</code> otherwise              </dd>  </dl></dd></dl> <a end_ctx_id="method:equals(java.lang.Object)"/>  </td></tr></table></td></tr></table><table border="0" cellpadding="1" cellspacing="0" width="100%"><tr><td><h3 class="ctxid">method:hashCode() [NONE]</h3></td></tr><tr><td><table border="0" cellpadding="5" cellspacing="1" bgcolor="black" width="100%"><tr valign="top"><td bgcolor="#FFFFFF" colspan="1"> <a start_ctx_id="method:hashCode()"/><a name="hashCode()"/><h3> hashCode </h3><pre>
public int <b>hashCode</b>()</pre><dl><dd>Returns a hash code for this SerialBlob. The hash code for a <code>SerialBlob</code> object is computed as<blockquote><pre>
 s[0]*31^(n-1) + s[1]*31^(n-2) + ... + s[n-1]
 </pre></blockquote> using <code>int</code> arithmetic, where <code>s[i]</code> is the <i>i</i>th byte of the SerialBlob, <code>n</code> is the length of the v, and <code>^</code> indicates exponentiation. (The hash value of the empty SerialBlob is zero.)<p/>                                                </dd><dd><dl> <dt> <b>Overrides:</b>   </dt><dd> <code>hashCode</code> in class <code>java.lang.Object</code>    </dd> </dl></dd><dd><dl> <dt> <b>Returns:</b>   </dt><dd>a hash code value for this object.      </dd> </dl></dd></dl> <a end_ctx_id="method:hashCode()"/>  </td></tr></table></td></tr></table></diff></diffreport>