<?xml version="1.0" encoding="UTF-8"?><diffreport><diff><table border="0" cellpadding="1" cellspacing="0" width="100%"><tr><td><h3 class="ctxid">class:SerialRef [NONE]</h3></td></tr><tr><td><table border="0" cellpadding="5" cellspacing="1" bgcolor="black" width="100%"><tr valign="top"><td bgcolor="#FFFFFF" colspan="1"> <a start_ctx_id="class:SerialRef"/><dl> <dt><pre>public class <b>SerialRef</b></pre>  </dt> <dt>extends java.lang.Object </dt> <dt>implements <a href="../../../../java/sql/Ref.html" title="interface in java.sql">Ref</a>, java.io.Serializable, java.lang.Cloneable   </dt>   </dl><p> A serialized mapping of a <code>Ref</code> object, which is the mapping in the Java programming language of an SQL <code>REF</code> value.                     </p><p> The <code>SerialRef</code> class provides a constructor for creating a <code>SerialRef</code> instance from a <code>Ref</code> object and provides methods for getting and setting the <code>Ref</code> object.                         </p><p/><p><dl> <dt> <b>See Also: </b>   </dt><dd> <a href="../../../../serialized-form.html#javax.sql.rowset.serial.SerialRef">Serialized Form </a> </dd> </dl> <a end_ctx_id="class:SerialRef"/> </p> </td></tr></table></td></tr></table><table border="0" cellpadding="1" cellspacing="0" width="100%"><tr><td><h3 class="ctxid">constructor:SerialRef(java.sql.Ref) [NONE]</h3></td></tr><tr><td><table border="0" cellpadding="5" cellspacing="1" bgcolor="black" width="100%"><tr valign="top"><td bgcolor="#FFFFFF" colspan="1"> <a start_ctx_id="constructor:SerialRef(java.sql.Ref)"/><a name="SerialRef(java.sql.Ref)"/><h3> SerialRef </h3><pre>
public <b>SerialRef</b>(<a href="../../../../java/sql/Ref.html" title="interface in java.sql">Ref</a> ref)
          throws <a href="../../../../javax/sql/rowset/serial/SerialException.html" title="class in javax.sql.rowset.serial">SerialException</a>,
                 <a href="../../../../java/sql/SQLException.html" title="class in java.sql">SQLException</a></pre><dl><dd>Constructs a <code>SerialRef</code> object from the given <code>Ref</code> object.<p><dl> <dt> <b>Parameters:</b>   </dt><dd> <code>ref</code> - a Ref object; cannot be <code>null</code>        </dd> <dt> <b>Throws:</b>   </dt><dd> <code><a href="../../../../java/sql/SQLException.html" title="class in java.sql">SQLException</a></code> - if a database access occurs; if <code>ref</code> is <code>null</code>; or if the <code>Ref</code> object returns a <code>null</code> value base type name.                       </dd><dd> <code><a href="../../../../javax/sql/rowset/serial/SerialException.html" title="class in javax.sql.rowset.serial">SerialException</a></code> - if an error occurs serializing the <code>Ref</code> object          </dd>  </dl></p>        </dd></dl> <a end_ctx_id="constructor:SerialRef(java.sql.Ref)"/>  </td></tr></table></td></tr></table><table border="0" cellpadding="1" cellspacing="0" width="100%"><tr><td><h3 class="ctxid">method:getBaseTypeName() [NONE]</h3></td></tr><tr><td><table border="0" cellpadding="5" cellspacing="1" bgcolor="black" width="100%"><tr valign="top"><td bgcolor="#FFFFFF" colspan="1"> <a start_ctx_id="method:getBaseTypeName()"/><a name="getBaseTypeName()"/><h3> getBaseTypeName </h3><pre>
public java.lang.String <b>getBaseTypeName</b>()
                                 throws <a href="../../../../javax/sql/rowset/serial/SerialException.html" title="class in javax.sql.rowset.serial">SerialException</a></pre><dl><dd>Returns a string describing the base type name of the <code>Ref</code>.<p/>          </dd><dd><dl> <dt> <b>Specified by: </b>   </dt><dd> <code><a href="../../../../java/sql/Ref.html#getBaseTypeName()">getBaseTypeName</a></code> in interface <code><a href="../../../../java/sql/Ref.html" title="interface in java.sql">Ref</a></code>    </dd> </dl></dd><dd><dl> <dt> <b>Returns:</b>   </dt><dd>a string of the base type name of the Ref         </dd> <dt> <b>Throws:</b>   </dt><dd> <code><a href="../../../../javax/sql/rowset/serial/SerialException.html" title="class in javax.sql.rowset.serial">SerialException</a></code> - in no Ref object has been set         </dd>  </dl></dd></dl> <a end_ctx_id="method:getBaseTypeName()"/>  </td></tr></table></td></tr></table><table border="0" cellpadding="1" cellspacing="0" width="100%"><tr><td><h3 class="ctxid">method:getObject(java.util.Map) [NONE]</h3></td></tr><tr><td><table border="0" cellpadding="5" cellspacing="1" bgcolor="black" width="100%"><tr valign="top"><td bgcolor="#FFFFFF" colspan="1"> <a start_ctx_id="method:getObject(java.util.Map)"/><a name="getObject(java.util.Map)"/><h3> getObject </h3><pre>
public java.lang.Object <b>getObject</b>(java.util.Map&lt;java.lang.String,java.lang.Class&lt;?&gt;&gt; map)
                           throws <a href="../../../../javax/sql/rowset/serial/SerialException.html" title="class in javax.sql.rowset.serial">SerialException</a></pre><dl><dd>Returns an <code>Object</code> representing the SQL structured type to which this <code>SerialRef</code> object refers. The attributes of the structured type are mapped according to the given type map.<p/>                           </dd><dd><dl> <dt> <b>Specified by: </b>   </dt><dd> <code><a href="../../../../java/sql/Ref.html#getObject(java.util.Map)">getObject</a></code> in interface <code><a href="../../../../java/sql/Ref.html" title="interface in java.sql">Ref</a></code>    </dd> </dl></dd><dd><dl> <dt> <b>Parameters:</b>   </dt><dd> <code>map</code> - a <code>java.util.Map</code> object containing zero or more entries, with each entry consisting of 1) a <code>String</code> giving the fully qualified name of a UDT and 2) the <code>Class</code> object for the <code>SQLData</code> implementation that defines how the UDT is to be mapped                                            </dd> <dt> <b>Returns:</b>   </dt><dd>an object instance resolved from the Ref reference and mapped according to the supplied type map               </dd> <dt> <b>Throws:</b>   </dt><dd> <code><a href="../../../../javax/sql/rowset/serial/SerialException.html" title="class in javax.sql.rowset.serial">SerialException</a></code> - if an error is encountered in the reference resolution           </dd> <dt> <b>See Also: </b>   </dt><dd> <a href="../../../../java/sql/Ref.html#setObject(java.lang.Object)"><code>Ref.setObject(java.lang.Object)</code></a> </dd>    </dl></dd></dl> <a end_ctx_id="method:getObject(java.util.Map)"/>  </td></tr></table></td></tr></table><table border="0" cellpadding="1" cellspacing="0" width="100%"><tr><td><h3 class="ctxid">method:getObject() [NONE]</h3></td></tr><tr><td><table border="0" cellpadding="5" cellspacing="1" bgcolor="black" width="100%"><tr valign="top"><td bgcolor="#FFFFFF" colspan="1"> <a start_ctx_id="method:getObject()"/><a name="getObject()"/><h3> getObject </h3><pre>
public java.lang.Object <b>getObject</b>()
                           throws <a href="../../../../javax/sql/rowset/serial/SerialException.html" title="class in javax.sql.rowset.serial">SerialException</a></pre><dl><dd>Returns an <code>Object</code> representing the SQL structured type to which this <code>SerialRef</code> object refers.<p/>             </dd><dd><dl> <dt> <b>Specified by: </b>   </dt><dd> <code><a href="../../../../java/sql/Ref.html#getObject()">getObject</a></code> in interface <code><a href="../../../../java/sql/Ref.html" title="interface in java.sql">Ref</a></code>    </dd> </dl></dd><dd><dl> <dt> <b>Returns:</b>   </dt><dd>an object instance resolved from the Ref reference       </dd> <dt> <b>Throws:</b>   </dt><dd> <code><a href="../../../../javax/sql/rowset/serial/SerialException.html" title="class in javax.sql.rowset.serial">SerialException</a></code> - if an error is encountered in the reference resolution           </dd> <dt> <b>See Also: </b>   </dt><dd> <a href="../../../../java/sql/Ref.html#setObject(java.lang.Object)"><code>Ref.setObject(java.lang.Object)</code></a> </dd>   </dl></dd></dl> <a end_ctx_id="method:getObject()"/>  </td></tr></table></td></tr></table><table border="0" cellpadding="1" cellspacing="0" width="100%"><tr><td><h3 class="ctxid">method:setObject(java.lang.Object) [NONE]</h3></td></tr><tr><td><table border="0" cellpadding="5" cellspacing="1" bgcolor="black" width="100%"><tr valign="top"><td bgcolor="#FFFFFF" colspan="1"> <a start_ctx_id="method:setObject(java.lang.Object)"/><a name="setObject(java.lang.Object)"/><h3> setObject </h3><pre>
public void <b>setObject</b>(java.lang.Object obj)
               throws <a href="../../../../javax/sql/rowset/serial/SerialException.html" title="class in javax.sql.rowset.serial">SerialException</a></pre><dl><dd>Sets the SQL structured type that this <code>SerialRef</code> object references to the given <code>Object</code> object.<p/>              </dd><dd><dl> <dt> <b>Specified by: </b>   </dt><dd> <code><a href="../../../../java/sql/Ref.html#setObject(java.lang.Object)">setObject</a></code> in interface <code><a href="../../../../java/sql/Ref.html" title="interface in java.sql">Ref</a></code>    </dd> </dl></dd><dd><dl> <dt> <b>Parameters:</b>   </dt><dd> <code>obj</code> - an <code>Object</code> representing the SQL structured type to be referenced            </dd> <dt> <b>Throws:</b>   </dt><dd> <code><a href="../../../../javax/sql/rowset/serial/SerialException.html" title="class in javax.sql.rowset.serial">SerialException</a></code> - if an error is encountered generating the the structured type referenced by this <code>SerialRef</code> object                 </dd> <dt> <b>See Also: </b>   </dt><dd> <a href="../../../../java/sql/Ref.html#getObject()"><code>Ref.getObject()</code></a>, <a href="../../../../java/sql/Ref.html#getObject(java.util.Map)"><code>Ref.getObject(Map)</code></a>, <a href="../../../../java/sql/PreparedStatement.html#setObject(int, java.lang.Object)"><code>PreparedStatement.setObject(int, Object) </code></a>, <a href="../../../../java/sql/CallableStatement.html#setObject(java.lang.String, java.lang.Object)"><code>CallableStatement.setObject(String, Object) </code></a>    </dd>   </dl></dd></dl> <a end_ctx_id="method:setObject(java.lang.Object)"/>  </td></tr></table></td></tr></table></diff></diffreport>