<?xml version="1.0" encoding="UTF-8" standalone="yes"?><Document><name>javax/sql/rowset/serial/SerialBlob.spec</name><Context><name>class:SerialBlob</name><mt>NONE</mt></Context><Context><name>constructor:SerialBlob(byte[])</name><mt>NONE</mt></Context><Context><name>constructor:SerialBlob(java.sql.Blob)</name><mt>NONE</mt></Context><Context><name>method:equals(java.lang.Object)</name><mt>NONE</mt></Context><Context><name>method:free()</name><mt>NONE</mt></Context><Context><name>method:getBinaryStream()</name><mt>NONE</mt></Context><Context><name>method:getBinaryStream(long, long)</name><mt>NONE</mt></Context><Context><name>method:getBytes(long, int)</name><mt>NONE</mt></Context><Context><name>method:hashCode()</name><mt>NONE</mt></Context><Context><name>method:length()</name><mt>NONE</mt></Context><Context><name>method:position(byte[], long)</name><mt>NONE</mt></Context><Context><name>method:position(java.sql.Blob, long)</name><mt>NONE</mt></Context><Context><name>method:setBinaryStream(long)</name><mt>NONE</mt></Context><Context><name>method:setBytes(long, byte[])</name><mt>NONE</mt></Context><Context><name>method:setBytes(long, byte[], int, int)</name><mt>NONE</mt></Context><Context><name>method:truncate(long)</name><mt>NONE</mt></Context><Stat><name>javax/sql/rowset/serial/SerialBlob.spec</name><mt>NONE</mt><Group name="context"><Item count="0" name="ADDED"/><Item count="0" name="REMOVED"/><Item count="0" name="CHANGED"/><Item count="0" name="MODIFIED"/><Item count="16" name="TOTAL"/></Group><Group name="assertion"><Item count="0" name="ADDED"/><Item count="0" name="REMOVED"/><Item count="0" name="CHANGED"/><Item count="0" name="MODIFIED"/><Item count="0" name="TOTAL"/></Group></Stat></Document>