<?xml version="1.0" encoding="UTF-8"?><diffreport><diff><table border="0" cellpadding="1" cellspacing="0" width="100%"><tr><td><h3 class="ctxid">class:SerialArray [NONE]</h3></td></tr><tr><td><table border="0" cellpadding="5" cellspacing="1" bgcolor="black" width="100%"><tr valign="top"><td bgcolor="#FFFFFF" colspan="1"> <a start_ctx_id="class:SerialArray"/><dl> <dt><pre>public class <b>SerialArray</b></pre>  </dt> <dt>extends java.lang.Object </dt> <dt>implements <a href="../../../../java/sql/Array.html" title="interface in java.sql">Array</a>, java.io.Serializable, java.lang.Cloneable   </dt>   </dl><p> A serialized version of an <code>Array</code> object, which is the mapping in the Java programming language of an SQL <code>ARRAY</code> value.                     </p><p> The <code>SerialArray</code> class provides a constructor for creating a <code>SerialArray</code> instance from an <code>Array</code> object, methods for getting the base type and the SQL name for the base type, and methods for copying all or part of a <code>SerialArray</code> object.                                        </p><p> Note: In order for this class to function correctly, a connection to the data source must be available in order for the SQL <code>Array</code> object to be materialized (have all of its elements brought to the client server) if necessary. At this time, logical pointers to the data in the data source, such as locators, are not currently supported.                                                           </p><p/><p><dl> <dt> <b>See Also: </b>   </dt><dd> <a href="../../../../serialized-form.html#javax.sql.rowset.serial.SerialArray">Serialized Form </a> </dd> </dl> <a end_ctx_id="class:SerialArray"/> </p> </td></tr></table></td></tr></table><table border="0" cellpadding="1" cellspacing="0" width="100%"><tr><td><h3 class="ctxid">constructor:SerialArray(java.sql.Array, java.util.Map) [NONE]</h3></td></tr><tr><td><table border="0" cellpadding="5" cellspacing="1" bgcolor="black" width="100%"><tr valign="top"><td bgcolor="#FFFFFF" colspan="1"> <a start_ctx_id="constructor:SerialArray(java.sql.Array, java.util.Map)"/><a name="SerialArray(java.sql.Array, java.util.Map)"/><h3> SerialArray </h3><pre>
public <b>SerialArray</b>(<a href="../../../../java/sql/Array.html" title="interface in java.sql">Array</a> array,
                   java.util.Map&lt;java.lang.String,java.lang.Class&lt;?&gt;&gt; map)
            throws <a href="../../../../javax/sql/rowset/serial/SerialException.html" title="class in javax.sql.rowset.serial">SerialException</a>,
                   <a href="../../../../java/sql/SQLException.html" title="class in java.sql">SQLException</a></pre><dl><dd>Constructs a new <code>SerialArray</code> object from the given <code>Array</code> object, using the given type map for the custom mapping of each element when the elements are SQL UDTs.<p> This method does custom mapping if the array elements are a UDT and the given type map has an entry for that UDT. Custom mapping is recursive, meaning that if, for instance, an element of an SQL structured type is an SQL structured type that itself has an element that is an SQL structured type, each structured type that has a custom mapping will be mapped according to the given type map.                                                                        </p><p> The new <code>SerialArray</code> object contains the same elements as the <code>Array</code> object from which it is built, except when the base type is the SQL type <code>STRUCT</code>, <code>ARRAY</code>, <code>BLOB</code>, <code>CLOB</code>, <code>DATALINK</code> or <code>JAVA_OBJECT</code>. In this case, each element in the new <code>SerialArray</code> object is the appropriate serialized form, that is, a <code>SerialStruct</code>, <code>SerialArray</code>, <code>SerialBlob</code>, <code>SerialClob</code>, <code>SerialDatalink</code>, or <code>SerialJavaObject</code> object.                                                           </p><p> Note: (1) The <code>Array</code> object from which a <code>SerialArray</code> object is created must have materialized the SQL <code>ARRAY</code> value's data on the client before it is passed to the constructor. Otherwise, the new <code>SerialArray</code> object will contain no data.                                       </p><p> Note: (2) If the <code>Array</code> contains <code>java.sql.Types.JAVA_OBJECT</code> types, the <code>SerialJavaObject</code> constructor is called where checks are made to ensure this object is serializable.                       </p><p> Note: (3) The <code>Array</code> object supplied to this constructor cannot return <code>null</code> for any <code>Array.getArray()</code> methods. <code>SerialArray</code> cannot serialize null array values.                      </p><p><dl> <dt> <b>Parameters:</b>   </dt><dd> <code>array</code> - the <code>Array</code> object to be serialized        </dd><dd> <code>map</code> - a <code>java.util.Map</code> object in which each entry consists of 1) a <code>String</code> object giving the fully qualified name of a UDT (an SQL structured type or distinct type) and 2) the <code>Class</code> object for the <code>SQLData</code> implementation that defines how the UDT is to be mapped. The <i>map</i> parameter does not have any effect for <code>Blob</code>, <code>Clob</code>, <code>DATALINK</code>, or <code>JAVA_OBJECT</code> types.                                                               </dd> <dt> <b>Throws:</b>   </dt><dd> <code><a href="../../../../javax/sql/rowset/serial/SerialException.html" title="class in javax.sql.rowset.serial">SerialException</a></code> - if an error occurs serializing the <code>Array</code> object          </dd><dd> <code><a href="../../../../java/sql/SQLException.html" title="class in java.sql">SQLException</a></code> - if a database access error occurs or if the <i>array</i> or the <i>map</i> values are <code>null</code>                  </dd>  </dl></p>                           </dd></dl> <a end_ctx_id="constructor:SerialArray(java.sql.Array, java.util.Map)"/>  </td></tr></table></td></tr></table><table border="0" cellpadding="1" cellspacing="0" width="100%"><tr><td><h3 class="ctxid">constructor:SerialArray(java.sql.Array) [NONE]</h3></td></tr><tr><td><table border="0" cellpadding="5" cellspacing="1" bgcolor="black" width="100%"><tr valign="top"><td bgcolor="#FFFFFF" colspan="1"> <a start_ctx_id="constructor:SerialArray(java.sql.Array)"/><a name="SerialArray(java.sql.Array)"/><h3> SerialArray </h3><pre>
public <b>SerialArray</b>(<a href="../../../../java/sql/Array.html" title="interface in java.sql">Array</a> array)
            throws <a href="../../../../javax/sql/rowset/serial/SerialException.html" title="class in javax.sql.rowset.serial">SerialException</a>,
                   <a href="../../../../java/sql/SQLException.html" title="class in java.sql">SQLException</a></pre><dl><dd>Constructs a new <code>SerialArray</code> object from the given <code>Array</code> object.<p> This constructor does not do custom mapping. If the base type of the array is an SQL structured type and custom mapping is desired, the constructor <code>SerialArray(Array array, Map map)   </code> should be used.                              </p><p> The new <code>SerialArray</code> object contains the same elements as the <code>Array</code> object from which it is built, except when the base type is the SQL type <code>BLOB</code>, <code>CLOB</code>, <code>DATALINK</code> or <code>JAVA_OBJECT</code>. In this case, each element in the new <code>SerialArray</code> object is the appropriate serialized form, that is, a <code>SerialBlob</code>, <code>SerialClob</code>, <code>SerialDatalink</code>, or <code>SerialJavaObject</code> object.                                                       </p><p> Note: (1) The <code>Array</code> object from which a <code>SerialArray</code> object is created must have materialized the SQL <code>ARRAY</code> value's data on the client before it is passed to the constructor. Otherwise, the new <code>SerialArray</code> object will contain no data.                                       </p><p> Note: (2) The <code>Array</code> object supplied to this constructor cannot return <code>null</code> for any <code>Array.getArray()</code> methods. <code>SerialArray</code> cannot serialize <code>null</code> array values.                      </p><p><dl> <dt> <b>Parameters:</b>   </dt><dd> <code>array</code> - the <code>Array</code> object to be serialized        </dd> <dt> <b>Throws:</b>   </dt><dd> <code><a href="../../../../javax/sql/rowset/serial/SerialException.html" title="class in javax.sql.rowset.serial">SerialException</a></code> - if an error occurs serializing the <code>Array</code> object          </dd><dd> <code><a href="../../../../java/sql/SQLException.html" title="class in java.sql">SQLException</a></code> - if a database access error occurs or the <i>array</i> parameter is <code>null</code>.              </dd>  </dl></p>         </dd></dl> <a end_ctx_id="constructor:SerialArray(java.sql.Array)"/>  </td></tr></table></td></tr></table><table border="0" cellpadding="1" cellspacing="0" width="100%"><tr><td><h3 class="ctxid">method:free() [NONE]</h3></td></tr><tr><td><table border="0" cellpadding="5" cellspacing="1" bgcolor="black" width="100%"><tr valign="top"><td bgcolor="#FFFFFF" colspan="1"> <a start_ctx_id="method:free()"/><a name="free()"/><h3> free </h3><pre>
public void <b>free</b>()
          throws <a href="../../../../java/sql/SQLException.html" title="class in java.sql">SQLException</a></pre><dl><dd>This method frees the <code>Array</code> object and releases the resources that it holds. The object is invalid once the <code>free</code> method is called.<p> After <code>free</code> has been called, any attempt to invoke a method other than <code>free</code> will result in a <code>SQLException</code> being thrown. If <code>free</code> is called multiple times, the subsequent calls to <code>free</code> are treated as a no-op.                                     </p><p/><p/>                      </dd><dd><dl> <dt> <b>Specified by: </b>   </dt><dd> <code><a href="../../../../java/sql/Array.html#free()">free</a></code> in interface <code><a href="../../../../java/sql/Array.html" title="interface in java.sql">Array</a></code>    </dd> </dl></dd><dd><dl> <dt> <b>Throws:</b>   </dt><dd> <code><a href="../../../../java/sql/SQLException.html" title="class in java.sql">SQLException</a></code> - if an error occurs releasing the Array's resources          </dd><dd> <code><a href="../../../../java/sql/SQLFeatureNotSupportedException.html" title="class in java.sql">SQLFeatureNotSupportedException</a></code> - if the JDBC driver does not support this method           </dd> <dt> <b>Since:</b>   </dt><dd>1.6</dd>  </dl></dd></dl> <a end_ctx_id="method:free()"/>  </td></tr></table></td></tr></table><table border="0" cellpadding="1" cellspacing="0" width="100%"><tr><td><h3 class="ctxid">method:getArray() [NONE]</h3></td></tr><tr><td><table border="0" cellpadding="5" cellspacing="1" bgcolor="black" width="100%"><tr valign="top"><td bgcolor="#FFFFFF" colspan="1"> <a start_ctx_id="method:getArray()"/><a name="getArray()"/><h3> getArray </h3><pre>
public java.lang.Object <b>getArray</b>()
                          throws <a href="../../../../javax/sql/rowset/serial/SerialException.html" title="class in javax.sql.rowset.serial">SerialException</a></pre><dl><dd>Returns a new array that is a copy of this <code>SerialArray</code> object.<p/>           </dd><dd><dl> <dt> <b>Specified by: </b>   </dt><dd> <code><a href="../../../../java/sql/Array.html#getArray()">getArray</a></code> in interface <code><a href="../../../../java/sql/Array.html" title="interface in java.sql">Array</a></code>    </dd> </dl></dd><dd><dl> <dt> <b>Returns:</b>   </dt><dd>a copy of this <code>SerialArray</code> object as an <code>Object</code> in the Java programming language             </dd> <dt> <b>Throws:</b>   </dt><dd> <code><a href="../../../../javax/sql/rowset/serial/SerialException.html" title="class in javax.sql.rowset.serial">SerialException</a></code> - if an error occurs retrieving a copy of this <code>SerialArray</code> object             </dd>  </dl></dd></dl> <a end_ctx_id="method:getArray()"/>  </td></tr></table></td></tr></table><table border="0" cellpadding="1" cellspacing="0" width="100%"><tr><td><h3 class="ctxid">method:getArray(java.util.Map) [NONE]</h3></td></tr><tr><td><table border="0" cellpadding="5" cellspacing="1" bgcolor="black" width="100%"><tr valign="top"><td bgcolor="#FFFFFF" colspan="1"> <a start_ctx_id="method:getArray(java.util.Map)"/><a name="getArray(java.util.Map)"/><h3> getArray </h3><pre>
public java.lang.Object <b>getArray</b>(java.util.Map&lt;java.lang.String,java.lang.Class&lt;?&gt;&gt; map)
                          throws <a href="../../../../javax/sql/rowset/serial/SerialException.html" title="class in javax.sql.rowset.serial">SerialException</a></pre><dl><dd>Returns a new array that is a copy of this <code>SerialArray</code> object, using the given type map for the custom mapping of each element when the elements are SQL UDTs.<p> This method does custom mapping if the array elements are a UDT and the given type map has an entry for that UDT. Custom mapping is recursive, meaning that if, for instance, an element of an SQL structured type is an SQL structured type that itself has an element that is an SQL structured type, each structured type that has a custom mapping will be mapped according to the given type map.                                                                        </p><p/>                             </dd><dd><dl> <dt> <b>Specified by: </b>   </dt><dd> <code><a href="../../../../java/sql/Array.html#getArray(java.util.Map)">getArray</a></code> in interface <code><a href="../../../../java/sql/Array.html" title="interface in java.sql">Array</a></code>    </dd> </dl></dd><dd><dl> <dt> <b>Parameters:</b>   </dt><dd> <code>map</code> - a <code>java.util.Map</code> object in which each entry consists of 1) a <code>String</code> object giving the fully qualified name of a UDT and 2) the <code>Class</code> object for the <code>SQLData</code> implementation that defines how the UDT is to be mapped                                         </dd> <dt> <b>Returns:</b>   </dt><dd>a copy of this <code>SerialArray</code> object as an <code>Object</code> in the Java programming language             </dd> <dt> <b>Throws:</b>   </dt><dd> <code><a href="../../../../javax/sql/rowset/serial/SerialException.html" title="class in javax.sql.rowset.serial">SerialException</a></code> - if an error occurs      </dd>   </dl></dd></dl> <a end_ctx_id="method:getArray(java.util.Map)"/>  </td></tr></table></td></tr></table><table border="0" cellpadding="1" cellspacing="0" width="100%"><tr><td><h3 class="ctxid">method:getArray(long, int) [NONE]</h3></td></tr><tr><td><table border="0" cellpadding="5" cellspacing="1" bgcolor="black" width="100%"><tr valign="top"><td bgcolor="#FFFFFF" colspan="1"> <a start_ctx_id="method:getArray(long, int)"/><a name="getArray(long, int)"/><h3> getArray </h3><pre>
public java.lang.Object <b>getArray</b>(long index,
                                 int count)
                          throws <a href="../../../../javax/sql/rowset/serial/SerialException.html" title="class in javax.sql.rowset.serial">SerialException</a></pre><dl><dd>Returns a new array that is a copy of a slice of this <code>SerialArray</code> object, starting with the element at the given index and containing the given number of consecutive elements.<p/>                              </dd><dd><dl> <dt> <b>Specified by: </b>   </dt><dd> <code><a href="../../../../java/sql/Array.html#getArray(long, int)">getArray</a></code> in interface <code><a href="../../../../java/sql/Array.html" title="interface in java.sql">Array</a></code>    </dd> </dl></dd><dd><dl> <dt> <b>Parameters:</b>   </dt><dd> <code>index</code> - the index into this <code>SerialArray</code> object of the first element to be copied; the index of the first element is <code>0</code>                       </dd><dd> <code>count</code> - the number of consecutive elements to be copied, starting at the given index               </dd> <dt> <b>Returns:</b>   </dt><dd>a copy of the designated elements in this <code>SerialArray</code> object as an <code>Object</code> in the Java programming language                 </dd> <dt> <b>Throws:</b>   </dt><dd> <code><a href="../../../../javax/sql/rowset/serial/SerialException.html" title="class in javax.sql.rowset.serial">SerialException</a></code> - if an error occurs      </dd>   </dl></dd></dl> <a end_ctx_id="method:getArray(long, int)"/>  </td></tr></table></td></tr></table><table border="0" cellpadding="1" cellspacing="0" width="100%"><tr><td><h3 class="ctxid">method:getArray(long, int, java.util.Map) [NONE]</h3></td></tr><tr><td><table border="0" cellpadding="5" cellspacing="1" bgcolor="black" width="100%"><tr valign="top"><td bgcolor="#FFFFFF" colspan="1"> <a start_ctx_id="method:getArray(long, int, java.util.Map)"/><a name="getArray(long, int, java.util.Map)"/><h3> getArray </h3><pre>
public java.lang.Object <b>getArray</b>(long index,
                                 int count,
                                 java.util.Map&lt;java.lang.String,java.lang.Class&lt;?&gt;&gt; map)
                          throws <a href="../../../../javax/sql/rowset/serial/SerialException.html" title="class in javax.sql.rowset.serial">SerialException</a></pre><dl><dd>Returns a new array that is a copy of a slice of this <code>SerialArray</code> object, starting with the element at the given index and containing the given number of consecutive elements.<p> This method does custom mapping if the array elements are a UDT and the given type map has an entry for that UDT. Custom mapping is recursive, meaning that if, for instance, an element of an SQL structured type is an SQL structured type that itself has an element that is an SQL structured type, each structured type that has a custom mapping will be mapped according to the given type map.                                                                        </p><p/>                              </dd><dd><dl> <dt> <b>Specified by: </b>   </dt><dd> <code><a href="../../../../java/sql/Array.html#getArray(long, int, java.util.Map)">getArray</a></code> in interface <code><a href="../../../../java/sql/Array.html" title="interface in java.sql">Array</a></code>    </dd> </dl></dd><dd><dl> <dt> <b>Parameters:</b>   </dt><dd> <code>index</code> - the index into this <code>SerialArray</code> object of the first element to be copied; the index of the first element in the array is <code>0</code>                          </dd><dd> <code>count</code> - the number of consecutive elements to be copied, starting at the given index               </dd><dd> <code>map</code> - a <code>java.util.Map</code> object in which each entry consists of 1) a <code>String</code> object giving the fully qualified name of a UDT and 2) the <code>Class</code> object for the <code>SQLData</code> implementation that defines how the UDT is to be mapped                                         </dd> <dt> <b>Returns:</b>   </dt><dd>a copy of the designated elements in this <code>SerialArray</code> object as an <code>Object</code> in the Java programming language                 </dd> <dt> <b>Throws:</b>   </dt><dd> <code><a href="../../../../javax/sql/rowset/serial/SerialException.html" title="class in javax.sql.rowset.serial">SerialException</a></code> - if an error occurs      </dd>   </dl></dd></dl> <a end_ctx_id="method:getArray(long, int, java.util.Map)"/>  </td></tr></table></td></tr></table><table border="0" cellpadding="1" cellspacing="0" width="100%"><tr><td><h3 class="ctxid">method:getBaseType() [NONE]</h3></td></tr><tr><td><table border="0" cellpadding="5" cellspacing="1" bgcolor="black" width="100%"><tr valign="top"><td bgcolor="#FFFFFF" colspan="1"> <a start_ctx_id="method:getBaseType()"/><a name="getBaseType()"/><h3> getBaseType </h3><pre>
public int <b>getBaseType</b>()
                throws <a href="../../../../javax/sql/rowset/serial/SerialException.html" title="class in javax.sql.rowset.serial">SerialException</a></pre><dl><dd>Retrieves the SQL type of the elements in this <code>SerialArray</code> object. The <code>int</code> returned is one of the constants in the class <code>java.sql.Types</code>.<p/>                      </dd><dd><dl> <dt> <b>Specified by: </b>   </dt><dd> <code><a href="../../../../java/sql/Array.html#getBaseType()">getBaseType</a></code> in interface <code><a href="../../../../java/sql/Array.html" title="interface in java.sql">Array</a></code>    </dd> </dl></dd><dd><dl> <dt> <b>Returns:</b>   </dt><dd>one of the constants in <code>java.sql.Types</code>, indicating the SQL type of the elements in this <code>SerialArray</code> object                </dd> <dt> <b>Throws:</b>   </dt><dd> <code><a href="../../../../javax/sql/rowset/serial/SerialException.html" title="class in javax.sql.rowset.serial">SerialException</a></code> - if an error occurs      </dd>  </dl></dd></dl> <a end_ctx_id="method:getBaseType()"/>  </td></tr></table></td></tr></table><table border="0" cellpadding="1" cellspacing="0" width="100%"><tr><td><h3 class="ctxid">method:getBaseTypeName() [NONE]</h3></td></tr><tr><td><table border="0" cellpadding="5" cellspacing="1" bgcolor="black" width="100%"><tr valign="top"><td bgcolor="#FFFFFF" colspan="1"> <a start_ctx_id="method:getBaseTypeName()"/><a name="getBaseTypeName()"/><h3> getBaseTypeName </h3><pre>
public java.lang.String <b>getBaseTypeName</b>()
                                 throws <a href="../../../../javax/sql/rowset/serial/SerialException.html" title="class in javax.sql.rowset.serial">SerialException</a></pre><dl><dd>Retrieves the DBMS-specific type name for the elements in this <code>SerialArray</code> object.<p/>           </dd><dd><dl> <dt> <b>Specified by: </b>   </dt><dd> <code><a href="../../../../java/sql/Array.html#getBaseTypeName()">getBaseTypeName</a></code> in interface <code><a href="../../../../java/sql/Array.html" title="interface in java.sql">Array</a></code>    </dd> </dl></dd><dd><dl> <dt> <b>Returns:</b>   </dt><dd>the SQL type name used by the DBMS for the base type of this <code>SerialArray</code> object               </dd> <dt> <b>Throws:</b>   </dt><dd> <code><a href="../../../../javax/sql/rowset/serial/SerialException.html" title="class in javax.sql.rowset.serial">SerialException</a></code> - if an error occurs      </dd>  </dl></dd></dl> <a end_ctx_id="method:getBaseTypeName()"/>  </td></tr></table></td></tr></table><table border="0" cellpadding="1" cellspacing="0" width="100%"><tr><td><h3 class="ctxid">method:getResultSet(long, int) [NONE]</h3></td></tr><tr><td><table border="0" cellpadding="5" cellspacing="1" bgcolor="black" width="100%"><tr valign="top"><td bgcolor="#FFFFFF" colspan="1"> <a start_ctx_id="method:getResultSet(long, int)"/><a name="getResultSet(long, int)"/><h3> getResultSet </h3><pre>
public <a href="../../../../java/sql/ResultSet.html" title="interface in java.sql">ResultSet</a><b>getResultSet</b>(long index,
                              int count)
                       throws <a href="../../../../javax/sql/rowset/serial/SerialException.html" title="class in javax.sql.rowset.serial">SerialException</a></pre><dl><dd>Retrieves a <code>ResultSet</code> object holding the elements of the subarray that starts at index <i>index</i> and contains up to <i>count</i> successive elements. This method uses the connection's type map to map the elements of the array if the map contains an entry for the base type. Otherwise, the standard mapping is used.<p/>                                                   </dd><dd><dl> <dt> <b>Specified by: </b>   </dt><dd> <code><a href="../../../../java/sql/Array.html#getResultSet(long, int)">getResultSet</a></code> in interface <code><a href="../../../../java/sql/Array.html" title="interface in java.sql">Array</a></code>    </dd> </dl></dd><dd><dl> <dt> <b>Parameters:</b>   </dt><dd> <code>index</code> - the index into this <code>SerialArray</code> object of the first element to be copied; the index of the first element in the array is <code>0</code>                          </dd><dd> <code>count</code> - the number of consecutive elements to be copied, starting at the given index               </dd> <dt> <b>Returns:</b>   </dt><dd>a <code>ResultSet</code> object containing the designated elements in this <code>SerialArray</code> object, with a separate row for each element                 </dd> <dt> <b>Throws:</b>   </dt><dd> <code>SerialException,</code> - which in turn throws an <code>UnsupportedOperationException</code>, if this method is called             </dd><dd> <code><a href="../../../../javax/sql/rowset/serial/SerialException.html" title="class in javax.sql.rowset.serial">SerialException</a></code> </dd>   </dl></dd></dl> <a end_ctx_id="method:getResultSet(long, int)"/>  </td></tr></table></td></tr></table><table border="0" cellpadding="1" cellspacing="0" width="100%"><tr><td><h3 class="ctxid">method:getResultSet(java.util.Map) [NONE]</h3></td></tr><tr><td><table border="0" cellpadding="5" cellspacing="1" bgcolor="black" width="100%"><tr valign="top"><td bgcolor="#FFFFFF" colspan="1"> <a start_ctx_id="method:getResultSet(java.util.Map)"/><a name="getResultSet(java.util.Map)"/><h3> getResultSet </h3><pre>
public <a href="../../../../java/sql/ResultSet.html" title="interface in java.sql">ResultSet</a><b>getResultSet</b>(java.util.Map&lt;java.lang.String,java.lang.Class&lt;?&gt;&gt; map)
                       throws <a href="../../../../javax/sql/rowset/serial/SerialException.html" title="class in javax.sql.rowset.serial">SerialException</a></pre><dl><dd>Retrieves a <code>ResultSet</code> object that contains all of the elements of the SQL <code>ARRAY</code> value represented by this <code>SerialArray</code> object. This method uses the specified map for type map customizations unless the base type of the array does not match a user-defined type (UDT) in <i>map</i>, in which case it uses the standard mapping. This version of the method <code>getResultSet</code> uses either the given type map or the standard mapping; it never uses the type map associated with the connection.<p/>                                                                               </dd><dd><dl> <dt> <b>Specified by: </b>   </dt><dd> <code><a href="../../../../java/sql/Array.html#getResultSet(java.util.Map)">getResultSet</a></code> in interface <code><a href="../../../../java/sql/Array.html" title="interface in java.sql">Array</a></code>    </dd> </dl></dd><dd><dl> <dt> <b>Parameters:</b>   </dt><dd> <code>map</code> - a <code>java.util.Map</code> object in which each entry consists of 1) a <code>String</code> object giving the fully qualified name of a UDT and 2) the <code>Class</code> object for the <code>SQLData</code> implementation that defines how the UDT is to be mapped                                         </dd> <dt> <b>Returns:</b>   </dt><dd>a <code>ResultSet</code> object containing all of the elements in this <code>SerialArray</code> object, with a separate row for each element                  </dd> <dt> <b>Throws:</b>   </dt><dd> <code>SerialException,</code> - which in turn throws an <code>UnsupportedOperationException</code>, if this method is called             </dd><dd> <code><a href="../../../../javax/sql/rowset/serial/SerialException.html" title="class in javax.sql.rowset.serial">SerialException</a></code> </dd>   </dl></dd></dl> <a end_ctx_id="method:getResultSet(java.util.Map)"/>  </td></tr></table></td></tr></table><table border="0" cellpadding="1" cellspacing="0" width="100%"><tr><td><h3 class="ctxid">method:getResultSet() [NONE]</h3></td></tr><tr><td><table border="0" cellpadding="5" cellspacing="1" bgcolor="black" width="100%"><tr valign="top"><td bgcolor="#FFFFFF" colspan="1"> <a start_ctx_id="method:getResultSet()"/><a name="getResultSet()"/><h3> getResultSet </h3><pre>
public <a href="../../../../java/sql/ResultSet.html" title="interface in java.sql">ResultSet</a><b>getResultSet</b>()
                       throws <a href="../../../../javax/sql/rowset/serial/SerialException.html" title="class in javax.sql.rowset.serial">SerialException</a></pre><dl><dd>Retrieves a <code>ResultSet</code> object that contains all of the elements in the <code>ARRAY</code> value that this <code>SerialArray</code> object represents. If appropriate, the elements of the array are mapped using the connection's type map; otherwise, the standard mapping is used.<p/>                                      </dd><dd><dl> <dt> <b>Specified by: </b>   </dt><dd> <code><a href="../../../../java/sql/Array.html#getResultSet()">getResultSet</a></code> in interface <code><a href="../../../../java/sql/Array.html" title="interface in java.sql">Array</a></code>    </dd> </dl></dd><dd><dl> <dt> <b>Returns:</b>   </dt><dd>a <code>ResultSet</code> object containing all of the elements in this <code>SerialArray</code> object, with a separate row for each element                  </dd> <dt> <b>Throws:</b>   </dt><dd> <code><a href="../../../../javax/sql/rowset/serial/SerialException.html" title="class in javax.sql.rowset.serial">SerialException</a></code> - if called, which in turn throws an <code>UnsupportedOperationException</code>, if this method is called               </dd>  </dl></dd></dl> <a end_ctx_id="method:getResultSet()"/>  </td></tr></table></td></tr></table><table border="0" cellpadding="1" cellspacing="0" width="100%"><tr><td><h3 class="ctxid">method:getResultSet(long, int, java.util.Map) [NONE]</h3></td></tr><tr><td><table border="0" cellpadding="5" cellspacing="1" bgcolor="black" width="100%"><tr valign="top"><td bgcolor="#FFFFFF" colspan="1"> <a start_ctx_id="method:getResultSet(long, int, java.util.Map)"/><a name="getResultSet(long, int, java.util.Map)"/><h3> getResultSet </h3><pre>
public <a href="../../../../java/sql/ResultSet.html" title="interface in java.sql">ResultSet</a><b>getResultSet</b>(long index,
                              int count,
                              java.util.Map&lt;java.lang.String,java.lang.Class&lt;?&gt;&gt; map)
                       throws <a href="../../../../javax/sql/rowset/serial/SerialException.html" title="class in javax.sql.rowset.serial">SerialException</a></pre><dl><dd>Retrieves a result set holding the elements of the subarray that starts at Retrieves a <code>ResultSet</code> object that contains a subarray of the elements in this <code>SerialArray</code> object, starting at index <i>index</i> and containing up to <i>count</i> successive elements. This method uses the specified map for type map customizations unless the base type of the array does not match a user-defined type (UDT) in <i>map</i>, in which case it uses the standard mapping. This version of the method <code>getResultSet</code> uses either the given type map or the standard mapping; it never uses the type map associated with the connection.<p/>                                                                                                  </dd><dd><dl> <dt> <b>Specified by: </b>   </dt><dd> <code><a href="../../../../java/sql/Array.html#getResultSet(long, int, java.util.Map)">getResultSet</a></code> in interface <code><a href="../../../../java/sql/Array.html" title="interface in java.sql">Array</a></code>    </dd> </dl></dd><dd><dl> <dt> <b>Parameters:</b>   </dt><dd> <code>index</code> - the index into this <code>SerialArray</code> object of the first element to be copied; the index of the first element in the array is <code>0</code>                          </dd><dd> <code>count</code> - the number of consecutive elements to be copied, starting at the given index               </dd><dd> <code>map</code> - a <code>java.util.Map</code> object in which each entry consists of 1) a <code>String</code> object giving the fully qualified name of a UDT and 2) the <code>Class</code> object for the <code>SQLData</code> implementation that defines how the UDT is to be mapped                                         </dd> <dt> <b>Returns:</b>   </dt><dd>a <code>ResultSet</code> object containing the designated elements in this <code>SerialArray</code> object, with a separate row for each element                 </dd> <dt> <b>Throws:</b>   </dt><dd> <code><a href="../../../../javax/sql/rowset/serial/SerialException.html" title="class in javax.sql.rowset.serial">SerialException</a></code> - if called, which in turn throws an <code>UnsupportedOperationException</code>          </dd>   </dl></dd></dl> <a end_ctx_id="method:getResultSet(long, int, java.util.Map)"/>  </td></tr></table></td></tr></table><table border="0" cellpadding="1" cellspacing="0" width="100%"><tr><td><h3 class="ctxid">method:equals(java.lang.Object) [NONE]</h3></td></tr><tr><td><table border="0" cellpadding="5" cellspacing="1" bgcolor="black" width="100%"><tr valign="top"><td bgcolor="#FFFFFF" colspan="1"> <a start_ctx_id="method:equals(java.lang.Object)"/><a name="equals(java.lang.Object)"/><h3> equals </h3><pre>
public boolean <b>equals</b>(java.lang.Object anObject)</pre><dl><dd>Compares this SerialArray to the specified object. The result is <code>true</code> if and only if the argument is not <code>null</code> and is a <code>SerialArray</code> object whose elements are identical to this object's elements<p/>                                </dd><dd><dl> <dt> <b>Overrides:</b>   </dt><dd> <code>equals</code> in class <code>java.lang.Object</code>    </dd> </dl></dd><dd><dl> <dt> <b>Parameters:</b>   </dt><dd> <code>anObject</code> - The object to compare this <code>SerialArray</code> against         </dd> <dt> <b>Returns:</b>   </dt><dd> <code>true</code> if the given object represents a <code>SerialArray</code> equivalent to this SerialArray, <code>false</code> otherwise              </dd>  </dl></dd></dl> <a end_ctx_id="method:equals(java.lang.Object)"/>  </td></tr></table></td></tr></table><table border="0" cellpadding="1" cellspacing="0" width="100%"><tr><td><h3 class="ctxid">method:hashCode() [NONE]</h3></td></tr><tr><td><table border="0" cellpadding="5" cellspacing="1" bgcolor="black" width="100%"><tr valign="top"><td bgcolor="#FFFFFF" colspan="1"> <a start_ctx_id="method:hashCode()"/><a name="hashCode()"/><h3> hashCode </h3><pre>
public int <b>hashCode</b>()</pre><dl><dd>Returns a hash code for this SerialArray. The hash code for a <code>SerialArray</code> object is computed using the hash codes of the elements of the <code>SerialArray</code> object<p/>                          </dd><dd><dl> <dt> <b>Overrides:</b>   </dt><dd> <code>hashCode</code> in class <code>java.lang.Object</code>    </dd> </dl></dd><dd><dl> <dt> <b>Returns:</b>   </dt><dd>a hash code value for this object.      </dd> </dl></dd></dl> <a end_ctx_id="method:hashCode()"/>  </td></tr></table></td></tr></table></diff></diffreport>