<?xml version="1.0" encoding="UTF-8"?><diffreport><diff><table border="0" cellpadding="1" cellspacing="0" width="100%"><tr><td><h3 class="ctxid">class:SerialDatalink [NONE]</h3></td></tr><tr><td><table border="0" cellpadding="5" cellspacing="1" bgcolor="black" width="100%"><tr valign="top"><td bgcolor="#FFFFFF" colspan="1"> <a start_ctx_id="class:SerialDatalink"/><dl> <dt><pre>public class <b>SerialDatalink</b></pre>  </dt> <dt>extends java.lang.Object </dt> <dt>implements java.io.Serializable, java.lang.Cloneable  </dt>   </dl><p> A serialized mapping in the Java programming language of an SQL <code>DATALINK</code> value. A <code>DATALINK</code> value references a file outside of the underlying data source that the data source manages.                              </p><p> <code>RowSet</code> implementations can use the method <code>RowSet.getURL</code> to retrieve a <code>java.net.URL</code> object, which can be used to manipulate the external data.<pre>
      java.net.URL url = rowset.getURL(1);
 </pre>                     </p><p/><p><dl> <dt> <b>See Also: </b>   </dt><dd> <a href="../../../../serialized-form.html#javax.sql.rowset.serial.SerialDatalink">Serialized Form </a> </dd> </dl> <a end_ctx_id="class:SerialDatalink"/> </p> </td></tr></table></td></tr></table><table border="0" cellpadding="1" cellspacing="0" width="100%"><tr><td><h3 class="ctxid">constructor:SerialDatalink(java.net.URL) [NONE]</h3></td></tr><tr><td><table border="0" cellpadding="5" cellspacing="1" bgcolor="black" width="100%"><tr valign="top"><td bgcolor="#FFFFFF" colspan="1"> <a start_ctx_id="constructor:SerialDatalink(java.net.URL)"/><a name="SerialDatalink(java.net.URL)"/><h3> SerialDatalink </h3><pre>
public <b>SerialDatalink</b>(java.net.URL url)
               throws <a href="../../../../javax/sql/rowset/serial/SerialException.html" title="class in javax.sql.rowset.serial">SerialException</a></pre><dl><dd>Constructs a new <code>SerialDatalink</code> object from the given <code>java.net.URL</code> object.<p/><p><dl> <dt> <b>Throws:</b>   </dt><dd> <code><a href="../../../../javax/sql/rowset/serial/SerialException.html" title="class in javax.sql.rowset.serial">SerialException</a></code> - if url parameter is a null        </dd> </dl></p>         </dd></dl> <a end_ctx_id="constructor:SerialDatalink(java.net.URL)"/>  </td></tr></table></td></tr></table><table border="0" cellpadding="1" cellspacing="0" width="100%"><tr><td><h3 class="ctxid">method:getDatalink() [NONE]</h3></td></tr><tr><td><table border="0" cellpadding="5" cellspacing="1" bgcolor="black" width="100%"><tr valign="top"><td bgcolor="#FFFFFF" colspan="1"> <a start_ctx_id="method:getDatalink()"/><a name="getDatalink()"/><h3> getDatalink </h3><pre>
public java.net.URL <b>getDatalink</b>()
                         throws <a href="../../../../javax/sql/rowset/serial/SerialException.html" title="class in javax.sql.rowset.serial">SerialException</a></pre><dl><dd>Returns a new URL that is a copy of this <code>SerialDatalink</code> object.<p/>           </dd><dd><dl/></dd><dd><dl> <dt> <b>Returns:</b>   </dt><dd>a copy of this <code>SerialDatalink</code> object as a <code>URL</code> object in the Java programming language.              </dd> <dt> <b>Throws:</b>   </dt><dd> <code><a href="../../../../javax/sql/rowset/serial/SerialException.html" title="class in javax.sql.rowset.serial">SerialException</a></code> - if the <code>URL</code> object cannot be de-serialized         </dd>  </dl></dd></dl> <a end_ctx_id="method:getDatalink()"/>  </td></tr></table></td></tr></table><table border="0" cellpadding="1" cellspacing="0" width="100%"><tr><td><h3 class="ctxid">method:equals(java.lang.Object) [NONE]</h3></td></tr><tr><td><table border="0" cellpadding="5" cellspacing="1" bgcolor="black" width="100%"><tr valign="top"><td bgcolor="#FFFFFF" colspan="1"> <a start_ctx_id="method:equals(java.lang.Object)"/><a name="equals(java.lang.Object)"/><h3> equals </h3><pre>
public boolean <b>equals</b>(java.lang.Object anObject)</pre><dl><dd>Compares this SerialDatalink to the specified object. The result is <code>true</code> if and only if the argument is not <code>null</code> and is a <code>SerialDatalink</code> object whose URL is identical to this object's URL<p/>                                </dd><dd><dl> <dt> <b>Overrides:</b>   </dt><dd> <code>equals</code> in class <code>java.lang.Object</code>    </dd> </dl></dd><dd><dl> <dt> <b>Parameters:</b>   </dt><dd> <code>anObject</code> - The object to compare this <code>SerialDatalink</code> against         </dd> <dt> <b>Returns:</b>   </dt><dd> <code>true</code> if the given object represents a <code>SerialDatalink</code> equivalent to this SerialDatalink, <code>false</code> otherwise              </dd>  </dl></dd></dl> <a end_ctx_id="method:equals(java.lang.Object)"/>  </td></tr></table></td></tr></table><table border="0" cellpadding="1" cellspacing="0" width="100%"><tr><td><h3 class="ctxid">method:hashCode() [NONE]</h3></td></tr><tr><td><table border="0" cellpadding="5" cellspacing="1" bgcolor="black" width="100%"><tr valign="top"><td bgcolor="#FFFFFF" colspan="1"> <a start_ctx_id="method:hashCode()"/><a name="hashCode()"/><h3> hashCode </h3><pre>
public int <b>hashCode</b>()</pre><dl><dd>Returns a hash code for this SerialDatalink. The hash code for a <code>SerialDatalink</code> object is taken as the hash code of the <code>URL</code> it stores<p/>                        </dd><dd><dl> <dt> <b>Overrides:</b>   </dt><dd> <code>hashCode</code> in class <code>java.lang.Object</code>    </dd> </dl></dd><dd><dl> <dt> <b>Returns:</b>   </dt><dd>a hash code value for this object.      </dd> </dl></dd></dl> <a end_ctx_id="method:hashCode()"/>  </td></tr></table></td></tr></table></diff></diffreport>