<?xml version="1.0" encoding="UTF-8"?><diffreport><diff><table border="0" cellpadding="1" cellspacing="0" width="100%"><tr><td><h3 class="ctxid">class:SerialClob [NONE]</h3></td></tr><tr><td><table border="0" cellpadding="5" cellspacing="1" bgcolor="black" width="100%"><tr valign="top"><td bgcolor="#FFFFFF" colspan="1"> <a start_ctx_id="class:SerialClob"/><dl> <dt><pre>public class <b>SerialClob</b></pre>  </dt> <dt>extends java.lang.Object </dt> <dt>implements <a href="../../../../java/sql/Clob.html" title="interface in java.sql">Clob</a>, java.io.Serializable, java.lang.Cloneable   </dt>   </dl><p> A serialized mapping in the Java programming language of an SQL <code>CLOB</code> value.             </p><p> The <code>SerialClob</code> class provides a constructor for creating an instance from a <code>Clob</code> object. Note that the <code>Clob</code> object should have brought the SQL <code>CLOB</code> value's data over to the client before a <code>SerialClob</code> object is constructed from it. The data of an SQL <code>CLOB</code> value can be materialized on the client as a stream of Unicode characters.                                                          </p><p> <code>SerialClob</code> methods make it possible to get a substring from a <code>SerialClob</code> object or to locate the start of a pattern of characters.                       </p><p/><p><dl> <dt> <b>See Also: </b>   </dt><dd> <a href="../../../../serialized-form.html#javax.sql.rowset.serial.SerialClob">Serialized Form </a> </dd> </dl> <a end_ctx_id="class:SerialClob"/> </p> </td></tr></table></td></tr></table><table border="0" cellpadding="1" cellspacing="0" width="100%"><tr><td><h3 class="ctxid">constructor:SerialClob(char[]) [NONE]</h3></td></tr><tr><td><table border="0" cellpadding="5" cellspacing="1" bgcolor="black" width="100%"><tr valign="top"><td bgcolor="#FFFFFF" colspan="1"> <a start_ctx_id="constructor:SerialClob(char[])"/><a name="SerialClob(char[])"/><h3> SerialClob </h3><pre>
public <b>SerialClob</b>(char[] ch)
           throws <a href="../../../../javax/sql/rowset/serial/SerialException.html" title="class in javax.sql.rowset.serial">SerialException</a>,
                  <a href="../../../../java/sql/SQLException.html" title="class in java.sql">SQLException</a></pre><dl><dd>Constructs a <code>SerialClob</code> object that is a serialized version of the given <code>char</code> array.<p> The new <code>SerialClob</code> object is initialized with the data from the <code>char</code> array, thus allowing disconnected <code>RowSet</code> objects to establish a serialized <code>Clob</code> object without touching the data source.                             </p><p><dl> <dt> <b>Parameters:</b>   </dt><dd> <code>ch</code> - the char array representing the <code>Clob</code> object to be serialized            </dd> <dt> <b>Throws:</b>   </dt><dd> <code><a href="../../../../javax/sql/rowset/serial/SerialException.html" title="class in javax.sql.rowset.serial">SerialException</a></code> - if an error occurs during serialization        </dd><dd> <code><a href="../../../../java/sql/SQLException.html" title="class in java.sql">SQLException</a></code> - if a SQL error occurs       </dd>  </dl></p>             </dd></dl> <a end_ctx_id="constructor:SerialClob(char[])"/>  </td></tr></table></td></tr></table><table border="0" cellpadding="1" cellspacing="0" width="100%"><tr><td><h3 class="ctxid">constructor:SerialClob(java.sql.Clob) [NONE]</h3></td></tr><tr><td><table border="0" cellpadding="5" cellspacing="1" bgcolor="black" width="100%"><tr valign="top"><td bgcolor="#FFFFFF" colspan="1"> <a start_ctx_id="constructor:SerialClob(java.sql.Clob)"/><a name="SerialClob(java.sql.Clob)"/><h3> SerialClob </h3><pre>
public <b>SerialClob</b>(<a href="../../../../java/sql/Clob.html" title="interface in java.sql">Clob</a> clob)
           throws <a href="../../../../javax/sql/rowset/serial/SerialException.html" title="class in javax.sql.rowset.serial">SerialException</a>,
                  <a href="../../../../java/sql/SQLException.html" title="class in java.sql">SQLException</a></pre><dl><dd>Constructs a <code>SerialClob</code> object that is a serialized version of the given <code>Clob</code> object.<p> The new <code>SerialClob</code> object is initialized with the data from the <code>Clob</code> object; therefore, the <code>Clob</code> object should have previously brought the SQL <code>CLOB</code> value's data over to the client from the database. Otherwise, the new <code>SerialClob</code> object object will contain no data.                                           </p><p> Note: The <code>Clob</code> object supplied to this constructor cannot return <code>null</code> for the <code>Clob.getCharacterStream()</code> and <code>Clob.getAsciiStream</code> methods. This <code>SerialClob</code> constructor cannot serialize a <code>Clob</code> object in this instance and will throw an <code>SQLException</code> object.                                  </p><p><dl> <dt> <b>Parameters:</b>   </dt><dd> <code>clob</code> - the <code>Clob</code> object from which this <code>SerialClob</code> object is to be constructed; cannot be null                 </dd> <dt> <b>Throws:</b>   </dt><dd> <code><a href="../../../../javax/sql/rowset/serial/SerialException.html" title="class in javax.sql.rowset.serial">SerialException</a></code> - if an error occurs during serialization        </dd><dd> <code><a href="../../../../java/sql/SQLException.html" title="class in java.sql">SQLException</a></code> - if a SQL error occurs in capturing the CLOB; if the <code>Clob</code> object is a null; or if both the <code>Clob.getCharacterStream()</code> and <code>Clob.getAsciiStream()</code> methods on the <code>Clob</code> return a null                                </dd> <dt> <b>See Also: </b>   </dt><dd> <a href="../../../../java/sql/Clob.html" title="interface in java.sql"><code>Clob</code></a> </dd>   </dl></p>             </dd></dl> <a end_ctx_id="constructor:SerialClob(java.sql.Clob)"/>  </td></tr></table></td></tr></table><table border="0" cellpadding="1" cellspacing="0" width="100%"><tr><td><h3 class="ctxid">method:length() [NONE]</h3></td></tr><tr><td><table border="0" cellpadding="5" cellspacing="1" bgcolor="black" width="100%"><tr valign="top"><td bgcolor="#FFFFFF" colspan="1"> <a start_ctx_id="method:length()"/><a name="length()"/><h3> length </h3><pre>
public long <b>length</b>()
            throws <a href="../../../../javax/sql/rowset/serial/SerialException.html" title="class in javax.sql.rowset.serial">SerialException</a></pre><dl><dd>Retrieves the number of characters in this <code>SerialClob</code> object's array of characters.<p/>           </dd><dd><dl> <dt> <b>Specified by: </b>   </dt><dd> <code><a href="../../../../java/sql/Clob.html#length()">length</a></code> in interface <code><a href="../../../../java/sql/Clob.html" title="interface in java.sql">Clob</a></code>    </dd> </dl></dd><dd><dl> <dt> <b>Returns:</b>   </dt><dd>a <code>long</code> indicating the length in characters of this <code>SerialClob</code> object's array of character             </dd> <dt> <b>Throws:</b>   </dt><dd> <code><a href="../../../../javax/sql/rowset/serial/SerialException.html" title="class in javax.sql.rowset.serial">SerialException</a></code> - if an error occurs      </dd>  </dl></dd></dl> <a end_ctx_id="method:length()"/>  </td></tr></table></td></tr></table><table border="0" cellpadding="1" cellspacing="0" width="100%"><tr><td><h3 class="ctxid">method:getCharacterStream() [NONE]</h3></td></tr><tr><td><table border="0" cellpadding="5" cellspacing="1" bgcolor="black" width="100%"><tr valign="top"><td bgcolor="#FFFFFF" colspan="1"> <a start_ctx_id="method:getCharacterStream()"/><a name="getCharacterStream()"/><h3> getCharacterStream </h3><pre>
public java.io.Reader <b>getCharacterStream</b>()
                                  throws <a href="../../../../javax/sql/rowset/serial/SerialException.html" title="class in javax.sql.rowset.serial">SerialException</a></pre><dl><dd>Returns this <code>SerialClob</code> object's data as a stream of Unicode characters. Unlike the related method, <code>getAsciiStream</code>, a stream is produced regardless of whether the <code>SerialClob</code> object was created with a <code>Clob</code> object or a <code>char</code> array.<p/>                                   </dd><dd><dl> <dt> <b>Specified by: </b>   </dt><dd> <code><a href="../../../../java/sql/Clob.html#getCharacterStream()">getCharacterStream</a></code> in interface <code><a href="../../../../java/sql/Clob.html" title="interface in java.sql">Clob</a></code>    </dd> </dl></dd><dd><dl> <dt> <b>Returns:</b>   </dt><dd>a <code>java.io.Reader</code> object containing this <code>SerialClob</code> object's data       </dd> <dt> <b>Throws:</b>   </dt><dd> <code><a href="../../../../javax/sql/rowset/serial/SerialException.html" title="class in javax.sql.rowset.serial">SerialException</a></code> - if an error occurs      </dd> <dt> <b>See Also: </b>   </dt><dd> <a href="../../../../java/sql/Clob.html#setCharacterStream(long)"><code>Clob.setCharacterStream(long)</code></a> </dd>   </dl></dd></dl> <a end_ctx_id="method:getCharacterStream()"/>  </td></tr></table></td></tr></table><table border="0" cellpadding="1" cellspacing="0" width="100%"><tr><td><h3 class="ctxid">method:getAsciiStream() [NONE]</h3></td></tr><tr><td><table border="0" cellpadding="5" cellspacing="1" bgcolor="black" width="100%"><tr valign="top"><td bgcolor="#FFFFFF" colspan="1"> <a start_ctx_id="method:getAsciiStream()"/><a name="getAsciiStream()"/><h3> getAsciiStream </h3><pre>
public java.io.InputStream <b>getAsciiStream</b>()
                                   throws <a href="../../../../javax/sql/rowset/serial/SerialException.html" title="class in javax.sql.rowset.serial">SerialException</a>,
                                          <a href="../../../../java/sql/SQLException.html" title="class in java.sql">SQLException</a></pre><dl><dd>Retrieves the <code>CLOB</code> value designated by this <code>SerialClob</code> object as an ascii stream. This method forwards the <code>getAsciiStream</code> call to the underlying <code>Clob</code> object in the event that this <code>SerialClob</code> object is instantiated with a <code>Clob</code> object. If this <code>SerialClob</code> object is instantiated with a <code>char</code> array, a <code>SerialException</code> object is thrown.<p/>                                                   </dd><dd><dl> <dt> <b>Specified by: </b>   </dt><dd> <code><a href="../../../../java/sql/Clob.html#getAsciiStream()">getAsciiStream</a></code> in interface <code><a href="../../../../java/sql/Clob.html" title="interface in java.sql">Clob</a></code>    </dd> </dl></dd><dd><dl> <dt> <b>Returns:</b>   </dt><dd>a <code>java.io.InputStream</code> object containing this <code>SerialClob</code> object's data       </dd> <dt> <b>Throws:</b>   </dt><dd> <code><a href="../../../../javax/sql/rowset/serial/SerialException.html" title="class in javax.sql.rowset.serial">SerialException</a></code> - if this <code>SerialClob</code> object was not instantiated with a <code>Clob</code> object             </dd><dd> <code><a href="../../../../java/sql/SQLException.html" title="class in java.sql">SQLException</a></code> - if there is an error accessing the <code>CLOB</code> value represented by the <code>Clob</code> object that was used to create this <code>SerialClob</code> object                        </dd> <dt> <b>See Also: </b>   </dt><dd> <a href="../../../../java/sql/Clob.html#setAsciiStream(long)"><code>Clob.setAsciiStream(long)</code></a> </dd>   </dl></dd></dl> <a end_ctx_id="method:getAsciiStream()"/>  </td></tr></table></td></tr></table><table border="0" cellpadding="1" cellspacing="0" width="100%"><tr><td><h3 class="ctxid">method:getSubString(long, int) [NONE]</h3></td></tr><tr><td><table border="0" cellpadding="5" cellspacing="1" bgcolor="black" width="100%"><tr valign="top"><td bgcolor="#FFFFFF" colspan="1"> <a start_ctx_id="method:getSubString(long, int)"/><a name="getSubString(long, int)"/><h3> getSubString </h3><pre>
public java.lang.String <b>getSubString</b>(long pos,
                                     int length)
                              throws <a href="../../../../javax/sql/rowset/serial/SerialException.html" title="class in javax.sql.rowset.serial">SerialException</a></pre><dl><dd>Returns a copy of the substring contained in this <code>SerialClob</code> object, starting at the given position and continuing for the specified number or characters.<p/>                       </dd><dd><dl> <dt> <b>Specified by: </b>   </dt><dd> <code><a href="../../../../java/sql/Clob.html#getSubString(long, int)">getSubString</a></code> in interface <code><a href="../../../../java/sql/Clob.html" title="interface in java.sql">Clob</a></code>    </dd> </dl></dd><dd><dl> <dt> <b>Parameters:</b>   </dt><dd> <code>pos</code> - the position of the first character in the substring to be copied; the first character of the <code>SerialClob</code> object is at position <code>1</code>; must not be less than <code>1</code>, and the sum of the starting position and the length of the substring must be less than the length of this <code>SerialClob</code> object                                                      </dd><dd> <code>length</code> - the number of characters in the substring to be returned; must not be greater than the length of this <code>SerialClob</code> object, and the sum of the starting position and the length of the substring must be less than the length of this <code>SerialClob</code> object                                              </dd> <dt> <b>Returns:</b>   </dt><dd>a <code>String</code> object containing a substring of this <code>SerialClob</code> object beginning at the given position and containing the specified number of consecutive characters                      </dd> <dt> <b>Throws:</b>   </dt><dd> <code><a href="../../../../javax/sql/rowset/serial/SerialException.html" title="class in javax.sql.rowset.serial">SerialException</a></code> - if either of the arguments is out of bounds           </dd>   </dl></dd></dl> <a end_ctx_id="method:getSubString(long, int)"/>  </td></tr></table></td></tr></table><table border="0" cellpadding="1" cellspacing="0" width="100%"><tr><td><h3 class="ctxid">method:position(java.lang.String, long) [NONE]</h3></td></tr><tr><td><table border="0" cellpadding="5" cellspacing="1" bgcolor="black" width="100%"><tr valign="top"><td bgcolor="#FFFFFF" colspan="1"> <a start_ctx_id="method:position(java.lang.String, long)"/><a name="position(java.lang.String, long)"/><h3> position </h3><pre>
public long <b>position</b>(java.lang.String searchStr,
                     long start)
              throws <a href="../../../../javax/sql/rowset/serial/SerialException.html" title="class in javax.sql.rowset.serial">SerialException</a>,
                     <a href="../../../../java/sql/SQLException.html" title="class in java.sql">SQLException</a></pre><dl><dd>Returns the position in this <code>SerialClob</code> object where the given <code>String</code> object begins, starting the search at the specified position. This method returns <code>-1</code> if the pattern is not found.<p/>                             </dd><dd><dl> <dt> <b>Specified by: </b>   </dt><dd> <code><a href="../../../../java/sql/Clob.html#position(java.lang.String, long)">position</a></code> in interface <code><a href="../../../../java/sql/Clob.html" title="interface in java.sql">Clob</a></code>    </dd> </dl></dd><dd><dl> <dt> <b>Parameters:</b>   </dt><dd> <code>searchStr</code> - the <code>String</code> object for which to search         </dd><dd> <code>start</code> - the position in this <code>SerialClob</code> object at which to start the search; the first position is <code>1</code>; must not be less than <code>1</code> nor greater than the length of this <code>SerialClob</code> object                                  </dd> <dt> <b>Returns:</b>   </dt><dd>the position at which the given <code>String</code> object begins, starting the search at the specified position; <code>-1</code> if the given <code>String</code> object is not found or the starting position is out of bounds; position numbering for the return value starts at <code>1</code>                                         </dd> <dt> <b>Throws:</b>   </dt><dd> <code><a href="../../../../javax/sql/rowset/serial/SerialException.html" title="class in javax.sql.rowset.serial">SerialException</a></code> - if an error occurs locating the String signature          </dd><dd> <code><a href="../../../../java/sql/SQLException.html" title="class in java.sql">SQLException</a></code> - if there is an error accessing the Blob value from the database.              </dd>   </dl></dd></dl> <a end_ctx_id="method:position(java.lang.String, long)"/>  </td></tr></table></td></tr></table><table border="0" cellpadding="1" cellspacing="0" width="100%"><tr><td><h3 class="ctxid">method:position(java.sql.Clob, long) [NONE]</h3></td></tr><tr><td><table border="0" cellpadding="5" cellspacing="1" bgcolor="black" width="100%"><tr valign="top"><td bgcolor="#FFFFFF" colspan="1"> <a start_ctx_id="method:position(java.sql.Clob, long)"/><a name="position(java.sql.Clob, long)"/><h3> position </h3><pre>
public long <b>position</b>(<a href="../../../../java/sql/Clob.html" title="interface in java.sql">Clob</a> searchStr,
                     long start)
              throws <a href="../../../../javax/sql/rowset/serial/SerialException.html" title="class in javax.sql.rowset.serial">SerialException</a>,
                     <a href="../../../../java/sql/SQLException.html" title="class in java.sql">SQLException</a></pre><dl><dd>Returns the position in this <code>SerialClob</code> object where the given <code>Clob</code> signature begins, starting the search at the specified position. This method returns <code>-1</code> if the pattern is not found.<p/>                             </dd><dd><dl> <dt> <b>Specified by: </b>   </dt><dd> <code><a href="../../../../java/sql/Clob.html#position(java.sql.Clob, long)">position</a></code> in interface <code><a href="../../../../java/sql/Clob.html" title="interface in java.sql">Clob</a></code>    </dd> </dl></dd><dd><dl> <dt> <b>Parameters:</b>   </dt><dd> <code>searchStr</code> - the <code>Clob</code> object for which to search         </dd><dd> <code>start</code> - the position in this <code>SerialClob</code> object at which to begin the search; the first position is <code>1</code>; must not be less than <code>1</code> nor greater than the length of this <code>SerialClob</code> object                                  </dd> <dt> <b>Returns:</b>   </dt><dd>the position at which the given <code>Clob</code> object begins in this <code>SerialClob</code> object, at or after the specified starting position                   </dd> <dt> <b>Throws:</b>   </dt><dd> <code><a href="../../../../javax/sql/rowset/serial/SerialException.html" title="class in javax.sql.rowset.serial">SerialException</a></code> - if an error occurs locating the Clob signature          </dd><dd> <code><a href="../../../../java/sql/SQLException.html" title="class in java.sql">SQLException</a></code> - if there is an error accessing the Blob value from the database              </dd>   </dl></dd></dl> <a end_ctx_id="method:position(java.sql.Clob, long)"/>  </td></tr></table></td></tr></table><table border="0" cellpadding="1" cellspacing="0" width="100%"><tr><td><h3 class="ctxid">method:setString(long, java.lang.String) [NONE]</h3></td></tr><tr><td><table border="0" cellpadding="5" cellspacing="1" bgcolor="black" width="100%"><tr valign="top"><td bgcolor="#FFFFFF" colspan="1"> <a start_ctx_id="method:setString(long, java.lang.String)"/><a name="setString(long, java.lang.String)"/><h3> setString </h3><pre>
public int <b>setString</b>(long pos,
                     java.lang.String str)
              throws <a href="../../../../javax/sql/rowset/serial/SerialException.html" title="class in javax.sql.rowset.serial">SerialException</a></pre><dl><dd>Writes the given Java <code>String</code> to the <code>CLOB</code> value that this <code>SerialClob</code> object represents, at the position <code>pos</code>.<p/>                 </dd><dd><dl> <dt> <b>Specified by: </b>   </dt><dd> <code><a href="../../../../java/sql/Clob.html#setString(long, java.lang.String)">setString</a></code> in interface <code><a href="../../../../java/sql/Clob.html" title="interface in java.sql">Clob</a></code>    </dd> </dl></dd><dd><dl> <dt> <b>Parameters:</b>   </dt><dd> <code>pos</code> - the position at which to start writing to the <code>CLOB</code> value that this <code>SerialClob</code> object represents; the first position is <code>1</code>; must not be less than <code>1</code> nor greater than the length of this <code>SerialClob</code> object                                      </dd><dd> <code>str</code> - the string to be written to the <code>CLOB</code> value that this <code>SerialClob</code> object represents                </dd> <dt> <b>Returns:</b>   </dt><dd>the number of characters written    </dd> <dt> <b>Throws:</b>   </dt><dd> <code><a href="../../../../javax/sql/rowset/serial/SerialException.html" title="class in javax.sql.rowset.serial">SerialException</a></code> - if there is an error accessing the <code>CLOB</code> value; if an invalid position is set; if an invalid offset value is set; if number of bytes to be written is greater than the <code>SerialClob</code> length; or the combined values of the length and offset is greater than the Clob buffer                                                    </dd>   </dl></dd></dl> <a end_ctx_id="method:setString(long, java.lang.String)"/>  </td></tr></table></td></tr></table><table border="0" cellpadding="1" cellspacing="0" width="100%"><tr><td><h3 class="ctxid">method:setString(long, java.lang.String, int, int) [NONE]</h3></td></tr><tr><td><table border="0" cellpadding="5" cellspacing="1" bgcolor="black" width="100%"><tr valign="top"><td bgcolor="#FFFFFF" colspan="1"> <a start_ctx_id="method:setString(long, java.lang.String, int, int)"/><a name="setString(long, java.lang.String, int, int)"/><h3> setString </h3><pre>
public int <b>setString</b>(long pos,
                     java.lang.String str,
                     int offset,
                     int length)
              throws <a href="../../../../javax/sql/rowset/serial/SerialException.html" title="class in javax.sql.rowset.serial">SerialException</a></pre><dl><dd>Writes <code>len</code> characters of <code>str</code>, starting at character <code>offset</code>, to the <code>CLOB</code> value that this <code>Clob</code> represents.<p/>                </dd><dd><dl> <dt> <b>Specified by: </b>   </dt><dd> <code><a href="../../../../java/sql/Clob.html#setString(long, java.lang.String, int, int)">setString</a></code> in interface <code><a href="../../../../java/sql/Clob.html" title="interface in java.sql">Clob</a></code>    </dd> </dl></dd><dd><dl> <dt> <b>Parameters:</b>   </dt><dd> <code>pos</code> - the position at which to start writing to the <code>CLOB</code> value that this <code>SerialClob</code> object represents; the first position is <code>1</code>; must not be less than <code>1</code> nor greater than the length of this <code>SerialClob</code> object                                      </dd><dd> <code>str</code> - the string to be written to the <code>CLOB</code> value that this <code>Clob</code> object represents                </dd><dd> <code>offset</code> - the offset into <code>str</code> to start reading the characters to be written              </dd><dd> <code>length</code> - the number of characters to be written         </dd> <dt> <b>Returns:</b>   </dt><dd>the number of characters written    </dd> <dt> <b>Throws:</b>   </dt><dd> <code><a href="../../../../javax/sql/rowset/serial/SerialException.html" title="class in javax.sql.rowset.serial">SerialException</a></code> - if there is an error accessing the <code>CLOB</code> value; if an invalid position is set; if an invalid offset value is set; if number of bytes to be written is greater than the <code>SerialClob</code> length; or the combined values of the length and offset is greater than the Clob buffer                                                    </dd>   </dl></dd></dl> <a end_ctx_id="method:setString(long, java.lang.String, int, int)"/>  </td></tr></table></td></tr></table><table border="0" cellpadding="1" cellspacing="0" width="100%"><tr><td><h3 class="ctxid">method:setAsciiStream(long) [NONE]</h3></td></tr><tr><td><table border="0" cellpadding="5" cellspacing="1" bgcolor="black" width="100%"><tr valign="top"><td bgcolor="#FFFFFF" colspan="1"> <a start_ctx_id="method:setAsciiStream(long)"/><a name="setAsciiStream(long)"/><h3> setAsciiStream </h3><pre>
public java.io.OutputStream <b>setAsciiStream</b>(long pos)
                                    throws <a href="../../../../javax/sql/rowset/serial/SerialException.html" title="class in javax.sql.rowset.serial">SerialException</a>,
                                           <a href="../../../../java/sql/SQLException.html" title="class in java.sql">SQLException</a></pre><dl><dd>Retrieves a stream to be used to write Ascii characters to the <code>CLOB</code> value that this <code>SerialClob</code> object represents, starting at position <code>pos</code>. This method forwards the <code>setAsciiStream()</code> call to the underlying <code>Clob</code> object in the event that this <code>SerialClob</code> object is instantiated with a <code>Clob</code> object. If this <code>SerialClob</code> object is instantiated with a <code>char</code> array, a <code>SerialException</code> object is thrown.<p/>                                                             </dd><dd><dl> <dt> <b>Specified by: </b>   </dt><dd> <code><a href="../../../../java/sql/Clob.html#setAsciiStream(long)">setAsciiStream</a></code> in interface <code><a href="../../../../java/sql/Clob.html" title="interface in java.sql">Clob</a></code>    </dd> </dl></dd><dd><dl> <dt> <b>Parameters:</b>   </dt><dd> <code>pos</code> - the position at which to start writing to the <code>CLOB</code> object             </dd> <dt> <b>Returns:</b>   </dt><dd>the stream to which ASCII encoded characters can be written         </dd> <dt> <b>Throws:</b>   </dt><dd> <code><a href="../../../../javax/sql/rowset/serial/SerialException.html" title="class in javax.sql.rowset.serial">SerialException</a></code> - if SerialClob is not instantiated with a Clob object that supports <code>setAsciiStream</code>              </dd><dd> <code><a href="../../../../java/sql/SQLException.html" title="class in java.sql">SQLException</a></code> - if there is an error accessing the <code>CLOB</code> value           </dd> <dt> <b>See Also: </b>   </dt><dd> <a href="../../../../javax/sql/rowset/serial/SerialClob.html#getAsciiStream()"><code>getAsciiStream()</code></a> </dd>    </dl></dd></dl> <a end_ctx_id="method:setAsciiStream(long)"/>  </td></tr></table></td></tr></table><table border="0" cellpadding="1" cellspacing="0" width="100%"><tr><td><h3 class="ctxid">method:setCharacterStream(long) [NONE]</h3></td></tr><tr><td><table border="0" cellpadding="5" cellspacing="1" bgcolor="black" width="100%"><tr valign="top"><td bgcolor="#FFFFFF" colspan="1"> <a start_ctx_id="method:setCharacterStream(long)"/><a name="setCharacterStream(long)"/><h3> setCharacterStream </h3><pre>
public java.io.Writer <b>setCharacterStream</b>(long pos)
                                  throws <a href="../../../../javax/sql/rowset/serial/SerialException.html" title="class in javax.sql.rowset.serial">SerialException</a>,
                                         <a href="../../../../java/sql/SQLException.html" title="class in java.sql">SQLException</a></pre><dl><dd>Retrieves a stream to be used to write a stream of Unicode characters to the <code>CLOB</code> value that this <code>SerialClob</code> object represents, at position <code>pos</code>. This method forwards the <code>setCharacterStream()</code> call to the underlying <code>Clob</code> object in the event that this <code>SerialClob</code> object is instantiated with a <code>Clob</code> object. If this <code>SerialClob</code> object is instantiated with a <code>char</code> array, a <code>SerialException</code> is thrown.<p/>                                                              </dd><dd><dl> <dt> <b>Specified by: </b>   </dt><dd> <code><a href="../../../../java/sql/Clob.html#setCharacterStream(long)">setCharacterStream</a></code> in interface <code><a href="../../../../java/sql/Clob.html" title="interface in java.sql">Clob</a></code>    </dd> </dl></dd><dd><dl> <dt> <b>Parameters:</b>   </dt><dd> <code>pos</code> - the position at which to start writing to the <code>CLOB</code> value             </dd> <dt> <b>Returns:</b>   </dt><dd>a stream to which Unicode encoded characters can be written         </dd> <dt> <b>Throws:</b>   </dt><dd> <code><a href="../../../../javax/sql/rowset/serial/SerialException.html" title="class in javax.sql.rowset.serial">SerialException</a></code> - if the SerialClob is not instantiated with a Clob object that supports <code>setCharacterStream</code>               </dd><dd> <code><a href="../../../../java/sql/SQLException.html" title="class in java.sql">SQLException</a></code> - if there is an error accessing the <code>CLOB</code> value           </dd> <dt> <b>See Also: </b>   </dt><dd> <a href="../../../../javax/sql/rowset/serial/SerialClob.html#getCharacterStream()"><code>getCharacterStream()</code></a> </dd>    </dl></dd></dl> <a end_ctx_id="method:setCharacterStream(long)"/>  </td></tr></table></td></tr></table><table border="0" cellpadding="1" cellspacing="0" width="100%"><tr><td><h3 class="ctxid">method:truncate(long) [NONE]</h3></td></tr><tr><td><table border="0" cellpadding="5" cellspacing="1" bgcolor="black" width="100%"><tr valign="top"><td bgcolor="#FFFFFF" colspan="1"> <a start_ctx_id="method:truncate(long)"/><a name="truncate(long)"/><h3> truncate </h3><pre>
public void <b>truncate</b>(long length)
              throws <a href="../../../../javax/sql/rowset/serial/SerialException.html" title="class in javax.sql.rowset.serial">SerialException</a></pre><dl><dd>Truncates the <code>CLOB</code> value that this <code>SerialClob</code> object represents so that it has a length of <code>len</code> characters.<p> Truncating a <code>SerialClob</code> object to length 0 has the effect of clearing its contents.              </p><p/>                 </dd><dd><dl> <dt> <b>Specified by: </b>   </dt><dd> <code><a href="../../../../java/sql/Clob.html#truncate(long)">truncate</a></code> in interface <code><a href="../../../../java/sql/Clob.html" title="interface in java.sql">Clob</a></code>    </dd> </dl></dd><dd><dl> <dt> <b>Parameters:</b>   </dt><dd> <code>length</code> - the length, in bytes, to which the <code>CLOB</code> value should be truncated              </dd> <dt> <b>Throws:</b>   </dt><dd> <code><a href="../../../../java/sql/SQLException.html" title="class in java.sql">SQLException</a></code> - if there is an error accessing the <code>CLOB</code> value           </dd><dd> <code><a href="../../../../javax/sql/rowset/serial/SerialException.html" title="class in javax.sql.rowset.serial">SerialException</a></code> </dd>  </dl></dd></dl> <a end_ctx_id="method:truncate(long)"/>  </td></tr></table></td></tr></table><table border="0" cellpadding="1" cellspacing="0" width="100%"><tr><td><h3 class="ctxid">method:getCharacterStream(long, long) [NONE]</h3></td></tr><tr><td><table border="0" cellpadding="5" cellspacing="1" bgcolor="black" width="100%"><tr valign="top"><td bgcolor="#FFFFFF" colspan="1"> <a start_ctx_id="method:getCharacterStream(long, long)"/><a name="getCharacterStream(long, long)"/><h3> getCharacterStream </h3><pre>
public java.io.Reader <b>getCharacterStream</b>(long pos,
                                         long length)
                                  throws <a href="../../../../java/sql/SQLException.html" title="class in java.sql">SQLException</a></pre><dl><dd> <b>Description copied from interface: <code><a href="../../../../java/sql/Clob.html#getCharacterStream(long, long)">Clob</a></code>    </b> </dd><dd>Returns a <code>Reader</code> object that contains a partial <code>Clob</code> value, starting with the character specified by pos, which is length characters in length.<p/>                      </dd><dd><dl> <dt> <b>Specified by: </b>   </dt><dd> <code><a href="../../../../java/sql/Clob.html#getCharacterStream(long, long)">getCharacterStream</a></code> in interface <code><a href="../../../../java/sql/Clob.html" title="interface in java.sql">Clob</a></code>    </dd> </dl></dd><dd><dl> <dt> <b>Parameters:</b>   </dt><dd> <code>pos</code> - the offset to the first character of the partial value to be retrieved. The first character in the Clob is at position 1.                         </dd><dd> <code>length</code> - the length in characters of the partial value to be retrieved.             </dd> <dt> <b>Returns:</b>   </dt><dd> <code>Reader</code> through which the partial <code>Clob</code> value can be read.          </dd> <dt> <b>Throws:</b>   </dt><dd> <code><a href="../../../../java/sql/SQLException.html" title="class in java.sql">SQLException</a></code> - if pos is less than 1 or if pos is greater than the number of characters in the <code>Clob</code> or if pos + length is greater than the number of characters in the <code>Clob</code>                                    </dd><dd> <code><a href="../../../../java/sql/SQLFeatureNotSupportedException.html" title="class in java.sql">SQLFeatureNotSupportedException</a></code> - if the JDBC driver does not support this method           </dd>   </dl></dd></dl> <a end_ctx_id="method:getCharacterStream(long, long)"/>  </td></tr></table></td></tr></table><table border="0" cellpadding="1" cellspacing="0" width="100%"><tr><td><h3 class="ctxid">method:free() [NONE]</h3></td></tr><tr><td><table border="0" cellpadding="5" cellspacing="1" bgcolor="black" width="100%"><tr valign="top"><td bgcolor="#FFFFFF" colspan="1"> <a start_ctx_id="method:free()"/><a name="free()"/><h3> free </h3><pre>
public void <b>free</b>()
          throws <a href="../../../../java/sql/SQLException.html" title="class in java.sql">SQLException</a></pre><dl><dd> <b>Description copied from interface: <code><a href="../../../../java/sql/Clob.html#free()">Clob</a></code>    </b> </dd><dd>This method frees the <code>Clob</code> object and releases the resources the resources that it holds. The object is invalid once the <code>free</code> method is called.<p> After <code>free</code> has been called, any attempt to invoke a method other than <code>free</code> will result in a <code>SQLException</code> being thrown. If <code>free</code> is called multiple times, the subsequent calls to <code>free</code> are treated as a no-op.                                     </p><p/><p/>                        </dd><dd><dl> <dt> <b>Specified by: </b>   </dt><dd> <code><a href="../../../../java/sql/Clob.html#free()">free</a></code> in interface <code><a href="../../../../java/sql/Clob.html" title="interface in java.sql">Clob</a></code>    </dd> </dl></dd><dd><dl> <dt> <b>Throws:</b>   </dt><dd> <code><a href="../../../../java/sql/SQLException.html" title="class in java.sql">SQLException</a></code> - if an error occurs releasing the Clob's resources          </dd><dd> <code><a href="../../../../java/sql/SQLFeatureNotSupportedException.html" title="class in java.sql">SQLFeatureNotSupportedException</a></code> - if the JDBC driver does not support this method           </dd> </dl></dd></dl> <a end_ctx_id="method:free()"/>  </td></tr></table></td></tr></table><table border="0" cellpadding="1" cellspacing="0" width="100%"><tr><td><h3 class="ctxid">method:equals(java.lang.Object) [NONE]</h3></td></tr><tr><td><table border="0" cellpadding="5" cellspacing="1" bgcolor="black" width="100%"><tr valign="top"><td bgcolor="#FFFFFF" colspan="1"> <a start_ctx_id="method:equals(java.lang.Object)"/><a name="equals(java.lang.Object)"/><h3> equals </h3><pre>
public boolean <b>equals</b>(java.lang.Object anObject)</pre><dl><dd>Compares this SerialClob to the specified object. The result is <code>true</code> if and only if the argument is not <code>null</code> and is a <code>SerialClob</code> object that represents the same sequence of characters as this object.<p/>                                  </dd><dd><dl> <dt> <b>Overrides:</b>   </dt><dd> <code>equals</code> in class <code>java.lang.Object</code>    </dd> </dl></dd><dd><dl> <dt> <b>Parameters:</b>   </dt><dd> <code>anObject</code> - The object to compare this <code>SerialClob</code> against         </dd> <dt> <b>Returns:</b>   </dt><dd> <code>true</code> if the given object represents a <code>SerialClob</code> equivalent to this SerialClob, <code>false</code> otherwise              </dd>  </dl></dd></dl> <a end_ctx_id="method:equals(java.lang.Object)"/>  </td></tr></table></td></tr></table><table border="0" cellpadding="1" cellspacing="0" width="100%"><tr><td><h3 class="ctxid">method:hashCode() [NONE]</h3></td></tr><tr><td><table border="0" cellpadding="5" cellspacing="1" bgcolor="black" width="100%"><tr valign="top"><td bgcolor="#FFFFFF" colspan="1"> <a start_ctx_id="method:hashCode()"/><a name="hashCode()"/><h3> hashCode </h3><pre>
public int <b>hashCode</b>()</pre><dl><dd>Returns a hash code for this SerialClob. The hash code for a <code>SerialClob</code> object is computed as<blockquote><pre>
 s[0]*31^(n-1) + s[1]*31^(n-2) + ... + s[n-1]
 </pre></blockquote> using <code>int</code> arithmetic, where <code>s[i]</code> is the <i>i</i>th character of the SerialClob, <code>n</code> is the length of the v, and <code>^</code> indicates exponentiation. (The hash value of the empty SerialClob is zero.)<p/>                                                </dd><dd><dl> <dt> <b>Overrides:</b>   </dt><dd> <code>hashCode</code> in class <code>java.lang.Object</code>    </dd> </dl></dd><dd><dl> <dt> <b>Returns:</b>   </dt><dd>a hash code value for this object.      </dd> </dl></dd></dl> <a end_ctx_id="method:hashCode()"/>  </td></tr></table></td></tr></table></diff></diffreport>