<?xml version="1.0" encoding="UTF-8"?><diffreport><diff><table border="0" cellpadding="1" cellspacing="0" width="100%"><tr><td><h3 class="ctxid">class:SerialException [NONE]</h3></td></tr><tr><td><table border="0" cellpadding="5" cellspacing="1" bgcolor="black" width="100%"><tr valign="top"><td bgcolor="#FFFFFF" colspan="1"> <a start_ctx_id="class:SerialException"/><dl> <dt><pre>public class <b>SerialException</b></pre>  </dt> <dt>extends <a href="../../../../java/sql/SQLException.html" title="class in java.sql">SQLException</a>   </dt>  </dl><p> Indicates and an error with the serialization or de-serialization of SQL types such as <code>BLOB, CLOB, STRUCT or ARRAY    </code> in addition to SQL types such as <code>DATALINK and JAVAOBJECT  </code>                       </p><p/><p><dl> <dt> <b>See Also: </b>   </dt><dd> <a href="../../../../serialized-form.html#javax.sql.rowset.serial.SerialException">Serialized Form </a> </dd> </dl> <a end_ctx_id="class:SerialException"/> </p> </td></tr></table></td></tr></table><table border="0" cellpadding="1" cellspacing="0" width="100%"><tr><td><h3 class="ctxid">constructor:SerialException() [NONE]</h3></td></tr><tr><td><table border="0" cellpadding="5" cellspacing="1" bgcolor="black" width="100%"><tr valign="top"><td bgcolor="#FFFFFF" colspan="1"> <a start_ctx_id="constructor:SerialException()"/><a name="SerialException()"/><h3> SerialException </h3><pre>
public <b>SerialException</b>()</pre><dl><dd>Creates a new <code>SerialException</code> without a message.<p/>      </dd></dl> <a end_ctx_id="constructor:SerialException()"/>  </td></tr></table></td></tr></table><table border="0" cellpadding="1" cellspacing="0" width="100%"><tr><td><h3 class="ctxid">constructor:SerialException(java.lang.String) [NONE]</h3></td></tr><tr><td><table border="0" cellpadding="5" cellspacing="1" bgcolor="black" width="100%"><tr valign="top"><td bgcolor="#FFFFFF" colspan="1"> <a start_ctx_id="constructor:SerialException(java.lang.String)"/><a name="SerialException(java.lang.String)"/><h3> SerialException </h3><pre>
public <b>SerialException</b>(java.lang.String msg)</pre><dl><dd>Creates a new <code>SerialException</code> with the specified message.<p><dl> <dt> <b>Parameters:</b>   </dt><dd> <code>msg</code> - the detail message     </dd> </dl></p>       </dd></dl> <a end_ctx_id="constructor:SerialException(java.lang.String)"/>  </td></tr></table></td></tr></table></diff></diffreport>