<?xml version="1.0" encoding="UTF-8" standalone="yes"?><Document><name>javax/sql/rowset/serial/SerialStruct.spec</name><Context><name>class:SerialStruct</name><mt>NONE</mt></Context><Context><name>constructor:SerialStruct(java.sql.SQLData, java.util.Map)</name><mt>NONE</mt></Context><Context><name>constructor:SerialStruct(java.sql.Struct, java.util.Map)</name><mt>NONE</mt></Context><Context><name>method:equals(java.lang.Object)</name><mt>NONE</mt></Context><Context><name>method:getAttributes()</name><mt>NONE</mt></Context><Context><name>method:getAttributes(java.util.Map)</name><mt>NONE</mt></Context><Context><name>method:getSQLTypeName()</name><mt>NONE</mt></Context><Context><name>method:hashCode()</name><mt>NONE</mt></Context><Stat><name>javax/sql/rowset/serial/SerialStruct.spec</name><mt>NONE</mt><Group name="context"><Item count="0" name="ADDED"/><Item count="0" name="REMOVED"/><Item count="0" name="CHANGED"/><Item count="0" name="MODIFIED"/><Item count="8" name="TOTAL"/></Group><Group name="assertion"><Item count="0" name="ADDED"/><Item count="0" name="REMOVED"/><Item count="0" name="CHANGED"/><Item count="0" name="MODIFIED"/><Item count="0" name="TOTAL"/></Group></Stat></Document>