<?xml version="1.0" encoding="UTF-8" standalone="yes"?><Document><name>javax/sql/rowset/serial/SerialDatalink.spec</name><Context><name>class:SerialDatalink</name><mt>NONE</mt></Context><Context><name>constructor:SerialDatalink(java.net.URL)</name><mt>NONE</mt></Context><Context><name>method:equals(java.lang.Object)</name><mt>NONE</mt></Context><Context><name>method:getDatalink()</name><mt>NONE</mt></Context><Context><name>method:hashCode()</name><mt>NONE</mt></Context><Stat><name>javax/sql/rowset/serial/SerialDatalink.spec</name><mt>NONE</mt><Group name="context"><Item count="0" name="ADDED"/><Item count="0" name="REMOVED"/><Item count="0" name="CHANGED"/><Item count="0" name="MODIFIED"/><Item count="5" name="TOTAL"/></Group><Group name="assertion"><Item count="0" name="ADDED"/><Item count="0" name="REMOVED"/><Item count="0" name="CHANGED"/><Item count="0" name="MODIFIED"/><Item count="0" name="TOTAL"/></Group></Stat></Document>