<?xml version="1.0" encoding="UTF-8" standalone="yes"?><Document><name>javax/sql/rowset/serial/SerialArray.spec</name><Context><name>class:SerialArray</name><mt>NONE</mt></Context><Context><name>constructor:SerialArray(java.sql.Array)</name><mt>NONE</mt></Context><Context><name>constructor:SerialArray(java.sql.Array, java.util.Map)</name><mt>NONE</mt></Context><Context><name>method:equals(java.lang.Object)</name><mt>NONE</mt></Context><Context><name>method:free()</name><mt>NONE</mt></Context><Context><name>method:getArray()</name><mt>NONE</mt></Context><Context><name>method:getArray(java.util.Map)</name><mt>NONE</mt></Context><Context><name>method:getArray(long, int)</name><mt>NONE</mt></Context><Context><name>method:getArray(long, int, java.util.Map)</name><mt>NONE</mt></Context><Context><name>method:getBaseType()</name><mt>NONE</mt></Context><Context><name>method:getBaseTypeName()</name><mt>NONE</mt></Context><Context><name>method:getResultSet()</name><mt>NONE</mt></Context><Context><name>method:getResultSet(java.util.Map)</name><mt>NONE</mt></Context><Context><name>method:getResultSet(long, int)</name><mt>NONE</mt></Context><Context><name>method:getResultSet(long, int, java.util.Map)</name><mt>NONE</mt></Context><Context><name>method:hashCode()</name><mt>NONE</mt></Context><Stat><name>javax/sql/rowset/serial/SerialArray.spec</name><mt>NONE</mt><Group name="context"><Item count="0" name="ADDED"/><Item count="0" name="REMOVED"/><Item count="0" name="CHANGED"/><Item count="0" name="MODIFIED"/><Item count="16" name="TOTAL"/></Group><Group name="assertion"><Item count="0" name="ADDED"/><Item count="0" name="REMOVED"/><Item count="0" name="CHANGED"/><Item count="0" name="MODIFIED"/><Item count="0" name="TOTAL"/></Group></Stat></Document>