<?xml version="1.0" encoding="UTF-8" standalone="yes"?><Document><name>javax/sql/rowset/serial/SerialJavaObject.spec</name><Context><name>class:SerialJavaObject</name><mt>NONE</mt></Context><Context><name>constructor:SerialJavaObject(java.lang.Object)</name><mt>CHANGED</mt></Context><Context><name>method:equals(java.lang.Object)</name><mt>NONE</mt></Context><Context><name>method:getFields()</name><mt>NONE</mt></Context><Context><name>method:getObject()</name><mt>NONE</mt></Context><Context><name>method:hashCode()</name><mt>NONE</mt></Context><Stat><name>javax/sql/rowset/serial/SerialJavaObject.spec</name><mt>CHANGED</mt><Group name="context"><Item count="0" name="ADDED"/><Item count="0" name="REMOVED"/><Item count="1" name="CHANGED"/><Item count="1" name="MODIFIED"/><Item count="6" name="TOTAL"/></Group><Group name="assertion"><Item count="0" name="ADDED"/><Item count="0" name="REMOVED"/><Item count="0" name="CHANGED"/><Item count="0" name="MODIFIED"/><Item count="0" name="TOTAL"/></Group></Stat></Document>