<?xml version="1.0" encoding="UTF-8"?><diffreport><diff><table border="0" cellpadding="1" cellspacing="0" width="100%"><tr><td><h3 class="ctxid">class:SQLInputImpl [NONE]</h3></td></tr><tr><td><table border="0" cellpadding="5" cellspacing="1" bgcolor="black" width="100%"><tr valign="top"><td bgcolor="#FFFFFF" colspan="1"> <a start_ctx_id="class:SQLInputImpl"/><dl> <dt><pre>public class <b>SQLInputImpl</b></pre>  </dt> <dt>extends java.lang.Object </dt> <dt>implements <a href="../../../../java/sql/SQLInput.html" title="interface in java.sql">SQLInput</a>   </dt>   </dl><p> An input stream used for custom mapping user-defined types (UDTs). An <code>SQLInputImpl</code> object is an input stream that contains a stream of values that are the attributes of a UDT.                              </p><p> This class is used by the driver behind the scenes when the method <code>getObject</code> is called on an SQL structured or distinct type that has a custom mapping; a programmer never invokes <code>SQLInputImpl</code> methods directly. They are provided here as a convenience for those who write <code>RowSet</code> implementations.                                                </p><p> The <code>SQLInputImpl</code> class provides a set of reader methods analogous to the <code>ResultSet</code> getter methods. These methods make it possible to read the values in an <code>SQLInputImpl</code> object.                            </p><p> The method <code>wasNull</code> is used to determine whether the the last value read was SQL <code>NULL</code>.                </p><p>When the method <code>getObject</code> is called with an object of a class implementing the interface <code>SQLData</code>, the JDBC driver calls the method <code>SQLData.getSQLType</code> to determine the SQL type of the UDT being custom mapped. The driver creates an instance of <code>SQLInputImpl</code>, populating it with the attributes of the UDT. The driver then passes the input stream to the method <code>SQLData.readSQL</code>, which in turn calls the <code>SQLInputImpl</code> reader methods to read the attributes from the input stream.                                                                           </p><p/><p><dl> <dt> <b>See Also: </b>   </dt><dd> <a href="../../../../java/sql/SQLData.html" title="interface in java.sql"><code>SQLData</code></a> </dd> </dl> <a end_ctx_id="class:SQLInputImpl"/> </p> </td></tr></table></td></tr></table><table border="0" cellpadding="1" cellspacing="0" width="100%"><tr><td><h3 class="ctxid">constructor:SQLInputImpl(java.lang.Object[], java.util.Map) [NONE]</h3></td></tr><tr><td><table border="0" cellpadding="5" cellspacing="1" bgcolor="black" width="100%"><tr valign="top"><td bgcolor="#FFFFFF" colspan="1"> <a start_ctx_id="constructor:SQLInputImpl(java.lang.Object[], java.util.Map)"/><a name="SQLInputImpl(java.lang.Object[], java.util.Map)"/><h3> SQLInputImpl </h3><pre>
public <b>SQLInputImpl</b>(java.lang.Object[] attributes,
                    java.util.Map&lt;java.lang.String,java.lang.Class&lt;?&gt;&gt; map)
             throws <a href="../../../../java/sql/SQLException.html" title="class in java.sql">SQLException</a></pre><dl><dd>Creates an <code>SQLInputImpl</code> object initialized with the given array of attributes and the given type map. If any of the attributes is a UDT whose name is in an entry in the type map, the attribute will be mapped according to the corresponding <code>SQLData</code> implementation.<p><dl> <dt> <b>Parameters:</b>   </dt><dd> <code>attributes</code> - an array of <code>Object</code> instances in which each element is an attribute of a UDT. The order of the attributes in the array is the same order in which the attributes were defined in the UDT definition.                                       </dd><dd> <code>map</code> - a <code>java.util.Map</code> object containing zero or more entries, with each entry consisting of 1) a <code>String</code> giving the fully qualified name of the UDT and 2) the <code>Class</code> object for the <code>SQLData</code> implementation that defines how the UDT is to be mapped                                            </dd> <dt> <b>Throws:</b>   </dt><dd> <code><a href="../../../../java/sql/SQLException.html" title="class in java.sql">SQLException</a></code> - if the <code>attributes</code> or the <code>map</code> is a <code>null</code> value            </dd>  </dl></p>                                            </dd></dl> <a end_ctx_id="constructor:SQLInputImpl(java.lang.Object[], java.util.Map)"/>  </td></tr></table></td></tr></table><table border="0" cellpadding="1" cellspacing="0" width="100%"><tr><td><h3 class="ctxid">method:readString() [NONE]</h3></td></tr><tr><td><table border="0" cellpadding="5" cellspacing="1" bgcolor="black" width="100%"><tr valign="top"><td bgcolor="#FFFFFF" colspan="1"> <a start_ctx_id="method:readString()"/><a name="readString()"/><h3> readString </h3><pre>
public java.lang.String <b>readString</b>()
                            throws <a href="../../../../java/sql/SQLException.html" title="class in java.sql">SQLException</a></pre><dl><dd>Retrieves the next attribute in this <code>SQLInputImpl</code> object as a <code>String</code> in the Java programming language.<p> This method does not perform type-safe checking to determine if the returned type is the expected type; this responsibility is delegated to the UDT mapping as defined by a <code>SQLData</code> implementation.                               </p><p/><p/>               </dd><dd><dl> <dt> <b>Specified by: </b>   </dt><dd> <code><a href="../../../../java/sql/SQLInput.html#readString()">readString</a></code> in interface <code><a href="../../../../java/sql/SQLInput.html" title="interface in java.sql">SQLInput</a></code>    </dd> </dl></dd><dd><dl> <dt> <b>Returns:</b>   </dt><dd>the next attribute in this <code>SQLInputImpl</code> object; if the value is <code>SQL NULL </code>, return <code>null</code>             </dd> <dt> <b>Throws:</b>   </dt><dd> <code><a href="../../../../java/sql/SQLException.html" title="class in java.sql">SQLException</a></code> - if the read position is located at an invalid position or if there are no further values in the stream.                      </dd>  </dl></dd></dl> <a end_ctx_id="method:readString()"/>  </td></tr></table></td></tr></table><table border="0" cellpadding="1" cellspacing="0" width="100%"><tr><td><h3 class="ctxid">method:readBoolean() [NONE]</h3></td></tr><tr><td><table border="0" cellpadding="5" cellspacing="1" bgcolor="black" width="100%"><tr valign="top"><td bgcolor="#FFFFFF" colspan="1"> <a start_ctx_id="method:readBoolean()"/><a name="readBoolean()"/><h3> readBoolean </h3><pre>
public boolean <b>readBoolean</b>()
                    throws <a href="../../../../java/sql/SQLException.html" title="class in java.sql">SQLException</a></pre><dl><dd>Retrieves the next attribute in this <code>SQLInputImpl</code> object as a <code>boolean</code> in the Java programming language.<p> This method does not perform type-safe checking to determine if the returned type is the expected type; this responsibility is delegated to the UDT mapping as defined by a <code>SQLData</code> implementation.                               </p><p/><p/>               </dd><dd><dl> <dt> <b>Specified by: </b>   </dt><dd> <code><a href="../../../../java/sql/SQLInput.html#readBoolean()">readBoolean</a></code> in interface <code><a href="../../../../java/sql/SQLInput.html" title="interface in java.sql">SQLInput</a></code>    </dd> </dl></dd><dd><dl> <dt> <b>Returns:</b>   </dt><dd>the next attribute in this <code>SQLInputImpl</code> object; if the value is <code>SQL NULL </code>, return <code>null</code>             </dd> <dt> <b>Throws:</b>   </dt><dd> <code><a href="../../../../java/sql/SQLException.html" title="class in java.sql">SQLException</a></code> - if the read position is located at an invalid position or if there are no further values in the stream.                      </dd>  </dl></dd></dl> <a end_ctx_id="method:readBoolean()"/>  </td></tr></table></td></tr></table><table border="0" cellpadding="1" cellspacing="0" width="100%"><tr><td><h3 class="ctxid">method:readByte() [NONE]</h3></td></tr><tr><td><table border="0" cellpadding="5" cellspacing="1" bgcolor="black" width="100%"><tr valign="top"><td bgcolor="#FFFFFF" colspan="1"> <a start_ctx_id="method:readByte()"/><a name="readByte()"/><h3> readByte </h3><pre>
public byte <b>readByte</b>()
              throws <a href="../../../../java/sql/SQLException.html" title="class in java.sql">SQLException</a></pre><dl><dd>Retrieves the next attribute in this <code>SQLInputImpl</code> object as a <code>byte</code> in the Java programming language.<p> This method does not perform type-safe checking to determine if the returned type is the expected type; this responsibility is delegated to the UDT mapping as defined by a <code>SQLData</code> implementation.                               </p><p/><p/>               </dd><dd><dl> <dt> <b>Specified by: </b>   </dt><dd> <code><a href="../../../../java/sql/SQLInput.html#readByte()">readByte</a></code> in interface <code><a href="../../../../java/sql/SQLInput.html" title="interface in java.sql">SQLInput</a></code>    </dd> </dl></dd><dd><dl> <dt> <b>Returns:</b>   </dt><dd>the next attribute in this <code>SQLInputImpl</code> object; if the value is <code>SQL NULL </code>, return <code>null</code>             </dd> <dt> <b>Throws:</b>   </dt><dd> <code><a href="../../../../java/sql/SQLException.html" title="class in java.sql">SQLException</a></code> - if the read position is located at an invalid position or if there are no further values in the stream                      </dd>  </dl></dd></dl> <a end_ctx_id="method:readByte()"/>  </td></tr></table></td></tr></table><table border="0" cellpadding="1" cellspacing="0" width="100%"><tr><td><h3 class="ctxid">method:readShort() [NONE]</h3></td></tr><tr><td><table border="0" cellpadding="5" cellspacing="1" bgcolor="black" width="100%"><tr valign="top"><td bgcolor="#FFFFFF" colspan="1"> <a start_ctx_id="method:readShort()"/><a name="readShort()"/><h3> readShort </h3><pre>
public short <b>readShort</b>()
                throws <a href="../../../../java/sql/SQLException.html" title="class in java.sql">SQLException</a></pre><dl><dd>Retrieves the next attribute in this <code>SQLInputImpl</code> object as a <code>short</code> in the Java programming language.<p> This method does not perform type-safe checking to determine if the returned type is the expected type; this responsibility is delegated to the UDT mapping as defined by a <code>SQLData</code> implementation.                               </p><p/><p/>               </dd><dd><dl> <dt> <b>Specified by: </b>   </dt><dd> <code><a href="../../../../java/sql/SQLInput.html#readShort()">readShort</a></code> in interface <code><a href="../../../../java/sql/SQLInput.html" title="interface in java.sql">SQLInput</a></code>    </dd> </dl></dd><dd><dl> <dt> <b>Returns:</b>   </dt><dd>the next attribute in this <code>SQLInputImpl</code> object; if the value is <code>SQL NULL </code>, return <code>null</code>             </dd> <dt> <b>Throws:</b>   </dt><dd> <code><a href="../../../../java/sql/SQLException.html" title="class in java.sql">SQLException</a></code> - if the read position is located at an invalid position or if there are no more values in the stream                      </dd>  </dl></dd></dl> <a end_ctx_id="method:readShort()"/>  </td></tr></table></td></tr></table><table border="0" cellpadding="1" cellspacing="0" width="100%"><tr><td><h3 class="ctxid">method:readInt() [NONE]</h3></td></tr><tr><td><table border="0" cellpadding="5" cellspacing="1" bgcolor="black" width="100%"><tr valign="top"><td bgcolor="#FFFFFF" colspan="1"> <a start_ctx_id="method:readInt()"/><a name="readInt()"/><h3> readInt </h3><pre>
public int <b>readInt</b>()
            throws <a href="../../../../java/sql/SQLException.html" title="class in java.sql">SQLException</a></pre><dl><dd>Retrieves the next attribute in this <code>SQLInputImpl</code> object as an <code>int</code> in the Java programming language.<p> This method does not perform type-safe checking to determine if the returned type is the expected type; this responsibility is delegated to the UDT mapping as defined by a <code>SQLData</code> implementation.                               </p><p/><p/>               </dd><dd><dl> <dt> <b>Specified by: </b>   </dt><dd> <code><a href="../../../../java/sql/SQLInput.html#readInt()">readInt</a></code> in interface <code><a href="../../../../java/sql/SQLInput.html" title="interface in java.sql">SQLInput</a></code>    </dd> </dl></dd><dd><dl> <dt> <b>Returns:</b>   </dt><dd>the next attribute in this <code>SQLInputImpl</code> object; if the value is <code>SQL NULL </code>, return <code>null</code>             </dd> <dt> <b>Throws:</b>   </dt><dd> <code><a href="../../../../java/sql/SQLException.html" title="class in java.sql">SQLException</a></code> - if the read position is located at an invalid position or if there are no more values in the stream                      </dd>  </dl></dd></dl> <a end_ctx_id="method:readInt()"/>  </td></tr></table></td></tr></table><table border="0" cellpadding="1" cellspacing="0" width="100%"><tr><td><h3 class="ctxid">method:readLong() [NONE]</h3></td></tr><tr><td><table border="0" cellpadding="5" cellspacing="1" bgcolor="black" width="100%"><tr valign="top"><td bgcolor="#FFFFFF" colspan="1"> <a start_ctx_id="method:readLong()"/><a name="readLong()"/><h3> readLong </h3><pre>
public long <b>readLong</b>()
              throws <a href="../../../../java/sql/SQLException.html" title="class in java.sql">SQLException</a></pre><dl><dd>Retrieves the next attribute in this <code>SQLInputImpl</code> object as a <code>long</code> in the Java programming language.<p> This method does not perform type-safe checking to determine if the returned type is the expected type; this responsibility is delegated to the UDT mapping as defined by a <code>SQLData</code> implementation.                               </p><p/><p/>               </dd><dd><dl> <dt> <b>Specified by: </b>   </dt><dd> <code><a href="../../../../java/sql/SQLInput.html#readLong()">readLong</a></code> in interface <code><a href="../../../../java/sql/SQLInput.html" title="interface in java.sql">SQLInput</a></code>    </dd> </dl></dd><dd><dl> <dt> <b>Returns:</b>   </dt><dd>the next attribute in this <code>SQLInputImpl</code> object; if the value is <code>SQL NULL </code>, return <code>null</code>             </dd> <dt> <b>Throws:</b>   </dt><dd> <code><a href="../../../../java/sql/SQLException.html" title="class in java.sql">SQLException</a></code> - if the read position is located at an invalid position or if there are no more values in the stream                      </dd>  </dl></dd></dl> <a end_ctx_id="method:readLong()"/>  </td></tr></table></td></tr></table><table border="0" cellpadding="1" cellspacing="0" width="100%"><tr><td><h3 class="ctxid">method:readFloat() [NONE]</h3></td></tr><tr><td><table border="0" cellpadding="5" cellspacing="1" bgcolor="black" width="100%"><tr valign="top"><td bgcolor="#FFFFFF" colspan="1"> <a start_ctx_id="method:readFloat()"/><a name="readFloat()"/><h3> readFloat </h3><pre>
public float <b>readFloat</b>()
                throws <a href="../../../../java/sql/SQLException.html" title="class in java.sql">SQLException</a></pre><dl><dd>Retrieves the next attribute in this <code>SQLInputImpl</code> object as a <code>float</code> in the Java programming language.<p> This method does not perform type-safe checking to determine if the returned type is the expected type; this responsibility is delegated to the UDT mapping as defined by a <code>SQLData</code> implementation.                               </p><p/><p/>               </dd><dd><dl> <dt> <b>Specified by: </b>   </dt><dd> <code><a href="../../../../java/sql/SQLInput.html#readFloat()">readFloat</a></code> in interface <code><a href="../../../../java/sql/SQLInput.html" title="interface in java.sql">SQLInput</a></code>    </dd> </dl></dd><dd><dl> <dt> <b>Returns:</b>   </dt><dd>the next attribute in this <code>SQLInputImpl</code> object; if the value is <code>SQL NULL </code>, return <code>null</code>             </dd> <dt> <b>Throws:</b>   </dt><dd> <code><a href="../../../../java/sql/SQLException.html" title="class in java.sql">SQLException</a></code> - if the read position is located at an invalid position or if there are no more values in the stream                      </dd>  </dl></dd></dl> <a end_ctx_id="method:readFloat()"/>  </td></tr></table></td></tr></table><table border="0" cellpadding="1" cellspacing="0" width="100%"><tr><td><h3 class="ctxid">method:readDouble() [NONE]</h3></td></tr><tr><td><table border="0" cellpadding="5" cellspacing="1" bgcolor="black" width="100%"><tr valign="top"><td bgcolor="#FFFFFF" colspan="1"> <a start_ctx_id="method:readDouble()"/><a name="readDouble()"/><h3> readDouble </h3><pre>
public double <b>readDouble</b>()
                  throws <a href="../../../../java/sql/SQLException.html" title="class in java.sql">SQLException</a></pre><dl><dd>Retrieves the next attribute in this <code>SQLInputImpl</code> object as a <code>double</code> in the Java programming language.<p> This method does not perform type-safe checking to determine if the returned type is the expected type; this responsibility is delegated to the UDT mapping as defined by a <code>SQLData</code> implementation.                               </p><p/><p/>               </dd><dd><dl> <dt> <b>Specified by: </b>   </dt><dd> <code><a href="../../../../java/sql/SQLInput.html#readDouble()">readDouble</a></code> in interface <code><a href="../../../../java/sql/SQLInput.html" title="interface in java.sql">SQLInput</a></code>    </dd> </dl></dd><dd><dl> <dt> <b>Returns:</b>   </dt><dd>the next attribute in this <code>SQLInputImpl</code> object; if the value is <code>SQL NULL </code>, return <code>null</code>             </dd> <dt> <b>Throws:</b>   </dt><dd> <code><a href="../../../../java/sql/SQLException.html" title="class in java.sql">SQLException</a></code> - if the read position is located at an invalid position or if there are no more values in the stream                      </dd>  </dl></dd></dl> <a end_ctx_id="method:readDouble()"/>  </td></tr></table></td></tr></table><table border="0" cellpadding="1" cellspacing="0" width="100%"><tr><td><h3 class="ctxid">method:readBigDecimal() [NONE]</h3></td></tr><tr><td><table border="0" cellpadding="5" cellspacing="1" bgcolor="black" width="100%"><tr valign="top"><td bgcolor="#FFFFFF" colspan="1"> <a start_ctx_id="method:readBigDecimal()"/><a name="readBigDecimal()"/><h3> readBigDecimal </h3><pre>
public java.math.BigDecimal <b>readBigDecimal</b>()
                                    throws <a href="../../../../java/sql/SQLException.html" title="class in java.sql">SQLException</a></pre><dl><dd>Retrieves the next attribute in this <code>SQLInputImpl</code> object as a <code>java.math.BigDecimal</code>.<p> This method does not perform type-safe checking to determine if the returned type is the expected type; this responsibility is delegated to the UDT mapping as defined by a <code>SQLData</code> implementation.                               </p><p/><p/>          </dd><dd><dl> <dt> <b>Specified by: </b>   </dt><dd> <code><a href="../../../../java/sql/SQLInput.html#readBigDecimal()">readBigDecimal</a></code> in interface <code><a href="../../../../java/sql/SQLInput.html" title="interface in java.sql">SQLInput</a></code>    </dd> </dl></dd><dd><dl> <dt> <b>Returns:</b>   </dt><dd>the next attribute in this <code>SQLInputImpl</code> object; if the value is <code>SQL NULL </code>, return <code>null</code>             </dd> <dt> <b>Throws:</b>   </dt><dd> <code><a href="../../../../java/sql/SQLException.html" title="class in java.sql">SQLException</a></code> - if the read position is located at an invalid position or if there are no more values in the stream                      </dd>  </dl></dd></dl> <a end_ctx_id="method:readBigDecimal()"/>  </td></tr></table></td></tr></table><table border="0" cellpadding="1" cellspacing="0" width="100%"><tr><td><h3 class="ctxid">method:readBytes() [NONE]</h3></td></tr><tr><td><table border="0" cellpadding="5" cellspacing="1" bgcolor="black" width="100%"><tr valign="top"><td bgcolor="#FFFFFF" colspan="1"> <a start_ctx_id="method:readBytes()"/><a name="readBytes()"/><h3> readBytes </h3><pre>
public byte[] <b>readBytes</b>()
                 throws <a href="../../../../java/sql/SQLException.html" title="class in java.sql">SQLException</a></pre><dl><dd>Retrieves the next attribute in this <code>SQLInputImpl</code> object as an array of bytes.<p> This method does not perform type-safe checking to determine if the returned type is the expected type; this responsibility is delegated to the UDT mapping as defined by a <code>SQLData</code> implementation.                               </p><p/><p/>            </dd><dd><dl> <dt> <b>Specified by: </b>   </dt><dd> <code><a href="../../../../java/sql/SQLInput.html#readBytes()">readBytes</a></code> in interface <code><a href="../../../../java/sql/SQLInput.html" title="interface in java.sql">SQLInput</a></code>    </dd> </dl></dd><dd><dl> <dt> <b>Returns:</b>   </dt><dd>the next attribute in this <code>SQLInputImpl</code> object; if the value is <code>SQL NULL </code>, return <code>null</code>             </dd> <dt> <b>Throws:</b>   </dt><dd> <code><a href="../../../../java/sql/SQLException.html" title="class in java.sql">SQLException</a></code> - if the read position is located at an invalid position or if there are no more values in the stream                      </dd>  </dl></dd></dl> <a end_ctx_id="method:readBytes()"/>  </td></tr></table></td></tr></table><table border="0" cellpadding="1" cellspacing="0" width="100%"><tr><td><h3 class="ctxid">method:readDate() [NONE]</h3></td></tr><tr><td><table border="0" cellpadding="5" cellspacing="1" bgcolor="black" width="100%"><tr valign="top"><td bgcolor="#FFFFFF" colspan="1"> <a start_ctx_id="method:readDate()"/><a name="readDate()"/><h3> readDate </h3><pre>
public <a href="../../../../java/sql/Date.html" title="class in java.sql">Date</a><b>readDate</b>()
              throws <a href="../../../../java/sql/SQLException.html" title="class in java.sql">SQLException</a></pre><dl><dd>Retrieves the next attribute in this <code>SQLInputImpl</code> as a <code>java.sql.Date</code> object.<p> This method does not perform type-safe checking to determine if the returned type is the expected type; this responsibility is delegated to the UDT mapping as defined by a <code>SQLData</code> implementation.                               </p><p/><p/>          </dd><dd><dl> <dt> <b>Specified by: </b>   </dt><dd> <code><a href="../../../../java/sql/SQLInput.html#readDate()">readDate</a></code> in interface <code><a href="../../../../java/sql/SQLInput.html" title="interface in java.sql">SQLInput</a></code>    </dd> </dl></dd><dd><dl> <dt> <b>Returns:</b>   </dt><dd>the next attribute in this <code>SQLInputImpl</code> object; if the value is <code>SQL NULL </code>, return <code>null</code>             </dd> <dt> <b>Throws:</b>   </dt><dd> <code><a href="../../../../java/sql/SQLException.html" title="class in java.sql">SQLException</a></code> - if the read position is located at an invalid position or if there are no more values in the stream                      </dd>  </dl></dd></dl> <a end_ctx_id="method:readDate()"/>  </td></tr></table></td></tr></table><table border="0" cellpadding="1" cellspacing="0" width="100%"><tr><td><h3 class="ctxid">method:readTime() [NONE]</h3></td></tr><tr><td><table border="0" cellpadding="5" cellspacing="1" bgcolor="black" width="100%"><tr valign="top"><td bgcolor="#FFFFFF" colspan="1"> <a start_ctx_id="method:readTime()"/><a name="readTime()"/><h3> readTime </h3><pre>
public <a href="../../../../java/sql/Time.html" title="class in java.sql">Time</a><b>readTime</b>()
              throws <a href="../../../../java/sql/SQLException.html" title="class in java.sql">SQLException</a></pre><dl><dd>Retrieves the next attribute in this <code>SQLInputImpl</code> object as a <code>java.sql.Time</code> object.<p> This method does not perform type-safe checking to determine if the returned type is the expected type as this responsibility is delegated to the UDT mapping as implemented by a <code>SQLData</code> implementation.                                </p><p/>           </dd><dd><dl> <dt> <b>Specified by: </b>   </dt><dd> <code><a href="../../../../java/sql/SQLInput.html#readTime()">readTime</a></code> in interface <code><a href="../../../../java/sql/SQLInput.html" title="interface in java.sql">SQLInput</a></code>    </dd> </dl></dd><dd><dl> <dt> <b>Returns:</b>   </dt><dd>the attribute; if the value is <code>SQL NULL </code>, return <code>null</code>        </dd> <dt> <b>Throws:</b>   </dt><dd> <code><a href="../../../../java/sql/SQLException.html" title="class in java.sql">SQLException</a></code> - if the read position is located at an invalid position; or if there are no further values in the stream.                      </dd>  </dl></dd></dl> <a end_ctx_id="method:readTime()"/>  </td></tr></table></td></tr></table><table border="0" cellpadding="1" cellspacing="0" width="100%"><tr><td><h3 class="ctxid">method:readTimestamp() [NONE]</h3></td></tr><tr><td><table border="0" cellpadding="5" cellspacing="1" bgcolor="black" width="100%"><tr valign="top"><td bgcolor="#FFFFFF" colspan="1"> <a start_ctx_id="method:readTimestamp()"/><a name="readTimestamp()"/><h3> readTimestamp </h3><pre>
public <a href="../../../../java/sql/Timestamp.html" title="class in java.sql">Timestamp</a><b>readTimestamp</b>()
                        throws <a href="../../../../java/sql/SQLException.html" title="class in java.sql">SQLException</a></pre><dl><dd>Retrieves the next attribute in this <code>SQLInputImpl</code> object as a <code>java.sql.Timestamp</code> object.<p/>           </dd><dd><dl> <dt> <b>Specified by: </b>   </dt><dd> <code><a href="../../../../java/sql/SQLInput.html#readTimestamp()">readTimestamp</a></code> in interface <code><a href="../../../../java/sql/SQLInput.html" title="interface in java.sql">SQLInput</a></code>    </dd> </dl></dd><dd><dl> <dt> <b>Returns:</b>   </dt><dd>the attribute; if the value is <code>SQL NULL </code>, return <code>null</code>        </dd> <dt> <b>Throws:</b>   </dt><dd> <code><a href="../../../../java/sql/SQLException.html" title="class in java.sql">SQLException</a></code> - if the read position is located at an invalid position; or if there are no further values in the stream.                      </dd>  </dl></dd></dl> <a end_ctx_id="method:readTimestamp()"/>  </td></tr></table></td></tr></table><table border="0" cellpadding="1" cellspacing="0" width="100%"><tr><td><h3 class="ctxid">method:readCharacterStream() [NONE]</h3></td></tr><tr><td><table border="0" cellpadding="5" cellspacing="1" bgcolor="black" width="100%"><tr valign="top"><td bgcolor="#FFFFFF" colspan="1"> <a start_ctx_id="method:readCharacterStream()"/><a name="readCharacterStream()"/><h3> readCharacterStream </h3><pre>
public java.io.Reader <b>readCharacterStream</b>()
                                   throws <a href="../../../../java/sql/SQLException.html" title="class in java.sql">SQLException</a></pre><dl><dd>Retrieves the next attribute in this <code>SQLInputImpl</code> object as a stream of Unicode characters.<p> This method does not perform type-safe checking to determine if the returned type is the expected type as this responsibility is delegated to the UDT mapping as implemented by a <code>SQLData</code> implementation.                                </p><p/>             </dd><dd><dl> <dt> <b>Specified by: </b>   </dt><dd> <code><a href="../../../../java/sql/SQLInput.html#readCharacterStream()">readCharacterStream</a></code> in interface <code><a href="../../../../java/sql/SQLInput.html" title="interface in java.sql">SQLInput</a></code>    </dd> </dl></dd><dd><dl> <dt> <b>Returns:</b>   </dt><dd>the attribute; if the value is <code>SQL NULL </code>, return <code>null</code>        </dd> <dt> <b>Throws:</b>   </dt><dd> <code><a href="../../../../java/sql/SQLException.html" title="class in java.sql">SQLException</a></code> - if the read position is located at an invalid position; or if there are no further values in the stream.                      </dd>  </dl></dd></dl> <a end_ctx_id="method:readCharacterStream()"/>  </td></tr></table></td></tr></table><table border="0" cellpadding="1" cellspacing="0" width="100%"><tr><td><h3 class="ctxid">method:readAsciiStream() [NONE]</h3></td></tr><tr><td><table border="0" cellpadding="5" cellspacing="1" bgcolor="black" width="100%"><tr valign="top"><td bgcolor="#FFFFFF" colspan="1"> <a start_ctx_id="method:readAsciiStream()"/><a name="readAsciiStream()"/><h3> readAsciiStream </h3><pre>
public java.io.InputStream <b>readAsciiStream</b>()
                                    throws <a href="../../../../java/sql/SQLException.html" title="class in java.sql">SQLException</a></pre><dl><dd>Returns the next attribute in this <code>SQLInputImpl</code> object as a stream of ASCII characters.<p> This method does not perform type-safe checking to determine if the returned type is the expected type as this responsibility is delegated to the UDT mapping as implemented by a <code>SQLData</code> implementation.                                </p><p/>             </dd><dd><dl> <dt> <b>Specified by: </b>   </dt><dd> <code><a href="../../../../java/sql/SQLInput.html#readAsciiStream()">readAsciiStream</a></code> in interface <code><a href="../../../../java/sql/SQLInput.html" title="interface in java.sql">SQLInput</a></code>    </dd> </dl></dd><dd><dl> <dt> <b>Returns:</b>   </dt><dd>the attribute; if the value is <code>SQL NULL </code>, return <code>null</code>        </dd> <dt> <b>Throws:</b>   </dt><dd> <code><a href="../../../../java/sql/SQLException.html" title="class in java.sql">SQLException</a></code> - if the read position is located at an invalid position; or if there are no further values in the stream.                      </dd>  </dl></dd></dl> <a end_ctx_id="method:readAsciiStream()"/>  </td></tr></table></td></tr></table><table border="0" cellpadding="1" cellspacing="0" width="100%"><tr><td><h3 class="ctxid">method:readBinaryStream() [NONE]</h3></td></tr><tr><td><table border="0" cellpadding="5" cellspacing="1" bgcolor="black" width="100%"><tr valign="top"><td bgcolor="#FFFFFF" colspan="1"> <a start_ctx_id="method:readBinaryStream()"/><a name="readBinaryStream()"/><h3> readBinaryStream </h3><pre>
public java.io.InputStream <b>readBinaryStream</b>()
                                     throws <a href="../../../../java/sql/SQLException.html" title="class in java.sql">SQLException</a></pre><dl><dd>Returns the next attribute in this <code>SQLInputImpl</code> object as a stream of uninterpreted bytes.<p> This method does not perform type-safe checking to determine if the returned type is the expected type as this responsibility is delegated to the UDT mapping as implemented by a <code>SQLData</code> implementation.                                </p><p/>             </dd><dd><dl> <dt> <b>Specified by: </b>   </dt><dd> <code><a href="../../../../java/sql/SQLInput.html#readBinaryStream()">readBinaryStream</a></code> in interface <code><a href="../../../../java/sql/SQLInput.html" title="interface in java.sql">SQLInput</a></code>    </dd> </dl></dd><dd><dl> <dt> <b>Returns:</b>   </dt><dd>the attribute; if the value is <code>SQL NULL </code>, return <code>null</code>        </dd> <dt> <b>Throws:</b>   </dt><dd> <code><a href="../../../../java/sql/SQLException.html" title="class in java.sql">SQLException</a></code> - if the read position is located at an invalid position; or if there are no further values in the stream.                      </dd>  </dl></dd></dl> <a end_ctx_id="method:readBinaryStream()"/>  </td></tr></table></td></tr></table><table border="0" cellpadding="1" cellspacing="0" width="100%"><tr><td><h3 class="ctxid">method:readObject() [NONE]</h3></td></tr><tr><td><table border="0" cellpadding="5" cellspacing="1" bgcolor="black" width="100%"><tr valign="top"><td bgcolor="#FFFFFF" colspan="1"> <a start_ctx_id="method:readObject()"/><a name="readObject()"/><h3> readObject </h3><pre>
public java.lang.Object <b>readObject</b>()
                            throws <a href="../../../../java/sql/SQLException.html" title="class in java.sql">SQLException</a></pre><dl><dd>Retrieves the value at the head of this <code>SQLInputImpl</code> object as an <code>Object</code> in the Java programming language. The actual type of the object returned is determined by the default mapping of SQL types to types in the Java programming language unless there is a custom mapping, in which case the type of the object returned is determined by this stream's type map.<p> The JDBC technology-enabled driver registers a type map with the stream before passing the stream to the application.                  </p><p> When the datum at the head of the stream is an SQL <code>NULL</code>, this method returns <code>null</code>. If the datum is an SQL structured or distinct type with a custom mapping, this method determines the SQL type of the datum at the head of the stream, constructs an object of the appropriate class, and calls the method <code>SQLData.readSQL</code> on that object. The <code>readSQL</code> method then calls the appropriate <code>SQLInputImpl.readXXX</code> methods to retrieve the attribute values from the stream.                                                                              </p><p/>                                                              </dd><dd><dl> <dt> <b>Specified by: </b>   </dt><dd> <code><a href="../../../../java/sql/SQLInput.html#readObject()">readObject</a></code> in interface <code><a href="../../../../java/sql/SQLInput.html" title="interface in java.sql">SQLInput</a></code>    </dd> </dl></dd><dd><dl> <dt> <b>Returns:</b>   </dt><dd>the value at the head of the stream as an <code>Object</code> in the Java programming language; <code>null</code> if the value is SQL <code>NULL</code>                      </dd> <dt> <b>Throws:</b>   </dt><dd> <code><a href="../../../../java/sql/SQLException.html" title="class in java.sql">SQLException</a></code> - if the read position is located at an invalid position; or if there are no further values in the stream.                      </dd>  </dl></dd></dl> <a end_ctx_id="method:readObject()"/>  </td></tr></table></td></tr></table><table border="0" cellpadding="1" cellspacing="0" width="100%"><tr><td><h3 class="ctxid">method:readRef() [NONE]</h3></td></tr><tr><td><table border="0" cellpadding="5" cellspacing="1" bgcolor="black" width="100%"><tr valign="top"><td bgcolor="#FFFFFF" colspan="1"> <a start_ctx_id="method:readRef()"/><a name="readRef()"/><h3> readRef </h3><pre>
public <a href="../../../../java/sql/Ref.html" title="interface in java.sql">Ref</a><b>readRef</b>()
            throws <a href="../../../../java/sql/SQLException.html" title="class in java.sql">SQLException</a></pre><dl><dd>Retrieves the value at the head of this <code>SQLInputImpl</code> object as a <code>Ref</code> object in the Java programming language.<p/>                  </dd><dd><dl> <dt> <b>Specified by: </b>   </dt><dd> <code><a href="../../../../java/sql/SQLInput.html#readRef()">readRef</a></code> in interface <code><a href="../../../../java/sql/SQLInput.html" title="interface in java.sql">SQLInput</a></code>    </dd> </dl></dd><dd><dl> <dt> <b>Returns:</b>   </dt><dd>a <code>Ref</code> object representing the SQL <code>REF</code> value at the head of the stream; if the value is <code>SQL NULL </code> return <code>null</code>                    </dd> <dt> <b>Throws:</b>   </dt><dd> <code><a href="../../../../java/sql/SQLException.html" title="class in java.sql">SQLException</a></code> - if the read position is located at an invalid position; or if there are no further values in the stream.                      </dd>  </dl></dd></dl> <a end_ctx_id="method:readRef()"/>  </td></tr></table></td></tr></table><table border="0" cellpadding="1" cellspacing="0" width="100%"><tr><td><h3 class="ctxid">method:readBlob() [NONE]</h3></td></tr><tr><td><table border="0" cellpadding="5" cellspacing="1" bgcolor="black" width="100%"><tr valign="top"><td bgcolor="#FFFFFF" colspan="1"> <a start_ctx_id="method:readBlob()"/><a name="readBlob()"/><h3> readBlob </h3><pre>
public <a href="../../../../java/sql/Blob.html" title="interface in java.sql">Blob</a><b>readBlob</b>()
              throws <a href="../../../../java/sql/SQLException.html" title="class in java.sql">SQLException</a></pre><dl><dd>Retrieves the <code>BLOB</code> value at the head of this <code>SQLInputImpl</code> object as a <code>Blob</code> object in the Java programming language.<p> This method does not perform type-safe checking to determine if the returned type is the expected type as this responsibility is delegated to the UDT mapping as implemented by a <code>SQLData</code> implementation.                                </p><p/>                   </dd><dd><dl> <dt> <b>Specified by: </b>   </dt><dd> <code><a href="../../../../java/sql/SQLInput.html#readBlob()">readBlob</a></code> in interface <code><a href="../../../../java/sql/SQLInput.html" title="interface in java.sql">SQLInput</a></code>    </dd> </dl></dd><dd><dl> <dt> <b>Returns:</b>   </dt><dd>a <code>Blob</code> object representing the SQL <code>BLOB</code> value at the head of this stream; if the value is <code>SQL NULL </code>, return <code>null</code>                    </dd> <dt> <b>Throws:</b>   </dt><dd> <code><a href="../../../../java/sql/SQLException.html" title="class in java.sql">SQLException</a></code> - if the read position is located at an invalid position; or if there are no further values in the stream.                      </dd>  </dl></dd></dl> <a end_ctx_id="method:readBlob()"/>  </td></tr></table></td></tr></table><table border="0" cellpadding="1" cellspacing="0" width="100%"><tr><td><h3 class="ctxid">method:readClob() [NONE]</h3></td></tr><tr><td><table border="0" cellpadding="5" cellspacing="1" bgcolor="black" width="100%"><tr valign="top"><td bgcolor="#FFFFFF" colspan="1"> <a start_ctx_id="method:readClob()"/><a name="readClob()"/><h3> readClob </h3><pre>
public <a href="../../../../java/sql/Clob.html" title="interface in java.sql">Clob</a><b>readClob</b>()
              throws <a href="../../../../java/sql/SQLException.html" title="class in java.sql">SQLException</a></pre><dl><dd>Retrieves the <code>CLOB</code> value at the head of this <code>SQLInputImpl</code> object as a <code>Clob</code> object in the Java programming language.<p> This method does not perform type-safe checking to determine if the returned type is the expected type as this responsibility is delegated to the UDT mapping as implemented by a <code>SQLData</code> implementation.                                </p><p/>                   </dd><dd><dl> <dt> <b>Specified by: </b>   </dt><dd> <code><a href="../../../../java/sql/SQLInput.html#readClob()">readClob</a></code> in interface <code><a href="../../../../java/sql/SQLInput.html" title="interface in java.sql">SQLInput</a></code>    </dd> </dl></dd><dd><dl> <dt> <b>Returns:</b>   </dt><dd>a <code>Clob</code> object representing the SQL <code>CLOB</code> value at the head of the stream; if the value is <code>SQL NULL </code>, return <code>null</code>                    </dd> <dt> <b>Throws:</b>   </dt><dd> <code><a href="../../../../java/sql/SQLException.html" title="class in java.sql">SQLException</a></code> - if the read position is located at an invalid position; or if there are no further values in the stream.                      </dd>  </dl></dd></dl> <a end_ctx_id="method:readClob()"/>  </td></tr></table></td></tr></table><table border="0" cellpadding="1" cellspacing="0" width="100%"><tr><td><h3 class="ctxid">method:readArray() [NONE]</h3></td></tr><tr><td><table border="0" cellpadding="5" cellspacing="1" bgcolor="black" width="100%"><tr valign="top"><td bgcolor="#FFFFFF" colspan="1"> <a start_ctx_id="method:readArray()"/><a name="readArray()"/><h3> readArray </h3><pre>
public <a href="../../../../java/sql/Array.html" title="interface in java.sql">Array</a><b>readArray</b>()
                throws <a href="../../../../java/sql/SQLException.html" title="class in java.sql">SQLException</a></pre><dl><dd>Reads an SQL <code>ARRAY</code> value from the stream and returns it as an <code>Array</code> object in the Java programming language.<p> This method does not perform type-safe checking to determine if the returned type is the expected type as this responsibility is delegated to the UDT mapping as implemented by a <code>SQLData</code> implementation.                                </p><p/>                   </dd><dd><dl> <dt> <b>Specified by: </b>   </dt><dd> <code><a href="../../../../java/sql/SQLInput.html#readArray()">readArray</a></code> in interface <code><a href="../../../../java/sql/SQLInput.html" title="interface in java.sql">SQLInput</a></code>    </dd> </dl></dd><dd><dl> <dt> <b>Returns:</b>   </dt><dd>an <code>Array</code> object representing the SQL <code>ARRAY</code> value at the head of the stream; * if the value is <code>SQL NULL </code>, return <code>null</code>                     </dd> <dt> <b>Throws:</b>   </dt><dd> <code><a href="../../../../java/sql/SQLException.html" title="class in java.sql">SQLException</a></code> - if the read position is located at an invalid position; or if there are no further values in the stream.                      </dd>  </dl></dd></dl> <a end_ctx_id="method:readArray()"/>  </td></tr></table></td></tr></table><table border="0" cellpadding="1" cellspacing="0" width="100%"><tr><td><h3 class="ctxid">method:wasNull() [NONE]</h3></td></tr><tr><td><table border="0" cellpadding="5" cellspacing="1" bgcolor="black" width="100%"><tr valign="top"><td bgcolor="#FFFFFF" colspan="1"> <a start_ctx_id="method:wasNull()"/><a name="wasNull()"/><h3> wasNull </h3><pre>
public boolean <b>wasNull</b>()
                throws <a href="../../../../java/sql/SQLException.html" title="class in java.sql">SQLException</a></pre><dl><dd>Ascertains whether the last value read from this <code>SQLInputImpl</code> object was <code>null</code>.<p/>           </dd><dd><dl> <dt> <b>Specified by: </b>   </dt><dd> <code><a href="../../../../java/sql/SQLInput.html#wasNull()">wasNull</a></code> in interface <code><a href="../../../../java/sql/SQLInput.html" title="interface in java.sql">SQLInput</a></code>    </dd> </dl></dd><dd><dl> <dt> <b>Returns:</b>   </dt><dd> <code>true</code> if the SQL value read most recently was <code>null</code>; otherwise, <code>false</code>; by default it will return false                  </dd> <dt> <b>Throws:</b>   </dt><dd> <code><a href="../../../../java/sql/SQLException.html" title="class in java.sql">SQLException</a></code> - if an error occurs determining the last value read was a <code>null</code> value or not;                 </dd>  </dl></dd></dl> <a end_ctx_id="method:wasNull()"/>  </td></tr></table></td></tr></table><table border="0" cellpadding="1" cellspacing="0" width="100%"><tr><td><h3 class="ctxid">method:readURL() [NONE]</h3></td></tr><tr><td><table border="0" cellpadding="5" cellspacing="1" bgcolor="black" width="100%"><tr valign="top"><td bgcolor="#FFFFFF" colspan="1"> <a start_ctx_id="method:readURL()"/><a name="readURL()"/><h3> readURL </h3><pre>
public java.net.URL <b>readURL</b>()
                     throws <a href="../../../../java/sql/SQLException.html" title="class in java.sql">SQLException</a></pre><dl><dd>Reads an SQL <code>DATALINK</code> value from the stream and returns it as an <code>URL</code> object in the Java programming language.<p> This method does not perform type-safe checking to determine if the returned type is the expected type as this responsibility is delegated to the UDT mapping as implemented by a <code>SQLData</code> implementation.                                </p><p/>                   </dd><dd><dl> <dt> <b>Specified by: </b>   </dt><dd> <code><a href="../../../../java/sql/SQLInput.html#readURL()">readURL</a></code> in interface <code><a href="../../../../java/sql/SQLInput.html" title="interface in java.sql">SQLInput</a></code>    </dd> </dl></dd><dd><dl> <dt> <b>Returns:</b>   </dt><dd>an <code>URL</code> object representing the SQL <code>DATALINK</code> value at the head of the stream; * if the value is <code>SQL NULL </code>, return <code>null</code>                     </dd> <dt> <b>Throws:</b>   </dt><dd> <code><a href="../../../../java/sql/SQLException.html" title="class in java.sql">SQLException</a></code> - if the read position is located at an invalid position; or if there are no further values in the stream.                      </dd>  </dl></dd></dl> <a end_ctx_id="method:readURL()"/>  </td></tr></table></td></tr></table><table border="0" cellpadding="1" cellspacing="0" width="100%"><tr><td><h3 class="ctxid">method:readNClob() [NONE]</h3></td></tr><tr><td><table border="0" cellpadding="5" cellspacing="1" bgcolor="black" width="100%"><tr valign="top"><td bgcolor="#FFFFFF" colspan="1"> <a start_ctx_id="method:readNClob()"/><a name="readNClob()"/><h3> readNClob </h3><pre>
public <a href="../../../../java/sql/NClob.html" title="interface in java.sql">NClob</a><b>readNClob</b>()
                throws <a href="../../../../java/sql/SQLException.html" title="class in java.sql">SQLException</a></pre><dl><dd>Reads an SQL <code>NCLOB</code> value from the stream and returns it as a <code>Clob</code> object in the Java programming language.<p/>                   </dd><dd><dl> <dt> <b>Specified by: </b>   </dt><dd> <code><a href="../../../../java/sql/SQLInput.html#readNClob()">readNClob</a></code> in interface <code><a href="../../../../java/sql/SQLInput.html" title="interface in java.sql">SQLInput</a></code>    </dd> </dl></dd><dd><dl> <dt> <b>Returns:</b>   </dt><dd>a <code>NClob</code> object representing data of the SQL <code>NCLOB</code> value at the head of the stream; <code>null</code> if the value read is SQL <code>NULL</code>                       </dd> <dt> <b>Throws:</b>   </dt><dd> <code><a href="../../../../java/sql/SQLException.html" title="class in java.sql">SQLException</a></code> - if a database access error occurs        </dd>  </dl></dd></dl> <a end_ctx_id="method:readNClob()"/>  </td></tr></table></td></tr></table><table border="0" cellpadding="1" cellspacing="0" width="100%"><tr><td><h3 class="ctxid">method:readNString() [NONE]</h3></td></tr><tr><td><table border="0" cellpadding="5" cellspacing="1" bgcolor="black" width="100%"><tr valign="top"><td bgcolor="#FFFFFF" colspan="1"> <a start_ctx_id="method:readNString()"/><a name="readNString()"/><h3> readNString </h3><pre>
public java.lang.String <b>readNString</b>()
                             throws <a href="../../../../java/sql/SQLException.html" title="class in java.sql">SQLException</a></pre><dl><dd>Reads the next attribute in the stream and returns it as a <code>String</code> in the Java programming language. It is intended for use when accessing <code>NCHAR</code>,<code>NVARCHAR</code> and <code>LONGNVARCHAR</code> columns.<p/>                            </dd><dd><dl> <dt> <b>Specified by: </b>   </dt><dd> <code><a href="../../../../java/sql/SQLInput.html#readNString()">readNString</a></code> in interface <code><a href="../../../../java/sql/SQLInput.html" title="interface in java.sql">SQLInput</a></code>    </dd> </dl></dd><dd><dl> <dt> <b>Returns:</b>   </dt><dd>the attribute; if the value is SQL <code>NULL</code>, returns <code>null</code>         </dd> <dt> <b>Throws:</b>   </dt><dd> <code><a href="../../../../java/sql/SQLException.html" title="class in java.sql">SQLException</a></code> - if a database access error occurs        </dd>  </dl></dd></dl> <a end_ctx_id="method:readNString()"/>  </td></tr></table></td></tr></table><table border="0" cellpadding="1" cellspacing="0" width="100%"><tr><td><h3 class="ctxid">method:readSQLXML() [NONE]</h3></td></tr><tr><td><table border="0" cellpadding="5" cellspacing="1" bgcolor="black" width="100%"><tr valign="top"><td bgcolor="#FFFFFF" colspan="1"> <a start_ctx_id="method:readSQLXML()"/><a name="readSQLXML()"/><h3> readSQLXML </h3><pre>
public <a href="../../../../java/sql/SQLXML.html" title="interface in java.sql">SQLXML</a><b>readSQLXML</b>()
                  throws <a href="../../../../java/sql/SQLException.html" title="class in java.sql">SQLException</a></pre><dl><dd>Reads an SQL <code>XML</code> value from the stream and returns it as a <code>SQLXML</code> object in the Java programming language.<p/>                   </dd><dd><dl> <dt> <b>Specified by: </b>   </dt><dd> <code><a href="../../../../java/sql/SQLInput.html#readSQLXML()">readSQLXML</a></code> in interface <code><a href="../../../../java/sql/SQLInput.html" title="interface in java.sql">SQLInput</a></code>    </dd> </dl></dd><dd><dl> <dt> <b>Returns:</b>   </dt><dd>a <code>SQLXML</code> object representing data of the SQL <code>XML</code> value at the head of the stream; <code>null</code> if the value read is SQL <code>NULL</code>                       </dd> <dt> <b>Throws:</b>   </dt><dd> <code><a href="../../../../java/sql/SQLException.html" title="class in java.sql">SQLException</a></code> - if a database access error occurs        </dd>  </dl></dd></dl> <a end_ctx_id="method:readSQLXML()"/>  </td></tr></table></td></tr></table><table border="0" cellpadding="1" cellspacing="0" width="100%"><tr><td><h3 class="ctxid">method:readRowId() [NONE]</h3></td></tr><tr><td><table border="0" cellpadding="5" cellspacing="1" bgcolor="black" width="100%"><tr valign="top"><td bgcolor="#FFFFFF" colspan="1"> <a start_ctx_id="method:readRowId()"/><a name="readRowId()"/><h3> readRowId </h3><pre>
public <a href="../../../../java/sql/RowId.html" title="interface in java.sql">RowId</a><b>readRowId</b>()
                throws <a href="../../../../java/sql/SQLException.html" title="class in java.sql">SQLException</a></pre><dl><dd>Reads an SQL <code>ROWID</code> value from the stream and returns it as a <code>RowId</code> object in the Java programming language.<p/>                   </dd><dd><dl> <dt> <b>Specified by: </b>   </dt><dd> <code><a href="../../../../java/sql/SQLInput.html#readRowId()">readRowId</a></code> in interface <code><a href="../../../../java/sql/SQLInput.html" title="interface in java.sql">SQLInput</a></code>    </dd> </dl></dd><dd><dl> <dt> <b>Returns:</b>   </dt><dd>a <code>RowId</code> object representing data of the SQL <code>ROWID</code> value at the head of the stream; <code>null</code> if the value read is SQL <code>NULL</code>                       </dd> <dt> <b>Throws:</b>   </dt><dd> <code><a href="../../../../java/sql/SQLException.html" title="class in java.sql">SQLException</a></code> - if a database access error occurs        </dd>  </dl></dd></dl> <a end_ctx_id="method:readRowId()"/>  </td></tr></table></td></tr></table></diff></diffreport>