<?xml version="1.0" encoding="UTF-8"?><diffreport><diff><table border="0" cellpadding="1" cellspacing="0" width="100%"><tr><td><h3 class="ctxid">class:SQLOutputImpl [NONE]</h3></td></tr><tr><td><table border="0" cellpadding="5" cellspacing="1" bgcolor="black" width="100%"><tr valign="top"><td bgcolor="#FFFFFF" colspan="1"> <a start_ctx_id="class:SQLOutputImpl"/><dl> <dt><pre>public class <b>SQLOutputImpl</b></pre>  </dt> <dt>extends java.lang.Object </dt> <dt>implements <a href="../../../../java/sql/SQLOutput.html" title="interface in java.sql">SQLOutput</a>   </dt>   </dl><p> The output stream for writing the attributes of a custom-mapped user-defined type (UDT) back to the database. The driver uses this interface internally, and its methods are never directly invoked by an application programmer.                                  </p><p> When an application calls the method <code>PreparedStatement.setObject</code>, the driver checks to see whether the value to be written is a UDT with a custom mapping. If it is, there will be an entry in a type map containing the <code>Class</code> object for the class that implements <code>SQLData</code> for this UDT. If the value to be written is an instance of <code>SQLData</code>, the driver will create an instance of <code>SQLOutputImpl</code> and pass it to the method <code>SQLData.writeSQL</code>. The method <code>writeSQL</code> in turn calls the appropriate <code>SQLOutputImpl.writeXXX</code> methods to write data from the <code>SQLData</code> object to the <code>SQLOutputImpl</code> output stream as the representation of an SQL user-defined type.                                                                                                          </p><p/><p> <a end_ctx_id="class:SQLOutputImpl"/> </p> </td></tr></table></td></tr></table><table border="0" cellpadding="1" cellspacing="0" width="100%"><tr><td><h3 class="ctxid">constructor:SQLOutputImpl(java.util.Vector, java.util.Map) [NONE]</h3></td></tr><tr><td><table border="0" cellpadding="5" cellspacing="1" bgcolor="black" width="100%"><tr valign="top"><td bgcolor="#FFFFFF" colspan="1"> <a start_ctx_id="constructor:SQLOutputImpl(java.util.Vector, java.util.Map)"/><a name="SQLOutputImpl(java.util.Vector, java.util.Map)"/><h3> SQLOutputImpl </h3><pre>
public <b>SQLOutputImpl</b>(java.util.Vector&lt;?&gt; attributes,
                     java.util.Map&lt;java.lang.String,?&gt; map)
              throws <a href="../../../../java/sql/SQLException.html" title="class in java.sql">SQLException</a></pre><dl><dd>Creates a new <code>SQLOutputImpl</code> object initialized with the given vector of attributes and type map. The driver will use the type map to determine which <code>SQLData.writeSQL</code> method to invoke. This method will then call the appropriate <code>SQLOutputImpl</code> writer methods in order and thereby write the attributes to the new output stream.<p><dl> <dt> <b>Parameters:</b>   </dt><dd> <code>attributes</code> - a <code>Vector</code> object containing the attributes of the UDT to be mapped to one or more objects in the Java programming language                        </dd><dd> <code>map</code> - a <code>java.util.Map</code> object containing zero or more entries, with each entry consisting of 1) a <code>String</code> giving the fully qualified name of a UDT and 2) the <code>Class</code> object for the <code>SQLData</code> implementation that defines how the UDT is to be mapped                                            </dd> <dt> <b>Throws:</b>   </dt><dd> <code><a href="../../../../java/sql/SQLException.html" title="class in java.sql">SQLException</a></code> - if the <code>attributes</code> or the <code>map</code> is a <code>null</code> value            </dd>  </dl></p>                                                  </dd></dl> <a end_ctx_id="constructor:SQLOutputImpl(java.util.Vector, java.util.Map)"/>  </td></tr></table></td></tr></table><table border="0" cellpadding="1" cellspacing="0" width="100%"><tr><td><h3 class="ctxid">method:writeString(java.lang.String) [NONE]</h3></td></tr><tr><td><table border="0" cellpadding="5" cellspacing="1" bgcolor="black" width="100%"><tr valign="top"><td bgcolor="#FFFFFF" colspan="1"> <a start_ctx_id="method:writeString(java.lang.String)"/><a name="writeString(java.lang.String)"/><h3> writeString </h3><pre>
public void <b>writeString</b>(java.lang.String x)
                 throws <a href="../../../../java/sql/SQLException.html" title="class in java.sql">SQLException</a></pre><dl><dd>Writes a <code>String</code> in the Java programming language to this <code>SQLOutputImpl</code> object. The driver converts it to an SQL <code>CHAR</code>, <code>VARCHAR</code>, or <code>LONGVARCHAR</code> before returning it to the database.<p/>                            </dd><dd><dl> <dt> <b>Specified by: </b>   </dt><dd> <code><a href="../../../../java/sql/SQLOutput.html#writeString(java.lang.String)">writeString</a></code> in interface <code><a href="../../../../java/sql/SQLOutput.html" title="interface in java.sql">SQLOutput</a></code>    </dd> </dl></dd><dd><dl> <dt> <b>Parameters:</b>   </dt><dd> <code>x</code> - the value to pass to the database         </dd> <dt> <b>Throws:</b>   </dt><dd> <code><a href="../../../../java/sql/SQLException.html" title="class in java.sql">SQLException</a></code> - if the <code>SQLOutputImpl</code> object is in use by a <code>SQLData</code> object attempting to write the attribute values of a UDT to the database.                         </dd>  </dl></dd></dl> <a end_ctx_id="method:writeString(java.lang.String)"/>  </td></tr></table></td></tr></table><table border="0" cellpadding="1" cellspacing="0" width="100%"><tr><td><h3 class="ctxid">method:writeBoolean(boolean) [NONE]</h3></td></tr><tr><td><table border="0" cellpadding="5" cellspacing="1" bgcolor="black" width="100%"><tr valign="top"><td bgcolor="#FFFFFF" colspan="1"> <a start_ctx_id="method:writeBoolean(boolean)"/><a name="writeBoolean(boolean)"/><h3> writeBoolean </h3><pre>
public void <b>writeBoolean</b>(boolean x)
                  throws <a href="../../../../java/sql/SQLException.html" title="class in java.sql">SQLException</a></pre><dl><dd>Writes a <code>boolean</code> in the Java programming language to this <code>SQLOutputImpl</code> object. The driver converts it to an SQL <code>BIT</code> before returning it to the database.<p/>                         </dd><dd><dl> <dt> <b>Specified by: </b>   </dt><dd> <code><a href="../../../../java/sql/SQLOutput.html#writeBoolean(boolean)">writeBoolean</a></code> in interface <code><a href="../../../../java/sql/SQLOutput.html" title="interface in java.sql">SQLOutput</a></code>    </dd> </dl></dd><dd><dl> <dt> <b>Parameters:</b>   </dt><dd> <code>x</code> - the value to pass to the database         </dd> <dt> <b>Throws:</b>   </dt><dd> <code><a href="../../../../java/sql/SQLException.html" title="class in java.sql">SQLException</a></code> - if the <code>SQLOutputImpl</code> object is in use by a <code>SQLData</code> object attempting to write the attribute values of a UDT to the database.                         </dd>  </dl></dd></dl> <a end_ctx_id="method:writeBoolean(boolean)"/>  </td></tr></table></td></tr></table><table border="0" cellpadding="1" cellspacing="0" width="100%"><tr><td><h3 class="ctxid">method:writeByte(byte) [NONE]</h3></td></tr><tr><td><table border="0" cellpadding="5" cellspacing="1" bgcolor="black" width="100%"><tr valign="top"><td bgcolor="#FFFFFF" colspan="1"> <a start_ctx_id="method:writeByte(byte)"/><a name="writeByte(byte)"/><h3> writeByte </h3><pre>
public void <b>writeByte</b>(byte x)
               throws <a href="../../../../java/sql/SQLException.html" title="class in java.sql">SQLException</a></pre><dl><dd>Writes a <code>byte</code> in the Java programming language to this <code>SQLOutputImpl</code> object. The driver converts it to an SQL <code>BIT</code> before returning it to the database.<p/>                         </dd><dd><dl> <dt> <b>Specified by: </b>   </dt><dd> <code><a href="../../../../java/sql/SQLOutput.html#writeByte(byte)">writeByte</a></code> in interface <code><a href="../../../../java/sql/SQLOutput.html" title="interface in java.sql">SQLOutput</a></code>    </dd> </dl></dd><dd><dl> <dt> <b>Parameters:</b>   </dt><dd> <code>x</code> - the value to pass to the database         </dd> <dt> <b>Throws:</b>   </dt><dd> <code><a href="../../../../java/sql/SQLException.html" title="class in java.sql">SQLException</a></code> - if the <code>SQLOutputImpl</code> object is in use by a <code>SQLData</code> object attempting to write the attribute values of a UDT to the database.                         </dd>  </dl></dd></dl> <a end_ctx_id="method:writeByte(byte)"/>  </td></tr></table></td></tr></table><table border="0" cellpadding="1" cellspacing="0" width="100%"><tr><td><h3 class="ctxid">method:writeShort(short) [NONE]</h3></td></tr><tr><td><table border="0" cellpadding="5" cellspacing="1" bgcolor="black" width="100%"><tr valign="top"><td bgcolor="#FFFFFF" colspan="1"> <a start_ctx_id="method:writeShort(short)"/><a name="writeShort(short)"/><h3> writeShort </h3><pre>
public void <b>writeShort</b>(short x)
                throws <a href="../../../../java/sql/SQLException.html" title="class in java.sql">SQLException</a></pre><dl><dd>Writes a <code>short</code> in the Java programming language to this <code>SQLOutputImpl</code> object. The driver converts it to an SQL <code>SMALLINT</code> before returning it to the database.<p/>                         </dd><dd><dl> <dt> <b>Specified by: </b>   </dt><dd> <code><a href="../../../../java/sql/SQLOutput.html#writeShort(short)">writeShort</a></code> in interface <code><a href="../../../../java/sql/SQLOutput.html" title="interface in java.sql">SQLOutput</a></code>    </dd> </dl></dd><dd><dl> <dt> <b>Parameters:</b>   </dt><dd> <code>x</code> - the value to pass to the database         </dd> <dt> <b>Throws:</b>   </dt><dd> <code><a href="../../../../java/sql/SQLException.html" title="class in java.sql">SQLException</a></code> - if the <code>SQLOutputImpl</code> object is in use by a <code>SQLData</code> object attempting to write the attribute values of a UDT to the database.                         </dd>  </dl></dd></dl> <a end_ctx_id="method:writeShort(short)"/>  </td></tr></table></td></tr></table><table border="0" cellpadding="1" cellspacing="0" width="100%"><tr><td><h3 class="ctxid">method:writeInt(int) [NONE]</h3></td></tr><tr><td><table border="0" cellpadding="5" cellspacing="1" bgcolor="black" width="100%"><tr valign="top"><td bgcolor="#FFFFFF" colspan="1"> <a start_ctx_id="method:writeInt(int)"/><a name="writeInt(int)"/><h3> writeInt </h3><pre>
public void <b>writeInt</b>(int x)
              throws <a href="../../../../java/sql/SQLException.html" title="class in java.sql">SQLException</a></pre><dl><dd>Writes an <code>int</code> in the Java programming language to this <code>SQLOutputImpl</code> object. The driver converts it to an SQL <code>INTEGER</code> before returning it to the database.<p/>                         </dd><dd><dl> <dt> <b>Specified by: </b>   </dt><dd> <code><a href="../../../../java/sql/SQLOutput.html#writeInt(int)">writeInt</a></code> in interface <code><a href="../../../../java/sql/SQLOutput.html" title="interface in java.sql">SQLOutput</a></code>    </dd> </dl></dd><dd><dl> <dt> <b>Parameters:</b>   </dt><dd> <code>x</code> - the value to pass to the database         </dd> <dt> <b>Throws:</b>   </dt><dd> <code><a href="../../../../java/sql/SQLException.html" title="class in java.sql">SQLException</a></code> - if the <code>SQLOutputImpl</code> object is in use by a <code>SQLData</code> object attempting to write the attribute values of a UDT to the database.                         </dd>  </dl></dd></dl> <a end_ctx_id="method:writeInt(int)"/>  </td></tr></table></td></tr></table><table border="0" cellpadding="1" cellspacing="0" width="100%"><tr><td><h3 class="ctxid">method:writeLong(long) [NONE]</h3></td></tr><tr><td><table border="0" cellpadding="5" cellspacing="1" bgcolor="black" width="100%"><tr valign="top"><td bgcolor="#FFFFFF" colspan="1"> <a start_ctx_id="method:writeLong(long)"/><a name="writeLong(long)"/><h3> writeLong </h3><pre>
public void <b>writeLong</b>(long x)
               throws <a href="../../../../java/sql/SQLException.html" title="class in java.sql">SQLException</a></pre><dl><dd>Writes a <code>long</code> in the Java programming language to this <code>SQLOutputImpl</code> object. The driver converts it to an SQL <code>BIGINT</code> before returning it to the database.<p/>                         </dd><dd><dl> <dt> <b>Specified by: </b>   </dt><dd> <code><a href="../../../../java/sql/SQLOutput.html#writeLong(long)">writeLong</a></code> in interface <code><a href="../../../../java/sql/SQLOutput.html" title="interface in java.sql">SQLOutput</a></code>    </dd> </dl></dd><dd><dl> <dt> <b>Parameters:</b>   </dt><dd> <code>x</code> - the value to pass to the database         </dd> <dt> <b>Throws:</b>   </dt><dd> <code><a href="../../../../java/sql/SQLException.html" title="class in java.sql">SQLException</a></code> - if the <code>SQLOutputImpl</code> object is in use by a <code>SQLData</code> object attempting to write the attribute values of a UDT to the database.                         </dd>  </dl></dd></dl> <a end_ctx_id="method:writeLong(long)"/>  </td></tr></table></td></tr></table><table border="0" cellpadding="1" cellspacing="0" width="100%"><tr><td><h3 class="ctxid">method:writeFloat(float) [NONE]</h3></td></tr><tr><td><table border="0" cellpadding="5" cellspacing="1" bgcolor="black" width="100%"><tr valign="top"><td bgcolor="#FFFFFF" colspan="1"> <a start_ctx_id="method:writeFloat(float)"/><a name="writeFloat(float)"/><h3> writeFloat </h3><pre>
public void <b>writeFloat</b>(float x)
                throws <a href="../../../../java/sql/SQLException.html" title="class in java.sql">SQLException</a></pre><dl><dd>Writes a <code>float</code> in the Java programming language to this <code>SQLOutputImpl</code> object. The driver converts it to an SQL <code>REAL</code> before returning it to the database.<p/>                         </dd><dd><dl> <dt> <b>Specified by: </b>   </dt><dd> <code><a href="../../../../java/sql/SQLOutput.html#writeFloat(float)">writeFloat</a></code> in interface <code><a href="../../../../java/sql/SQLOutput.html" title="interface in java.sql">SQLOutput</a></code>    </dd> </dl></dd><dd><dl> <dt> <b>Parameters:</b>   </dt><dd> <code>x</code> - the value to pass to the database         </dd> <dt> <b>Throws:</b>   </dt><dd> <code><a href="../../../../java/sql/SQLException.html" title="class in java.sql">SQLException</a></code> - if the <code>SQLOutputImpl</code> object is in use by a <code>SQLData</code> object attempting to write the attribute values of a UDT to the database.                         </dd>  </dl></dd></dl> <a end_ctx_id="method:writeFloat(float)"/>  </td></tr></table></td></tr></table><table border="0" cellpadding="1" cellspacing="0" width="100%"><tr><td><h3 class="ctxid">method:writeDouble(double) [NONE]</h3></td></tr><tr><td><table border="0" cellpadding="5" cellspacing="1" bgcolor="black" width="100%"><tr valign="top"><td bgcolor="#FFFFFF" colspan="1"> <a start_ctx_id="method:writeDouble(double)"/><a name="writeDouble(double)"/><h3> writeDouble </h3><pre>
public void <b>writeDouble</b>(double x)
                 throws <a href="../../../../java/sql/SQLException.html" title="class in java.sql">SQLException</a></pre><dl><dd>Writes a <code>double</code> in the Java programming language to this <code>SQLOutputImpl</code> object. The driver converts it to an SQL <code>DOUBLE</code> before returning it to the database.<p/>                         </dd><dd><dl> <dt> <b>Specified by: </b>   </dt><dd> <code><a href="../../../../java/sql/SQLOutput.html#writeDouble(double)">writeDouble</a></code> in interface <code><a href="../../../../java/sql/SQLOutput.html" title="interface in java.sql">SQLOutput</a></code>    </dd> </dl></dd><dd><dl> <dt> <b>Parameters:</b>   </dt><dd> <code>x</code> - the value to pass to the database         </dd> <dt> <b>Throws:</b>   </dt><dd> <code><a href="../../../../java/sql/SQLException.html" title="class in java.sql">SQLException</a></code> - if the <code>SQLOutputImpl</code> object is in use by a <code>SQLData</code> object attempting to write the attribute values of a UDT to the database.                         </dd>  </dl></dd></dl> <a end_ctx_id="method:writeDouble(double)"/>  </td></tr></table></td></tr></table><table border="0" cellpadding="1" cellspacing="0" width="100%"><tr><td><h3 class="ctxid">method:writeBigDecimal(java.math.BigDecimal) [NONE]</h3></td></tr><tr><td><table border="0" cellpadding="5" cellspacing="1" bgcolor="black" width="100%"><tr valign="top"><td bgcolor="#FFFFFF" colspan="1"> <a start_ctx_id="method:writeBigDecimal(java.math.BigDecimal)"/><a name="writeBigDecimal(java.math.BigDecimal)"/><h3> writeBigDecimal </h3><pre>
public void <b>writeBigDecimal</b>(java.math.BigDecimal x)
                     throws <a href="../../../../java/sql/SQLException.html" title="class in java.sql">SQLException</a></pre><dl><dd>Writes a <code>java.math.BigDecimal</code> object in the Java programming language to this <code>SQLOutputImpl</code> object. The driver converts it to an SQL <code>NUMERIC</code> before returning it to the database.<p/>                          </dd><dd><dl> <dt> <b>Specified by: </b>   </dt><dd> <code><a href="../../../../java/sql/SQLOutput.html#writeBigDecimal(java.math.BigDecimal)">writeBigDecimal</a></code> in interface <code><a href="../../../../java/sql/SQLOutput.html" title="interface in java.sql">SQLOutput</a></code>    </dd> </dl></dd><dd><dl> <dt> <b>Parameters:</b>   </dt><dd> <code>x</code> - the value to pass to the database         </dd> <dt> <b>Throws:</b>   </dt><dd> <code><a href="../../../../java/sql/SQLException.html" title="class in java.sql">SQLException</a></code> - if the <code>SQLOutputImpl</code> object is in use by a <code>SQLData</code> object attempting to write the attribute values of a UDT to the database.                         </dd>  </dl></dd></dl> <a end_ctx_id="method:writeBigDecimal(java.math.BigDecimal)"/>  </td></tr></table></td></tr></table><table border="0" cellpadding="1" cellspacing="0" width="100%"><tr><td><h3 class="ctxid">method:writeBytes(byte[]) [NONE]</h3></td></tr><tr><td><table border="0" cellpadding="5" cellspacing="1" bgcolor="black" width="100%"><tr valign="top"><td bgcolor="#FFFFFF" colspan="1"> <a start_ctx_id="method:writeBytes(byte[])"/><a name="writeBytes(byte[])"/><h3> writeBytes </h3><pre>
public void <b>writeBytes</b>(byte[] x)
                throws <a href="../../../../java/sql/SQLException.html" title="class in java.sql">SQLException</a></pre><dl><dd>Writes an array of <code>bytes</code> in the Java programming language to this <code>SQLOutputImpl</code> object. The driver converts it to an SQL <code>VARBINARY</code> or <code>LONGVARBINARY</code> before returning it to the database.<p/>                             </dd><dd><dl> <dt> <b>Specified by: </b>   </dt><dd> <code><a href="../../../../java/sql/SQLOutput.html#writeBytes(byte[])">writeBytes</a></code> in interface <code><a href="../../../../java/sql/SQLOutput.html" title="interface in java.sql">SQLOutput</a></code>    </dd> </dl></dd><dd><dl> <dt> <b>Parameters:</b>   </dt><dd> <code>x</code> - the value to pass to the database         </dd> <dt> <b>Throws:</b>   </dt><dd> <code><a href="../../../../java/sql/SQLException.html" title="class in java.sql">SQLException</a></code> - if the <code>SQLOutputImpl</code> object is in use by a <code>SQLData</code> object attempting to write the attribute values of a UDT to the database.                         </dd>  </dl></dd></dl> <a end_ctx_id="method:writeBytes(byte[])"/>  </td></tr></table></td></tr></table><table border="0" cellpadding="1" cellspacing="0" width="100%"><tr><td><h3 class="ctxid">method:writeDate(java.sql.Date) [NONE]</h3></td></tr><tr><td><table border="0" cellpadding="5" cellspacing="1" bgcolor="black" width="100%"><tr valign="top"><td bgcolor="#FFFFFF" colspan="1"> <a start_ctx_id="method:writeDate(java.sql.Date)"/><a name="writeDate(java.sql.Date)"/><h3> writeDate </h3><pre>
public void <b>writeDate</b>(<a href="../../../../java/sql/Date.html" title="class in java.sql">Date</a> x)
               throws <a href="../../../../java/sql/SQLException.html" title="class in java.sql">SQLException</a></pre><dl><dd>Writes a <code>java.sql.Date</code> object in the Java programming language to this <code>SQLOutputImpl</code> object. The driver converts it to an SQL <code>DATE</code> before returning it to the database.<p/>                          </dd><dd><dl> <dt> <b>Specified by: </b>   </dt><dd> <code><a href="../../../../java/sql/SQLOutput.html#writeDate(java.sql.Date)">writeDate</a></code> in interface <code><a href="../../../../java/sql/SQLOutput.html" title="interface in java.sql">SQLOutput</a></code>    </dd> </dl></dd><dd><dl> <dt> <b>Parameters:</b>   </dt><dd> <code>x</code> - the value to pass to the database         </dd> <dt> <b>Throws:</b>   </dt><dd> <code><a href="../../../../java/sql/SQLException.html" title="class in java.sql">SQLException</a></code> - if the <code>SQLOutputImpl</code> object is in use by a <code>SQLData</code> object attempting to write the attribute values of a UDT to the database.                         </dd>  </dl></dd></dl> <a end_ctx_id="method:writeDate(java.sql.Date)"/>  </td></tr></table></td></tr></table><table border="0" cellpadding="1" cellspacing="0" width="100%"><tr><td><h3 class="ctxid">method:writeTime(java.sql.Time) [NONE]</h3></td></tr><tr><td><table border="0" cellpadding="5" cellspacing="1" bgcolor="black" width="100%"><tr valign="top"><td bgcolor="#FFFFFF" colspan="1"> <a start_ctx_id="method:writeTime(java.sql.Time)"/><a name="writeTime(java.sql.Time)"/><h3> writeTime </h3><pre>
public void <b>writeTime</b>(<a href="../../../../java/sql/Time.html" title="class in java.sql">Time</a> x)
               throws <a href="../../../../java/sql/SQLException.html" title="class in java.sql">SQLException</a></pre><dl><dd>Writes a <code>java.sql.Time</code> object in the Java programming language to this <code>SQLOutputImpl</code> object. The driver converts it to an SQL <code>TIME</code> before returning it to the database.<p/>                          </dd><dd><dl> <dt> <b>Specified by: </b>   </dt><dd> <code><a href="../../../../java/sql/SQLOutput.html#writeTime(java.sql.Time)">writeTime</a></code> in interface <code><a href="../../../../java/sql/SQLOutput.html" title="interface in java.sql">SQLOutput</a></code>    </dd> </dl></dd><dd><dl> <dt> <b>Parameters:</b>   </dt><dd> <code>x</code> - the value to pass to the database         </dd> <dt> <b>Throws:</b>   </dt><dd> <code><a href="../../../../java/sql/SQLException.html" title="class in java.sql">SQLException</a></code> - if the <code>SQLOutputImpl</code> object is in use by a <code>SQLData</code> object attempting to write the attribute values of a UDT to the database.                         </dd>  </dl></dd></dl> <a end_ctx_id="method:writeTime(java.sql.Time)"/>  </td></tr></table></td></tr></table><table border="0" cellpadding="1" cellspacing="0" width="100%"><tr><td><h3 class="ctxid">method:writeTimestamp(java.sql.Timestamp) [NONE]</h3></td></tr><tr><td><table border="0" cellpadding="5" cellspacing="1" bgcolor="black" width="100%"><tr valign="top"><td bgcolor="#FFFFFF" colspan="1"> <a start_ctx_id="method:writeTimestamp(java.sql.Timestamp)"/><a name="writeTimestamp(java.sql.Timestamp)"/><h3> writeTimestamp </h3><pre>
public void <b>writeTimestamp</b>(<a href="../../../../java/sql/Timestamp.html" title="class in java.sql">Timestamp</a> x)
                    throws <a href="../../../../java/sql/SQLException.html" title="class in java.sql">SQLException</a></pre><dl><dd>Writes a <code>java.sql.Timestamp</code> object in the Java programming language to this <code>SQLOutputImpl</code> object. The driver converts it to an SQL <code>TIMESTAMP</code> before returning it to the database.<p/>                          </dd><dd><dl> <dt> <b>Specified by: </b>   </dt><dd> <code><a href="../../../../java/sql/SQLOutput.html#writeTimestamp(java.sql.Timestamp)">writeTimestamp</a></code> in interface <code><a href="../../../../java/sql/SQLOutput.html" title="interface in java.sql">SQLOutput</a></code>    </dd> </dl></dd><dd><dl> <dt> <b>Parameters:</b>   </dt><dd> <code>x</code> - the value to pass to the database         </dd> <dt> <b>Throws:</b>   </dt><dd> <code><a href="../../../../java/sql/SQLException.html" title="class in java.sql">SQLException</a></code> - if the <code>SQLOutputImpl</code> object is in use by a <code>SQLData</code> object attempting to write the attribute values of a UDT to the database.                         </dd>  </dl></dd></dl> <a end_ctx_id="method:writeTimestamp(java.sql.Timestamp)"/>  </td></tr></table></td></tr></table><table border="0" cellpadding="1" cellspacing="0" width="100%"><tr><td><h3 class="ctxid">method:writeCharacterStream(java.io.Reader) [NONE]</h3></td></tr><tr><td><table border="0" cellpadding="5" cellspacing="1" bgcolor="black" width="100%"><tr valign="top"><td bgcolor="#FFFFFF" colspan="1"> <a start_ctx_id="method:writeCharacterStream(java.io.Reader)"/><a name="writeCharacterStream(java.io.Reader)"/><h3> writeCharacterStream </h3><pre>
public void <b>writeCharacterStream</b>(java.io.Reader x)
                          throws <a href="../../../../java/sql/SQLException.html" title="class in java.sql">SQLException</a></pre><dl><dd>Writes a stream of Unicode characters to this <code>SQLOutputImpl</code> object. The driver will do any necessary conversion from Unicode to the database <code>CHAR</code> format.<p/>                       </dd><dd><dl> <dt> <b>Specified by: </b>   </dt><dd> <code><a href="../../../../java/sql/SQLOutput.html#writeCharacterStream(java.io.Reader)">writeCharacterStream</a></code> in interface <code><a href="../../../../java/sql/SQLOutput.html" title="interface in java.sql">SQLOutput</a></code>    </dd> </dl></dd><dd><dl> <dt> <b>Parameters:</b>   </dt><dd> <code>x</code> - the value to pass to the database         </dd> <dt> <b>Throws:</b>   </dt><dd> <code><a href="../../../../java/sql/SQLException.html" title="class in java.sql">SQLException</a></code> - if the <code>SQLOutputImpl</code> object is in use by a <code>SQLData</code> object attempting to write the attribute values of a UDT to the database.                         </dd>  </dl></dd></dl> <a end_ctx_id="method:writeCharacterStream(java.io.Reader)"/>  </td></tr></table></td></tr></table><table border="0" cellpadding="1" cellspacing="0" width="100%"><tr><td><h3 class="ctxid">method:writeAsciiStream(java.io.InputStream) [NONE]</h3></td></tr><tr><td><table border="0" cellpadding="5" cellspacing="1" bgcolor="black" width="100%"><tr valign="top"><td bgcolor="#FFFFFF" colspan="1"> <a start_ctx_id="method:writeAsciiStream(java.io.InputStream)"/><a name="writeAsciiStream(java.io.InputStream)"/><h3> writeAsciiStream </h3><pre>
public void <b>writeAsciiStream</b>(java.io.InputStream x)
                      throws <a href="../../../../java/sql/SQLException.html" title="class in java.sql">SQLException</a></pre><dl><dd>Writes a stream of ASCII characters to this <code>SQLOutputImpl</code> object. The driver will do any necessary conversion from ASCII to the database <code>CHAR</code> format.<p/>                       </dd><dd><dl> <dt> <b>Specified by: </b>   </dt><dd> <code><a href="../../../../java/sql/SQLOutput.html#writeAsciiStream(java.io.InputStream)">writeAsciiStream</a></code> in interface <code><a href="../../../../java/sql/SQLOutput.html" title="interface in java.sql">SQLOutput</a></code>    </dd> </dl></dd><dd><dl> <dt> <b>Parameters:</b>   </dt><dd> <code>x</code> - the value to pass to the database         </dd> <dt> <b>Throws:</b>   </dt><dd> <code><a href="../../../../java/sql/SQLException.html" title="class in java.sql">SQLException</a></code> - if the <code>SQLOutputImpl</code> object is in use by a <code>SQLData</code> object attempting to write the attribute values of a UDT to the database.                         </dd>  </dl></dd></dl> <a end_ctx_id="method:writeAsciiStream(java.io.InputStream)"/>  </td></tr></table></td></tr></table><table border="0" cellpadding="1" cellspacing="0" width="100%"><tr><td><h3 class="ctxid">method:writeBinaryStream(java.io.InputStream) [NONE]</h3></td></tr><tr><td><table border="0" cellpadding="5" cellspacing="1" bgcolor="black" width="100%"><tr valign="top"><td bgcolor="#FFFFFF" colspan="1"> <a start_ctx_id="method:writeBinaryStream(java.io.InputStream)"/><a name="writeBinaryStream(java.io.InputStream)"/><h3> writeBinaryStream </h3><pre>
public void <b>writeBinaryStream</b>(java.io.InputStream x)
                       throws <a href="../../../../java/sql/SQLException.html" title="class in java.sql">SQLException</a></pre><dl><dd>Writes a stream of uninterpreted bytes to this <code>SQLOutputImpl</code> object.<p/>         </dd><dd><dl> <dt> <b>Specified by: </b>   </dt><dd> <code><a href="../../../../java/sql/SQLOutput.html#writeBinaryStream(java.io.InputStream)">writeBinaryStream</a></code> in interface <code><a href="../../../../java/sql/SQLOutput.html" title="interface in java.sql">SQLOutput</a></code>    </dd> </dl></dd><dd><dl> <dt> <b>Parameters:</b>   </dt><dd> <code>x</code> - the value to pass to the database         </dd> <dt> <b>Throws:</b>   </dt><dd> <code><a href="../../../../java/sql/SQLException.html" title="class in java.sql">SQLException</a></code> - if the <code>SQLOutputImpl</code> object is in use by a <code>SQLData</code> object attempting to write the attribute values of a UDT to the database.                         </dd>  </dl></dd></dl> <a end_ctx_id="method:writeBinaryStream(java.io.InputStream)"/>  </td></tr></table></td></tr></table><table border="0" cellpadding="1" cellspacing="0" width="100%"><tr><td><h3 class="ctxid">method:writeObject(java.sql.SQLData) [NONE]</h3></td></tr><tr><td><table border="0" cellpadding="5" cellspacing="1" bgcolor="black" width="100%"><tr valign="top"><td bgcolor="#FFFFFF" colspan="1"> <a start_ctx_id="method:writeObject(java.sql.SQLData)"/><a name="writeObject(java.sql.SQLData)"/><h3> writeObject </h3><pre>
public void <b>writeObject</b>(<a href="../../../../java/sql/SQLData.html" title="interface in java.sql">SQLData</a> x)
                 throws <a href="../../../../java/sql/SQLException.html" title="class in java.sql">SQLException</a></pre><dl><dd>Writes to the stream the data contained in the given <code>SQLData</code> object. When the <code>SQLData</code> object is <code>null</code>, this method writes an SQL <code>NULL</code> to the stream. Otherwise, it calls the <code>SQLData.writeSQL</code> method of the given object, which writes the object's attributes to the stream.<p> The implementation of the method <code>SQLData.writeSQ</code> calls the appropriate <code>SQLOutputImpl.writeXXX</code> method(s) for writing each of the object's attributes in order. The attributes must be read from an <code>SQLInput</code> input stream and written to an <code>SQLOutputImpl</code> output stream in the same order in which they were listed in the SQL definition of the user-defined type.                                                      </p><p/>                                            </dd><dd><dl> <dt> <b>Specified by: </b>   </dt><dd> <code><a href="../../../../java/sql/SQLOutput.html#writeObject(java.sql.SQLData)">writeObject</a></code> in interface <code><a href="../../../../java/sql/SQLOutput.html" title="interface in java.sql">SQLOutput</a></code>    </dd> </dl></dd><dd><dl> <dt> <b>Parameters:</b>   </dt><dd> <code>x</code> - the object representing data of an SQL structured or distinct type             </dd> <dt> <b>Throws:</b>   </dt><dd> <code><a href="../../../../java/sql/SQLException.html" title="class in java.sql">SQLException</a></code> - if the <code>SQLOutputImpl</code> object is in use by a <code>SQLData</code> object attempting to write the attribute values of a UDT to the database.                         </dd>  </dl></dd></dl> <a end_ctx_id="method:writeObject(java.sql.SQLData)"/>  </td></tr></table></td></tr></table><table border="0" cellpadding="1" cellspacing="0" width="100%"><tr><td><h3 class="ctxid">method:writeRef(java.sql.Ref) [NONE]</h3></td></tr><tr><td><table border="0" cellpadding="5" cellspacing="1" bgcolor="black" width="100%"><tr valign="top"><td bgcolor="#FFFFFF" colspan="1"> <a start_ctx_id="method:writeRef(java.sql.Ref)"/><a name="writeRef(java.sql.Ref)"/><h3> writeRef </h3><pre>
public void <b>writeRef</b>(<a href="../../../../java/sql/Ref.html" title="interface in java.sql">Ref</a> x)
              throws <a href="../../../../java/sql/SQLException.html" title="class in java.sql">SQLException</a></pre><dl><dd>Writes a <code>Ref</code> object in the Java programming language to this <code>SQLOutputImpl</code> object. The driver converts it to a serializable <code>SerialRef</code> SQL <code>REF</code> value before returning it to the database.<p/>                             </dd><dd><dl> <dt> <b>Specified by: </b>   </dt><dd> <code><a href="../../../../java/sql/SQLOutput.html#writeRef(java.sql.Ref)">writeRef</a></code> in interface <code><a href="../../../../java/sql/SQLOutput.html" title="interface in java.sql">SQLOutput</a></code>    </dd> </dl></dd><dd><dl> <dt> <b>Parameters:</b>   </dt><dd> <code>x</code> - an object representing an SQL <code>REF</code> value         </dd> <dt> <b>Throws:</b>   </dt><dd> <code><a href="../../../../java/sql/SQLException.html" title="class in java.sql">SQLException</a></code> - if the <code>SQLOutputImpl</code> object is in use by a <code>SQLData</code> object attempting to write the attribute values of a UDT to the database.                         </dd>  </dl></dd></dl> <a end_ctx_id="method:writeRef(java.sql.Ref)"/>  </td></tr></table></td></tr></table><table border="0" cellpadding="1" cellspacing="0" width="100%"><tr><td><h3 class="ctxid">method:writeBlob(java.sql.Blob) [NONE]</h3></td></tr><tr><td><table border="0" cellpadding="5" cellspacing="1" bgcolor="black" width="100%"><tr valign="top"><td bgcolor="#FFFFFF" colspan="1"> <a start_ctx_id="method:writeBlob(java.sql.Blob)"/><a name="writeBlob(java.sql.Blob)"/><h3> writeBlob </h3><pre>
public void <b>writeBlob</b>(<a href="../../../../java/sql/Blob.html" title="interface in java.sql">Blob</a> x)
               throws <a href="../../../../java/sql/SQLException.html" title="class in java.sql">SQLException</a></pre><dl><dd>Writes a <code>Blob</code> object in the Java programming language to this <code>SQLOutputImpl</code> object. The driver converts it to a serializable <code>SerialBlob</code> SQL <code>BLOB</code> value before returning it to the database.<p/>                             </dd><dd><dl> <dt> <b>Specified by: </b>   </dt><dd> <code><a href="../../../../java/sql/SQLOutput.html#writeBlob(java.sql.Blob)">writeBlob</a></code> in interface <code><a href="../../../../java/sql/SQLOutput.html" title="interface in java.sql">SQLOutput</a></code>    </dd> </dl></dd><dd><dl> <dt> <b>Parameters:</b>   </dt><dd> <code>x</code> - an object representing an SQL <code>BLOB</code> value         </dd> <dt> <b>Throws:</b>   </dt><dd> <code><a href="../../../../java/sql/SQLException.html" title="class in java.sql">SQLException</a></code> - if the <code>SQLOutputImpl</code> object is in use by a <code>SQLData</code> object attempting to write the attribute values of a UDT to the database.                         </dd>  </dl></dd></dl> <a end_ctx_id="method:writeBlob(java.sql.Blob)"/>  </td></tr></table></td></tr></table><table border="0" cellpadding="1" cellspacing="0" width="100%"><tr><td><h3 class="ctxid">method:writeClob(java.sql.Clob) [NONE]</h3></td></tr><tr><td><table border="0" cellpadding="5" cellspacing="1" bgcolor="black" width="100%"><tr valign="top"><td bgcolor="#FFFFFF" colspan="1"> <a start_ctx_id="method:writeClob(java.sql.Clob)"/><a name="writeClob(java.sql.Clob)"/><h3> writeClob </h3><pre>
public void <b>writeClob</b>(<a href="../../../../java/sql/Clob.html" title="interface in java.sql">Clob</a> x)
               throws <a href="../../../../java/sql/SQLException.html" title="class in java.sql">SQLException</a></pre><dl><dd>Writes a <code>Clob</code> object in the Java programming language to this <code>SQLOutputImpl</code> object. The driver converts it to a serializable <code>SerialClob</code> SQL <code>CLOB</code> value before returning it to the database.<p/>                             </dd><dd><dl> <dt> <b>Specified by: </b>   </dt><dd> <code><a href="../../../../java/sql/SQLOutput.html#writeClob(java.sql.Clob)">writeClob</a></code> in interface <code><a href="../../../../java/sql/SQLOutput.html" title="interface in java.sql">SQLOutput</a></code>    </dd> </dl></dd><dd><dl> <dt> <b>Parameters:</b>   </dt><dd> <code>x</code> - an object representing an SQL <code>CLOB</code> value         </dd> <dt> <b>Throws:</b>   </dt><dd> <code><a href="../../../../java/sql/SQLException.html" title="class in java.sql">SQLException</a></code> - if the <code>SQLOutputImpl</code> object is in use by a <code>SQLData</code> object attempting to write the attribute values of a UDT to the database.                         </dd>  </dl></dd></dl> <a end_ctx_id="method:writeClob(java.sql.Clob)"/>  </td></tr></table></td></tr></table><table border="0" cellpadding="1" cellspacing="0" width="100%"><tr><td><h3 class="ctxid">method:writeStruct(java.sql.Struct) [NONE]</h3></td></tr><tr><td><table border="0" cellpadding="5" cellspacing="1" bgcolor="black" width="100%"><tr valign="top"><td bgcolor="#FFFFFF" colspan="1"> <a start_ctx_id="method:writeStruct(java.sql.Struct)"/><a name="writeStruct(java.sql.Struct)"/><h3> writeStruct </h3><pre>
public void <b>writeStruct</b>(<a href="../../../../java/sql/Struct.html" title="interface in java.sql">Struct</a> x)
                 throws <a href="../../../../java/sql/SQLException.html" title="class in java.sql">SQLException</a></pre><dl><dd>Writes a <code>Struct</code> object in the Java programming language to this <code>SQLOutputImpl</code> object. The driver converts this value to an SQL structured type before returning it to the database.<p> This method should be used when an SQL structured type has been mapped to a <code>Struct</code> object in the Java programming language (the standard mapping). The method <code>writeObject</code> should be used if an SQL structured type has been custom mapped to a class in the Java programming language.                                                </p><p/>                            </dd><dd><dl> <dt> <b>Specified by: </b>   </dt><dd> <code><a href="../../../../java/sql/SQLOutput.html#writeStruct(java.sql.Struct)">writeStruct</a></code> in interface <code><a href="../../../../java/sql/SQLOutput.html" title="interface in java.sql">SQLOutput</a></code>    </dd> </dl></dd><dd><dl> <dt> <b>Parameters:</b>   </dt><dd> <code>x</code> - an object representing the attributes of an SQL structured type            </dd> <dt> <b>Throws:</b>   </dt><dd> <code><a href="../../../../java/sql/SQLException.html" title="class in java.sql">SQLException</a></code> - if the <code>SQLOutputImpl</code> object is in use by a <code>SQLData</code> object attempting to write the attribute values of a UDT to the database.                         </dd>  </dl></dd></dl> <a end_ctx_id="method:writeStruct(java.sql.Struct)"/>  </td></tr></table></td></tr></table><table border="0" cellpadding="1" cellspacing="0" width="100%"><tr><td><h3 class="ctxid">method:writeArray(java.sql.Array) [NONE]</h3></td></tr><tr><td><table border="0" cellpadding="5" cellspacing="1" bgcolor="black" width="100%"><tr valign="top"><td bgcolor="#FFFFFF" colspan="1"> <a start_ctx_id="method:writeArray(java.sql.Array)"/><a name="writeArray(java.sql.Array)"/><h3> writeArray </h3><pre>
public void <b>writeArray</b>(<a href="../../../../java/sql/Array.html" title="interface in java.sql">Array</a> x)
                throws <a href="../../../../java/sql/SQLException.html" title="class in java.sql">SQLException</a></pre><dl><dd>Writes an <code>Array</code> object in the Java programming language to this <code>SQLOutputImpl</code> object. The driver converts this value to a serializable <code>SerialArray</code> SQL <code>ARRAY</code> value before returning it to the database.<p/>                              </dd><dd><dl> <dt> <b>Specified by: </b>   </dt><dd> <code><a href="../../../../java/sql/SQLOutput.html#writeArray(java.sql.Array)">writeArray</a></code> in interface <code><a href="../../../../java/sql/SQLOutput.html" title="interface in java.sql">SQLOutput</a></code>    </dd> </dl></dd><dd><dl> <dt> <b>Parameters:</b>   </dt><dd> <code>x</code> - an object representing an SQL <code>ARRAY</code> value         </dd> <dt> <b>Throws:</b>   </dt><dd> <code><a href="../../../../java/sql/SQLException.html" title="class in java.sql">SQLException</a></code> - if the <code>SQLOutputImpl</code> object is in use by a <code>SQLData</code> object attempting to write the attribute values of a UDT to the database.                         </dd>  </dl></dd></dl> <a end_ctx_id="method:writeArray(java.sql.Array)"/>  </td></tr></table></td></tr></table><table border="0" cellpadding="1" cellspacing="0" width="100%"><tr><td><h3 class="ctxid">method:writeURL(java.net.URL) [NONE]</h3></td></tr><tr><td><table border="0" cellpadding="5" cellspacing="1" bgcolor="black" width="100%"><tr valign="top"><td bgcolor="#FFFFFF" colspan="1"> <a start_ctx_id="method:writeURL(java.net.URL)"/><a name="writeURL(java.net.URL)"/><h3> writeURL </h3><pre>
public void <b>writeURL</b>(java.net.URL url)
              throws <a href="../../../../java/sql/SQLException.html" title="class in java.sql">SQLException</a></pre><dl><dd>Writes an <code>java.sql.Type.DATALINK</code> object in the Java programming language to this <code>SQLOutputImpl</code> object. The driver converts this value to a serializable <code>SerialDatalink</code> SQL <code>DATALINK</code> value before return it to the database.<p/>                              </dd><dd><dl> <dt> <b>Specified by: </b>   </dt><dd> <code><a href="../../../../java/sql/SQLOutput.html#writeURL(java.net.URL)">writeURL</a></code> in interface <code><a href="../../../../java/sql/SQLOutput.html" title="interface in java.sql">SQLOutput</a></code>    </dd> </dl></dd><dd><dl> <dt> <b>Parameters:</b>   </dt><dd> <code>url</code> - an object representing a SQL <code>DATALINK</code> value         </dd> <dt> <b>Throws:</b>   </dt><dd> <code><a href="../../../../java/sql/SQLException.html" title="class in java.sql">SQLException</a></code> - if the <code>SQLOutputImpl</code> object is in use by a <code>SQLData</code> object attempting to write the attribute values of a UDT to the database.                         </dd>  </dl></dd></dl> <a end_ctx_id="method:writeURL(java.net.URL)"/>  </td></tr></table></td></tr></table><table border="0" cellpadding="1" cellspacing="0" width="100%"><tr><td><h3 class="ctxid">method:writeNString(java.lang.String) [NONE]</h3></td></tr><tr><td><table border="0" cellpadding="5" cellspacing="1" bgcolor="black" width="100%"><tr valign="top"><td bgcolor="#FFFFFF" colspan="1"> <a start_ctx_id="method:writeNString(java.lang.String)"/><a name="writeNString(java.lang.String)"/><h3> writeNString </h3><pre>
public void <b>writeNString</b>(java.lang.String x)
                  throws <a href="../../../../java/sql/SQLException.html" title="class in java.sql">SQLException</a></pre><dl><dd>Writes the next attribute to the stream as a <code>String</code> in the Java programming language. The driver converts this to a SQL <code>NCHAR</code> or <code>NVARCHAR</code> or <code>LONGNVARCHAR</code> value (depending on the argument's size relative to the driver's limits on <code>NVARCHAR</code> values) when it sends it to the stream.<p/>                                               </dd><dd><dl> <dt> <b>Specified by: </b>   </dt><dd> <code><a href="../../../../java/sql/SQLOutput.html#writeNString(java.lang.String)">writeNString</a></code> in interface <code><a href="../../../../java/sql/SQLOutput.html" title="interface in java.sql">SQLOutput</a></code>    </dd> </dl></dd><dd><dl> <dt> <b>Parameters:</b>   </dt><dd> <code>x</code> - the value to pass to the database         </dd> <dt> <b>Throws:</b>   </dt><dd> <code><a href="../../../../java/sql/SQLException.html" title="class in java.sql">SQLException</a></code> - if a database access error occurs        </dd> <dt> <b>Since:</b>   </dt><dd>1.6</dd>   </dl></dd></dl> <a end_ctx_id="method:writeNString(java.lang.String)"/>  </td></tr></table></td></tr></table><table border="0" cellpadding="1" cellspacing="0" width="100%"><tr><td><h3 class="ctxid">method:writeNClob(java.sql.NClob) [NONE]</h3></td></tr><tr><td><table border="0" cellpadding="5" cellspacing="1" bgcolor="black" width="100%"><tr valign="top"><td bgcolor="#FFFFFF" colspan="1"> <a start_ctx_id="method:writeNClob(java.sql.NClob)"/><a name="writeNClob(java.sql.NClob)"/><h3> writeNClob </h3><pre>
public void <b>writeNClob</b>(<a href="../../../../java/sql/NClob.html" title="interface in java.sql">NClob</a> x)
                throws <a href="../../../../java/sql/SQLException.html" title="class in java.sql">SQLException</a></pre><dl><dd>Writes an SQL <code>NCLOB</code> value to the stream.<p/>       </dd><dd><dl> <dt> <b>Specified by: </b>   </dt><dd> <code><a href="../../../../java/sql/SQLOutput.html#writeNClob(java.sql.NClob)">writeNClob</a></code> in interface <code><a href="../../../../java/sql/SQLOutput.html" title="interface in java.sql">SQLOutput</a></code>    </dd> </dl></dd><dd><dl> <dt> <b>Parameters:</b>   </dt><dd> <code>x</code> - a <code>NClob</code> object representing data of an SQL <code>NCLOB</code> value            </dd> <dt> <b>Throws:</b>   </dt><dd> <code><a href="../../../../java/sql/SQLException.html" title="class in java.sql">SQLException</a></code> - if a database access error occurs        </dd> <dt> <b>Since:</b>   </dt><dd>1.6</dd>   </dl></dd></dl> <a end_ctx_id="method:writeNClob(java.sql.NClob)"/>  </td></tr></table></td></tr></table><table border="0" cellpadding="1" cellspacing="0" width="100%"><tr><td><h3 class="ctxid">method:writeRowId(java.sql.RowId) [NONE]</h3></td></tr><tr><td><table border="0" cellpadding="5" cellspacing="1" bgcolor="black" width="100%"><tr valign="top"><td bgcolor="#FFFFFF" colspan="1"> <a start_ctx_id="method:writeRowId(java.sql.RowId)"/><a name="writeRowId(java.sql.RowId)"/><h3> writeRowId </h3><pre>
public void <b>writeRowId</b>(<a href="../../../../java/sql/RowId.html" title="interface in java.sql">RowId</a> x)
                throws <a href="../../../../java/sql/SQLException.html" title="class in java.sql">SQLException</a></pre><dl><dd>Writes an SQL <code>ROWID</code> value to the stream.<p/>       </dd><dd><dl> <dt> <b>Specified by: </b>   </dt><dd> <code><a href="../../../../java/sql/SQLOutput.html#writeRowId(java.sql.RowId)">writeRowId</a></code> in interface <code><a href="../../../../java/sql/SQLOutput.html" title="interface in java.sql">SQLOutput</a></code>    </dd> </dl></dd><dd><dl> <dt> <b>Parameters:</b>   </dt><dd> <code>x</code> - a <code>RowId</code> object representing data of an SQL <code>ROWID</code> value            </dd> <dt> <b>Throws:</b>   </dt><dd> <code><a href="../../../../java/sql/SQLException.html" title="class in java.sql">SQLException</a></code> - if a database access error occurs        </dd> <dt> <b>Since:</b>   </dt><dd>1.6</dd>   </dl></dd></dl> <a end_ctx_id="method:writeRowId(java.sql.RowId)"/>  </td></tr></table></td></tr></table><table border="0" cellpadding="1" cellspacing="0" width="100%"><tr><td><h3 class="ctxid">method:writeSQLXML(java.sql.SQLXML) [NONE]</h3></td></tr><tr><td><table border="0" cellpadding="5" cellspacing="1" bgcolor="black" width="100%"><tr valign="top"><td bgcolor="#FFFFFF" colspan="1"> <a start_ctx_id="method:writeSQLXML(java.sql.SQLXML)"/><a name="writeSQLXML(java.sql.SQLXML)"/><h3> writeSQLXML </h3><pre>
public void <b>writeSQLXML</b>(<a href="../../../../java/sql/SQLXML.html" title="interface in java.sql">SQLXML</a> x)
                 throws <a href="../../../../java/sql/SQLException.html" title="class in java.sql">SQLException</a></pre><dl><dd>Writes an SQL <code>XML</code> value to the stream.<p/>       </dd><dd><dl> <dt> <b>Specified by: </b>   </dt><dd> <code><a href="../../../../java/sql/SQLOutput.html#writeSQLXML(java.sql.SQLXML)">writeSQLXML</a></code> in interface <code><a href="../../../../java/sql/SQLOutput.html" title="interface in java.sql">SQLOutput</a></code>    </dd> </dl></dd><dd><dl> <dt> <b>Parameters:</b>   </dt><dd> <code>x</code> - a <code>SQLXML</code> object representing data of an SQL <code>XML</code> value            </dd> <dt> <b>Throws:</b>   </dt><dd> <code><a href="../../../../java/sql/SQLException.html" title="class in java.sql">SQLException</a></code> - if a database access error occurs        </dd> <dt> <b>Since:</b>   </dt><dd>1.6</dd>   </dl></dd></dl> <a end_ctx_id="method:writeSQLXML(java.sql.SQLXML)"/>  </td></tr></table></td></tr></table></diff></diffreport>