<?xml version="1.0" encoding="UTF-8" standalone="yes"?><Document><name>javax/sql/rowset/serial/SQLOutputImpl.spec</name><Context><name>class:SQLOutputImpl</name><mt>NONE</mt></Context><Context><name>constructor:SQLOutputImpl(java.util.Vector, java.util.Map)</name><mt>NONE</mt></Context><Context><name>method:writeArray(java.sql.Array)</name><mt>NONE</mt></Context><Context><name>method:writeAsciiStream(java.io.InputStream)</name><mt>NONE</mt></Context><Context><name>method:writeBigDecimal(java.math.BigDecimal)</name><mt>NONE</mt></Context><Context><name>method:writeBinaryStream(java.io.InputStream)</name><mt>NONE</mt></Context><Context><name>method:writeBlob(java.sql.Blob)</name><mt>NONE</mt></Context><Context><name>method:writeBoolean(boolean)</name><mt>NONE</mt></Context><Context><name>method:writeByte(byte)</name><mt>NONE</mt></Context><Context><name>method:writeBytes(byte[])</name><mt>NONE</mt></Context><Context><name>method:writeCharacterStream(java.io.Reader)</name><mt>NONE</mt></Context><Context><name>method:writeClob(java.sql.Clob)</name><mt>NONE</mt></Context><Context><name>method:writeDate(java.sql.Date)</name><mt>NONE</mt></Context><Context><name>method:writeDouble(double)</name><mt>NONE</mt></Context><Context><name>method:writeFloat(float)</name><mt>NONE</mt></Context><Context><name>method:writeInt(int)</name><mt>NONE</mt></Context><Context><name>method:writeLong(long)</name><mt>NONE</mt></Context><Context><name>method:writeNClob(java.sql.NClob)</name><mt>NONE</mt></Context><Context><name>method:writeNString(java.lang.String)</name><mt>NONE</mt></Context><Context><name>method:writeObject(java.sql.SQLData)</name><mt>NONE</mt></Context><Context><name>method:writeRef(java.sql.Ref)</name><mt>NONE</mt></Context><Context><name>method:writeRowId(java.sql.RowId)</name><mt>NONE</mt></Context><Context><name>method:writeSQLXML(java.sql.SQLXML)</name><mt>NONE</mt></Context><Context><name>method:writeShort(short)</name><mt>NONE</mt></Context><Context><name>method:writeString(java.lang.String)</name><mt>NONE</mt></Context><Context><name>method:writeStruct(java.sql.Struct)</name><mt>NONE</mt></Context><Context><name>method:writeTime(java.sql.Time)</name><mt>NONE</mt></Context><Context><name>method:writeTimestamp(java.sql.Timestamp)</name><mt>NONE</mt></Context><Context><name>method:writeURL(java.net.URL)</name><mt>NONE</mt></Context><Stat><name>javax/sql/rowset/serial/SQLOutputImpl.spec</name><mt>NONE</mt><Group name="context"><Item count="0" name="ADDED"/><Item count="0" name="REMOVED"/><Item count="0" name="CHANGED"/><Item count="0" name="MODIFIED"/><Item count="29" name="TOTAL"/></Group><Group name="assertion"><Item count="0" name="ADDED"/><Item count="0" name="REMOVED"/><Item count="0" name="CHANGED"/><Item count="0" name="MODIFIED"/><Item count="0" name="TOTAL"/></Group></Stat></Document>