<?xml version="1.0" encoding="UTF-8"?><diffreport><diff><table border="0" cellpadding="1" cellspacing="0" width="100%"><tr><td><h3 class="ctxid">class:Array [NONE]</h3></td></tr><tr><td><table border="0" cellpadding="5" cellspacing="1" bgcolor="black" width="100%"><tr valign="top"><td bgcolor="#FFFFFF" colspan="1"> <a start_ctx_id="class:Array"/><dl> <dt><pre>public interface <b>Array</b></pre>  </dt> </dl><p> The mapping in the Java programming language for the SQL type <code>ARRAY</code>. By default, an <code>Array</code> value is a transaction-duration reference to an SQL <code>ARRAY</code> value. By default, an <code>Array</code> object is implemented using an SQL LOCATOR(array) internally, which means that an <code>Array</code> object contains a logical pointer to the data in the SQL <code>ARRAY</code> value rather than containing the <code>ARRAY</code> value's data.                                                               </p><p> The <code>Array</code> interface provides methods for bringing an SQL <code>ARRAY</code> value's data to the client as either an array or a <code>ResultSet</code> object. If the elements of the SQL <code>ARRAY</code> are a UDT, they may be custom mapped. To create a custom mapping, a programmer must do two things:<ul><li>create a class that implements the <a href="../../java/sql/SQLData.html" title="interface in java.sql"><code>SQLData</code></a> interface for the UDT to be custom mapped.              </li><li>make an entry in a type map that contains<ul><li>the fully-qualified SQL type name of the UDT       </li><li>the <code>Class</code> object for the class implementing <code>SQLData</code>       </li></ul>        </li></ul>                                                 </p><p> When a type map with an entry for the base type is supplied to the methods <code>getArray</code> and <code>getResultSet</code>, the mapping it contains will be used to map the elements of the <code>ARRAY</code> value. If no type map is supplied, which would typically be the case, the connection's type map is used by default. If the connection's type map or a type map supplied to a method has no entry for the base type, the elements are mapped according to the standard mapping.                                                                                   </p><p> All methods on the <code>Array</code> interface must be fully implemented if the JDBC driver supports the data type.                  </p><p/><p><dl> <dt> <b>Since:</b>   </dt><dd>1.2</dd> </dl> <a end_ctx_id="class:Array"/> </p> </td></tr></table></td></tr></table><table border="0" cellpadding="1" cellspacing="0" width="100%"><tr><td><h3 class="ctxid">method:getBaseTypeName() [NONE]</h3></td></tr><tr><td><table border="0" cellpadding="5" cellspacing="1" bgcolor="black" width="100%"><tr valign="top"><td bgcolor="#FFFFFF" colspan="1"> <a start_ctx_id="method:getBaseTypeName()"/><a name="getBaseTypeName()"/><h3> getBaseTypeName </h3><pre>
java.lang.String <b>getBaseTypeName</b>()
                                 throws <a href="../../java/sql/SQLException.html" title="class in java.sql">SQLException</a></pre><dl><dd>Retrieves the SQL type name of the elements in the array designated by this <code>Array</code> object. If the elements are a built-in type, it returns the database-specific type name of the elements. If the elements are a user-defined type (UDT), this method returns the fully-qualified SQL type name.<p/>                                               </dd><dd><dl> <dt> <b>Returns:</b>   </dt><dd>a <code>String</code> that is the database-specific name for a built-in base type; or the fully-qualified SQL type name for a base type that is a UDT                         </dd> <dt> <b>Throws:</b>   </dt><dd> <code><a href="../../java/sql/SQLException.html" title="class in java.sql">SQLException</a></code> - if an error occurs while attempting to access the type name             </dd><dd> <code><a href="../../java/sql/SQLFeatureNotSupportedException.html" title="class in java.sql">SQLFeatureNotSupportedException</a></code> - if the JDBC driver does not support this method           </dd> <dt> <b>Since:</b>   </dt><dd>1.2</dd>   </dl></dd></dl> <a end_ctx_id="method:getBaseTypeName()"/>  </td></tr></table></td></tr></table><table border="0" cellpadding="1" cellspacing="0" width="100%"><tr><td><h3 class="ctxid">method:getBaseType() [NONE]</h3></td></tr><tr><td><table border="0" cellpadding="5" cellspacing="1" bgcolor="black" width="100%"><tr valign="top"><td bgcolor="#FFFFFF" colspan="1"> <a start_ctx_id="method:getBaseType()"/><a name="getBaseType()"/><h3> getBaseType </h3><pre>
int <b>getBaseType</b>()
                throws <a href="../../java/sql/SQLException.html" title="class in java.sql">SQLException</a></pre><dl><dd>Retrieves the JDBC type of the elements in the array designated by this <code>Array</code> object.<p/>              </dd><dd><dl> <dt> <b>Returns:</b>   </dt><dd>a constant from the class <a href="../../java/sql/Types.html" title="class in java.sql"><code>Types</code></a> that is the type code for the elements in the array designated by this <code>Array</code> object                     </dd> <dt> <b>Throws:</b>   </dt><dd> <code><a href="../../java/sql/SQLException.html" title="class in java.sql">SQLException</a></code> - if an error occurs while attempting to access the base type             </dd><dd> <code><a href="../../java/sql/SQLFeatureNotSupportedException.html" title="class in java.sql">SQLFeatureNotSupportedException</a></code> - if the JDBC driver does not support this method           </dd> <dt> <b>Since:</b>   </dt><dd>1.2</dd>   </dl></dd></dl> <a end_ctx_id="method:getBaseType()"/>  </td></tr></table></td></tr></table><table border="0" cellpadding="1" cellspacing="0" width="100%"><tr><td><h3 class="ctxid">method:getArray() [NONE]</h3></td></tr><tr><td><table border="0" cellpadding="5" cellspacing="1" bgcolor="black" width="100%"><tr valign="top"><td bgcolor="#FFFFFF" colspan="1"> <a start_ctx_id="method:getArray()"/><a name="getArray()"/><h3> getArray </h3><pre>
java.lang.Object <b>getArray</b>()
                          throws <a href="../../java/sql/SQLException.html" title="class in java.sql">SQLException</a></pre><dl><dd>Retrieves the contents of the SQL <code>ARRAY</code> value designated by this <code>Array</code> object in the form of an array in the Java programming language. This version of the method <code>getArray</code> uses the type map associated with the connection for customizations of the type mappings.<p> <strong>Note:</strong> When <code>getArray</code> is used to materialize a base type that maps to a primitive data type, then it is implementation-defined whether the array returned is an array of that primitive data type or an array of <code>Object</code>.                                      </p><p/>                                           </dd><dd><dl> <dt> <b>Returns:</b>   </dt><dd>an array in the Java programming language that contains the ordered elements of the SQL <code>ARRAY</code> value designated by this <code>Array</code> object                     </dd> <dt> <b>Throws:</b>   </dt><dd> <code><a href="../../java/sql/SQLException.html" title="class in java.sql">SQLException</a></code> - if an error occurs while attempting to access the array            </dd><dd> <code><a href="../../java/sql/SQLFeatureNotSupportedException.html" title="class in java.sql">SQLFeatureNotSupportedException</a></code> - if the JDBC driver does not support this method           </dd> <dt> <b>Since:</b>   </dt><dd>1.2</dd>   </dl></dd></dl> <a end_ctx_id="method:getArray()"/>  </td></tr></table></td></tr></table><table border="0" cellpadding="1" cellspacing="0" width="100%"><tr><td><h3 class="ctxid">method:getArray(java.util.Map) [NONE]</h3></td></tr><tr><td><table border="0" cellpadding="5" cellspacing="1" bgcolor="black" width="100%"><tr valign="top"><td bgcolor="#FFFFFF" colspan="1"> <a start_ctx_id="method:getArray(java.util.Map)"/><a name="getArray(java.util.Map)"/><h3> getArray </h3><pre>
java.lang.Object <b>getArray</b>(java.util.Map&lt;java.lang.String,java.lang.Class&lt;?&gt;&gt; map)
                          throws <a href="../../java/sql/SQLException.html" title="class in java.sql">SQLException</a></pre><dl><dd>Retrieves the contents of the SQL <code>ARRAY</code> value designated by this <code>Array</code> object. This method uses the specified <code>map</code> for type map customizations unless the base type of the array does not match a user-defined type in <code>map</code>, in which case it uses the standard mapping. This version of the method <code>getArray</code> uses either the given type map or the standard mapping; it never uses the type map associated with the connection.<p> <strong>Note:</strong> When <code>getArray</code> is used to materialize a base type that maps to a primitive data type, then it is implementation-defined whether the array returned is an array of that primitive data type or an array of <code>Object</code>.                                      </p><p/>                                                                       </dd><dd><dl> <dt> <b>Parameters:</b>   </dt><dd> <code>map</code> - a <code>java.util.Map</code> object that contains mappings of SQL type names to classes in the Java programming language                   </dd> <dt> <b>Returns:</b>   </dt><dd>an array in the Java programming language that contains the ordered elements of the SQL array designated by this object                   </dd> <dt> <b>Throws:</b>   </dt><dd> <code><a href="../../java/sql/SQLException.html" title="class in java.sql">SQLException</a></code> - if an error occurs while attempting to access the array            </dd><dd> <code><a href="../../java/sql/SQLFeatureNotSupportedException.html" title="class in java.sql">SQLFeatureNotSupportedException</a></code> - if the JDBC driver does not support this method           </dd> <dt> <b>Since:</b>   </dt><dd>1.2</dd>    </dl></dd></dl> <a end_ctx_id="method:getArray(java.util.Map)"/>  </td></tr></table></td></tr></table><table border="0" cellpadding="1" cellspacing="0" width="100%"><tr><td><h3 class="ctxid">method:getArray(long, int) [NONE]</h3></td></tr><tr><td><table border="0" cellpadding="5" cellspacing="1" bgcolor="black" width="100%"><tr valign="top"><td bgcolor="#FFFFFF" colspan="1"> <a start_ctx_id="method:getArray(long, int)"/><a name="getArray(long, int)"/><h3> getArray </h3><pre>
java.lang.Object <b>getArray</b>(long index,
                          int count)
                          throws <a href="../../java/sql/SQLException.html" title="class in java.sql">SQLException</a></pre><dl><dd>Retrieves a slice of the SQL <code>ARRAY</code> value designated by this <code>Array</code> object, beginning with the specified <code>index</code> and containing up to <code>count</code> successive elements of the SQL array. This method uses the type map associated with the connection for customizations of the type mappings.<p> <strong>Note:</strong> When <code>getArray</code> is used to materialize a base type that maps to a primitive data type, then it is implementation-defined whether the array returned is an array of that primitive data type or an array of <code>Object</code>.                                      </p><p/>                                            </dd><dd><dl> <dt> <b>Parameters:</b>   </dt><dd> <code>index</code> - the array index of the first element to retrieve; the first element is at index 1                  </dd><dd> <code>count</code> - the number of successive SQL array elements to retrieve           </dd> <dt> <b>Returns:</b>   </dt><dd>an array containing up to <code>count</code> consecutive elements of the SQL array, beginning with element <code>index</code>               </dd> <dt> <b>Throws:</b>   </dt><dd> <code><a href="../../java/sql/SQLException.html" title="class in java.sql">SQLException</a></code> - if an error occurs while attempting to access the array            </dd><dd> <code><a href="../../java/sql/SQLFeatureNotSupportedException.html" title="class in java.sql">SQLFeatureNotSupportedException</a></code> - if the JDBC driver does not support this method           </dd> <dt> <b>Since:</b>   </dt><dd>1.2</dd>    </dl></dd></dl> <a end_ctx_id="method:getArray(long, int)"/>  </td></tr></table></td></tr></table><table border="0" cellpadding="1" cellspacing="0" width="100%"><tr><td><h3 class="ctxid">method:getArray(long, int, java.util.Map) [NONE]</h3></td></tr><tr><td><table border="0" cellpadding="5" cellspacing="1" bgcolor="black" width="100%"><tr valign="top"><td bgcolor="#FFFFFF" colspan="1"> <a start_ctx_id="method:getArray(long, int, java.util.Map)"/><a name="getArray(long, int, java.util.Map)"/><h3> getArray </h3><pre>
java.lang.Object <b>getArray</b>(long index,
                          int count,
                          java.util.Map&lt;java.lang.String,java.lang.Class&lt;?&gt;&gt; map)
                          throws <a href="../../java/sql/SQLException.html" title="class in java.sql">SQLException</a></pre><dl><dd>Retreives a slice of the SQL <code>ARRAY</code> value designated by this <code>Array</code> object, beginning with the specified <code>index</code> and containing up to <code>count</code> successive elements of the SQL array.<p> This method uses the specified <code>map</code> for type map customizations unless the base type of the array does not match a user-defined type in <code>map</code>, in which case it uses the standard mapping. This version of the method <code>getArray</code> uses either the given type map or the standard mapping; it never uses the type map associated with the connection.                                                           </p><p> <strong>Note:</strong> When <code>getArray</code> is used to materialize a base type that maps to a primitive data type, then it is implementation-defined whether the array returned is an array of that primitive data type or an array of <code>Object</code>.                                      </p><p/>                            </dd><dd><dl> <dt> <b>Parameters:</b>   </dt><dd> <code>index</code> - the array index of the first element to retrieve; the first element is at index 1                  </dd><dd> <code>count</code> - the number of successive SQL array elements to retrieve           </dd><dd> <code>map</code> - a <code>java.util.Map</code> object that contains SQL type names and the classes in the Java programming language to which they are mapped                       </dd> <dt> <b>Returns:</b>   </dt><dd>an array containing up to <code>count</code> consecutive elements of the SQL <code>ARRAY</code> value designated by this <code>Array</code> object, beginning with element <code>index</code>                     </dd> <dt> <b>Throws:</b>   </dt><dd> <code><a href="../../java/sql/SQLException.html" title="class in java.sql">SQLException</a></code> - if an error occurs while attempting to access the array            </dd><dd> <code><a href="../../java/sql/SQLFeatureNotSupportedException.html" title="class in java.sql">SQLFeatureNotSupportedException</a></code> - if the JDBC driver does not support this method           </dd> <dt> <b>Since:</b>   </dt><dd>1.2</dd>    </dl></dd></dl> <a end_ctx_id="method:getArray(long, int, java.util.Map)"/>  </td></tr></table></td></tr></table><table border="0" cellpadding="1" cellspacing="0" width="100%"><tr><td><h3 class="ctxid">method:getResultSet() [NONE]</h3></td></tr><tr><td><table border="0" cellpadding="5" cellspacing="1" bgcolor="black" width="100%"><tr valign="top"><td bgcolor="#FFFFFF" colspan="1"> <a start_ctx_id="method:getResultSet()"/><a name="getResultSet()"/><h3> getResultSet </h3><pre>

<a href="../../java/sql/ResultSet.html" title="interface in java.sql">ResultSet</a><b>getResultSet</b>()
                       throws <a href="../../java/sql/SQLException.html" title="class in java.sql">SQLException</a></pre><dl><dd>Retrieves a result set that contains the elements of the SQL <code>ARRAY</code> value designated by this <code>Array</code> object. If appropriate, the elements of the array are mapped using the connection's type map; otherwise, the standard mapping is used.<p> The result set contains one row for each array element, with two columns in each row. The second column stores the element value; the first column stores the index into the array for that element (with the first array element being at index 1). The rows are in ascending order corresponding to the order of the indices.                                                         </p><p/>                                     </dd><dd><dl> <dt> <b>Returns:</b>   </dt><dd>a <a href="../../java/sql/ResultSet.html" title="interface in java.sql"><code>ResultSet</code></a> object containing one row for each of the elements in the array designated by this <code>Array</code> object, with the rows in ascending order based on the indices.                            </dd> <dt> <b>Throws:</b>   </dt><dd> <code><a href="../../java/sql/SQLException.html" title="class in java.sql">SQLException</a></code> - if an error occurs while attempting to access the array            </dd><dd> <code><a href="../../java/sql/SQLFeatureNotSupportedException.html" title="class in java.sql">SQLFeatureNotSupportedException</a></code> - if the JDBC driver does not support this method           </dd> <dt> <b>Since:</b>   </dt><dd>1.2</dd>   </dl></dd></dl> <a end_ctx_id="method:getResultSet()"/>  </td></tr></table></td></tr></table><table border="0" cellpadding="1" cellspacing="0" width="100%"><tr><td><h3 class="ctxid">method:getResultSet(java.util.Map) [NONE]</h3></td></tr><tr><td><table border="0" cellpadding="5" cellspacing="1" bgcolor="black" width="100%"><tr valign="top"><td bgcolor="#FFFFFF" colspan="1"> <a start_ctx_id="method:getResultSet(java.util.Map)"/><a name="getResultSet(java.util.Map)"/><h3> getResultSet </h3><pre>

<a href="../../java/sql/ResultSet.html" title="interface in java.sql">ResultSet</a><b>getResultSet</b>(java.util.Map&lt;java.lang.String,java.lang.Class&lt;?&gt;&gt; map)
                       throws <a href="../../java/sql/SQLException.html" title="class in java.sql">SQLException</a></pre><dl><dd>Retrieves a result set that contains the elements of the SQL <code>ARRAY</code> value designated by this <code>Array</code> object. This method uses the specified <code>map</code> for type map customizations unless the base type of the array does not match a user-defined type in <code>map</code>, in which case it uses the standard mapping. This version of the method <code>getResultSet</code> uses either the given type map or the standard mapping; it never uses the type map associated with the connection.<p> The result set contains one row for each array element, with two columns in each row. The second column stores the element value; the first column stores the index into the array for that element (with the first array element being at index 1). The rows are in ascending order corresponding to the order of the indices.                                                         </p><p/>                                                                            </dd><dd><dl> <dt> <b>Parameters:</b>   </dt><dd> <code>map</code> - contains the mapping of SQL user-defined types to classes in the Java programming language                </dd> <dt> <b>Returns:</b>   </dt><dd>a <code>ResultSet</code> object containing one row for each of the elements in the array designated by this <code>Array</code> object, with the rows in ascending order based on the indices.                            </dd> <dt> <b>Throws:</b>   </dt><dd> <code><a href="../../java/sql/SQLException.html" title="class in java.sql">SQLException</a></code> - if an error occurs while attempting to access the array            </dd><dd> <code><a href="../../java/sql/SQLFeatureNotSupportedException.html" title="class in java.sql">SQLFeatureNotSupportedException</a></code> - if the JDBC driver does not support this method           </dd> <dt> <b>Since:</b>   </dt><dd>1.2</dd>    </dl></dd></dl> <a end_ctx_id="method:getResultSet(java.util.Map)"/>  </td></tr></table></td></tr></table><table border="0" cellpadding="1" cellspacing="0" width="100%"><tr><td><h3 class="ctxid">method:getResultSet(long, int) [NONE]</h3></td></tr><tr><td><table border="0" cellpadding="5" cellspacing="1" bgcolor="black" width="100%"><tr valign="top"><td bgcolor="#FFFFFF" colspan="1"> <a start_ctx_id="method:getResultSet(long, int)"/><a name="getResultSet(long, int)"/><h3> getResultSet </h3><pre>

<a href="../../java/sql/ResultSet.html" title="interface in java.sql">ResultSet</a><b>getResultSet</b>(long index,
                       int count)
                       throws <a href="../../java/sql/SQLException.html" title="class in java.sql">SQLException</a></pre><dl><dd>Retrieves a result set holding the elements of the subarray that starts at index <code>index</code> and contains up to <code>count</code> successive elements. This method uses the connection's type map to map the elements of the array if the map contains an entry for the base type. Otherwise, the standard mapping is used.<p> The result set has one row for each element of the SQL array designated by this object, with the first row containing the element at index <code>index</code>. The result set has up to <code>count</code> rows in ascending order based on the indices. Each row has two columns: The second column stores the element value; the first column stores the index into the array for that element.                                                                  </p><p/>                                                   </dd><dd><dl> <dt> <b>Parameters:</b>   </dt><dd> <code>index</code> - the array index of the first element to retrieve; the first element is at index 1                  </dd><dd> <code>count</code> - the number of successive SQL array elements to retrieve           </dd> <dt> <b>Returns:</b>   </dt><dd>a <code>ResultSet</code> object containing up to <code>count</code> consecutive elements of the SQL array designated by this <code>Array</code> object, starting at index <code>index</code>.                     </dd> <dt> <b>Throws:</b>   </dt><dd> <code><a href="../../java/sql/SQLException.html" title="class in java.sql">SQLException</a></code> - if an error occurs while attempting to access the array            </dd><dd> <code><a href="../../java/sql/SQLFeatureNotSupportedException.html" title="class in java.sql">SQLFeatureNotSupportedException</a></code> - if the JDBC driver does not support this method           </dd> <dt> <b>Since:</b>   </dt><dd>1.2</dd>    </dl></dd></dl> <a end_ctx_id="method:getResultSet(long, int)"/>  </td></tr></table></td></tr></table><table border="0" cellpadding="1" cellspacing="0" width="100%"><tr><td><h3 class="ctxid">method:getResultSet(long, int, java.util.Map) [NONE]</h3></td></tr><tr><td><table border="0" cellpadding="5" cellspacing="1" bgcolor="black" width="100%"><tr valign="top"><td bgcolor="#FFFFFF" colspan="1"> <a start_ctx_id="method:getResultSet(long, int, java.util.Map)"/><a name="getResultSet(long, int, java.util.Map)"/><h3> getResultSet </h3><pre>

<a href="../../java/sql/ResultSet.html" title="interface in java.sql">ResultSet</a><b>getResultSet</b>(long index,
                       int count,
                       java.util.Map&lt;java.lang.String,java.lang.Class&lt;?&gt;&gt; map)
                       throws <a href="../../java/sql/SQLException.html" title="class in java.sql">SQLException</a></pre><dl><dd>Retrieves a result set holding the elements of the subarray that starts at index <code>index</code> and contains up to <code>count</code> successive elements. This method uses the specified <code>map</code> for type map customizations unless the base type of the array does not match a user-defined type in <code>map</code>, in which case it uses the standard mapping. This version of the method <code>getResultSet</code> uses either the given type map or the standard mapping; it never uses the type map associated with the connection.<p> The result set has one row for each element of the SQL array designated by this object, with the first row containing the element at index <code>index</code>. The result set has up to <code>count</code> rows in ascending order based on the indices. Each row has two columns: The second column stores the element value; the first column stroes the index into the array for that element.                                                                  </p><p/>                                                                                </dd><dd><dl> <dt> <b>Parameters:</b>   </dt><dd> <code>index</code> - the array index of the first element to retrieve; the first element is at index 1                  </dd><dd> <code>count</code> - the number of successive SQL array elements to retrieve           </dd><dd> <code>map</code> - the <code>Map</code> object that contains the mapping of SQL type names to classes in the Java(tm) programming language                    </dd> <dt> <b>Returns:</b>   </dt><dd>a <code>ResultSet</code> object containing up to <code>count</code> consecutive elements of the SQL array designated by this <code>Array</code> object, starting at index <code>index</code>.                     </dd> <dt> <b>Throws:</b>   </dt><dd> <code><a href="../../java/sql/SQLException.html" title="class in java.sql">SQLException</a></code> - if an error occurs while attempting to access the array            </dd><dd> <code><a href="../../java/sql/SQLFeatureNotSupportedException.html" title="class in java.sql">SQLFeatureNotSupportedException</a></code> - if the JDBC driver does not support this method           </dd> <dt> <b>Since:</b>   </dt><dd>1.2</dd>    </dl></dd></dl> <a end_ctx_id="method:getResultSet(long, int, java.util.Map)"/>  </td></tr></table></td></tr></table><table border="0" cellpadding="1" cellspacing="0" width="100%"><tr><td><h3 class="ctxid">method:free() [NONE]</h3></td></tr><tr><td><table border="0" cellpadding="5" cellspacing="1" bgcolor="black" width="100%"><tr valign="top"><td bgcolor="#FFFFFF" colspan="1"> <a start_ctx_id="method:free()"/><a name="free()"/><h3> free </h3><pre>
void <b>free</b>()
          throws <a href="../../java/sql/SQLException.html" title="class in java.sql">SQLException</a></pre><dl><dd>This method frees the <code>Array</code> object and releases the resources that it holds. The object is invalid once the <code>free</code> method is called.<p> After <code>free</code> has been called, any attempt to invoke a method other than <code>free</code> will result in a <code>SQLException</code> being thrown. If <code>free</code> is called multiple times, the subsequent calls to <code>free</code> are treated as a no-op.                                     </p><p/><p/>                      </dd><dd><dl> <dt> <b>Throws:</b>   </dt><dd> <code><a href="../../java/sql/SQLException.html" title="class in java.sql">SQLException</a></code> - if an error occurs releasing the Array's resources          </dd><dd> <code><a href="../../java/sql/SQLFeatureNotSupportedException.html" title="class in java.sql">SQLFeatureNotSupportedException</a></code> - if the JDBC driver does not support this method           </dd> <dt> <b>Since:</b>   </dt><dd>1.6</dd>  </dl></dd></dl> <a end_ctx_id="method:free()"/>  </td></tr></table></td></tr></table></diff></diffreport>