<?xml version="1.0" encoding="UTF-8" standalone="yes"?><Document><name>java/sql/BatchUpdateException.spec</name><Context><name>class:BatchUpdateException</name><mt>NONE</mt></Context><Context><name>constructor:BatchUpdateException()</name><mt>NONE</mt></Context><Context><name>constructor:BatchUpdateException(int[])</name><mt>NONE</mt></Context><Context><name>constructor:BatchUpdateException(int[], java.lang.Throwable)</name><mt>NONE</mt></Context><Context><name>constructor:BatchUpdateException(java.lang.String, int[])</name><mt>NONE</mt></Context><Context><name>constructor:BatchUpdateException(java.lang.String, int[], java.lang.Throwable)</name><mt>NONE</mt></Context><Context><name>constructor:BatchUpdateException(java.lang.String, java.lang.String, int, int[])</name><mt>NONE</mt></Context><Context><name>constructor:BatchUpdateException(java.lang.String, java.lang.String, int, int[], java.lang.Throwable)</name><mt>NONE</mt></Context><Context><name>constructor:BatchUpdateException(java.lang.String, java.lang.String, int[])</name><mt>NONE</mt></Context><Context><name>constructor:BatchUpdateException(java.lang.String, java.lang.String, int[], java.lang.Throwable)</name><mt>NONE</mt></Context><Context><name>constructor:BatchUpdateException(java.lang.Throwable)</name><mt>NONE</mt></Context><Context><name>method:getUpdateCounts()</name><mt>NONE</mt></Context><Stat><name>java/sql/BatchUpdateException.spec</name><mt>NONE</mt><Group name="context"><Item count="0" name="ADDED"/><Item count="0" name="REMOVED"/><Item count="0" name="CHANGED"/><Item count="0" name="MODIFIED"/><Item count="12" name="TOTAL"/></Group><Group name="assertion"><Item count="0" name="ADDED"/><Item count="0" name="REMOVED"/><Item count="0" name="CHANGED"/><Item count="0" name="MODIFIED"/><Item count="0" name="TOTAL"/></Group></Stat></Document>