<?xml version="1.0" encoding="UTF-8" standalone="yes"?><Document><name>java/sql/Blob.spec</name><Context><name>class:Blob</name><mt>NONE</mt></Context><Context><name>method:free()</name><mt>NONE</mt></Context><Context><name>method:getBinaryStream()</name><mt>NONE</mt></Context><Context><name>method:getBinaryStream(long, long)</name><mt>NONE</mt></Context><Context><name>method:getBytes(long, int)</name><mt>NONE</mt></Context><Context><name>method:length()</name><mt>NONE</mt></Context><Context><name>method:position(byte[], long)</name><mt>NONE</mt></Context><Context><name>method:position(java.sql.Blob, long)</name><mt>NONE</mt></Context><Context><name>method:setBinaryStream(long)</name><mt>NONE</mt></Context><Context><name>method:setBytes(long, byte[])</name><mt>NONE</mt></Context><Context><name>method:setBytes(long, byte[], int, int)</name><mt>NONE</mt></Context><Context><name>method:truncate(long)</name><mt>NONE</mt></Context><Stat><name>java/sql/Blob.spec</name><mt>NONE</mt><Group name="context"><Item count="0" name="ADDED"/><Item count="0" name="REMOVED"/><Item count="0" name="CHANGED"/><Item count="0" name="MODIFIED"/><Item count="12" name="TOTAL"/></Group><Group name="assertion"><Item count="0" name="ADDED"/><Item count="0" name="REMOVED"/><Item count="0" name="CHANGED"/><Item count="0" name="MODIFIED"/><Item count="0" name="TOTAL"/></Group></Stat></Document>