<?xml version="1.0" encoding="UTF-8" standalone="yes"?><Document><name>java/sql/ClientInfoStatus.spec</name><Context><name>class:ClientInfoStatus</name><mt>NONE</mt></Context><Context><name>field:REASON_UNKNOWN</name><mt>NONE</mt></Context><Context><name>field:REASON_UNKNOWN_PROPERTY</name><mt>NONE</mt></Context><Context><name>field:REASON_VALUE_INVALID</name><mt>NONE</mt></Context><Context><name>field:REASON_VALUE_TRUNCATED</name><mt>NONE</mt></Context><Context><name>method:valueOf(java.lang.String)</name><mt>NONE</mt></Context><Context><name>method:values()</name><mt>NONE</mt></Context><Stat><name>java/sql/ClientInfoStatus.spec</name><mt>NONE</mt><Group name="context"><Item count="0" name="ADDED"/><Item count="0" name="REMOVED"/><Item count="0" name="CHANGED"/><Item count="0" name="MODIFIED"/><Item count="7" name="TOTAL"/></Group><Group name="assertion"><Item count="0" name="ADDED"/><Item count="0" name="REMOVED"/><Item count="0" name="CHANGED"/><Item count="0" name="MODIFIED"/><Item count="0" name="TOTAL"/></Group></Stat></Document>