<?xml version="1.0" encoding="UTF-8"?><diffreport><diff><table border="0" cellpadding="1" cellspacing="0" width="100%"><tr><td><h3 class="ctxid">class:ClientInfoStatus [NONE]</h3></td></tr><tr><td><table border="0" cellpadding="5" cellspacing="1" bgcolor="black" width="100%"><tr valign="top"><td bgcolor="#FFFFFF" colspan="1"> <a start_ctx_id="class:ClientInfoStatus"/><dl> <dt><pre>public enum <b>ClientInfoStatus</b></pre>  </dt> <dt>extends java.lang.Enum&lt;<a href="../../java/sql/ClientInfoStatus.html" title="enum in java.sql">ClientInfoStatus</a>&gt; </dt>  </dl><p> Enumeration for status of the reason that a property could not be set via a call to <code>Connection.setClientInfo</code>                  </p><p/><p><dl> <dt> <b>Since:</b>   </dt><dd>1.6</dd> </dl> <a end_ctx_id="class:ClientInfoStatus"/> </p> </td></tr></table></td></tr></table><table border="0" cellpadding="1" cellspacing="0" width="100%"><tr><td><h3 class="ctxid">field:REASON_UNKNOWN [NONE]</h3></td></tr><tr><td><table border="0" cellpadding="5" cellspacing="1" bgcolor="black" width="100%"><tr valign="top"><td bgcolor="#FFFFFF" colspan="1"> <a start_ctx_id="field:REASON_UNKNOWN"/><a name="REASON_UNKNOWN"/><h3> REASON_UNKNOWN </h3><pre>
public static final <a href="../../java/sql/ClientInfoStatus.html" title="enum in java.sql">ClientInfoStatus</a><b>REASON_UNKNOWN</b></pre><dl><dd>The client info property could not be set for some unknown reason<p><dl> <dt> <b>Since:</b>   </dt><dd>1.6</dd> </dl></p>           </dd></dl> <a end_ctx_id="field:REASON_UNKNOWN"/>  </td></tr></table></td></tr></table><table border="0" cellpadding="1" cellspacing="0" width="100%"><tr><td><h3 class="ctxid">field:REASON_UNKNOWN_PROPERTY [NONE]</h3></td></tr><tr><td><table border="0" cellpadding="5" cellspacing="1" bgcolor="black" width="100%"><tr valign="top"><td bgcolor="#FFFFFF" colspan="1"> <a start_ctx_id="field:REASON_UNKNOWN_PROPERTY"/><a name="REASON_UNKNOWN_PROPERTY"/><h3> REASON_UNKNOWN_PROPERTY </h3><pre>
public static final <a href="../../java/sql/ClientInfoStatus.html" title="enum in java.sql">ClientInfoStatus</a><b>REASON_UNKNOWN_PROPERTY</b></pre><dl><dd>The client info property name specified was not a recognized property name.<p><dl> <dt> <b>Since:</b>   </dt><dd>1.6</dd> </dl></p>           </dd></dl> <a end_ctx_id="field:REASON_UNKNOWN_PROPERTY"/>  </td></tr></table></td></tr></table><table border="0" cellpadding="1" cellspacing="0" width="100%"><tr><td><h3 class="ctxid">field:REASON_VALUE_INVALID [NONE]</h3></td></tr><tr><td><table border="0" cellpadding="5" cellspacing="1" bgcolor="black" width="100%"><tr valign="top"><td bgcolor="#FFFFFF" colspan="1"> <a start_ctx_id="field:REASON_VALUE_INVALID"/><a name="REASON_VALUE_INVALID"/><h3> REASON_VALUE_INVALID </h3><pre>
public static final <a href="../../java/sql/ClientInfoStatus.html" title="enum in java.sql">ClientInfoStatus</a><b>REASON_VALUE_INVALID</b></pre><dl><dd>The value specified for the client info property was not valid.<p><dl> <dt> <b>Since:</b>   </dt><dd>1.6</dd> </dl></p>          </dd></dl> <a end_ctx_id="field:REASON_VALUE_INVALID"/>  </td></tr></table></td></tr></table><table border="0" cellpadding="1" cellspacing="0" width="100%"><tr><td><h3 class="ctxid">field:REASON_VALUE_TRUNCATED [NONE]</h3></td></tr><tr><td><table border="0" cellpadding="5" cellspacing="1" bgcolor="black" width="100%"><tr valign="top"><td bgcolor="#FFFFFF" colspan="1"> <a start_ctx_id="field:REASON_VALUE_TRUNCATED"/><a name="REASON_VALUE_TRUNCATED"/><h3> REASON_VALUE_TRUNCATED </h3><pre>
public static final <a href="../../java/sql/ClientInfoStatus.html" title="enum in java.sql">ClientInfoStatus</a><b>REASON_VALUE_TRUNCATED</b></pre><dl><dd>The value specified for the client info property was too large.<p><dl> <dt> <b>Since:</b>   </dt><dd>1.6</dd> </dl></p>          </dd></dl> <a end_ctx_id="field:REASON_VALUE_TRUNCATED"/>  </td></tr></table></td></tr></table><table border="0" cellpadding="1" cellspacing="0" width="100%"><tr><td><h3 class="ctxid">method:values() [NONE]</h3></td></tr><tr><td><table border="0" cellpadding="5" cellspacing="1" bgcolor="black" width="100%"><tr valign="top"><td bgcolor="#FFFFFF" colspan="1"> <a start_ctx_id="method:values()"/><a name="values()"/><h3> values </h3><pre>
public static <a href="../../java/sql/ClientInfoStatus.html" title="enum in java.sql">ClientInfoStatus</a>[] <b>values</b>()</pre><dl><dd>Returns an array containing the constants of this enum type, in the order they are declared. This method may be used to iterate over the constants as follows:<pre>
for (ClientInfoStatus c : ClientInfoStatus.values())
    System.out.println(c);
</pre><p/>                           </dd><dd><dl> <dt> <b>Returns:</b>   </dt><dd>an array containing the constants of this enum type, in the order they are declared              </dd> </dl></dd></dl> <a end_ctx_id="method:values()"/>  </td></tr></table></td></tr></table><table border="0" cellpadding="1" cellspacing="0" width="100%"><tr><td><h3 class="ctxid">method:valueOf(java.lang.String) [NONE]</h3></td></tr><tr><td><table border="0" cellpadding="5" cellspacing="1" bgcolor="black" width="100%"><tr valign="top"><td bgcolor="#FFFFFF" colspan="1"> <a start_ctx_id="method:valueOf(java.lang.String)"/><a name="valueOf(java.lang.String)"/><h3> valueOf </h3><pre>
public static <a href="../../java/sql/ClientInfoStatus.html" title="enum in java.sql">ClientInfoStatus</a><b>valueOf</b>(java.lang.String name)</pre><dl><dd>Returns the enum constant of this type with the specified name. The string must match <i>exactly</i> an identifier used to declare an enum constant in this type. (Extraneous whitespace characters are not permitted.)<p/>                                </dd><dd><dl> <dt> <b>Parameters:</b>   </dt><dd> <code>name</code> - the name of the enum constant to be returned.           </dd> <dt> <b>Returns:</b>   </dt><dd>the enum constant with the specified name      </dd> <dt> <b>Throws:</b>   </dt><dd> <code>java.lang.IllegalArgumentException</code> - if this enum type has no constant with the specified name             </dd><dd> <code>java.lang.NullPointerException</code> - if the argument is null       </dd>   </dl></dd></dl> <a end_ctx_id="method:valueOf(java.lang.String)"/>  </td></tr></table></td></tr></table></diff></diffreport>