<?xml version="1.0" encoding="UTF-8"?><diffreport><diff><table border="0" cellpadding="1" cellspacing="0" width="100%"><tr><td><h3 class="ctxid">class:Clob [NONE]</h3></td></tr><tr><td><table border="0" cellpadding="5" cellspacing="1" bgcolor="black" width="100%"><tr valign="top"><td bgcolor="#FFFFFF" colspan="1"> <a start_ctx_id="class:Clob"/><dl> <dt><pre>public interface <b>Clob</b></pre>  </dt> </dl><p> The mapping in the Java<sup><font size="-2">TM</font></sup> programming language for the SQL <code>CLOB</code> type. An SQL <code>CLOB</code> is a built-in type that stores a Character Large Object as a column value in a row of a database table. By default drivers implement a <code>Clob</code> object using an SQL <code>locator(CLOB)</code>, which means that a <code>Clob</code> object contains a logical pointer to the SQL <code>CLOB</code> data rather than the data itself. A <code>Clob</code> object is valid for the duration of the transaction in which it was created.                                                                                   </p><p>The <code>Clob</code> interface provides methods for getting the length of an SQL <code>CLOB</code> (Character Large Object) value, for materializing a <code>CLOB</code> value on the client, and for searching for a substring or <code>CLOB</code> object within a <code>CLOB</code> value. Methods in the interfaces <a href="../../java/sql/ResultSet.html" title="interface in java.sql"><code>ResultSet</code></a>, <a href="../../java/sql/CallableStatement.html" title="interface in java.sql"><code>CallableStatement</code></a>, and <a href="../../java/sql/PreparedStatement.html" title="interface in java.sql"><code>PreparedStatement</code></a>, such as <code>getClob</code> and <code>setClob</code> allow a programmer to access an SQL <code>CLOB</code> value. In addition, this interface has methods for updating a <code>CLOB</code> value.                                                                      </p><p> All methods on the <code>Clob</code> interface must be fully implemented if the JDBC driver supports the data type.                  </p><p/><p><dl> <dt> <b>Since:</b>   </dt><dd>1.2</dd> </dl> <a end_ctx_id="class:Clob"/> </p> </td></tr></table></td></tr></table><table border="0" cellpadding="1" cellspacing="0" width="100%"><tr><td><h3 class="ctxid">method:length() [NONE]</h3></td></tr><tr><td><table border="0" cellpadding="5" cellspacing="1" bgcolor="black" width="100%"><tr valign="top"><td bgcolor="#FFFFFF" colspan="1"> <a start_ctx_id="method:length()"/><a name="length()"/><h3> length </h3><pre>
long <b>length</b>()
            throws <a href="../../java/sql/SQLException.html" title="class in java.sql">SQLException</a></pre><dl><dd>Retrieves the number of characters in the <code>CLOB</code> value designated by this <code>Clob</code> object.<p/>             </dd><dd><dl> <dt> <b>Returns:</b>   </dt><dd>length of the <code>CLOB</code> in characters     </dd> <dt> <b>Throws:</b>   </dt><dd> <code><a href="../../java/sql/SQLException.html" title="class in java.sql">SQLException</a></code> - if there is an error accessing the length of the <code>CLOB</code> value              </dd><dd> <code><a href="../../java/sql/SQLFeatureNotSupportedException.html" title="class in java.sql">SQLFeatureNotSupportedException</a></code> - if the JDBC driver does not support this method           </dd> <dt> <b>Since:</b>   </dt><dd>1.2</dd>   </dl></dd></dl> <a end_ctx_id="method:length()"/>  </td></tr></table></td></tr></table><table border="0" cellpadding="1" cellspacing="0" width="100%"><tr><td><h3 class="ctxid">method:getSubString(long, int) [NONE]</h3></td></tr><tr><td><table border="0" cellpadding="5" cellspacing="1" bgcolor="black" width="100%"><tr valign="top"><td bgcolor="#FFFFFF" colspan="1"> <a start_ctx_id="method:getSubString(long, int)"/><a name="getSubString(long, int)"/><h3> getSubString </h3><pre>
java.lang.String <b>getSubString</b>(long pos,
                              int length)
                              throws <a href="../../java/sql/SQLException.html" title="class in java.sql">SQLException</a></pre><dl><dd>Retrieves a copy of the specified substring in the <code>CLOB</code> value designated by this <code>Clob</code> object. The substring begins at position <code>pos</code> and has up to <code>length</code> consecutive characters.<p/>                            </dd><dd><dl> <dt> <b>Parameters:</b>   </dt><dd> <code>pos</code> - the first character of the substring to be extracted. The first character is at position 1.                  </dd><dd> <code>length</code> - the number of consecutive characters to be copied; the value for length must be 0 or greater                   </dd> <dt> <b>Returns:</b>   </dt><dd>a <code>String</code> that is the specified substring in the <code>CLOB</code> value designated by this <code>Clob</code> object               </dd> <dt> <b>Throws:</b>   </dt><dd> <code><a href="../../java/sql/SQLException.html" title="class in java.sql">SQLException</a></code> - if there is an error accessing the <code>CLOB</code> value; if pos is less than 1 or length is less than 0                       </dd><dd> <code><a href="../../java/sql/SQLFeatureNotSupportedException.html" title="class in java.sql">SQLFeatureNotSupportedException</a></code> - if the JDBC driver does not support this method           </dd> <dt> <b>Since:</b>   </dt><dd>1.2</dd>    </dl></dd></dl> <a end_ctx_id="method:getSubString(long, int)"/>  </td></tr></table></td></tr></table><table border="0" cellpadding="1" cellspacing="0" width="100%"><tr><td><h3 class="ctxid">method:getCharacterStream() [NONE]</h3></td></tr><tr><td><table border="0" cellpadding="5" cellspacing="1" bgcolor="black" width="100%"><tr valign="top"><td bgcolor="#FFFFFF" colspan="1"> <a start_ctx_id="method:getCharacterStream()"/><a name="getCharacterStream()"/><h3> getCharacterStream </h3><pre>
java.io.Reader <b>getCharacterStream</b>()
                                  throws <a href="../../java/sql/SQLException.html" title="class in java.sql">SQLException</a></pre><dl><dd>Retrieves the <code>CLOB</code> value designated by this <code>Clob</code> object as a <code>java.io.Reader</code> object (or as a stream of characters).<p/>                  </dd><dd><dl> <dt> <b>Returns:</b>   </dt><dd>a <code>java.io.Reader</code> object containing the <code>CLOB</code> data      </dd> <dt> <b>Throws:</b>   </dt><dd> <code><a href="../../java/sql/SQLException.html" title="class in java.sql">SQLException</a></code> - if there is an error accessing the <code>CLOB</code> value           </dd><dd> <code><a href="../../java/sql/SQLFeatureNotSupportedException.html" title="class in java.sql">SQLFeatureNotSupportedException</a></code> - if the JDBC driver does not support this method           </dd> <dt> <b>Since:</b>   </dt><dd>1.2</dd> <dt> <b>See Also: </b>   </dt><dd> <a href="../../java/sql/Clob.html#setCharacterStream(long)"><code>setCharacterStream(long)</code></a> </dd>    </dl></dd></dl> <a end_ctx_id="method:getCharacterStream()"/>  </td></tr></table></td></tr></table><table border="0" cellpadding="1" cellspacing="0" width="100%"><tr><td><h3 class="ctxid">method:getAsciiStream() [NONE]</h3></td></tr><tr><td><table border="0" cellpadding="5" cellspacing="1" bgcolor="black" width="100%"><tr valign="top"><td bgcolor="#FFFFFF" colspan="1"> <a start_ctx_id="method:getAsciiStream()"/><a name="getAsciiStream()"/><h3> getAsciiStream </h3><pre>
java.io.InputStream <b>getAsciiStream</b>()
                                   throws <a href="../../java/sql/SQLException.html" title="class in java.sql">SQLException</a></pre><dl><dd>Retrieves the <code>CLOB</code> value designated by this <code>Clob</code> object as an ascii stream.<p/>            </dd><dd><dl> <dt> <b>Returns:</b>   </dt><dd>a <code>java.io.InputStream</code> object containing the <code>CLOB</code> data      </dd> <dt> <b>Throws:</b>   </dt><dd> <code><a href="../../java/sql/SQLException.html" title="class in java.sql">SQLException</a></code> - if there is an error accessing the <code>CLOB</code> value           </dd><dd> <code><a href="../../java/sql/SQLFeatureNotSupportedException.html" title="class in java.sql">SQLFeatureNotSupportedException</a></code> - if the JDBC driver does not support this method           </dd> <dt> <b>Since:</b>   </dt><dd>1.2</dd> <dt> <b>See Also: </b>   </dt><dd> <a href="../../java/sql/Clob.html#setAsciiStream(long)"><code>setAsciiStream(long)</code></a> </dd>    </dl></dd></dl> <a end_ctx_id="method:getAsciiStream()"/>  </td></tr></table></td></tr></table><table border="0" cellpadding="1" cellspacing="0" width="100%"><tr><td><h3 class="ctxid">method:position(java.lang.String, long) [NONE]</h3></td></tr><tr><td><table border="0" cellpadding="5" cellspacing="1" bgcolor="black" width="100%"><tr valign="top"><td bgcolor="#FFFFFF" colspan="1"> <a start_ctx_id="method:position(java.lang.String, long)"/><a name="position(java.lang.String, long)"/><h3> position </h3><pre>
long <b>position</b>(java.lang.String searchstr,
              long start)
              throws <a href="../../java/sql/SQLException.html" title="class in java.sql">SQLException</a></pre><dl><dd>Retrieves the character position at which the specified substring <code>searchstr</code> appears in the SQL <code>CLOB</code> value represented by this <code>Clob</code> object. The search begins at position <code>start</code>.<p/>                          </dd><dd><dl> <dt> <b>Parameters:</b>   </dt><dd> <code>searchstr</code> - the substring for which to search        </dd><dd> <code>start</code> - the position at which to begin searching; the first position is 1              </dd> <dt> <b>Returns:</b>   </dt><dd>the position at which the substring appears or -1 if it is not present; the first position is 1                  </dd> <dt> <b>Throws:</b>   </dt><dd> <code><a href="../../java/sql/SQLException.html" title="class in java.sql">SQLException</a></code> - if there is an error accessing the <code>CLOB</code> value or if pos is less than 1                  </dd><dd> <code><a href="../../java/sql/SQLFeatureNotSupportedException.html" title="class in java.sql">SQLFeatureNotSupportedException</a></code> - if the JDBC driver does not support this method           </dd> <dt> <b>Since:</b>   </dt><dd>1.2</dd>    </dl></dd></dl> <a end_ctx_id="method:position(java.lang.String, long)"/>  </td></tr></table></td></tr></table><table border="0" cellpadding="1" cellspacing="0" width="100%"><tr><td><h3 class="ctxid">method:position(java.sql.Clob, long) [NONE]</h3></td></tr><tr><td><table border="0" cellpadding="5" cellspacing="1" bgcolor="black" width="100%"><tr valign="top"><td bgcolor="#FFFFFF" colspan="1"> <a start_ctx_id="method:position(java.sql.Clob, long)"/><a name="position(java.sql.Clob, long)"/><h3> position </h3><pre>
long <b>position</b>(<a href="../../java/sql/Clob.html" title="interface in java.sql">Clob</a> searchstr,
              long start)
              throws <a href="../../java/sql/SQLException.html" title="class in java.sql">SQLException</a></pre><dl><dd>Retrieves the character position at which the specified <code>Clob</code> object <code>searchstr</code> appears in this <code>Clob</code> object. The search begins at position <code>start</code>.<p/>                     </dd><dd><dl> <dt> <b>Parameters:</b>   </dt><dd> <code>searchstr</code> - the <code>Clob</code> object for which to search         </dd><dd> <code>start</code> - the position at which to begin searching; the first position is 1              </dd> <dt> <b>Returns:</b>   </dt><dd>the position at which the <code>Clob</code> object appears or -1 if it is not present; the first position is 1                   </dd> <dt> <b>Throws:</b>   </dt><dd> <code><a href="../../java/sql/SQLException.html" title="class in java.sql">SQLException</a></code> - if there is an error accessing the <code>CLOB</code> value or if start is less than 1                  </dd><dd> <code><a href="../../java/sql/SQLFeatureNotSupportedException.html" title="class in java.sql">SQLFeatureNotSupportedException</a></code> - if the JDBC driver does not support this method           </dd> <dt> <b>Since:</b>   </dt><dd>1.2</dd>    </dl></dd></dl> <a end_ctx_id="method:position(java.sql.Clob, long)"/>  </td></tr></table></td></tr></table><table border="0" cellpadding="1" cellspacing="0" width="100%"><tr><td><h3 class="ctxid">method:setString(long, java.lang.String) [NONE]</h3></td></tr><tr><td><table border="0" cellpadding="5" cellspacing="1" bgcolor="black" width="100%"><tr valign="top"><td bgcolor="#FFFFFF" colspan="1"> <a start_ctx_id="method:setString(long, java.lang.String)"/><a name="setString(long, java.lang.String)"/><h3> setString </h3><pre>
int <b>setString</b>(long pos,
              java.lang.String str)
              throws <a href="../../java/sql/SQLException.html" title="class in java.sql">SQLException</a></pre><dl><dd>Writes the given Java <code>String</code> to the <code>CLOB</code> value that this <code>Clob</code> object designates at the position <code>pos</code>. The string will overwrite the existing characters in the <code>Clob</code> object starting at the position <code>pos</code>. If the end of the <code>Clob</code> value is reached while writing the given string, then the length of the <code>Clob</code> value will be increased to accomodate the extra characters.<p> <b>Note:</b> If the value specified for <code>pos</code> is greater then the length+1 of the <code>CLOB</code> value then the behavior is undefined. Some JDBC drivers may throw a <code>SQLException</code> while other drivers may support this operation.                                   </p><p/>                                                              </dd><dd><dl> <dt> <b>Parameters:</b>   </dt><dd> <code>pos</code> - the position at which to start writing to the <code>CLOB</code> value that this <code>Clob</code> object represents; The first position is 1                       </dd><dd> <code>str</code> - the string to be written to the <code>CLOB</code> value that this <code>Clob</code> designates               </dd> <dt> <b>Returns:</b>   </dt><dd>the number of characters written    </dd> <dt> <b>Throws:</b>   </dt><dd> <code><a href="../../java/sql/SQLException.html" title="class in java.sql">SQLException</a></code> - if there is an error accessing the <code>CLOB</code> value or if pos is less than 1                  </dd><dd> <code><a href="../../java/sql/SQLFeatureNotSupportedException.html" title="class in java.sql">SQLFeatureNotSupportedException</a></code> - if the JDBC driver does not support this method           </dd> <dt> <b>Since:</b>   </dt><dd>1.4</dd>    </dl></dd></dl> <a end_ctx_id="method:setString(long, java.lang.String)"/>  </td></tr></table></td></tr></table><table border="0" cellpadding="1" cellspacing="0" width="100%"><tr><td><h3 class="ctxid">method:setString(long, java.lang.String, int, int) [NONE]</h3></td></tr><tr><td><table border="0" cellpadding="5" cellspacing="1" bgcolor="black" width="100%"><tr valign="top"><td bgcolor="#FFFFFF" colspan="1"> <a start_ctx_id="method:setString(long, java.lang.String, int, int)"/><a name="setString(long, java.lang.String, int, int)"/><h3> setString </h3><pre>
int <b>setString</b>(long pos,
              java.lang.String str,
              int offset,
              int len)
              throws <a href="../../java/sql/SQLException.html" title="class in java.sql">SQLException</a></pre><dl><dd>Writes <code>len</code> characters of <code>str</code>, starting at character <code>offset</code>, to the <code>CLOB</code> value that this <code>Clob</code> represents. The string will overwrite the existing characters in the <code>Clob</code> object starting at the position <code>pos</code>. If the end of the <code>Clob</code> value is reached while writing the given string, then the length of the <code>Clob</code> value will be increased to accomodate the extra characters.<p> <b>Note:</b> If the value specified for <code>pos</code> is greater then the length+1 of the <code>CLOB</code> value then the behavior is undefined. Some JDBC drivers may throw a <code>SQLException</code> while other drivers may support this operation.                                   </p><p/>                                                             </dd><dd><dl> <dt> <b>Parameters:</b>   </dt><dd> <code>pos</code> - the position at which to start writing to this <code>CLOB</code> object; The first position is 1                  </dd><dd> <code>str</code> - the string to be written to the <code>CLOB</code> value that this <code>Clob</code> object represents                </dd><dd> <code>offset</code> - the offset into <code>str</code> to start reading the characters to be written              </dd><dd> <code>len</code> - the number of characters to be written         </dd> <dt> <b>Returns:</b>   </dt><dd>the number of characters written    </dd> <dt> <b>Throws:</b>   </dt><dd> <code><a href="../../java/sql/SQLException.html" title="class in java.sql">SQLException</a></code> - if there is an error accessing the <code>CLOB</code> value or if pos is less than 1                  </dd><dd> <code><a href="../../java/sql/SQLFeatureNotSupportedException.html" title="class in java.sql">SQLFeatureNotSupportedException</a></code> - if the JDBC driver does not support this method           </dd> <dt> <b>Since:</b>   </dt><dd>1.4</dd>    </dl></dd></dl> <a end_ctx_id="method:setString(long, java.lang.String, int, int)"/>  </td></tr></table></td></tr></table><table border="0" cellpadding="1" cellspacing="0" width="100%"><tr><td><h3 class="ctxid">method:setAsciiStream(long) [NONE]</h3></td></tr><tr><td><table border="0" cellpadding="5" cellspacing="1" bgcolor="black" width="100%"><tr valign="top"><td bgcolor="#FFFFFF" colspan="1"> <a start_ctx_id="method:setAsciiStream(long)"/><a name="setAsciiStream(long)"/><h3> setAsciiStream </h3><pre>
java.io.OutputStream <b>setAsciiStream</b>(long pos)
                                    throws <a href="../../java/sql/SQLException.html" title="class in java.sql">SQLException</a></pre><dl><dd>Retrieves a stream to be used to write Ascii characters to the <code>CLOB</code> value that this <code>Clob</code> object represents, starting at position <code>pos</code>. Characters written to the stream will overwrite the existing characters in the <code>Clob</code> object starting at the position <code>pos</code>. If the end of the <code>Clob</code> value is reached while writing characters to the stream, then the length of the <code>Clob</code> value will be increased to accomodate the extra characters.<p> <b>Note:</b> If the value specified for <code>pos</code> is greater then the length+1 of the <code>CLOB</code> value then the behavior is undefined. Some JDBC drivers may throw a <code>SQLException</code> while other drivers may support this operation.                                   </p><p/>                                                                       </dd><dd><dl> <dt> <b>Parameters:</b>   </dt><dd> <code>pos</code> - the position at which to start writing to this <code>CLOB</code> object; The first position is 1                  </dd> <dt> <b>Returns:</b>   </dt><dd>the stream to which ASCII encoded characters can be written         </dd> <dt> <b>Throws:</b>   </dt><dd> <code><a href="../../java/sql/SQLException.html" title="class in java.sql">SQLException</a></code> - if there is an error accessing the <code>CLOB</code> value or if pos is less than 1                  </dd><dd> <code><a href="../../java/sql/SQLFeatureNotSupportedException.html" title="class in java.sql">SQLFeatureNotSupportedException</a></code> - if the JDBC driver does not support this method           </dd> <dt> <b>Since:</b>   </dt><dd>1.4</dd> <dt> <b>See Also: </b>   </dt><dd> <a href="../../java/sql/Clob.html#getAsciiStream()"><code>getAsciiStream()</code></a> </dd>     </dl></dd></dl> <a end_ctx_id="method:setAsciiStream(long)"/>  </td></tr></table></td></tr></table><table border="0" cellpadding="1" cellspacing="0" width="100%"><tr><td><h3 class="ctxid">method:setCharacterStream(long) [NONE]</h3></td></tr><tr><td><table border="0" cellpadding="5" cellspacing="1" bgcolor="black" width="100%"><tr valign="top"><td bgcolor="#FFFFFF" colspan="1"> <a start_ctx_id="method:setCharacterStream(long)"/><a name="setCharacterStream(long)"/><h3> setCharacterStream </h3><pre>
java.io.Writer <b>setCharacterStream</b>(long pos)
                                  throws <a href="../../java/sql/SQLException.html" title="class in java.sql">SQLException</a></pre><dl><dd>Retrieves a stream to be used to write a stream of Unicode characters to the <code>CLOB</code> value that this <code>Clob</code> object represents, at position <code>pos</code>. Characters written to the stream will overwrite the existing characters in the <code>Clob</code> object starting at the position <code>pos</code>. If the end of the <code>Clob</code> value is reached while writing characters to the stream, then the length of the <code>Clob</code> value will be increased to accomodate the extra characters.<p> <b>Note:</b> If the value specified for <code>pos</code> is greater then the length+1 of the <code>CLOB</code> value then the behavior is undefined. Some JDBC drivers may throw a <code>SQLException</code> while other drivers may support this operation.                                   </p><p/>                                                                         </dd><dd><dl> <dt> <b>Parameters:</b>   </dt><dd> <code>pos</code> - the position at which to start writing to the <code>CLOB</code> value; The first position is 1                  </dd> <dt> <b>Returns:</b>   </dt><dd>a stream to which Unicode encoded characters can be written         </dd> <dt> <b>Throws:</b>   </dt><dd> <code><a href="../../java/sql/SQLException.html" title="class in java.sql">SQLException</a></code> - if there is an error accessing the <code>CLOB</code> value or if pos is less than 1                  </dd><dd> <code><a href="../../java/sql/SQLFeatureNotSupportedException.html" title="class in java.sql">SQLFeatureNotSupportedException</a></code> - if the JDBC driver does not support this method           </dd> <dt> <b>Since:</b>   </dt><dd>1.4</dd> <dt> <b>See Also: </b>   </dt><dd> <a href="../../java/sql/Clob.html#getCharacterStream()"><code>getCharacterStream()</code></a> </dd>     </dl></dd></dl> <a end_ctx_id="method:setCharacterStream(long)"/>  </td></tr></table></td></tr></table><table border="0" cellpadding="1" cellspacing="0" width="100%"><tr><td><h3 class="ctxid">method:truncate(long) [NONE]</h3></td></tr><tr><td><table border="0" cellpadding="5" cellspacing="1" bgcolor="black" width="100%"><tr valign="top"><td bgcolor="#FFFFFF" colspan="1"> <a start_ctx_id="method:truncate(long)"/><a name="truncate(long)"/><h3> truncate </h3><pre>
void <b>truncate</b>(long len)
              throws <a href="../../java/sql/SQLException.html" title="class in java.sql">SQLException</a></pre><dl><dd>Truncates the <code>CLOB</code> value that this <code>Clob</code> designates to have a length of <code>len</code> characters.<p> <b>Note:</b> If the value specified for <code>pos</code> is greater then the length+1 of the <code>CLOB</code> value then the behavior is undefined. Some JDBC drivers may throw a <code>SQLException</code> while other drivers may support this operation.                                   </p><p/>              </dd><dd><dl> <dt> <b>Parameters:</b>   </dt><dd> <code>len</code> - the length, in characters, to which the <code>CLOB</code> value should be truncated              </dd> <dt> <b>Throws:</b>   </dt><dd> <code><a href="../../java/sql/SQLException.html" title="class in java.sql">SQLException</a></code> - if there is an error accessing the <code>CLOB</code> value or if len is less than 0                  </dd><dd> <code><a href="../../java/sql/SQLFeatureNotSupportedException.html" title="class in java.sql">SQLFeatureNotSupportedException</a></code> - if the JDBC driver does not support this method           </dd> <dt> <b>Since:</b>   </dt><dd>1.4</dd>   </dl></dd></dl> <a end_ctx_id="method:truncate(long)"/>  </td></tr></table></td></tr></table><table border="0" cellpadding="1" cellspacing="0" width="100%"><tr><td><h3 class="ctxid">method:free() [NONE]</h3></td></tr><tr><td><table border="0" cellpadding="5" cellspacing="1" bgcolor="black" width="100%"><tr valign="top"><td bgcolor="#FFFFFF" colspan="1"> <a start_ctx_id="method:free()"/><a name="free()"/><h3> free </h3><pre>
void <b>free</b>()
          throws <a href="../../java/sql/SQLException.html" title="class in java.sql">SQLException</a></pre><dl><dd>This method frees the <code>Clob</code> object and releases the resources the resources that it holds. The object is invalid once the <code>free</code> method is called.<p> After <code>free</code> has been called, any attempt to invoke a method other than <code>free</code> will result in a <code>SQLException</code> being thrown. If <code>free</code> is called multiple times, the subsequent calls to <code>free</code> are treated as a no-op.                                     </p><p/><p/>                        </dd><dd><dl> <dt> <b>Throws:</b>   </dt><dd> <code><a href="../../java/sql/SQLException.html" title="class in java.sql">SQLException</a></code> - if an error occurs releasing the Clob's resources          </dd><dd> <code><a href="../../java/sql/SQLFeatureNotSupportedException.html" title="class in java.sql">SQLFeatureNotSupportedException</a></code> - if the JDBC driver does not support this method           </dd> <dt> <b>Since:</b>   </dt><dd>1.6</dd>  </dl></dd></dl> <a end_ctx_id="method:free()"/>  </td></tr></table></td></tr></table><table border="0" cellpadding="1" cellspacing="0" width="100%"><tr><td><h3 class="ctxid">method:getCharacterStream(long, long) [NONE]</h3></td></tr><tr><td><table border="0" cellpadding="5" cellspacing="1" bgcolor="black" width="100%"><tr valign="top"><td bgcolor="#FFFFFF" colspan="1"> <a start_ctx_id="method:getCharacterStream(long, long)"/><a name="getCharacterStream(long, long)"/><h3> getCharacterStream </h3><pre>
java.io.Reader <b>getCharacterStream</b>(long pos,
                                  long length)
                                  throws <a href="../../java/sql/SQLException.html" title="class in java.sql">SQLException</a></pre><dl><dd>Returns a <code>Reader</code> object that contains a partial <code>Clob</code> value, starting with the character specified by pos, which is length characters in length.<p/>                      </dd><dd><dl> <dt> <b>Parameters:</b>   </dt><dd> <code>pos</code> - the offset to the first character of the partial value to be retrieved. The first character in the Clob is at position 1.                         </dd><dd> <code>length</code> - the length in characters of the partial value to be retrieved.             </dd> <dt> <b>Returns:</b>   </dt><dd> <code>Reader</code> through which the partial <code>Clob</code> value can be read.          </dd> <dt> <b>Throws:</b>   </dt><dd> <code><a href="../../java/sql/SQLException.html" title="class in java.sql">SQLException</a></code> - if pos is less than 1 or if pos is greater than the number of characters in the <code>Clob</code> or if pos + length is greater than the number of characters in the <code>Clob</code>                                    </dd><dd> <code><a href="../../java/sql/SQLFeatureNotSupportedException.html" title="class in java.sql">SQLFeatureNotSupportedException</a></code> - if the JDBC driver does not support this method           </dd> <dt> <b>Since:</b>   </dt><dd>1.6</dd>    </dl></dd></dl> <a end_ctx_id="method:getCharacterStream(long, long)"/>  </td></tr></table></td></tr></table></diff></diffreport>