<?xml version="1.0" encoding="UTF-8" standalone="yes"?><Document><name>java/sql/DataTruncation.spec</name><Context><name>class:DataTruncation</name><mt>NONE</mt></Context><Context><name>constructor:DataTruncation(int, boolean, boolean, int, int)</name><mt>NONE</mt></Context><Context><name>constructor:DataTruncation(int, boolean, boolean, int, int, java.lang.Throwable)</name><mt>NONE</mt></Context><Context><name>method:getDataSize()</name><mt>NONE</mt></Context><Context><name>method:getIndex()</name><mt>NONE</mt></Context><Context><name>method:getParameter()</name><mt>NONE</mt></Context><Context><name>method:getRead()</name><mt>NONE</mt></Context><Context><name>method:getTransferSize()</name><mt>NONE</mt></Context><Stat><name>java/sql/DataTruncation.spec</name><mt>NONE</mt><Group name="context"><Item count="0" name="ADDED"/><Item count="0" name="REMOVED"/><Item count="0" name="CHANGED"/><Item count="0" name="MODIFIED"/><Item count="8" name="TOTAL"/></Group><Group name="assertion"><Item count="0" name="ADDED"/><Item count="0" name="REMOVED"/><Item count="0" name="CHANGED"/><Item count="0" name="MODIFIED"/><Item count="0" name="TOTAL"/></Group></Stat></Document>