<?xml version="1.0" encoding="UTF-8"?><diffreport><diff><table border="0" cellpadding="1" cellspacing="0" width="100%"><tr><td><h3 class="ctxid">class:DataTruncation [NONE]</h3></td></tr><tr><td><table border="0" cellpadding="5" cellspacing="1" bgcolor="black" width="100%"><tr valign="top"><td bgcolor="#FFFFFF" colspan="1"> <a start_ctx_id="class:DataTruncation"/><dl> <dt><pre>public class <b>DataTruncation</b></pre>  </dt> <dt>extends <a href="../../java/sql/SQLWarning.html" title="class in java.sql">SQLWarning</a>   </dt>  </dl><p> An exception thrown as a <code>DataTruncation</code> exception (on writes) or reported as a <code>DataTruncation</code> warning (on reads) when a data values is unexpectedly truncated for reasons other than its having execeeded <code>MaxFieldSize</code>.                                </p><p>The SQLstate for a <code>DataTruncation</code> during read is <code>01004</code>.        </p><p>The SQLstate for a <code>DataTruncation</code> during write is <code>22001</code>.        </p><p/><p><dl> <dt> <b>See Also: </b>   </dt><dd> <a href="../../serialized-form.html#java.sql.DataTruncation">Serialized Form </a> </dd> </dl> <a end_ctx_id="class:DataTruncation"/> </p> </td></tr></table></td></tr></table><table border="0" cellpadding="1" cellspacing="0" width="100%"><tr><td><h3 class="ctxid">constructor:DataTruncation(int, boolean, boolean, int, int) [NONE]</h3></td></tr><tr><td><table border="0" cellpadding="5" cellspacing="1" bgcolor="black" width="100%"><tr valign="top"><td bgcolor="#FFFFFF" colspan="1"> <a start_ctx_id="constructor:DataTruncation(int, boolean, boolean, int, int)"/><a name="DataTruncation(int, boolean, boolean, int, int)"/><h3> DataTruncation </h3><pre>
public <b>DataTruncation</b>(int index,
                      boolean parameter,
                      boolean read,
                      int dataSize,
                      int transferSize)</pre><dl><dd>Creates a <code>DataTruncation</code> object with the SQLState initialized to 01004 when <code>read</code> is set to <code>true</code> and 22001 when <code>read</code> is set to <code>false</code>, the reason set to "Data truncation", the vendor code set to 0, and the other fields set to the given values. The <code>cause</code> is not initialized, and may subsequently be initialized by a call to the <code>Throwable.initCause(java.lang.Throwable)</code> method.<p/><p><dl> <dt> <b>Parameters:</b>   </dt><dd> <code>index</code> - The index of the parameter or column value          </dd><dd> <code>parameter</code> - true if a parameter value was truncated         </dd><dd> <code>read</code> - true if a read was truncated        </dd><dd> <code>dataSize</code> - the original size of the data        </dd><dd> <code>transferSize</code> - the size after truncation      </dd> </dl></p>                                                             </dd></dl> <a end_ctx_id="constructor:DataTruncation(int, boolean, boolean, int, int)"/>  </td></tr></table></td></tr></table><table border="0" cellpadding="1" cellspacing="0" width="100%"><tr><td><h3 class="ctxid">constructor:DataTruncation(int, boolean, boolean, int, int, java.lang.Throwable) [NONE]</h3></td></tr><tr><td><table border="0" cellpadding="5" cellspacing="1" bgcolor="black" width="100%"><tr valign="top"><td bgcolor="#FFFFFF" colspan="1"> <a start_ctx_id="constructor:DataTruncation(int, boolean, boolean, int, int, java.lang.Throwable)"/><a name="DataTruncation(int, boolean, boolean, int, int, java.lang.Throwable)"/><h3> DataTruncation </h3><pre>
public <b>DataTruncation</b>(int index,
                      boolean parameter,
                      boolean read,
                      int dataSize,
                      int transferSize,
                      java.lang.Throwable cause)</pre><dl><dd>Creates a <code>DataTruncation</code> object with the SQLState initialized to 01004 when <code>read</code> is set to <code>true</code> and 22001 when <code>read</code> is set to <code>false</code>, the reason set to "Data truncation", the vendor code set to 0, and the other fields set to the given values.<p/><p><dl> <dt> <b>Parameters:</b>   </dt><dd> <code>index</code> - The index of the parameter or column value          </dd><dd> <code>parameter</code> - true if a parameter value was truncated         </dd><dd> <code>read</code> - true if a read was truncated        </dd><dd> <code>dataSize</code> - the original size of the data        </dd><dd> <code>transferSize</code> - the size after truncation      </dd><dd> <code>cause</code> - the underlying reason for this <code>DataTruncation</code> (which is saved for later retrieval by the <code>getCause()</code> method); may be null indicating the cause is non-existent or unknown.                            </dd> <dt> <b>Since:</b>   </dt><dd>1.6</dd>  </dl></p>                                            </dd></dl> <a end_ctx_id="constructor:DataTruncation(int, boolean, boolean, int, int, java.lang.Throwable)"/>  </td></tr></table></td></tr></table><table border="0" cellpadding="1" cellspacing="0" width="100%"><tr><td><h3 class="ctxid">method:getIndex() [NONE]</h3></td></tr><tr><td><table border="0" cellpadding="5" cellspacing="1" bgcolor="black" width="100%"><tr valign="top"><td bgcolor="#FFFFFF" colspan="1"> <a start_ctx_id="method:getIndex()"/><a name="getIndex()"/><h3> getIndex </h3><pre>
public int <b>getIndex</b>()</pre><dl><dd>Retrieves the index of the column or parameter that was truncated.<p>This may be -1 if the column or parameter index is unknown, in which case the <code>parameter</code> and <code>read</code> fields should be ignored.                      </p><p/>          </dd><dd><dl> <dt> <b>Returns:</b>   </dt><dd>the index of the truncated paramter or column value        </dd> </dl></dd></dl> <a end_ctx_id="method:getIndex()"/>  </td></tr></table></td></tr></table><table border="0" cellpadding="1" cellspacing="0" width="100%"><tr><td><h3 class="ctxid">method:getParameter() [NONE]</h3></td></tr><tr><td><table border="0" cellpadding="5" cellspacing="1" bgcolor="black" width="100%"><tr valign="top"><td bgcolor="#FFFFFF" colspan="1"> <a start_ctx_id="method:getParameter()"/><a name="getParameter()"/><h3> getParameter </h3><pre>
public boolean <b>getParameter</b>()</pre><dl><dd>Indicates whether the value truncated was a parameter value or a column value.<p/>            </dd><dd><dl> <dt> <b>Returns:</b>   </dt><dd> <code>true</code> if the value truncated was a parameter; <code>false</code> if it was a column value               </dd> </dl></dd></dl> <a end_ctx_id="method:getParameter()"/>  </td></tr></table></td></tr></table><table border="0" cellpadding="1" cellspacing="0" width="100%"><tr><td><h3 class="ctxid">method:getRead() [NONE]</h3></td></tr><tr><td><table border="0" cellpadding="5" cellspacing="1" bgcolor="black" width="100%"><tr valign="top"><td bgcolor="#FFFFFF" colspan="1"> <a start_ctx_id="method:getRead()"/><a name="getRead()"/><h3> getRead </h3><pre>
public boolean <b>getRead</b>()</pre><dl><dd>Indicates whether or not the value was truncated on a read.<p/>          </dd><dd><dl> <dt> <b>Returns:</b>   </dt><dd> <code>true</code> if the value was truncated when read from the database; <code>false</code> if the data was truncated on a write                    </dd> </dl></dd></dl> <a end_ctx_id="method:getRead()"/>  </td></tr></table></td></tr></table><table border="0" cellpadding="1" cellspacing="0" width="100%"><tr><td><h3 class="ctxid">method:getDataSize() [NONE]</h3></td></tr><tr><td><table border="0" cellpadding="5" cellspacing="1" bgcolor="black" width="100%"><tr valign="top"><td bgcolor="#FFFFFF" colspan="1"> <a start_ctx_id="method:getDataSize()"/><a name="getDataSize()"/><h3> getDataSize </h3><pre>
public int <b>getDataSize</b>()</pre><dl><dd>Gets the number of bytes of data that should have been transferred. This number may be approximate if data conversions were being performed. The value may be <code>-1</code> if the size is unknown.<p/>                                </dd><dd><dl> <dt> <b>Returns:</b>   </dt><dd>the number of bytes of data that should have been transferred          </dd> </dl></dd></dl> <a end_ctx_id="method:getDataSize()"/>  </td></tr></table></td></tr></table><table border="0" cellpadding="1" cellspacing="0" width="100%"><tr><td><h3 class="ctxid">method:getTransferSize() [NONE]</h3></td></tr><tr><td><table border="0" cellpadding="5" cellspacing="1" bgcolor="black" width="100%"><tr valign="top"><td bgcolor="#FFFFFF" colspan="1"> <a start_ctx_id="method:getTransferSize()"/><a name="getTransferSize()"/><h3> getTransferSize </h3><pre>
public int <b>getTransferSize</b>()</pre><dl><dd>Gets the number of bytes of data actually transferred. The value may be <code>-1</code> if the size is unknown.<p/>                  </dd><dd><dl> <dt> <b>Returns:</b>   </dt><dd>the number of bytes of data actually transferred       </dd> </dl></dd></dl> <a end_ctx_id="method:getTransferSize()"/>  </td></tr></table></td></tr></table></diff></diffreport>