<?xml version="1.0" encoding="UTF-8"?><diffreport><diff><table border="0" cellpadding="1" cellspacing="0" width="100%"><tr><td><h3 class="ctxid">class:Date [NONE]</h3></td></tr><tr><td><table border="0" cellpadding="5" cellspacing="1" bgcolor="black" width="100%"><tr valign="top"><td bgcolor="#FFFFFF" colspan="1"> <a start_ctx_id="class:Date"/><dl> <dt><pre>public class <b>Date</b></pre>  </dt> <dt>extends java.util.Date </dt>  </dl><p/><p>A thin wrapper around a millisecond value that allows JDBC to identify this as an SQL <code>DATE</code> value. A milliseconds value represents the number of milliseconds that have passed since January 1, 1970 00:00:00.000 GMT.                                  </p><p> To conform with the definition of SQL <code>DATE</code>, the millisecond values wrapped by a <code>java.sql.Date</code> instance must be 'normalized' by setting the hours, minutes, seconds, and milliseconds to zero in the particular time zone with which the instance is associated.                                        </p><p/><p><dl> <dt> <b>See Also: </b>   </dt><dd> <a href="../../serialized-form.html#java.sql.Date">Serialized Form </a> </dd> </dl> <a end_ctx_id="class:Date"/> </p> </td></tr></table></td></tr></table><table border="0" cellpadding="1" cellspacing="0" width="100%"><tr><td><h3 class="ctxid">constructor:Date(int, int, int) [NONE]</h3></td></tr><tr><td><table border="0" cellpadding="5" cellspacing="1" bgcolor="black" width="100%"><tr valign="top"><td bgcolor="#FFFFFF" colspan="1"> <a start_ctx_id="constructor:Date(int, int, int)"/><a name="Date(int, int, int)"/><h3> Date </h3><pre>
public <b>Date</b>(int year,
            int month,
            int day)</pre><dl><dd> <b>Deprecated.</b> <i>instead use the constructor <code>Date(long date) </code>    </i><p/> </dd><dd>Constructs a <code>Date</code> object initialized with the given year, month, and day.<p> The result is undefined if a given argument is out of bounds.            </p><p><dl> <dt> <b>Parameters:</b>   </dt><dd> <code>year</code> - the year minus 1900; must be 0 to 8099. (Note that 8099 is 9999 minus 1900.)                  </dd><dd> <code>month</code> - 0 to 11     </dd><dd> <code>day</code> - 1 to 31     </dd> </dl></p>           </dd></dl> <a end_ctx_id="constructor:Date(int, int, int)"/>  </td></tr></table></td></tr></table><table border="0" cellpadding="1" cellspacing="0" width="100%"><tr><td><h3 class="ctxid">constructor:Date(long) [NONE]</h3></td></tr><tr><td><table border="0" cellpadding="5" cellspacing="1" bgcolor="black" width="100%"><tr valign="top"><td bgcolor="#FFFFFF" colspan="1"> <a start_ctx_id="constructor:Date(long)"/><a name="Date(long)"/><h3> Date </h3><pre>
public <b>Date</b>(long date)</pre><dl><dd>Constructs a <code>Date</code> object using the given milliseconds time value. If the given milliseconds value contains time information, the driver will set the time components to the time in the default time zone (the time zone of the Java virtual machine running the application) that corresponds to zero GMT.<p><dl> <dt> <b>Parameters:</b>   </dt><dd> <code>date</code> - milliseconds since January 1, 1970, 00:00:00 GMT not to exceed the milliseconds representation for the year 8099. A negative number indicates the number of milliseconds before January 1, 1970, 00:00:00 GMT.                                 </dd> </dl></p>                                                </dd></dl> <a end_ctx_id="constructor:Date(long)"/>  </td></tr></table></td></tr></table><table border="0" cellpadding="1" cellspacing="0" width="100%"><tr><td><h3 class="ctxid">method:setTime(long) [NONE]</h3></td></tr><tr><td><table border="0" cellpadding="5" cellspacing="1" bgcolor="black" width="100%"><tr valign="top"><td bgcolor="#FFFFFF" colspan="1"> <a start_ctx_id="method:setTime(long)"/><a name="setTime(long)"/><h3> setTime </h3><pre>
public void <b>setTime</b>(long date)</pre><dl><dd>Sets an existing <code>Date</code> object using the given milliseconds time value. If the given milliseconds value contains time information, the driver will set the time components to the time in the default time zone (the time zone of the Java virtual machine running the application) that corresponds to zero GMT.<p/>                                                 </dd><dd><dl> <dt> <b>Overrides:</b>   </dt><dd> <code>setTime</code> in class <code>java.util.Date</code>    </dd> </dl></dd><dd><dl> <dt> <b>Parameters:</b>   </dt><dd> <code>date</code> - milliseconds since January 1, 1970, 00:00:00 GMT not to exceed the milliseconds representation for the year 8099. A negative number indicates the number of milliseconds before January 1, 1970, 00:00:00 GMT.                                 </dd> </dl></dd></dl> <a end_ctx_id="method:setTime(long)"/>  </td></tr></table></td></tr></table><table border="0" cellpadding="1" cellspacing="0" width="100%"><tr><td><h3 class="ctxid">method:valueOf(java.lang.String) [CHANGED]</h3></td></tr><tr><td><table border="0" cellpadding="5" cellspacing="1" bgcolor="black" width="100%"><tr valign="top"><td bgcolor="#EEEEEE" colspan="2"> <a start_ctx_id="method:valueOf(java.lang.String)"/><a name="valueOf(java.lang.String)"/><h3> valueOf </h3><pre>
public static <a href="../../java/sql/Date.html" title="class in java.sql">Date</a><b>valueOf</b>(java.lang.String s)</pre><dl><dd>Converts a string in JDBC date escape format to a <code>Date</code> value.<p/>           </dd><dd><dl> <dt> <b>Parameters:</b>   </dt><dd> <code>s</code> - a <code>String</code> object representing a date in in the format "yyyy-<span class="diff-html-added">[m]m-[d]d".</span> <span class="diff-html-added">The</span> <span class="diff-html-added">leading</span> <span class="diff-html-added">zero</span> <span class="diff-html-added">for</span> <code>mm</code> <span class="diff-html-removed">-</span><span class="diff-html-added">and</span> <code>dd</code> <span class="diff-html-removed">"</span><span class="diff-html-added">may</span> <span class="diff-html-added">also</span> <span class="diff-html-added">be</span> <span class="diff-html-added">omitted.</span>                        </dd> <dt> <b>Returns:</b>   </dt><dd>a <code>java.sql.Date</code> object representing the given date      </dd> <dt> <b>Throws:</b>   </dt><dd> <code>java.lang.IllegalArgumentException</code> - if the date given is not in the JDBC date escape format (yyyy-<span class="diff-html-removed">mm-dd</span><span class="diff-html-added">[m]m-[d]d</span>)               </dd>   </dl></dd></dl> <a end_ctx_id="method:valueOf(java.lang.String)"/>  </td></tr><tr valign="top"><td bgcolor="#CCCCCC" colspan="1"> <a start_ctx_id="method:valueOf(java.lang.String)"/><a name="valueOf(java.lang.String)"/><h3> valueOf </h3><pre>
public static <a href="../../java/sql/Date.html" title="class in java.sql">Date</a><b>valueOf</b>(java.lang.String s)</pre><dl><dd>Converts a string in JDBC date escape format to a <code>Date</code> value.<p/>           </dd><dd><dl> <dt> <b>Parameters:</b>   </dt><dd> <code>s</code> - a <code>String</code> object representing a date in in the format "yyyy-mm-dd"             </dd> <dt> <b>Returns:</b>   </dt><dd>a <code>java.sql.Date</code> object representing the given date      </dd> <dt> <b>Throws:</b>   </dt><dd> <code>java.lang.IllegalArgumentException</code> - if the date given is not in the JDBC date escape format (yyyy-mm-dd)               </dd>   </dl></dd></dl> <a end_ctx_id="method:valueOf(java.lang.String)"/>  </td><td bgcolor="#FFFFFF" colspan="1"> <a start_ctx_id="method:valueOf(java.lang.String)"/><a name="valueOf(java.lang.String)"/><h3> valueOf </h3><pre>
public static <a href="../../java/sql/Date.html" title="class in java.sql">Date</a><b>valueOf</b>(java.lang.String s)</pre><dl><dd>Converts a string in JDBC date escape format to a <code>Date</code> value.<p/>           </dd><dd><dl> <dt> <b>Parameters:</b>   </dt><dd> <code>s</code> - a <code>String</code> object representing a date in in the format "yyyy-[m]m-[d]d". The leading zero for <code>mm</code> and <code>dd</code> may also be omitted.                        </dd> <dt> <b>Returns:</b>   </dt><dd>a <code>java.sql.Date</code> object representing the given date      </dd> <dt> <b>Throws:</b>   </dt><dd> <code>java.lang.IllegalArgumentException</code> - if the date given is not in the JDBC date escape format (yyyy-[m]m-[d]d)               </dd>   </dl></dd></dl> <a end_ctx_id="method:valueOf(java.lang.String)"/>  </td></tr></table></td></tr></table><table border="0" cellpadding="1" cellspacing="0" width="100%"><tr><td><h3 class="ctxid">method:toString() [NONE]</h3></td></tr><tr><td><table border="0" cellpadding="5" cellspacing="1" bgcolor="black" width="100%"><tr valign="top"><td bgcolor="#FFFFFF" colspan="1"> <a start_ctx_id="method:toString()"/><a name="toString()"/><h3> toString </h3><pre>
public java.lang.String <b>toString</b>()</pre><dl><dd>Formats a date in the date escape format yyyy-mm-dd.<p/><p/>        </dd><dd><dl> <dt> <b>Overrides:</b>   </dt><dd> <code>toString</code> in class <code>java.util.Date</code>    </dd> </dl></dd><dd><dl> <dt> <b>Returns:</b>   </dt><dd>a String in yyyy-mm-dd format    </dd> </dl></dd></dl> <a end_ctx_id="method:toString()"/>  </td></tr></table></td></tr></table><table border="0" cellpadding="1" cellspacing="0" width="100%"><tr><td><h3 class="ctxid">method:getHours() [NONE]</h3></td></tr><tr><td><table border="0" cellpadding="5" cellspacing="1" bgcolor="black" width="100%"><tr valign="top"><td bgcolor="#FFFFFF" colspan="1"> <a start_ctx_id="method:getHours()"/><a name="getHours()"/><h3> getHours </h3><pre>
public int <b>getHours</b>()</pre><dl><dd> <b>Deprecated.</b> <i/><p/> </dd><dd>This method is deprecated and should not be used because SQL Date values do not have a time component.<p/>                  </dd><dd><dl> <dt> <b>Overrides:</b>   </dt><dd> <code>getHours</code> in class <code>java.util.Date</code>    </dd> </dl></dd><dd><dl> <dt> <b>Throws:</b>   </dt><dd> <code>java.lang.IllegalArgumentException</code> - if this method is invoked       </dd> <dt> <b>See Also: </b>   </dt><dd> <a href="../../java/sql/Date.html#setHours(int)"><code>setHours(int)</code></a> </dd>  </dl></dd></dl> <a end_ctx_id="method:getHours()"/>  </td></tr></table></td></tr></table><table border="0" cellpadding="1" cellspacing="0" width="100%"><tr><td><h3 class="ctxid">method:getMinutes() [NONE]</h3></td></tr><tr><td><table border="0" cellpadding="5" cellspacing="1" bgcolor="black" width="100%"><tr valign="top"><td bgcolor="#FFFFFF" colspan="1"> <a start_ctx_id="method:getMinutes()"/><a name="getMinutes()"/><h3> getMinutes </h3><pre>
public int <b>getMinutes</b>()</pre><dl><dd> <b>Deprecated.</b> <i/><p/> </dd><dd>This method is deprecated and should not be used because SQL Date values do not have a time component.<p/>                  </dd><dd><dl> <dt> <b>Overrides:</b>   </dt><dd> <code>getMinutes</code> in class <code>java.util.Date</code>    </dd> </dl></dd><dd><dl> <dt> <b>Throws:</b>   </dt><dd> <code>java.lang.IllegalArgumentException</code> - if this method is invoked       </dd> <dt> <b>See Also: </b>   </dt><dd> <a href="../../java/sql/Date.html#setMinutes(int)"><code>setMinutes(int)</code></a> </dd>  </dl></dd></dl> <a end_ctx_id="method:getMinutes()"/>  </td></tr></table></td></tr></table><table border="0" cellpadding="1" cellspacing="0" width="100%"><tr><td><h3 class="ctxid">method:getSeconds() [NONE]</h3></td></tr><tr><td><table border="0" cellpadding="5" cellspacing="1" bgcolor="black" width="100%"><tr valign="top"><td bgcolor="#FFFFFF" colspan="1"> <a start_ctx_id="method:getSeconds()"/><a name="getSeconds()"/><h3> getSeconds </h3><pre>
public int <b>getSeconds</b>()</pre><dl><dd> <b>Deprecated.</b> <i/><p/> </dd><dd>This method is deprecated and should not be used because SQL Date values do not have a time component.<p/>                  </dd><dd><dl> <dt> <b>Overrides:</b>   </dt><dd> <code>getSeconds</code> in class <code>java.util.Date</code>    </dd> </dl></dd><dd><dl> <dt> <b>Throws:</b>   </dt><dd> <code>java.lang.IllegalArgumentException</code> - if this method is invoked       </dd> <dt> <b>See Also: </b>   </dt><dd> <a href="../../java/sql/Date.html#setSeconds(int)"><code>setSeconds(int)</code></a> </dd>  </dl></dd></dl> <a end_ctx_id="method:getSeconds()"/>  </td></tr></table></td></tr></table><table border="0" cellpadding="1" cellspacing="0" width="100%"><tr><td><h3 class="ctxid">method:setHours(int) [NONE]</h3></td></tr><tr><td><table border="0" cellpadding="5" cellspacing="1" bgcolor="black" width="100%"><tr valign="top"><td bgcolor="#FFFFFF" colspan="1"> <a start_ctx_id="method:setHours(int)"/><a name="setHours(int)"/><h3> setHours </h3><pre>
public void <b>setHours</b>(int i)</pre><dl><dd> <b>Deprecated.</b> <i/><p/> </dd><dd>This method is deprecated and should not be used because SQL Date values do not have a time component.<p/>                  </dd><dd><dl> <dt> <b>Overrides:</b>   </dt><dd> <code>setHours</code> in class <code>java.util.Date</code>    </dd> </dl></dd><dd><dl> <dt> <b>Throws:</b>   </dt><dd> <code>java.lang.IllegalArgumentException</code> - if this method is invoked       </dd> <dt> <b>See Also: </b>   </dt><dd> <a href="../../java/sql/Date.html#getHours()"><code>getHours()</code></a> </dd>  </dl></dd></dl> <a end_ctx_id="method:setHours(int)"/>  </td></tr></table></td></tr></table><table border="0" cellpadding="1" cellspacing="0" width="100%"><tr><td><h3 class="ctxid">method:setMinutes(int) [NONE]</h3></td></tr><tr><td><table border="0" cellpadding="5" cellspacing="1" bgcolor="black" width="100%"><tr valign="top"><td bgcolor="#FFFFFF" colspan="1"> <a start_ctx_id="method:setMinutes(int)"/><a name="setMinutes(int)"/><h3> setMinutes </h3><pre>
public void <b>setMinutes</b>(int i)</pre><dl><dd> <b>Deprecated.</b> <i/><p/> </dd><dd>This method is deprecated and should not be used because SQL Date values do not have a time component.<p/>                  </dd><dd><dl> <dt> <b>Overrides:</b>   </dt><dd> <code>setMinutes</code> in class <code>java.util.Date</code>    </dd> </dl></dd><dd><dl> <dt> <b>Throws:</b>   </dt><dd> <code>java.lang.IllegalArgumentException</code> - if this method is invoked       </dd> <dt> <b>See Also: </b>   </dt><dd> <a href="../../java/sql/Date.html#getMinutes()"><code>getMinutes()</code></a> </dd>  </dl></dd></dl> <a end_ctx_id="method:setMinutes(int)"/>  </td></tr></table></td></tr></table><table border="0" cellpadding="1" cellspacing="0" width="100%"><tr><td><h3 class="ctxid">method:setSeconds(int) [NONE]</h3></td></tr><tr><td><table border="0" cellpadding="5" cellspacing="1" bgcolor="black" width="100%"><tr valign="top"><td bgcolor="#FFFFFF" colspan="1"> <a start_ctx_id="method:setSeconds(int)"/><a name="setSeconds(int)"/><h3> setSeconds </h3><pre>
public void <b>setSeconds</b>(int i)</pre><dl><dd> <b>Deprecated.</b> <i/><p/> </dd><dd>This method is deprecated and should not be used because SQL Date values do not have a time component.<p/>                  </dd><dd><dl> <dt> <b>Overrides:</b>   </dt><dd> <code>setSeconds</code> in class <code>java.util.Date</code>    </dd> </dl></dd><dd><dl> <dt> <b>Throws:</b>   </dt><dd> <code>java.lang.IllegalArgumentException</code> - if this method is invoked       </dd> <dt> <b>See Also: </b>   </dt><dd> <a href="../../java/sql/Date.html#getSeconds()"><code>getSeconds()</code></a> </dd>  </dl></dd></dl> <a end_ctx_id="method:setSeconds(int)"/>  </td></tr></table></td></tr></table></diff></diffreport>