<?xml version="1.0" encoding="UTF-8" standalone="yes"?><Document><name>java/sql/Date.spec</name><Context><name>class:Date</name><mt>NONE</mt></Context><Context><name>constructor:Date(int, int, int)</name><mt>NONE</mt></Context><Context><name>constructor:Date(long)</name><mt>NONE</mt></Context><Context><name>method:getHours()</name><mt>NONE</mt></Context><Context><name>method:getMinutes()</name><mt>NONE</mt></Context><Context><name>method:getSeconds()</name><mt>NONE</mt></Context><Context><name>method:setHours(int)</name><mt>NONE</mt></Context><Context><name>method:setMinutes(int)</name><mt>NONE</mt></Context><Context><name>method:setSeconds(int)</name><mt>NONE</mt></Context><Context><name>method:setTime(long)</name><mt>NONE</mt></Context><Context><name>method:toString()</name><mt>NONE</mt></Context><Context><name>method:valueOf(java.lang.String)</name><mt>CHANGED</mt></Context><Stat><name>java/sql/Date.spec</name><mt>CHANGED</mt><Group name="context"><Item count="0" name="ADDED"/><Item count="0" name="REMOVED"/><Item count="1" name="CHANGED"/><Item count="1" name="MODIFIED"/><Item count="12" name="TOTAL"/></Group><Group name="assertion"><Item count="0" name="ADDED"/><Item count="0" name="REMOVED"/><Item count="0" name="CHANGED"/><Item count="0" name="MODIFIED"/><Item count="0" name="TOTAL"/></Group></Stat></Document>