<?xml version="1.0" encoding="UTF-8" standalone="yes"?><Document><name>java/sql/DriverPropertyInfo.spec</name><Context><name>class:DriverPropertyInfo</name><mt>NONE</mt></Context><Context><name>constructor:DriverPropertyInfo(java.lang.String, java.lang.String)</name><mt>NONE</mt></Context><Context><name>field:choices</name><mt>NONE</mt></Context><Context><name>field:description</name><mt>NONE</mt></Context><Context><name>field:name</name><mt>NONE</mt></Context><Context><name>field:required</name><mt>NONE</mt></Context><Context><name>field:value</name><mt>NONE</mt></Context><Stat><name>java/sql/DriverPropertyInfo.spec</name><mt>NONE</mt><Group name="context"><Item count="0" name="ADDED"/><Item count="0" name="REMOVED"/><Item count="0" name="CHANGED"/><Item count="0" name="MODIFIED"/><Item count="7" name="TOTAL"/></Group><Group name="assertion"><Item count="0" name="ADDED"/><Item count="0" name="REMOVED"/><Item count="0" name="CHANGED"/><Item count="0" name="MODIFIED"/><Item count="0" name="TOTAL"/></Group></Stat></Document>