<?xml version="1.0" encoding="UTF-8"?><diffreport><diff><table border="0" cellpadding="1" cellspacing="0" width="100%"><tr><td><h3 class="ctxid">class:DriverPropertyInfo [NONE]</h3></td></tr><tr><td><table border="0" cellpadding="5" cellspacing="1" bgcolor="black" width="100%"><tr valign="top"><td bgcolor="#FFFFFF" colspan="1"> <a start_ctx_id="class:DriverPropertyInfo"/><dl> <dt><pre>public class <b>DriverPropertyInfo</b></pre>  </dt> <dt>extends java.lang.Object </dt>  </dl><p/><p>Driver properties for making a connection. The <code>DriverPropertyInfo</code> class is of interest only to advanced programmers who need to interact with a Driver via the method <code>getDriverProperties</code> to discover and supply properties for connections.                                 </p><p/><p> <a end_ctx_id="class:DriverPropertyInfo"/> </p> </td></tr></table></td></tr></table><table border="0" cellpadding="1" cellspacing="0" width="100%"><tr><td><h3 class="ctxid">field:name [NONE]</h3></td></tr><tr><td><table border="0" cellpadding="5" cellspacing="1" bgcolor="black" width="100%"><tr valign="top"><td bgcolor="#FFFFFF" colspan="1"> <a start_ctx_id="field:name"/><a name="name"/><h3> name </h3><pre>
public java.lang.String <b>name</b></pre><dl><dd>The name of the property.<p><dl/></p>    </dd></dl> <a end_ctx_id="field:name"/>  </td></tr></table></td></tr></table><table border="0" cellpadding="1" cellspacing="0" width="100%"><tr><td><h3 class="ctxid">field:description [NONE]</h3></td></tr><tr><td><table border="0" cellpadding="5" cellspacing="1" bgcolor="black" width="100%"><tr valign="top"><td bgcolor="#FFFFFF" colspan="1"> <a start_ctx_id="field:description"/><a name="description"/><h3> description </h3><pre>
public java.lang.String <b>description</b></pre><dl><dd>A brief description of the property, which may be null.<p><dl/></p>         </dd></dl> <a end_ctx_id="field:description"/>  </td></tr></table></td></tr></table><table border="0" cellpadding="1" cellspacing="0" width="100%"><tr><td><h3 class="ctxid">field:required [NONE]</h3></td></tr><tr><td><table border="0" cellpadding="5" cellspacing="1" bgcolor="black" width="100%"><tr valign="top"><td bgcolor="#FFFFFF" colspan="1"> <a start_ctx_id="field:required"/><a name="required"/><h3> required </h3><pre>
public boolean <b>required</b></pre><dl><dd>The <code>required</code> field is <code>true</code> if a value must be supplied for this property during <code>Driver.connect</code> and <code>false</code> otherwise.<p><dl/></p>                  </dd></dl> <a end_ctx_id="field:required"/>  </td></tr></table></td></tr></table><table border="0" cellpadding="1" cellspacing="0" width="100%"><tr><td><h3 class="ctxid">field:value [NONE]</h3></td></tr><tr><td><table border="0" cellpadding="5" cellspacing="1" bgcolor="black" width="100%"><tr valign="top"><td bgcolor="#FFFFFF" colspan="1"> <a start_ctx_id="field:value"/><a name="value"/><h3> value </h3><pre>
public java.lang.String <b>value</b></pre><dl><dd>The <code>value</code> field specifies the current value of the property, based on a combination of the information supplied to the method <code>getPropertyInfo</code>, the Java environment, and the driver-supplied default values. This field may be null if no value is known.<p><dl/></p>                                       </dd></dl> <a end_ctx_id="field:value"/>  </td></tr></table></td></tr></table><table border="0" cellpadding="1" cellspacing="0" width="100%"><tr><td><h3 class="ctxid">field:choices [NONE]</h3></td></tr><tr><td><table border="0" cellpadding="5" cellspacing="1" bgcolor="black" width="100%"><tr valign="top"><td bgcolor="#FFFFFF" colspan="1"> <a start_ctx_id="field:choices"/><a name="choices"/><h3> choices </h3><pre>
public java.lang.String[] <b>choices</b></pre><dl><dd>An array of possible values if the value for the field <code>DriverPropertyInfo.value</code> may be selected from a particular set of values; otherwise null.<p><dl/></p>                      </dd></dl> <a end_ctx_id="field:choices"/>  </td></tr></table></td></tr></table><table border="0" cellpadding="1" cellspacing="0" width="100%"><tr><td><h3 class="ctxid">constructor:DriverPropertyInfo(java.lang.String, java.lang.String) [NONE]</h3></td></tr><tr><td><table border="0" cellpadding="5" cellspacing="1" bgcolor="black" width="100%"><tr valign="top"><td bgcolor="#FFFFFF" colspan="1"> <a start_ctx_id="constructor:DriverPropertyInfo(java.lang.String, java.lang.String)"/><a name="DriverPropertyInfo(java.lang.String, java.lang.String)"/><h3> DriverPropertyInfo </h3><pre>
public <b>DriverPropertyInfo</b>(java.lang.String name,
                          java.lang.String value)</pre><dl><dd>Constructs a <code>DriverPropertyInfo</code> object with a given name and value. The <code>description</code> and <code>choices</code> are intialized to <code>null</code> and <code>required</code> is initialized to <code>false</code>.<p><dl> <dt> <b>Parameters:</b>   </dt><dd> <code>name</code> - the name of the property       </dd><dd> <code>value</code> - the current value, which may be null         </dd> </dl></p>                       </dd></dl> <a end_ctx_id="constructor:DriverPropertyInfo(java.lang.String, java.lang.String)"/>  </td></tr></table></td></tr></table></diff></diffreport>