<?xml version="1.0" encoding="UTF-8"?><diffreport><diff><table border="0" cellpadding="1" cellspacing="0" width="100%"><tr><td><h3 class="ctxid">class:Driver [NONE]</h3></td></tr><tr><td><table border="0" cellpadding="5" cellspacing="1" bgcolor="black" width="100%"><tr valign="top"><td bgcolor="#FFFFFF" colspan="1"> <a start_ctx_id="class:Driver"/><dl> <dt><pre>public interface <b>Driver</b></pre>  </dt> </dl><p> The interface that every driver class must implement.        </p><p>The Java SQL framework allows for multiple database drivers.        </p><p>Each driver should supply a class that implements the Driver interface.          </p><p>The DriverManager will try to load as many drivers as it can find and then for any given connection request, it will ask each driver in turn to try to connect to the target URL.                                  </p><p>It is strongly recommended that each Driver class should be small and standalone so that the Driver class can be loaded and queried without bringing in vast quantities of supporting code.                              </p><p>When a Driver class is loaded, it should create an instance of itself and register it with the DriverManager. This means that a user can load and register a driver by calling<pre>
   
<code>Class.forName("foo.bah.Driver")</code>
 
</pre>                               </p><p/><p><dl> <dt> <b>See Also: </b>   </dt><dd> <a href="../../java/sql/DriverManager.html" title="class in java.sql"><code>DriverManager</code></a>, <a href="../../java/sql/Connection.html" title="interface in java.sql"><code>Connection</code></a>  </dd> </dl> <a end_ctx_id="class:Driver"/> </p> </td></tr></table></td></tr></table><table border="0" cellpadding="1" cellspacing="0" width="100%"><tr><td><h3 class="ctxid">method:connect(java.lang.String, java.util.Properties) [NONE]</h3></td></tr><tr><td><table border="0" cellpadding="5" cellspacing="1" bgcolor="black" width="100%"><tr valign="top"><td bgcolor="#FFFFFF" colspan="1"> <a start_ctx_id="method:connect(java.lang.String, java.util.Properties)"/><a name="connect(java.lang.String, java.util.Properties)"/><h3> connect </h3><pre>

<a href="../../java/sql/Connection.html" title="interface in java.sql">Connection</a><b>connect</b>(java.lang.String url,
                   java.util.Properties info)
                   throws <a href="../../java/sql/SQLException.html" title="class in java.sql">SQLException</a></pre><dl><dd>Attempts to make a database connection to the given URL. The driver should return "null" if it realizes it is the wrong kind of driver to connect to the given URL. This will be common, as when the JDBC driver manager is asked to connect to a given URL it passes the URL to each loaded driver in turn.<p>The driver should throw an <code>SQLException</code> if it is the right driver to connect to the given URL but has trouble connecting to the database.                        </p><p>The <code>java.util.Properties</code> argument can be used to pass arbitrary string tag/value pairs as connection arguments. Normally at least "user" and "password" properties should be included in the <code>Properties</code> object.                            </p><p/>                                                          </dd><dd><dl> <dt> <b>Parameters:</b>   </dt><dd> <code>url</code> - the URL of the database to which to connect           </dd><dd> <code>info</code> - a list of arbitrary string tag/value pairs as connection arguments. Normally at least a "user" and "password" property should be included.                       </dd> <dt> <b>Returns:</b>   </dt><dd>a <code>Connection</code> object that represents a connection to the URL         </dd> <dt> <b>Throws:</b>   </dt><dd> <code><a href="../../java/sql/SQLException.html" title="class in java.sql">SQLException</a></code> - if a database access error occurs        </dd>   </dl></dd></dl> <a end_ctx_id="method:connect(java.lang.String, java.util.Properties)"/>  </td></tr></table></td></tr></table><table border="0" cellpadding="1" cellspacing="0" width="100%"><tr><td><h3 class="ctxid">method:acceptsURL(java.lang.String) [NONE]</h3></td></tr><tr><td><table border="0" cellpadding="5" cellspacing="1" bgcolor="black" width="100%"><tr valign="top"><td bgcolor="#FFFFFF" colspan="1"> <a start_ctx_id="method:acceptsURL(java.lang.String)"/><a name="acceptsURL(java.lang.String)"/><h3> acceptsURL </h3><pre>
boolean <b>acceptsURL</b>(java.lang.String url)
                   throws <a href="../../java/sql/SQLException.html" title="class in java.sql">SQLException</a></pre><dl><dd>Retrieves whether the driver thinks that it can open a connection to the given URL. Typically drivers will return <code>true</code> if they understand the subprotocol specified in the URL and <code>false</code> if they do not.<p/>                                  </dd><dd><dl> <dt> <b>Parameters:</b>   </dt><dd> <code>url</code> - the URL of the database       </dd> <dt> <b>Returns:</b>   </dt><dd> <code>true</code> if this driver understands the given URL; <code>false</code> otherwise          </dd> <dt> <b>Throws:</b>   </dt><dd> <code><a href="../../java/sql/SQLException.html" title="class in java.sql">SQLException</a></code> - if a database access error occurs        </dd>   </dl></dd></dl> <a end_ctx_id="method:acceptsURL(java.lang.String)"/>  </td></tr></table></td></tr></table><table border="0" cellpadding="1" cellspacing="0" width="100%"><tr><td><h3 class="ctxid">method:getPropertyInfo(java.lang.String, java.util.Properties) [NONE]</h3></td></tr><tr><td><table border="0" cellpadding="5" cellspacing="1" bgcolor="black" width="100%"><tr valign="top"><td bgcolor="#FFFFFF" colspan="1"> <a start_ctx_id="method:getPropertyInfo(java.lang.String, java.util.Properties)"/><a name="getPropertyInfo(java.lang.String, java.util.Properties)"/><h3> getPropertyInfo </h3><pre>

<a href="../../java/sql/DriverPropertyInfo.html" title="class in java.sql">DriverPropertyInfo</a>[] <b>getPropertyInfo</b>(java.lang.String url,
                                     java.util.Properties info)
                                     throws <a href="../../java/sql/SQLException.html" title="class in java.sql">SQLException</a></pre><dl><dd>Gets information about the possible properties for this driver.<p> The <code>getPropertyInfo</code> method is intended to allow a generic GUI tool to discover what properties it should prompt a human for in order to get enough information to connect to a database. Note that depending on the values the human has supplied so far, additional values may become necessary, so it may be necessary to iterate though several calls to the <code>getPropertyInfo</code> method.                                                               </p><p/>        </dd><dd><dl> <dt> <b>Parameters:</b>   </dt><dd> <code>url</code> - the URL of the database to which to connect           </dd><dd> <code>info</code> - a proposed list of tag/value pairs that will be sent on connect open               </dd> <dt> <b>Returns:</b>   </dt><dd>an array of <code>DriverPropertyInfo</code> objects describing possible properties. This array may be an empty array if no properties are required.                   </dd> <dt> <b>Throws:</b>   </dt><dd> <code><a href="../../java/sql/SQLException.html" title="class in java.sql">SQLException</a></code> - if a database access error occurs        </dd>   </dl></dd></dl> <a end_ctx_id="method:getPropertyInfo(java.lang.String, java.util.Properties)"/>  </td></tr></table></td></tr></table><table border="0" cellpadding="1" cellspacing="0" width="100%"><tr><td><h3 class="ctxid">method:getMajorVersion() [NONE]</h3></td></tr><tr><td><table border="0" cellpadding="5" cellspacing="1" bgcolor="black" width="100%"><tr valign="top"><td bgcolor="#FFFFFF" colspan="1"> <a start_ctx_id="method:getMajorVersion()"/><a name="getMajorVersion()"/><h3> getMajorVersion </h3><pre>
int <b>getMajorVersion</b>()</pre><dl><dd>Retrieves the driver's major version number. Initially this should be 1.<p/>          </dd><dd><dl> <dt> <b>Returns:</b>   </dt><dd>this driver's major version number    </dd> </dl></dd></dl> <a end_ctx_id="method:getMajorVersion()"/>  </td></tr></table></td></tr></table><table border="0" cellpadding="1" cellspacing="0" width="100%"><tr><td><h3 class="ctxid">method:getMinorVersion() [NONE]</h3></td></tr><tr><td><table border="0" cellpadding="5" cellspacing="1" bgcolor="black" width="100%"><tr valign="top"><td bgcolor="#FFFFFF" colspan="1"> <a start_ctx_id="method:getMinorVersion()"/><a name="getMinorVersion()"/><h3> getMinorVersion </h3><pre>
int <b>getMinorVersion</b>()</pre><dl><dd>Gets the driver's minor version number. Initially this should be 0.<p/>          </dd><dd><dl> <dt> <b>Returns:</b>   </dt><dd>this driver's minor version number    </dd> </dl></dd></dl> <a end_ctx_id="method:getMinorVersion()"/>  </td></tr></table></td></tr></table><table border="0" cellpadding="1" cellspacing="0" width="100%"><tr><td><h3 class="ctxid">method:jdbcCompliant() [NONE]</h3></td></tr><tr><td><table border="0" cellpadding="5" cellspacing="1" bgcolor="black" width="100%"><tr valign="top"><td bgcolor="#FFFFFF" colspan="1"> <a start_ctx_id="method:jdbcCompliant()"/><a name="jdbcCompliant()"/><h3> jdbcCompliant </h3><pre>
boolean <b>jdbcCompliant</b>()</pre><dl><dd>Reports whether this driver is a genuine JDBC Compliant<sup><font size="-2">TM</font></sup> driver. A driver may only report <code>true</code> here if it passes the JDBC compliance tests; otherwise it is required to return <code>false</code>.<p> JDBC compliance requires full support for the JDBC API and full support for SQL 92 Entry Level. It is expected that JDBC compliant drivers will be available for all the major commercial databases.                                 </p><p> This method is not intended to encourage the development of non-JDBC compliant drivers, but is a recognition of the fact that some vendors are interested in using the JDBC API and framework for lightweight databases that do not support full database functionality, or for special databases such as document information retrieval where a SQL implementation may not be feasible.                                                           </p><p/>                              </dd><dd><dl> <dt> <b>Returns:</b>   </dt><dd> <code>true</code> if this driver is JDBC Compliant; <code>false</code> otherwise         </dd> </dl></dd></dl> <a end_ctx_id="method:jdbcCompliant()"/>  </td></tr></table></td></tr></table><table border="0" cellpadding="1" cellspacing="0" width="100%"><tr><td><h3 class="ctxid">method:getParentLogger() [ADDED]</h3></td></tr><tr><td><table border="0" cellpadding="5" cellspacing="1" bgcolor="black" width="100%"><tr valign="top"><td bgcolor="#FFFFFF" colspan="1"> <a start_ctx_id="method:getParentLogger()"><span class="diff-html-added"/></a><a name="getParentLogger()"/><h3> <span class="diff-html-added">getParentLogger</span> </h3><pre>
<span class="diff-html-added">java.util.logging.Logger</span> <b><span class="diff-html-added">getParentLogger</span></b><span class="diff-html-added">()</span>
                                         <span class="diff-html-added">throws</span> <a href="../../java/sql/SQLFeatureNotSupportedException.html" title="class in java.sql"><span class="diff-html-added">SQLFeatureNotSupportedException</span></a></pre><dl><dd><span class="diff-html-added">Return</span> <span class="diff-html-added">the</span> <span class="diff-html-added">parent</span> <span class="diff-html-added">Logger</span> <span class="diff-html-added">of</span> <span class="diff-html-added">all</span> <span class="diff-html-added">the</span> <span class="diff-html-added">Loggers</span> <span class="diff-html-added">used</span> <span class="diff-html-added">by</span> <span class="diff-html-added">this</span> <span class="diff-html-added">driver.</span> <span class="diff-html-added">This</span> <span class="diff-html-added">should</span> <span class="diff-html-added">be</span> <span class="diff-html-added">the</span> <span class="diff-html-added">Logger</span> <span class="diff-html-added">farthest</span> <span class="diff-html-added">from</span> <span class="diff-html-added">the</span> <span class="diff-html-added">root</span> <span class="diff-html-added">Logger</span> <span class="diff-html-added">that</span> <span class="diff-html-added">is</span> <span class="diff-html-added">still</span> <span class="diff-html-added">an</span> <span class="diff-html-added">ancestor</span> <span class="diff-html-added">of</span> <span class="diff-html-added">all</span> <span class="diff-html-added">of</span> <span class="diff-html-added">the</span> <span class="diff-html-added">Loggers</span> <span class="diff-html-added">used</span> <span class="diff-html-added">by</span> <span class="diff-html-added">this</span> <span class="diff-html-added">driver.</span> <span class="diff-html-added">Configuring</span> <span class="diff-html-added">this</span> <span class="diff-html-added">Logger</span> <span class="diff-html-added">will</span> <span class="diff-html-added">affect</span> <span class="diff-html-added">all</span> <span class="diff-html-added">of</span> <span class="diff-html-added">the</span> <span class="diff-html-added">log</span> <span class="diff-html-added">messages</span> <span class="diff-html-added">generated</span> <span class="diff-html-added">by</span> <span class="diff-html-added">the</span> <span class="diff-html-added">driver.</span> <span class="diff-html-added">In</span> <span class="diff-html-added">the</span> <span class="diff-html-added">worst</span> <span class="diff-html-added">case,</span> <span class="diff-html-added">this</span> <span class="diff-html-added">may</span> <span class="diff-html-added">be</span> <span class="diff-html-added">the</span> <span class="diff-html-added">root</span> <span class="diff-html-added">Logger.</span><p/>                                                           </dd><dd><dl> <dt> <b><span class="diff-html-added">Returns:</span></b>   </dt><dd><span class="diff-html-added">the</span> <span class="diff-html-added">parent</span> <span class="diff-html-added">Logger</span> <span class="diff-html-added">for</span> <span class="diff-html-added">this</span> <span class="diff-html-added">driver</span>     </dd> <dt> <b><span class="diff-html-added">Throws:</span></b>   </dt><dd> <code><a href="../../java/sql/SQLFeatureNotSupportedException.html" title="class in java.sql"><span class="diff-html-added">SQLFeatureNotSupportedException</span></a></code> <span class="diff-html-added">-</span> <span class="diff-html-added">if</span> <span class="diff-html-added">the</span> <span class="diff-html-added">driver</span> <span class="diff-html-added">does</span> <span class="diff-html-added">not</span> <span class="diff-html-added">use</span> <code><span class="diff-html-added">java.util.logging</span><code><span class="diff-html-added">.</span></code></code>         </dd> <dt> <code><code><b><span class="diff-html-added">Since:</span></b></code></code>   </dt><dd><span class="diff-html-added">1.7</span></dd>   </dl></dd></dl> <a end_ctx_id="method:getParentLogger()"><span class="diff-html-added"/></a>  </td></tr></table></td></tr></table></diff></diffreport>