<?xml version="1.0" encoding="UTF-8"?><diffreport><diff><table border="0" cellpadding="1" cellspacing="0" width="100%"><tr><td><h3 class="ctxid">class:DriverManager [NONE]</h3></td></tr><tr><td><table border="0" cellpadding="5" cellspacing="1" bgcolor="black" width="100%"><tr valign="top"><td bgcolor="#FFFFFF" colspan="1"> <a start_ctx_id="class:DriverManager"/><dl> <dt><pre>public class <b>DriverManager</b></pre>  </dt> <dt>extends java.lang.Object </dt>  </dl><p/><p>The basic service for managing a set of JDBC drivers.<br/> <b>NOTE:</b> The <code>DataSource</code> interface, new in the JDBC 2.0 API, provides another way to connect to a data source. The use of a <code>DataSource</code> object is the preferred means of connecting to a data source.                                            </p><p>As part of its initialization, the <code>DriverManager</code> class will attempt to load the driver classes referenced in the "jdbc.drivers" system property. This allows a user to customize the JDBC Drivers used by their applications. For example in your ~/.hotjava/properties file you might specify:<pre>
 
<code>jdbc.drivers=foo.bah.Driver:wombat.sql.Driver:bad.taste.ourDriver</code>
 
</pre>                                          </p><p> The <code>DriverManager</code> methods <code>getConnection</code> and <code>getDrivers</code> have been enhanced to support the Java Standard Edition <a href="../../../technotes/guides/jar/jar.html#Service%20Provider">Service Provider </a> mechanism. JDBC 4.0 Drivers must include the file <code>META-INF/services/java.sql.Driver</code>. This file contains the name of the JDBC drivers implementation of <code>java.sql.Driver</code>. For example, to load the <code>my.sql.Driver</code> class, the <code>META-INF/services/java.sql.Driver</code> file would contain the entry:<pre>
 
<code>my.sql.Driver</code>
 
</pre>                                                   </p><p>Applications no longer need to explictly load JDBC drivers using <code>Class.forName()</code>. Existing programs which currently load JDBC drivers using <code>Class.forName()</code> will continue to work without modification.                         </p><p>When the method <code>getConnection</code> is called, the <code>DriverManager</code> will attempt to locate a suitable driver from amongst those loaded at initialization and those loaded explicitly using the same classloader as the current applet or application.                                  </p><p> Starting with the Java 2 SDK, Standard Edition, version 1.3, a logging stream can be set only if the proper permission has been granted. Normally this will be done with the tool PolicyTool, which can be used to grant <code>permission java.sql.SQLPermission "setLog"  </code>.                                        </p><p/><p><dl> <dt> <b>See Also: </b>   </dt><dd> <a href="../../java/sql/Driver.html" title="interface in java.sql"><code>Driver</code></a>, <a href="../../java/sql/Connection.html" title="interface in java.sql"><code>Connection</code></a>  </dd> </dl> <a end_ctx_id="class:DriverManager"/> </p> </td></tr></table></td></tr></table><table border="0" cellpadding="1" cellspacing="0" width="100%"><tr><td><h3 class="ctxid">method:getLogWriter() [NONE]</h3></td></tr><tr><td><table border="0" cellpadding="5" cellspacing="1" bgcolor="black" width="100%"><tr valign="top"><td bgcolor="#FFFFFF" colspan="1"> <a start_ctx_id="method:getLogWriter()"/><a name="getLogWriter()"/><h3> getLogWriter </h3><pre>
public static java.io.PrintWriter <b>getLogWriter</b>()</pre><dl><dd>Retrieves the log writer. The <code>getLogWriter</code> and <code>setLogWriter</code> methods should be used instead of the <code>get/setlogStream</code> methods, which are deprecated.<p/>                   </dd><dd><dl> <dt> <b>Returns:</b>   </dt><dd>a <code>java.io.PrintWriter</code> object  </dd> <dt> <b>Since:</b>   </dt><dd>1.2</dd> <dt> <b>See Also: </b>   </dt><dd> <a href="../../java/sql/DriverManager.html#setLogWriter(java.io.PrintWriter)"><code>setLogWriter(java.io.PrintWriter)</code></a> </dd>   </dl></dd></dl> <a end_ctx_id="method:getLogWriter()"/>  </td></tr></table></td></tr></table><table border="0" cellpadding="1" cellspacing="0" width="100%"><tr><td><h3 class="ctxid">method:setLogWriter(java.io.PrintWriter) [NONE]</h3></td></tr><tr><td><table border="0" cellpadding="5" cellspacing="1" bgcolor="black" width="100%"><tr valign="top"><td bgcolor="#FFFFFF" colspan="1"> <a start_ctx_id="method:setLogWriter(java.io.PrintWriter)"/><a name="setLogWriter(java.io.PrintWriter)"/><h3> setLogWriter </h3><pre>
public static void <b>setLogWriter</b>(java.io.PrintWriter out)</pre><dl><dd>Sets the logging/tracing <code>PrintWriter</code> object that is used by the <code>DriverManager</code> and all drivers.<p> There is a minor versioning problem created by the introduction of the method <code>setLogWriter</code>. The method <code>setLogWriter</code> cannot create a <code>PrintStream</code> object that will be returned by <code>getLogStream</code>---the Java platform does not provide a backward conversion. As a result, a new application that uses <code>setLogWriter</code> and also uses a JDBC 1.0 driver that uses <code>getLogStream</code> will likely not see debugging information written by that driver.                                                                 </p><p> Starting with the Java 2 SDK, Standard Edition, version 1.3 release, this method checks to see that there is an <code>SQLPermission</code> object before setting the logging stream. If a <code>SecurityManager</code> exists and its <code>checkPermission</code> method denies setting the log writer, this method throws a <code>java.lang.SecurityException</code>.                                             </p><p/>             </dd><dd><dl> <dt> <b>Parameters:</b>   </dt><dd> <code>out</code> - the new logging/tracing <code>PrintStream</code> object; <code>null</code> to disable logging and tracing             </dd> <dt> <b>Throws:</b>   </dt><dd> <code>java.lang.SecurityException</code> - if a security manager exists and its <code>checkPermission</code> method denies setting the log writer                </dd> <dt> <b>Since:</b>   </dt><dd>1.2</dd> <dt> <b>See Also: </b>   </dt><dd> <code>SecurityManager.checkPermission(java.security.Permission)</code>, <a href="../../java/sql/DriverManager.html#getLogWriter()"><code>getLogWriter()</code></a>  </dd>    </dl></dd></dl> <a end_ctx_id="method:setLogWriter(java.io.PrintWriter)"/>  </td></tr></table></td></tr></table><table border="0" cellpadding="1" cellspacing="0" width="100%"><tr><td><h3 class="ctxid">method:getConnection(java.lang.String, java.util.Properties) [NONE]</h3></td></tr><tr><td><table border="0" cellpadding="5" cellspacing="1" bgcolor="black" width="100%"><tr valign="top"><td bgcolor="#FFFFFF" colspan="1"> <a start_ctx_id="method:getConnection(java.lang.String, java.util.Properties)"/><a name="getConnection(java.lang.String, java.util.Properties)"/><h3> getConnection </h3><pre>
public static <a href="../../java/sql/Connection.html" title="interface in java.sql">Connection</a><b>getConnection</b>(java.lang.String url,
                                       java.util.Properties info)
                                throws <a href="../../java/sql/SQLException.html" title="class in java.sql">SQLException</a></pre><dl><dd>Attempts to establish a connection to the given database URL. The <code>DriverManager</code> attempts to select an appropriate driver from the set of registered JDBC drivers.<p/>                        </dd><dd><dl> <dt> <b>Parameters:</b>   </dt><dd> <code>url</code> - a database url of the form <code> jdbc:<em>subprotocol</em>:<em>subname</em> </code>         </dd><dd> <code>info</code> - a list of arbitrary string tag/value pairs as connection arguments; normally at least a "user" and "password" property should be included                       </dd> <dt> <b>Returns:</b>   </dt><dd>a Connection to the URL    </dd> <dt> <b>Throws:</b>   </dt><dd> <code><a href="../../java/sql/SQLException.html" title="class in java.sql">SQLException</a></code> - if a database access error occurs        </dd>   </dl></dd></dl> <a end_ctx_id="method:getConnection(java.lang.String, java.util.Properties)"/>  </td></tr></table></td></tr></table><table border="0" cellpadding="1" cellspacing="0" width="100%"><tr><td><h3 class="ctxid">method:getConnection(java.lang.String, java.lang.String, java.lang.String) [NONE]</h3></td></tr><tr><td><table border="0" cellpadding="5" cellspacing="1" bgcolor="black" width="100%"><tr valign="top"><td bgcolor="#FFFFFF" colspan="1"> <a start_ctx_id="method:getConnection(java.lang.String, java.lang.String, java.lang.String)"/><a name="getConnection(java.lang.String, java.lang.String, java.lang.String)"/><h3> getConnection </h3><pre>
public static <a href="../../java/sql/Connection.html" title="interface in java.sql">Connection</a><b>getConnection</b>(java.lang.String url,
                                       java.lang.String user,
                                       java.lang.String password)
                                throws <a href="../../java/sql/SQLException.html" title="class in java.sql">SQLException</a></pre><dl><dd>Attempts to establish a connection to the given database URL. The <code>DriverManager</code> attempts to select an appropriate driver from the set of registered JDBC drivers.<p/>                        </dd><dd><dl> <dt> <b>Parameters:</b>   </dt><dd> <code>url</code> - a database url of the form <code>jdbc:<em>subprotocol</em>:<em>subname</em></code>         </dd><dd> <code>user</code> - the database user on whose behalf the connection is being made             </dd><dd> <code>password</code> - the user's password     </dd> <dt> <b>Returns:</b>   </dt><dd>a connection to the URL    </dd> <dt> <b>Throws:</b>   </dt><dd> <code><a href="../../java/sql/SQLException.html" title="class in java.sql">SQLException</a></code> - if a database access error occurs        </dd>   </dl></dd></dl> <a end_ctx_id="method:getConnection(java.lang.String, java.lang.String, java.lang.String)"/>  </td></tr></table></td></tr></table><table border="0" cellpadding="1" cellspacing="0" width="100%"><tr><td><h3 class="ctxid">method:getConnection(java.lang.String) [NONE]</h3></td></tr><tr><td><table border="0" cellpadding="5" cellspacing="1" bgcolor="black" width="100%"><tr valign="top"><td bgcolor="#FFFFFF" colspan="1"> <a start_ctx_id="method:getConnection(java.lang.String)"/><a name="getConnection(java.lang.String)"/><h3> getConnection </h3><pre>
public static <a href="../../java/sql/Connection.html" title="interface in java.sql">Connection</a><b>getConnection</b>(java.lang.String url)
                                throws <a href="../../java/sql/SQLException.html" title="class in java.sql">SQLException</a></pre><dl><dd>Attempts to establish a connection to the given database URL. The <code>DriverManager</code> attempts to select an appropriate driver from the set of registered JDBC drivers.<p/>                        </dd><dd><dl> <dt> <b>Parameters:</b>   </dt><dd> <code>url</code> - a database url of the form <code> jdbc:<em>subprotocol</em>:<em>subname</em> </code>         </dd> <dt> <b>Returns:</b>   </dt><dd>a connection to the URL    </dd> <dt> <b>Throws:</b>   </dt><dd> <code><a href="../../java/sql/SQLException.html" title="class in java.sql">SQLException</a></code> - if a database access error occurs        </dd>   </dl></dd></dl> <a end_ctx_id="method:getConnection(java.lang.String)"/>  </td></tr></table></td></tr></table><table border="0" cellpadding="1" cellspacing="0" width="100%"><tr><td><h3 class="ctxid">method:getDriver(java.lang.String) [NONE]</h3></td></tr><tr><td><table border="0" cellpadding="5" cellspacing="1" bgcolor="black" width="100%"><tr valign="top"><td bgcolor="#FFFFFF" colspan="1"> <a start_ctx_id="method:getDriver(java.lang.String)"/><a name="getDriver(java.lang.String)"/><h3> getDriver </h3><pre>
public static <a href="../../java/sql/Driver.html" title="interface in java.sql">Driver</a><b>getDriver</b>(java.lang.String url)
                        throws <a href="../../java/sql/SQLException.html" title="class in java.sql">SQLException</a></pre><dl><dd>Attempts to locate a driver that understands the given URL. The <code>DriverManager</code> attempts to select an appropriate driver from the set of registered JDBC drivers.<p/>                        </dd><dd><dl> <dt> <b>Parameters:</b>   </dt><dd> <code>url</code> - a database URL of the form <code>jdbc:<em>subprotocol</em>:<em>subname</em></code>         </dd> <dt> <b>Returns:</b>   </dt><dd>a <code>Driver</code> object representing a driver that can connect to the given URL            </dd> <dt> <b>Throws:</b>   </dt><dd> <code><a href="../../java/sql/SQLException.html" title="class in java.sql">SQLException</a></code> - if a database access error occurs        </dd>   </dl></dd></dl> <a end_ctx_id="method:getDriver(java.lang.String)"/>  </td></tr></table></td></tr></table><table border="0" cellpadding="1" cellspacing="0" width="100%"><tr><td><h3 class="ctxid">method:registerDriver(java.sql.Driver) [NONE]</h3></td></tr><tr><td><table border="0" cellpadding="5" cellspacing="1" bgcolor="black" width="100%"><tr valign="top"><td bgcolor="#FFFFFF" colspan="1"> <a start_ctx_id="method:registerDriver(java.sql.Driver)"/><a name="registerDriver(java.sql.Driver)"/><h3> registerDriver </h3><pre>
public static void <b>registerDriver</b>(<a href="../../java/sql/Driver.html" title="interface in java.sql">Driver</a> driver)
                           throws <a href="../../java/sql/SQLException.html" title="class in java.sql">SQLException</a></pre><dl><dd>Registers the given driver with the <code>DriverManager</code>. A newly-loaded driver class should call the method <code>registerDriver</code> to make itself known to the <code>DriverManager</code>.<p/>                      </dd><dd><dl> <dt> <b>Parameters:</b>   </dt><dd> <code>driver</code> - the new JDBC Driver that is to be registered with the <code>DriverManager</code>              </dd> <dt> <b>Throws:</b>   </dt><dd> <code><a href="../../java/sql/SQLException.html" title="class in java.sql">SQLException</a></code> - if a database access error occurs        </dd>  </dl></dd></dl> <a end_ctx_id="method:registerDriver(java.sql.Driver)"/>  </td></tr></table></td></tr></table><table border="0" cellpadding="1" cellspacing="0" width="100%"><tr><td><h3 class="ctxid">method:deregisterDriver(java.sql.Driver) [NONE]</h3></td></tr><tr><td><table border="0" cellpadding="5" cellspacing="1" bgcolor="black" width="100%"><tr valign="top"><td bgcolor="#FFFFFF" colspan="1"> <a start_ctx_id="method:deregisterDriver(java.sql.Driver)"/><a name="deregisterDriver(java.sql.Driver)"/><h3> deregisterDriver </h3><pre>
public static void <b>deregisterDriver</b>(<a href="../../java/sql/Driver.html" title="interface in java.sql">Driver</a> driver)
                             throws <a href="../../java/sql/SQLException.html" title="class in java.sql">SQLException</a></pre><dl><dd>Drops a driver from the <code>DriverManager</code>'s list. Applets can only deregister drivers from their own classloaders.<p/>               </dd><dd><dl> <dt> <b>Parameters:</b>   </dt><dd> <code>driver</code> - the JDBC Driver to drop       </dd> <dt> <b>Throws:</b>   </dt><dd> <code><a href="../../java/sql/SQLException.html" title="class in java.sql">SQLException</a></code> - if a database access error occurs        </dd>  </dl></dd></dl> <a end_ctx_id="method:deregisterDriver(java.sql.Driver)"/>  </td></tr></table></td></tr></table><table border="0" cellpadding="1" cellspacing="0" width="100%"><tr><td><h3 class="ctxid">method:getDrivers() [NONE]</h3></td></tr><tr><td><table border="0" cellpadding="5" cellspacing="1" bgcolor="black" width="100%"><tr valign="top"><td bgcolor="#FFFFFF" colspan="1"> <a start_ctx_id="method:getDrivers()"/><a name="getDrivers()"/><h3> getDrivers </h3><pre>
public static java.util.Enumeration&lt;<a href="../../java/sql/Driver.html" title="interface in java.sql">Driver</a>&gt; <b>getDrivers</b>()</pre><dl><dd>Retrieves an Enumeration with all of the currently loaded JDBC drivers to which the current caller has access.<p> <b>Note:</b> The classname of a driver can be found using <code>d.getClass().getName()</code>           </p><p/>                 </dd><dd><dl> <dt> <b>Returns:</b>   </dt><dd>the list of JDBC Drivers loaded by the caller's class loader          </dd> </dl></dd></dl> <a end_ctx_id="method:getDrivers()"/>  </td></tr></table></td></tr></table><table border="0" cellpadding="1" cellspacing="0" width="100%"><tr><td><h3 class="ctxid">method:setLoginTimeout(int) [NONE]</h3></td></tr><tr><td><table border="0" cellpadding="5" cellspacing="1" bgcolor="black" width="100%"><tr valign="top"><td bgcolor="#FFFFFF" colspan="1"> <a start_ctx_id="method:setLoginTimeout(int)"/><a name="setLoginTimeout(int)"/><h3> setLoginTimeout </h3><pre>
public static void <b>setLoginTimeout</b>(int seconds)</pre><dl><dd>Sets the maximum time in seconds that a driver will wait while attempting to connect to a database.<p/>                 </dd><dd><dl> <dt> <b>Parameters:</b>   </dt><dd> <code>seconds</code> - the login time limit in seconds; zero means there is no limit              </dd> <dt> <b>See Also: </b>   </dt><dd> <a href="../../java/sql/DriverManager.html#getLoginTimeout()"><code>getLoginTimeout()</code></a> </dd>  </dl></dd></dl> <a end_ctx_id="method:setLoginTimeout(int)"/>  </td></tr></table></td></tr></table><table border="0" cellpadding="1" cellspacing="0" width="100%"><tr><td><h3 class="ctxid">method:getLoginTimeout() [NONE]</h3></td></tr><tr><td><table border="0" cellpadding="5" cellspacing="1" bgcolor="black" width="100%"><tr valign="top"><td bgcolor="#FFFFFF" colspan="1"> <a start_ctx_id="method:getLoginTimeout()"/><a name="getLoginTimeout()"/><h3> getLoginTimeout </h3><pre>
public static int <b>getLoginTimeout</b>()</pre><dl><dd>Gets the maximum time in seconds that a driver can wait when attempting to log in to a database.<p/>                  </dd><dd><dl> <dt> <b>Returns:</b>   </dt><dd>the driver login time limit in seconds      </dd> <dt> <b>See Also: </b>   </dt><dd> <a href="../../java/sql/DriverManager.html#setLoginTimeout(int)"><code>setLoginTimeout(int)</code></a> </dd>  </dl></dd></dl> <a end_ctx_id="method:getLoginTimeout()"/>  </td></tr></table></td></tr></table><table border="0" cellpadding="1" cellspacing="0" width="100%"><tr><td><h3 class="ctxid">method:setLogStream(java.io.PrintStream) [NONE]</h3></td></tr><tr><td><table border="0" cellpadding="5" cellspacing="1" bgcolor="black" width="100%"><tr valign="top"><td bgcolor="#FFFFFF" colspan="1"> <a start_ctx_id="method:setLogStream(java.io.PrintStream)"/><a name="setLogStream(java.io.PrintStream)"/><h3> setLogStream </h3><pre>
public static void <b>setLogStream</b>(java.io.PrintStream out)</pre><dl><dd> <b>Deprecated.</b> <i/><p/> </dd><dd>Sets the logging/tracing PrintStream that is used by the <code>DriverManager</code> and all drivers.<p> In the Java 2 SDK, Standard Edition, version 1.3 release, this method checks to see that there is an <code>SQLPermission</code> object before setting the logging stream. If a <code>SecurityManager</code> exists and its <code>checkPermission</code> method denies setting the log writer, this method throws a <code>java.lang.SecurityException</code>.                                            </p><p/>            </dd><dd><dl> <dt> <b>Parameters:</b>   </dt><dd> <code>out</code> - the new logging/tracing PrintStream; to disable, set to <code>null</code>           </dd> <dt> <b>Throws:</b>   </dt><dd> <code>java.lang.SecurityException</code> - if a security manager exists and its <code>checkPermission</code> method denies setting the log stream                </dd> <dt> <b>See Also: </b>   </dt><dd> <code>SecurityManager.checkPermission(java.security.Permission)</code>, <a href="../../java/sql/DriverManager.html#getLogStream()"><code>getLogStream()</code></a>  </dd>   </dl></dd></dl> <a end_ctx_id="method:setLogStream(java.io.PrintStream)"/>  </td></tr></table></td></tr></table><table border="0" cellpadding="1" cellspacing="0" width="100%"><tr><td><h3 class="ctxid">method:getLogStream() [NONE]</h3></td></tr><tr><td><table border="0" cellpadding="5" cellspacing="1" bgcolor="black" width="100%"><tr valign="top"><td bgcolor="#FFFFFF" colspan="1"> <a start_ctx_id="method:getLogStream()"/><a name="getLogStream()"/><h3> getLogStream </h3><pre>
public static java.io.PrintStream <b>getLogStream</b>()</pre><dl><dd> <b>Deprecated.</b> <i/><p/> </dd><dd>Retrieves the logging/tracing PrintStream that is used by the <code>DriverManager</code> and all drivers.<p/>            </dd><dd><dl> <dt> <b>Returns:</b>   </dt><dd>the logging/tracing PrintStream; if disabled, is <code>null</code>      </dd> <dt> <b>See Also: </b>   </dt><dd> <a href="../../java/sql/DriverManager.html#setLogStream(java.io.PrintStream)"><code>setLogStream(java.io.PrintStream)</code></a> </dd>  </dl></dd></dl> <a end_ctx_id="method:getLogStream()"/>  </td></tr></table></td></tr></table><table border="0" cellpadding="1" cellspacing="0" width="100%"><tr><td><h3 class="ctxid">method:println(java.lang.String) [NONE]</h3></td></tr><tr><td><table border="0" cellpadding="5" cellspacing="1" bgcolor="black" width="100%"><tr valign="top"><td bgcolor="#FFFFFF" colspan="1"> <a start_ctx_id="method:println(java.lang.String)"/><a name="println(java.lang.String)"/><h3> println </h3><pre>
public static void <b>println</b>(java.lang.String message)</pre><dl><dd>Prints a message to the current JDBC log stream.<p/>        </dd><dd><dl> <dt> <b>Parameters:</b>   </dt><dd> <code>message</code> - a log or tracing message       </dd> </dl></dd></dl> <a end_ctx_id="method:println(java.lang.String)"/>  </td></tr></table></td></tr></table></diff></diffreport>