<?xml version="1.0" encoding="UTF-8" standalone="yes"?><Document><name>java/sql/DriverManager.spec</name><Context><name>class:DriverManager</name><mt>NONE</mt></Context><Context><name>method:deregisterDriver(java.sql.Driver)</name><mt>NONE</mt></Context><Context><name>method:getConnection(java.lang.String)</name><mt>NONE</mt></Context><Context><name>method:getConnection(java.lang.String, java.lang.String, java.lang.String)</name><mt>NONE</mt></Context><Context><name>method:getConnection(java.lang.String, java.util.Properties)</name><mt>NONE</mt></Context><Context><name>method:getDriver(java.lang.String)</name><mt>NONE</mt></Context><Context><name>method:getDrivers()</name><mt>NONE</mt></Context><Context><name>method:getLogStream()</name><mt>NONE</mt></Context><Context><name>method:getLogWriter()</name><mt>NONE</mt></Context><Context><name>method:getLoginTimeout()</name><mt>NONE</mt></Context><Context><name>method:println(java.lang.String)</name><mt>NONE</mt></Context><Context><name>method:registerDriver(java.sql.Driver)</name><mt>NONE</mt></Context><Context><name>method:setLogStream(java.io.PrintStream)</name><mt>NONE</mt></Context><Context><name>method:setLogWriter(java.io.PrintWriter)</name><mt>NONE</mt></Context><Context><name>method:setLoginTimeout(int)</name><mt>NONE</mt></Context><Stat><name>java/sql/DriverManager.spec</name><mt>NONE</mt><Group name="context"><Item count="0" name="ADDED"/><Item count="0" name="REMOVED"/><Item count="0" name="CHANGED"/><Item count="0" name="MODIFIED"/><Item count="15" name="TOTAL"/></Group><Group name="assertion"><Item count="0" name="ADDED"/><Item count="0" name="REMOVED"/><Item count="0" name="CHANGED"/><Item count="0" name="MODIFIED"/><Item count="0" name="TOTAL"/></Group></Stat></Document>