<?xml version="1.0" encoding="UTF-8" standalone="yes"?><Document><name>java/sql/Driver.spec</name><Context><name>class:Driver</name><mt>NONE</mt></Context><Context><name>method:acceptsURL(java.lang.String)</name><mt>NONE</mt></Context><Context><name>method:connect(java.lang.String, java.util.Properties)</name><mt>NONE</mt></Context><Context><name>method:getMajorVersion()</name><mt>NONE</mt></Context><Context><name>method:getMinorVersion()</name><mt>NONE</mt></Context><Context><name>method:getParentLogger()</name><mt>ADDED</mt></Context><Context><name>method:getPropertyInfo(java.lang.String, java.util.Properties)</name><mt>NONE</mt></Context><Context><name>method:jdbcCompliant()</name><mt>NONE</mt></Context><Stat><name>java/sql/Driver.spec</name><mt>CHANGED</mt><Group name="context"><Item count="1" name="ADDED"/><Item count="0" name="REMOVED"/><Item count="0" name="CHANGED"/><Item count="1" name="MODIFIED"/><Item count="8" name="TOTAL"/></Group><Group name="assertion"><Item count="0" name="ADDED"/><Item count="0" name="REMOVED"/><Item count="0" name="CHANGED"/><Item count="0" name="MODIFIED"/><Item count="0" name="TOTAL"/></Group></Stat></Document>