<?xml version="1.0" encoding="UTF-8" standalone="yes"?><Document><name>java/sql/NClob.spec</name><Context><name>class:NClob</name><mt>NONE</mt></Context><Stat><name>java/sql/NClob.spec</name><mt>NONE</mt><Group name="context"><Item count="0" name="ADDED"/><Item count="0" name="REMOVED"/><Item count="0" name="CHANGED"/><Item count="0" name="MODIFIED"/><Item count="1" name="TOTAL"/></Group><Group name="assertion"><Item count="0" name="ADDED"/><Item count="0" name="REMOVED"/><Item count="0" name="CHANGED"/><Item count="0" name="MODIFIED"/><Item count="0" name="TOTAL"/></Group></Stat></Document>