<?xml version="1.0" encoding="UTF-8" standalone="yes"?><Document><name>java/sql/ParameterMetaData.spec</name><Context><name>class:ParameterMetaData</name><mt>NONE</mt></Context><Context><name>field:parameterModeIn</name><mt>NONE</mt></Context><Context><name>field:parameterModeInOut</name><mt>NONE</mt></Context><Context><name>field:parameterModeOut</name><mt>NONE</mt></Context><Context><name>field:parameterModeUnknown</name><mt>NONE</mt></Context><Context><name>field:parameterNoNulls</name><mt>NONE</mt></Context><Context><name>field:parameterNullable</name><mt>NONE</mt></Context><Context><name>field:parameterNullableUnknown</name><mt>NONE</mt></Context><Context><name>method:getParameterClassName(int)</name><mt>NONE</mt></Context><Context><name>method:getParameterCount()</name><mt>NONE</mt></Context><Context><name>method:getParameterMode(int)</name><mt>NONE</mt></Context><Context><name>method:getParameterType(int)</name><mt>NONE</mt></Context><Context><name>method:getParameterTypeName(int)</name><mt>NONE</mt></Context><Context><name>method:getPrecision(int)</name><mt>NONE</mt></Context><Context><name>method:getScale(int)</name><mt>NONE</mt></Context><Context><name>method:isNullable(int)</name><mt>NONE</mt></Context><Context><name>method:isSigned(int)</name><mt>NONE</mt></Context><Stat><name>java/sql/ParameterMetaData.spec</name><mt>NONE</mt><Group name="context"><Item count="0" name="ADDED"/><Item count="0" name="REMOVED"/><Item count="0" name="CHANGED"/><Item count="0" name="MODIFIED"/><Item count="17" name="TOTAL"/></Group><Group name="assertion"><Item count="0" name="ADDED"/><Item count="0" name="REMOVED"/><Item count="0" name="CHANGED"/><Item count="0" name="MODIFIED"/><Item count="0" name="TOTAL"/></Group></Stat></Document>