<?xml version="1.0" encoding="UTF-8"?><diffreport><diff><table border="0" cellpadding="1" cellspacing="0" width="100%"><tr><td><h3 class="ctxid">class:ParameterMetaData [NONE]</h3></td></tr><tr><td><table border="0" cellpadding="5" cellspacing="1" bgcolor="black" width="100%"><tr valign="top"><td bgcolor="#FFFFFF" colspan="1"> <a start_ctx_id="class:ParameterMetaData"/><dl> <dt><pre>public interface <b>ParameterMetaData</b></pre>  </dt> <dt>extends <a href="../../java/sql/Wrapper.html" title="interface in java.sql">Wrapper</a>   </dt>  </dl><p> An object that can be used to get information about the types and properties for each parameter marker in a <code>PreparedStatement</code> object. For some queries and driver implementations, the data that would be returned by a <code>ParameterMetaData</code> object may not be available until the <code>PreparedStatement</code> has been executed.                                                </p><p> Some driver implementations may not be able to provide information about the types and properties for each parameter marker in a <code>CallableStatement</code> object.                       </p><p/><p><dl> <dt> <b>Since:</b>   </dt><dd>1.4</dd> </dl> <a end_ctx_id="class:ParameterMetaData"/> </p> </td></tr></table></td></tr></table><table border="0" cellpadding="1" cellspacing="0" width="100%"><tr><td><h3 class="ctxid">field:parameterNoNulls [NONE]</h3></td></tr><tr><td><table border="0" cellpadding="5" cellspacing="1" bgcolor="black" width="100%"><tr valign="top"><td bgcolor="#FFFFFF" colspan="1"> <a start_ctx_id="field:parameterNoNulls"/><a name="parameterNoNulls"/><h3> parameterNoNulls </h3><pre>
static final int <b>parameterNoNulls</b></pre><dl><dd>The constant indicating that a parameter will not allow <code>NULL</code> values.<p><dl> <dt> <b>See Also: </b>   </dt><dd> <a href="../../constant-values.html#java.sql.ParameterMetaData.parameterNoNulls">Constant Field Values  </a> </dd> </dl></p>          </dd></dl> <a end_ctx_id="field:parameterNoNulls"/>  </td></tr></table></td></tr></table><table border="0" cellpadding="1" cellspacing="0" width="100%"><tr><td><h3 class="ctxid">field:parameterNullable [NONE]</h3></td></tr><tr><td><table border="0" cellpadding="5" cellspacing="1" bgcolor="black" width="100%"><tr valign="top"><td bgcolor="#FFFFFF" colspan="1"> <a start_ctx_id="field:parameterNullable"/><a name="parameterNullable"/><h3> parameterNullable </h3><pre>
static final int <b>parameterNullable</b></pre><dl><dd>The constant indicating that a parameter will allow <code>NULL</code> values.<p><dl> <dt> <b>See Also: </b>   </dt><dd> <a href="../../constant-values.html#java.sql.ParameterMetaData.parameterNullable">Constant Field Values  </a> </dd> </dl></p>         </dd></dl> <a end_ctx_id="field:parameterNullable"/>  </td></tr></table></td></tr></table><table border="0" cellpadding="1" cellspacing="0" width="100%"><tr><td><h3 class="ctxid">field:parameterNullableUnknown [NONE]</h3></td></tr><tr><td><table border="0" cellpadding="5" cellspacing="1" bgcolor="black" width="100%"><tr valign="top"><td bgcolor="#FFFFFF" colspan="1"> <a start_ctx_id="field:parameterNullableUnknown"/><a name="parameterNullableUnknown"/><h3> parameterNullableUnknown </h3><pre>
static final int <b>parameterNullableUnknown</b></pre><dl><dd>The constant indicating that the nullability of a parameter is unknown.<p><dl> <dt> <b>See Also: </b>   </dt><dd> <a href="../../constant-values.html#java.sql.ParameterMetaData.parameterNullableUnknown">Constant Field Values  </a> </dd> </dl></p>          </dd></dl> <a end_ctx_id="field:parameterNullableUnknown"/>  </td></tr></table></td></tr></table><table border="0" cellpadding="1" cellspacing="0" width="100%"><tr><td><h3 class="ctxid">field:parameterModeUnknown [NONE]</h3></td></tr><tr><td><table border="0" cellpadding="5" cellspacing="1" bgcolor="black" width="100%"><tr valign="top"><td bgcolor="#FFFFFF" colspan="1"> <a start_ctx_id="field:parameterModeUnknown"/><a name="parameterModeUnknown"/><h3> parameterModeUnknown </h3><pre>
static final int <b>parameterModeUnknown</b></pre><dl><dd>The constant indicating that the mode of the parameter is unknown.<p><dl> <dt> <b>See Also: </b>   </dt><dd> <a href="../../constant-values.html#java.sql.ParameterMetaData.parameterModeUnknown">Constant Field Values  </a> </dd> </dl></p>          </dd></dl> <a end_ctx_id="field:parameterModeUnknown"/>  </td></tr></table></td></tr></table><table border="0" cellpadding="1" cellspacing="0" width="100%"><tr><td><h3 class="ctxid">field:parameterModeIn [NONE]</h3></td></tr><tr><td><table border="0" cellpadding="5" cellspacing="1" bgcolor="black" width="100%"><tr valign="top"><td bgcolor="#FFFFFF" colspan="1"> <a start_ctx_id="field:parameterModeIn"/><a name="parameterModeIn"/><h3> parameterModeIn </h3><pre>
static final int <b>parameterModeIn</b></pre><dl><dd>The constant indicating that the parameter's mode is IN.<p><dl> <dt> <b>See Also: </b>   </dt><dd> <a href="../../constant-values.html#java.sql.ParameterMetaData.parameterModeIn">Constant Field Values  </a> </dd> </dl></p>        </dd></dl> <a end_ctx_id="field:parameterModeIn"/>  </td></tr></table></td></tr></table><table border="0" cellpadding="1" cellspacing="0" width="100%"><tr><td><h3 class="ctxid">field:parameterModeInOut [NONE]</h3></td></tr><tr><td><table border="0" cellpadding="5" cellspacing="1" bgcolor="black" width="100%"><tr valign="top"><td bgcolor="#FFFFFF" colspan="1"> <a start_ctx_id="field:parameterModeInOut"/><a name="parameterModeInOut"/><h3> parameterModeInOut </h3><pre>
static final int <b>parameterModeInOut</b></pre><dl><dd>The constant indicating that the parameter's mode is INOUT.<p><dl> <dt> <b>See Also: </b>   </dt><dd> <a href="../../constant-values.html#java.sql.ParameterMetaData.parameterModeInOut">Constant Field Values  </a> </dd> </dl></p>        </dd></dl> <a end_ctx_id="field:parameterModeInOut"/>  </td></tr></table></td></tr></table><table border="0" cellpadding="1" cellspacing="0" width="100%"><tr><td><h3 class="ctxid">field:parameterModeOut [NONE]</h3></td></tr><tr><td><table border="0" cellpadding="5" cellspacing="1" bgcolor="black" width="100%"><tr valign="top"><td bgcolor="#FFFFFF" colspan="1"> <a start_ctx_id="field:parameterModeOut"/><a name="parameterModeOut"/><h3> parameterModeOut </h3><pre>
static final int <b>parameterModeOut</b></pre><dl><dd>The constant indicating that the parameter's mode is OUT.<p><dl> <dt> <b>See Also: </b>   </dt><dd> <a href="../../constant-values.html#java.sql.ParameterMetaData.parameterModeOut">Constant Field Values  </a> </dd> </dl></p>        </dd></dl> <a end_ctx_id="field:parameterModeOut"/>  </td></tr></table></td></tr></table><table border="0" cellpadding="1" cellspacing="0" width="100%"><tr><td><h3 class="ctxid">method:getParameterCount() [NONE]</h3></td></tr><tr><td><table border="0" cellpadding="5" cellspacing="1" bgcolor="black" width="100%"><tr valign="top"><td bgcolor="#FFFFFF" colspan="1"> <a start_ctx_id="method:getParameterCount()"/><a name="getParameterCount()"/><h3> getParameterCount </h3><pre>
int <b>getParameterCount</b>()
                      throws <a href="../../java/sql/SQLException.html" title="class in java.sql">SQLException</a></pre><dl><dd>Retrieves the number of parameters in the <code>PreparedStatement</code> object for which this <code>ParameterMetaData</code> object contains information.<p/>               </dd><dd><dl/></dd><dd><dl> <dt> <b>Returns:</b>   </dt><dd>the number of parameters   </dd> <dt> <b>Throws:</b>   </dt><dd> <code><a href="../../java/sql/SQLException.html" title="class in java.sql">SQLException</a></code> - if a database access error occurs        </dd> <dt> <b>Since:</b>   </dt><dd>1.4</dd>   </dl></dd></dl> <a end_ctx_id="method:getParameterCount()"/>  </td></tr></table></td></tr></table><table border="0" cellpadding="1" cellspacing="0" width="100%"><tr><td><h3 class="ctxid">method:isNullable(int) [NONE]</h3></td></tr><tr><td><table border="0" cellpadding="5" cellspacing="1" bgcolor="black" width="100%"><tr valign="top"><td bgcolor="#FFFFFF" colspan="1"> <a start_ctx_id="method:isNullable(int)"/><a name="isNullable(int)"/><h3> isNullable </h3><pre>
int <b>isNullable</b>(int param)
               throws <a href="../../java/sql/SQLException.html" title="class in java.sql">SQLException</a></pre><dl><dd>Retrieves whether null values are allowed in the designated parameter.<p/>         </dd><dd><dl/></dd><dd><dl> <dt> <b>Parameters:</b>   </dt><dd> <code>param</code> - the first parameter is 1, the second is 2, ...            </dd> <dt> <b>Returns:</b>   </dt><dd>the nullability status of the given parameter; one of <code>ParameterMetaData.parameterNoNulls</code>, <code>ParameterMetaData.parameterNullable</code>, or <code>ParameterMetaData.parameterNullableUnknown</code>            </dd> <dt> <b>Throws:</b>   </dt><dd> <code><a href="../../java/sql/SQLException.html" title="class in java.sql">SQLException</a></code> - if a database access error occurs        </dd> <dt> <b>Since:</b>   </dt><dd>1.4</dd>    </dl></dd></dl> <a end_ctx_id="method:isNullable(int)"/>  </td></tr></table></td></tr></table><table border="0" cellpadding="1" cellspacing="0" width="100%"><tr><td><h3 class="ctxid">method:isSigned(int) [NONE]</h3></td></tr><tr><td><table border="0" cellpadding="5" cellspacing="1" bgcolor="black" width="100%"><tr valign="top"><td bgcolor="#FFFFFF" colspan="1"> <a start_ctx_id="method:isSigned(int)"/><a name="isSigned(int)"/><h3> isSigned </h3><pre>
boolean <b>isSigned</b>(int param)
                 throws <a href="../../java/sql/SQLException.html" title="class in java.sql">SQLException</a></pre><dl><dd>Retrieves whether values for the designated parameter can be signed numbers.<p/>          </dd><dd><dl/></dd><dd><dl> <dt> <b>Parameters:</b>   </dt><dd> <code>param</code> - the first parameter is 1, the second is 2, ...            </dd> <dt> <b>Returns:</b>   </dt><dd> <code>true</code> if so; <code>false</code> otherwise     </dd> <dt> <b>Throws:</b>   </dt><dd> <code><a href="../../java/sql/SQLException.html" title="class in java.sql">SQLException</a></code> - if a database access error occurs        </dd> <dt> <b>Since:</b>   </dt><dd>1.4</dd>    </dl></dd></dl> <a end_ctx_id="method:isSigned(int)"/>  </td></tr></table></td></tr></table><table border="0" cellpadding="1" cellspacing="0" width="100%"><tr><td><h3 class="ctxid">method:getPrecision(int) [NONE]</h3></td></tr><tr><td><table border="0" cellpadding="5" cellspacing="1" bgcolor="black" width="100%"><tr valign="top"><td bgcolor="#FFFFFF" colspan="1"> <a start_ctx_id="method:getPrecision(int)"/><a name="getPrecision(int)"/><h3> getPrecision </h3><pre>
int <b>getPrecision</b>(int param)
                 throws <a href="../../java/sql/SQLException.html" title="class in java.sql">SQLException</a></pre><dl><dd>Retrieves the designated parameter's specified column size.<p>The returned value represents the maximum column size for the given parameter. For numeric data, this is the maximum precision. For character data, this is the length in characters. For datetime datatypes, this is the length in characters of the String representation (assuming the maximum allowed precision of the fractional seconds component). For binary data, this is the length in bytes. For the ROWID datatype, this is the length in bytes. 0 is returned for data types where the column size is not applicable.                                                                                   </p><p/>      </dd><dd><dl/></dd><dd><dl> <dt> <b>Parameters:</b>   </dt><dd> <code>param</code> - the first parameter is 1, the second is 2, ...            </dd> <dt> <b>Returns:</b>   </dt><dd>precision</dd> <dt> <b>Throws:</b>   </dt><dd> <code><a href="../../java/sql/SQLException.html" title="class in java.sql">SQLException</a></code> - if a database access error occurs        </dd> <dt> <b>Since:</b>   </dt><dd>1.4</dd>    </dl></dd></dl> <a end_ctx_id="method:getPrecision(int)"/>  </td></tr></table></td></tr></table><table border="0" cellpadding="1" cellspacing="0" width="100%"><tr><td><h3 class="ctxid">method:getScale(int) [NONE]</h3></td></tr><tr><td><table border="0" cellpadding="5" cellspacing="1" bgcolor="black" width="100%"><tr valign="top"><td bgcolor="#FFFFFF" colspan="1"> <a start_ctx_id="method:getScale(int)"/><a name="getScale(int)"/><h3> getScale </h3><pre>
int <b>getScale</b>(int param)
             throws <a href="../../java/sql/SQLException.html" title="class in java.sql">SQLException</a></pre><dl><dd>Retrieves the designated parameter's number of digits to right of the decimal point. 0 is returned for data types where the scale is not applicable.<p/>                        </dd><dd><dl/></dd><dd><dl> <dt> <b>Parameters:</b>   </dt><dd> <code>param</code> - the first parameter is 1, the second is 2, ...            </dd> <dt> <b>Returns:</b>   </dt><dd>scale</dd> <dt> <b>Throws:</b>   </dt><dd> <code><a href="../../java/sql/SQLException.html" title="class in java.sql">SQLException</a></code> - if a database access error occurs        </dd> <dt> <b>Since:</b>   </dt><dd>1.4</dd>    </dl></dd></dl> <a end_ctx_id="method:getScale(int)"/>  </td></tr></table></td></tr></table><table border="0" cellpadding="1" cellspacing="0" width="100%"><tr><td><h3 class="ctxid">method:getParameterType(int) [NONE]</h3></td></tr><tr><td><table border="0" cellpadding="5" cellspacing="1" bgcolor="black" width="100%"><tr valign="top"><td bgcolor="#FFFFFF" colspan="1"> <a start_ctx_id="method:getParameterType(int)"/><a name="getParameterType(int)"/><h3> getParameterType </h3><pre>
int <b>getParameterType</b>(int param)
                     throws <a href="../../java/sql/SQLException.html" title="class in java.sql">SQLException</a></pre><dl><dd>Retrieves the designated parameter's SQL type.<p/>     </dd><dd><dl/></dd><dd><dl> <dt> <b>Parameters:</b>   </dt><dd> <code>param</code> - the first parameter is 1, the second is 2, ...            </dd> <dt> <b>Returns:</b>   </dt><dd>SQL type from <code>java.sql.Types</code>   </dd> <dt> <b>Throws:</b>   </dt><dd> <code><a href="../../java/sql/SQLException.html" title="class in java.sql">SQLException</a></code> - if a database access error occurs        </dd> <dt> <b>Since:</b>   </dt><dd>1.4</dd> <dt> <b>See Also: </b>   </dt><dd> <a href="../../java/sql/Types.html" title="class in java.sql"><code>Types</code></a> </dd>     </dl></dd></dl> <a end_ctx_id="method:getParameterType(int)"/>  </td></tr></table></td></tr></table><table border="0" cellpadding="1" cellspacing="0" width="100%"><tr><td><h3 class="ctxid">method:getParameterTypeName(int) [NONE]</h3></td></tr><tr><td><table border="0" cellpadding="5" cellspacing="1" bgcolor="black" width="100%"><tr valign="top"><td bgcolor="#FFFFFF" colspan="1"> <a start_ctx_id="method:getParameterTypeName(int)"/><a name="getParameterTypeName(int)"/><h3> getParameterTypeName </h3><pre>
java.lang.String <b>getParameterTypeName</b>(int param)
                                      throws <a href="../../java/sql/SQLException.html" title="class in java.sql">SQLException</a></pre><dl><dd>Retrieves the designated parameter's database-specific type name.<p/>      </dd><dd><dl/></dd><dd><dl> <dt> <b>Parameters:</b>   </dt><dd> <code>param</code> - the first parameter is 1, the second is 2, ...            </dd> <dt> <b>Returns:</b>   </dt><dd>type the name used by the database. If the parameter type is a user-defined type, then a fully-qualified type name is returned.                     </dd> <dt> <b>Throws:</b>   </dt><dd> <code><a href="../../java/sql/SQLException.html" title="class in java.sql">SQLException</a></code> - if a database access error occurs        </dd> <dt> <b>Since:</b>   </dt><dd>1.4</dd>    </dl></dd></dl> <a end_ctx_id="method:getParameterTypeName(int)"/>  </td></tr></table></td></tr></table><table border="0" cellpadding="1" cellspacing="0" width="100%"><tr><td><h3 class="ctxid">method:getParameterClassName(int) [NONE]</h3></td></tr><tr><td><table border="0" cellpadding="5" cellspacing="1" bgcolor="black" width="100%"><tr valign="top"><td bgcolor="#FFFFFF" colspan="1"> <a start_ctx_id="method:getParameterClassName(int)"/><a name="getParameterClassName(int)"/><h3> getParameterClassName </h3><pre>
java.lang.String <b>getParameterClassName</b>(int param)
                                       throws <a href="../../java/sql/SQLException.html" title="class in java.sql">SQLException</a></pre><dl><dd>Retrieves the fully-qualified name of the Java class whose instances should be passed to the method <code>PreparedStatement.setObject</code>.<p/>                </dd><dd><dl/></dd><dd><dl> <dt> <b>Parameters:</b>   </dt><dd> <code>param</code> - the first parameter is 1, the second is 2, ...            </dd> <dt> <b>Returns:</b>   </dt><dd>the fully-qualified name of the class in the Java programming language that would be used by the method <code>PreparedStatement.setObject</code> to set the value in the specified parameter. This is the class name used for custom mapping.                                   </dd> <dt> <b>Throws:</b>   </dt><dd> <code><a href="../../java/sql/SQLException.html" title="class in java.sql">SQLException</a></code> - if a database access error occurs        </dd> <dt> <b>Since:</b>   </dt><dd>1.4</dd>    </dl></dd></dl> <a end_ctx_id="method:getParameterClassName(int)"/>  </td></tr></table></td></tr></table><table border="0" cellpadding="1" cellspacing="0" width="100%"><tr><td><h3 class="ctxid">method:getParameterMode(int) [NONE]</h3></td></tr><tr><td><table border="0" cellpadding="5" cellspacing="1" bgcolor="black" width="100%"><tr valign="top"><td bgcolor="#FFFFFF" colspan="1"> <a start_ctx_id="method:getParameterMode(int)"/><a name="getParameterMode(int)"/><h3> getParameterMode </h3><pre>
int <b>getParameterMode</b>(int param)
                     throws <a href="../../java/sql/SQLException.html" title="class in java.sql">SQLException</a></pre><dl><dd>Retrieves the designated parameter's mode.<p/>    </dd><dd><dl/></dd><dd><dl> <dt> <b>Parameters:</b>   </dt><dd> <code>param</code> - the first parameter is 1, the second is 2, ...            </dd> <dt> <b>Returns:</b>   </dt><dd>mode of the parameter; one of <code>ParameterMetaData.parameterModeIn</code>, <code>ParameterMetaData.parameterModeOut</code>, or <code>ParameterMetaData.parameterModeInOut</code><code>ParameterMetaData.parameterModeUnknown</code>.         </dd> <dt> <b>Throws:</b>   </dt><dd> <code><a href="../../java/sql/SQLException.html" title="class in java.sql">SQLException</a></code> - if a database access error occurs        </dd> <dt> <b>Since:</b>   </dt><dd>1.4</dd>    </dl></dd></dl> <a end_ctx_id="method:getParameterMode(int)"/>  </td></tr></table></td></tr></table></diff></diffreport>