<?xml version="1.0" encoding="UTF-8" standalone="yes"?><Document><name>java/sql/PreparedStatement.spec</name><Context><name>class:PreparedStatement</name><mt>NONE</mt></Context><Context><name>method:addBatch()</name><mt>NONE</mt></Context><Context><name>method:clearParameters()</name><mt>NONE</mt></Context><Context><name>method:execute()</name><mt>CHANGED</mt></Context><Context><name>method:executeQuery()</name><mt>CHANGED</mt></Context><Context><name>method:executeUpdate()</name><mt>CHANGED</mt></Context><Context><name>method:getMetaData()</name><mt>NONE</mt></Context><Context><name>method:getParameterMetaData()</name><mt>NONE</mt></Context><Context><name>method:setArray(int, java.sql.Array)</name><mt>NONE</mt></Context><Context><name>method:setAsciiStream(int, java.io.InputStream)</name><mt>NONE</mt></Context><Context><name>method:setAsciiStream(int, java.io.InputStream, int)</name><mt>NONE</mt></Context><Context><name>method:setAsciiStream(int, java.io.InputStream, long)</name><mt>NONE</mt></Context><Context><name>method:setBigDecimal(int, java.math.BigDecimal)</name><mt>NONE</mt></Context><Context><name>method:setBinaryStream(int, java.io.InputStream)</name><mt>NONE</mt></Context><Context><name>method:setBinaryStream(int, java.io.InputStream, int)</name><mt>NONE</mt></Context><Context><name>method:setBinaryStream(int, java.io.InputStream, long)</name><mt>NONE</mt></Context><Context><name>method:setBlob(int, java.io.InputStream)</name><mt>NONE</mt></Context><Context><name>method:setBlob(int, java.io.InputStream, long)</name><mt>NONE</mt></Context><Context><name>method:setBlob(int, java.sql.Blob)</name><mt>NONE</mt></Context><Context><name>method:setBoolean(int, boolean)</name><mt>NONE</mt></Context><Context><name>method:setByte(int, byte)</name><mt>NONE</mt></Context><Context><name>method:setBytes(int, byte[])</name><mt>NONE</mt></Context><Context><name>method:setCharacterStream(int, java.io.Reader)</name><mt>NONE</mt></Context><Context><name>method:setCharacterStream(int, java.io.Reader, int)</name><mt>NONE</mt></Context><Context><name>method:setCharacterStream(int, java.io.Reader, long)</name><mt>NONE</mt></Context><Context><name>method:setClob(int, java.io.Reader)</name><mt>NONE</mt></Context><Context><name>method:setClob(int, java.io.Reader, long)</name><mt>NONE</mt></Context><Context><name>method:setClob(int, java.sql.Clob)</name><mt>NONE</mt></Context><Context><name>method:setDate(int, java.sql.Date)</name><mt>NONE</mt></Context><Context><name>method:setDate(int, java.sql.Date, java.util.Calendar)</name><mt>NONE</mt></Context><Context><name>method:setDouble(int, double)</name><mt>NONE</mt></Context><Context><name>method:setFloat(int, float)</name><mt>NONE</mt></Context><Context><name>method:setInt(int, int)</name><mt>NONE</mt></Context><Context><name>method:setLong(int, long)</name><mt>NONE</mt></Context><Context><name>method:setNCharacterStream(int, java.io.Reader)</name><mt>NONE</mt></Context><Context><name>method:setNCharacterStream(int, java.io.Reader, long)</name><mt>NONE</mt></Context><Context><name>method:setNClob(int, java.io.Reader)</name><mt>NONE</mt></Context><Context><name>method:setNClob(int, java.io.Reader, long)</name><mt>NONE</mt></Context><Context><name>method:setNClob(int, java.sql.NClob)</name><mt>NONE</mt></Context><Context><name>method:setNString(int, java.lang.String)</name><mt>NONE</mt></Context><Context><name>method:setNull(int, int)</name><mt>NONE</mt></Context><Context><name>method:setNull(int, int, java.lang.String)</name><mt>NONE</mt></Context><Context><name>method:setObject(int, java.lang.Object)</name><mt>NONE</mt></Context><Context><name>method:setObject(int, java.lang.Object, int)</name><mt>NONE</mt></Context><Context><name>method:setObject(int, java.lang.Object, int, int)</name><mt>NONE</mt></Context><Context><name>method:setRef(int, java.sql.Ref)</name><mt>NONE</mt></Context><Context><name>method:setRowId(int, java.sql.RowId)</name><mt>NONE</mt></Context><Context><name>method:setSQLXML(int, java.sql.SQLXML)</name><mt>NONE</mt></Context><Context><name>method:setShort(int, short)</name><mt>NONE</mt></Context><Context><name>method:setString(int, java.lang.String)</name><mt>NONE</mt></Context><Context><name>method:setTime(int, java.sql.Time)</name><mt>NONE</mt></Context><Context><name>method:setTime(int, java.sql.Time, java.util.Calendar)</name><mt>NONE</mt></Context><Context><name>method:setTimestamp(int, java.sql.Timestamp)</name><mt>NONE</mt></Context><Context><name>method:setTimestamp(int, java.sql.Timestamp, java.util.Calendar)</name><mt>NONE</mt></Context><Context><name>method:setURL(int, java.net.URL)</name><mt>NONE</mt></Context><Context><name>method:setUnicodeStream(int, java.io.InputStream, int)</name><mt>NONE</mt></Context><Stat><name>java/sql/PreparedStatement.spec</name><mt>CHANGED</mt><Group name="context"><Item count="0" name="ADDED"/><Item count="0" name="REMOVED"/><Item count="3" name="CHANGED"/><Item count="3" name="MODIFIED"/><Item count="56" name="TOTAL"/></Group><Group name="assertion"><Item count="0" name="ADDED"/><Item count="0" name="REMOVED"/><Item count="0" name="CHANGED"/><Item count="0" name="MODIFIED"/><Item count="0" name="TOTAL"/></Group></Stat></Document>