<?xml version="1.0" encoding="UTF-8"?><diffreport><diff> <hr/> <a name="navbar_top"/><a href="#skip-navbar_top" title="Skip navigation links"/><table border="0" width="100%" cellpadding="1" cellspacing="0" summary=""><tbody><tr><td colspan="2" bgcolor="#EEEEFF" class="NavBarCell1"><a name="navbar_top_firstrow"/><table border="0" cellpadding="0" cellspacing="3" summary=""><tbody><tr align="center" valign="top"><td bgcolor="#EEEEFF" class="NavBarCell1"><a href="../../overview-summary.html"><font class="NavBarFont1"><b>Overview</b></font></a> </td><td bgcolor="#EEEEFF" class="NavBarCell1"><a href="package-summary.html"><font class="NavBarFont1"><b>Package</b></font></a> </td><td bgcolor="#FFFFFF" class="NavBarCell1Rev">  <font class="NavBarFont1Rev"><b>Class</b></font>  </td><td bgcolor="#EEEEFF" class="NavBarCell1"><a href="class-use/PseudoColumnUsage.html"><font class="NavBarFont1"><b>Use</b></font></a> </td><td bgcolor="#EEEEFF" class="NavBarCell1"><a href="package-tree.html"><font class="NavBarFont1"><b>Tree</b></font></a> </td><td bgcolor="#EEEEFF" class="NavBarCell1"><a href="../../deprecated-list.html"><font class="NavBarFont1"><b>Deprecated</b></font></a> </td><td bgcolor="#EEEEFF" class="NavBarCell1"><a href="../../index-files/index-1.html"><font class="NavBarFont1"><b>Index</b></font></a> </td><td bgcolor="#EEEEFF" class="NavBarCell1"><a href="../../help-doc.html"><font class="NavBarFont1"><b>Help</b></font></a> </td></tr></tbody></table></td><td align="right" valign="top" rowspan="3"><em/></td></tr><tr><td bgcolor="white" class="NavBarCell2"><font size="-2">  <a href="../../java/sql/PreparedStatement.html" title="interface in java.sql"><b>PREV CLASS </b></a>   <a href="../../java/sql/Ref.html" title="interface in java.sql"><b>NEXT CLASS </b></a>  </font></td><td bgcolor="white" class="NavBarCell2"><font size="-2"><a href="../../index.html?java/sql/PseudoColumnUsage.html" target="_top"><b>FRAMES</b></a>    <a href="PseudoColumnUsage.html" target="_top"><b>NO FRAMES </b></a>    <a href="../../allclasses-noframe.html"><b>All Classes </b></a>    </font></td></tr><tr><td valign="top" class="NavBarCell3"><font size="-2"> SUMMARY: NESTED | <a href="#enum_constant_summary">ENUM CONSTANTS </a> | FIELD | <a href="#method_summary">METHOD</a> </font></td><td valign="top" class="NavBarCell3"><font size="-2"> DETAIL: <a href="#enum_constant_detail">ENUM CONSTANTS </a> | FIELD | <a href="#method_detail">METHOD</a> </font></td></tr></tbody></table> <a name="skip-navbar_top"/> <hr/><h2> <font size="-1"> java.sql </font> <br/> Enum PseudoColumnUsage    </h2><pre>
java.lang.Object
  <img src="../../resources/inherit.gif" alt="extended by "/>java.lang.Enum&lt;<a href="../../java/sql/PseudoColumnUsage.html" title="enum in java.sql">PseudoColumnUsage</a>&gt;
      <img src="../../resources/inherit.gif" alt="extended by "/><b>java.sql.PseudoColumnUsage</b>

</pre><dl> <dt> <b>All Implemented Interfaces:  </b>   </dt><dd>java.io.Serializable, java.lang.Comparable&lt;<a href="../../java/sql/PseudoColumnUsage.html" title="enum in java.sql">PseudoColumnUsage</a>&gt; </dd> </dl> <hr/> <a start_ctx_id="class:PseudoColumnUsage"/><dl> <dt><pre>public enum <b>PseudoColumnUsage</b></pre>  </dt> <dt>extends java.lang.Enum&lt;<a href="../../java/sql/PseudoColumnUsage.html" title="enum in java.sql">PseudoColumnUsage</a>&gt; </dt>  </dl><p> Enumeration for pseudo/hidden column usage.     </p><p/><p><dl> <dt> <b>Since:</b>   </dt><dd>1.7</dd> <dt> <b>See Also: </b>   </dt><dd> <a href="../../java/sql/DatabaseMetaData.html#getPseudoColumns(java.lang.String, java.lang.String, java.lang.String, java.lang.String)"><code>DatabaseMetaData.getPseudoColumns(java.lang.String, java.lang.String, java.lang.String, java.lang.String)   </code></a> </dd>  </dl> <a end_ctx_id="class:PseudoColumnUsage"/> </p> <hr/><p> <a name="enum_constant_summary"/><table border="1" width="100%" cellpadding="3" cellspacing="0" summary=""><tbody><tr bgcolor="#CCCCFF" class="TableHeadingColor"><th align="left" colspan="2"><font size="+2"><b>Enum Constant Summary  </b></font></th></tr><tr bgcolor="white" class="TableRowColor"><td><code><b><a href="../../java/sql/PseudoColumnUsage.html#NO_USAGE_RESTRICTIONS">NO_USAGE_RESTRICTIONS</a></b></code> <br/>           There are no restrictions on the usage of the pseudo/hidden columns.            </td></tr><tr bgcolor="white" class="TableRowColor"><td><code><b><a href="../../java/sql/PseudoColumnUsage.html#SELECT_LIST_ONLY">SELECT_LIST_ONLY</a></b></code> <br/>           The pseudo/hidden column may only be used in a SELECT list.            </td></tr><tr bgcolor="white" class="TableRowColor"><td><code><b><a href="../../java/sql/PseudoColumnUsage.html#USAGE_UNKNOWN">USAGE_UNKNOWN</a></b></code> <br/>           The usage of the pseudo/hidden column cannot be determined.          </td></tr><tr bgcolor="white" class="TableRowColor"><td><code><b><a href="../../java/sql/PseudoColumnUsage.html#WHERE_CLAUSE_ONLY">WHERE_CLAUSE_ONLY</a></b></code> <br/>           The pseudo/hidden column may only be used in a WHERE clause.            </td></tr></tbody></table>   <a name="method_summary"/><table border="1" width="100%" cellpadding="3" cellspacing="0" summary=""><tbody><tr bgcolor="#CCCCFF" class="TableHeadingColor"><th align="left" colspan="2"><font size="+2"><b>Method Summary </b></font></th></tr><tr bgcolor="white" class="TableRowColor"><td align="right" valign="top" width="1%"><font size="-1"><code>static <a href="../../java/sql/PseudoColumnUsage.html" title="enum in java.sql">PseudoColumnUsage</a></code></font></td><td><code><b><a href="../../java/sql/PseudoColumnUsage.html#valueOf(java.lang.String)">valueOf</a></b>(java.lang.String name)</code> <br/>           Returns the enum constant of this type with the specified name.            </td></tr><tr bgcolor="white" class="TableRowColor"><td align="right" valign="top" width="1%"><font size="-1"><code>static <a href="../../java/sql/PseudoColumnUsage.html" title="enum in java.sql">PseudoColumnUsage</a>[]</code></font></td><td><code><b><a href="../../java/sql/PseudoColumnUsage.html#values()">values</a></b>()</code> <br/>           Returns an array containing the constants of this enum type, in the order they are declared.                 </td></tr></tbody></table>  <a name="methods_inherited_from_class_java.lang.Enum"/><table border="1" width="100%" cellpadding="3" cellspacing="0" summary=""><tbody><tr bgcolor="#EEEEFF" class="TableSubHeadingColor"><th align="left"><b>Methods inherited from class java.lang.Enum    </b></th></tr><tr bgcolor="white" class="TableRowColor"><td><code>clone, compareTo, equals, finalize, getDeclaringClass, hashCode, name, ordinal, toString, valueOf         </code></td></tr></tbody></table>  <a name="methods_inherited_from_class_java.lang.Object"/><table border="1" width="100%" cellpadding="3" cellspacing="0" summary=""><tbody><tr bgcolor="#EEEEFF" class="TableSubHeadingColor"><th align="left"><b>Methods inherited from class java.lang.Object    </b></th></tr><tr bgcolor="white" class="TableRowColor"><td><code>getClass, notify, notifyAll, wait, wait, wait     </code></td></tr></tbody></table>        </p><p> <a name="enum_constant_detail"/><table border="1" width="100%" cellpadding="3" cellspacing="0" summary=""><tbody><tr bgcolor="#CCCCFF" class="TableHeadingColor"><th align="left" colspan="1"><font size="+2"><b>Enum Constant Detail  </b></font></th></tr></tbody></table> <a start_ctx_id="field:SELECT_LIST_ONLY"/><a name="SELECT_LIST_ONLY"/>  </p><h3> SELECT_LIST_ONLY </h3><pre>
public static final <a href="../../java/sql/PseudoColumnUsage.html" title="enum in java.sql">PseudoColumnUsage</a><b>SELECT_LIST_ONLY</b></pre><dl><dd>The pseudo/hidden column may only be used in a SELECT list.<p><dl/></p>          </dd></dl> <a end_ctx_id="field:SELECT_LIST_ONLY"/> <hr/> <a start_ctx_id="field:WHERE_CLAUSE_ONLY"/><a name="WHERE_CLAUSE_ONLY"/><h3> WHERE_CLAUSE_ONLY </h3><pre>
public static final <a href="../../java/sql/PseudoColumnUsage.html" title="enum in java.sql">PseudoColumnUsage</a><b>WHERE_CLAUSE_ONLY</b></pre><dl><dd>The pseudo/hidden column may only be used in a WHERE clause.<p><dl/></p>          </dd></dl> <a end_ctx_id="field:WHERE_CLAUSE_ONLY"/> <hr/> <a start_ctx_id="field:NO_USAGE_RESTRICTIONS"/><a name="NO_USAGE_RESTRICTIONS"/><h3> NO_USAGE_RESTRICTIONS </h3><pre>
public static final <a href="../../java/sql/PseudoColumnUsage.html" title="enum in java.sql">PseudoColumnUsage</a><b>NO_USAGE_RESTRICTIONS</b></pre><dl><dd>There are no restrictions on the usage of the pseudo/hidden columns.<p><dl/></p>          </dd></dl> <a end_ctx_id="field:NO_USAGE_RESTRICTIONS"/> <hr/> <a start_ctx_id="field:USAGE_UNKNOWN"/><a name="USAGE_UNKNOWN"/><h3> USAGE_UNKNOWN </h3><pre>
public static final <a href="../../java/sql/PseudoColumnUsage.html" title="enum in java.sql">PseudoColumnUsage</a><b>USAGE_UNKNOWN</b></pre><dl><dd>The usage of the pseudo/hidden column cannot be determined.<p><dl/></p>        </dd></dl> <a end_ctx_id="field:USAGE_UNKNOWN"/><a name="method_detail"/><table border="1" width="100%" cellpadding="3" cellspacing="0" summary=""><tbody><tr bgcolor="#CCCCFF" class="TableHeadingColor"><th align="left" colspan="1"><font size="+2"><b>Method Detail </b></font></th></tr></tbody></table> <a start_ctx_id="method:values()"/><a name="values()"/><h3> values </h3><pre>
public static <a href="../../java/sql/PseudoColumnUsage.html" title="enum in java.sql">PseudoColumnUsage</a>[] <b>values</b>()</pre><dl><dd>Returns an array containing the constants of this enum type, in the order they are declared. This method may be used to iterate over the constants as follows:<pre>
for (PseudoColumnUsage c : PseudoColumnUsage.values())
    System.out.println(c);
</pre><p/>                           </dd><dd><dl> <dt> <b>Returns:</b>   </dt><dd>an array containing the constants of this enum type, in the order they are declared              </dd> </dl></dd></dl> <a end_ctx_id="method:values()"/> <hr/> <a start_ctx_id="method:valueOf(java.lang.String)"/><a name="valueOf(java.lang.String)"/><h3> valueOf </h3><pre>
public static <a href="../../java/sql/PseudoColumnUsage.html" title="enum in java.sql">PseudoColumnUsage</a><b>valueOf</b>(java.lang.String name)</pre><dl><dd>Returns the enum constant of this type with the specified name. The string must match <i>exactly</i> an identifier used to declare an enum constant in this type. (Extraneous whitespace characters are not permitted.)<p/>                                </dd><dd><dl> <dt> <b>Parameters:</b>   </dt><dd> <code>name</code> - the name of the enum constant to be returned.           </dd> <dt> <b>Returns:</b>   </dt><dd>the enum constant with the specified name      </dd> <dt> <b>Throws:</b>   </dt><dd> <code>java.lang.IllegalArgumentException</code> - if this enum type has no constant with the specified name             </dd><dd> <code>java.lang.NullPointerException</code> - if the argument is null       </dd>   </dl></dd></dl> <a end_ctx_id="method:valueOf(java.lang.String)"/> <hr/> <a name="navbar_bottom"/><a href="#skip-navbar_bottom" title="Skip navigation links"/><table border="0" width="100%" cellpadding="1" cellspacing="0" summary=""><tbody><tr><td colspan="2" bgcolor="#EEEEFF" class="NavBarCell1"><a name="navbar_bottom_firstrow"/><table border="0" cellpadding="0" cellspacing="3" summary=""><tbody><tr align="center" valign="top"><td bgcolor="#EEEEFF" class="NavBarCell1"><a href="../../overview-summary.html"><font class="NavBarFont1"><b>Overview</b></font></a> </td><td bgcolor="#EEEEFF" class="NavBarCell1"><a href="package-summary.html"><font class="NavBarFont1"><b>Package</b></font></a> </td><td bgcolor="#FFFFFF" class="NavBarCell1Rev">  <font class="NavBarFont1Rev"><b>Class</b></font>  </td><td bgcolor="#EEEEFF" class="NavBarCell1"><a href="class-use/PseudoColumnUsage.html"><font class="NavBarFont1"><b>Use</b></font></a> </td><td bgcolor="#EEEEFF" class="NavBarCell1"><a href="package-tree.html"><font class="NavBarFont1"><b>Tree</b></font></a> </td><td bgcolor="#EEEEFF" class="NavBarCell1"><a href="../../deprecated-list.html"><font class="NavBarFont1"><b>Deprecated</b></font></a> </td><td bgcolor="#EEEEFF" class="NavBarCell1"><a href="../../index-files/index-1.html"><font class="NavBarFont1"><b>Index</b></font></a> </td><td bgcolor="#EEEEFF" class="NavBarCell1"><a href="../../help-doc.html"><font class="NavBarFont1"><b>Help</b></font></a> </td></tr></tbody></table></td><td align="right" valign="top" rowspan="3"><em/></td></tr><tr><td bgcolor="white" class="NavBarCell2"><font size="-2">  <a href="../../java/sql/PreparedStatement.html" title="interface in java.sql"><b>PREV CLASS </b></a>   <a href="../../java/sql/Ref.html" title="interface in java.sql"><b>NEXT CLASS </b></a>  </font></td><td bgcolor="white" class="NavBarCell2"><font size="-2"><a href="../../index.html?java/sql/PseudoColumnUsage.html" target="_top"><b>FRAMES</b></a>    <a href="PseudoColumnUsage.html" target="_top"><b>NO FRAMES </b></a>    <a href="../../allclasses-noframe.html"><b>All Classes </b></a>    </font></td></tr><tr><td valign="top" class="NavBarCell3"><font size="-2"> SUMMARY: NESTED | <a href="#enum_constant_summary">ENUM CONSTANTS </a> | FIELD | <a href="#method_summary">METHOD</a> </font></td><td valign="top" class="NavBarCell3"><font size="-2"> DETAIL: <a href="#enum_constant_detail">ENUM CONSTANTS </a> | FIELD | <a href="#method_detail">METHOD</a> </font></td></tr></tbody></table> <a name="skip-navbar_bottom"/> <hr/> <font size="-1">Java is a trademark or registered trademark of Sun Microsystems, Inc. 901 San Antonio Road, <br/>Palo Alto, California, 94303, U.S.A All Rights Reserved.                      </font>                           </diff></diffreport>