<?xml version="1.0" encoding="UTF-8" standalone="yes"?><Document><name>java/sql/PseudoColumnUsage.spec</name><Context><name>class:PseudoColumnUsage</name><mt>ADDED</mt></Context><Context><name>field:NO_USAGE_RESTRICTIONS</name><mt>ADDED</mt></Context><Context><name>field:SELECT_LIST_ONLY</name><mt>ADDED</mt></Context><Context><name>field:USAGE_UNKNOWN</name><mt>ADDED</mt></Context><Context><name>field:WHERE_CLAUSE_ONLY</name><mt>ADDED</mt></Context><Context><name>method:valueOf(java.lang.String)</name><mt>ADDED</mt></Context><Context><name>method:values()</name><mt>ADDED</mt></Context><Stat><name>java/sql/PseudoColumnUsage.spec</name><mt>ADDED</mt><Group name="context"><Item count="7" name="ADDED"/><Item count="0" name="REMOVED"/><Item count="0" name="CHANGED"/><Item count="7" name="MODIFIED"/><Item count="7" name="TOTAL"/></Group><Group name="assertion"><Item count="0" name="ADDED"/><Item count="0" name="REMOVED"/><Item count="0" name="CHANGED"/><Item count="0" name="MODIFIED"/><Item count="0" name="TOTAL"/></Group></Stat></Document>