<?xml version="1.0" encoding="UTF-8" standalone="yes"?><Document><name>java/sql/Ref.spec</name><Context><name>class:Ref</name><mt>NONE</mt></Context><Context><name>method:getBaseTypeName()</name><mt>NONE</mt></Context><Context><name>method:getObject()</name><mt>NONE</mt></Context><Context><name>method:getObject(java.util.Map)</name><mt>NONE</mt></Context><Context><name>method:setObject(java.lang.Object)</name><mt>NONE</mt></Context><Stat><name>java/sql/Ref.spec</name><mt>NONE</mt><Group name="context"><Item count="0" name="ADDED"/><Item count="0" name="REMOVED"/><Item count="0" name="CHANGED"/><Item count="0" name="MODIFIED"/><Item count="5" name="TOTAL"/></Group><Group name="assertion"><Item count="0" name="ADDED"/><Item count="0" name="REMOVED"/><Item count="0" name="CHANGED"/><Item count="0" name="MODIFIED"/><Item count="0" name="TOTAL"/></Group></Stat></Document>