<?xml version="1.0" encoding="UTF-8"?><diffreport><diff><table border="0" cellpadding="1" cellspacing="0" width="100%"><tr><td><h3 class="ctxid">class:ResultSetMetaData [NONE]</h3></td></tr><tr><td><table border="0" cellpadding="5" cellspacing="1" bgcolor="black" width="100%"><tr valign="top"><td bgcolor="#FFFFFF" colspan="1"> <a start_ctx_id="class:ResultSetMetaData"/><dl> <dt><pre>public interface <b>ResultSetMetaData</b></pre>  </dt> <dt>extends <a href="../../java/sql/Wrapper.html" title="interface in java.sql">Wrapper</a>   </dt>  </dl><p> An object that can be used to get information about the types and properties of the columns in a <code>ResultSet</code> object. The following code fragment creates the <code>ResultSet</code> object rs, creates the <code>ResultSetMetaData</code> object rsmd, and uses rsmd to find out how many columns rs has and whether the first column in rs can be used in a <code>WHERE</code> clause.<pre>

     ResultSet rs = stmt.executeQuery("SELECT a, b, c FROM TABLE2");
     ResultSetMetaData rsmd = rs.getMetaData();
     int numberOfColumns = rsmd.getColumnCount();
     boolean b = rsmd.isSearchable(1);

 </pre>                                                            </p><p/><p> <a end_ctx_id="class:ResultSetMetaData"/> </p> </td></tr></table></td></tr></table><table border="0" cellpadding="1" cellspacing="0" width="100%"><tr><td><h3 class="ctxid">field:columnNoNulls [NONE]</h3></td></tr><tr><td><table border="0" cellpadding="5" cellspacing="1" bgcolor="black" width="100%"><tr valign="top"><td bgcolor="#FFFFFF" colspan="1"> <a start_ctx_id="field:columnNoNulls"/><a name="columnNoNulls"/><h3> columnNoNulls </h3><pre>
static final int <b>columnNoNulls</b></pre><dl><dd>The constant indicating that a column does not allow <code>NULL</code> values.<p><dl> <dt> <b>See Also: </b>   </dt><dd> <a href="../../constant-values.html#java.sql.ResultSetMetaData.columnNoNulls">Constant Field Values  </a> </dd> </dl></p>          </dd></dl> <a end_ctx_id="field:columnNoNulls"/>  </td></tr></table></td></tr></table><table border="0" cellpadding="1" cellspacing="0" width="100%"><tr><td><h3 class="ctxid">field:columnNullable [NONE]</h3></td></tr><tr><td><table border="0" cellpadding="5" cellspacing="1" bgcolor="black" width="100%"><tr valign="top"><td bgcolor="#FFFFFF" colspan="1"> <a start_ctx_id="field:columnNullable"/><a name="columnNullable"/><h3> columnNullable </h3><pre>
static final int <b>columnNullable</b></pre><dl><dd>The constant indicating that a column allows <code>NULL</code> values.<p><dl> <dt> <b>See Also: </b>   </dt><dd> <a href="../../constant-values.html#java.sql.ResultSetMetaData.columnNullable">Constant Field Values  </a> </dd> </dl></p>        </dd></dl> <a end_ctx_id="field:columnNullable"/>  </td></tr></table></td></tr></table><table border="0" cellpadding="1" cellspacing="0" width="100%"><tr><td><h3 class="ctxid">field:columnNullableUnknown [NONE]</h3></td></tr><tr><td><table border="0" cellpadding="5" cellspacing="1" bgcolor="black" width="100%"><tr valign="top"><td bgcolor="#FFFFFF" colspan="1"> <a start_ctx_id="field:columnNullableUnknown"/><a name="columnNullableUnknown"/><h3> columnNullableUnknown </h3><pre>
static final int <b>columnNullableUnknown</b></pre><dl><dd>The constant indicating that the nullability of a column's values is unknown.<p><dl> <dt> <b>See Also: </b>   </dt><dd> <a href="../../constant-values.html#java.sql.ResultSetMetaData.columnNullableUnknown">Constant Field Values  </a> </dd> </dl></p>           </dd></dl> <a end_ctx_id="field:columnNullableUnknown"/>  </td></tr></table></td></tr></table><table border="0" cellpadding="1" cellspacing="0" width="100%"><tr><td><h3 class="ctxid">method:getColumnCount() [NONE]</h3></td></tr><tr><td><table border="0" cellpadding="5" cellspacing="1" bgcolor="black" width="100%"><tr valign="top"><td bgcolor="#FFFFFF" colspan="1"> <a start_ctx_id="method:getColumnCount()"/><a name="getColumnCount()"/><h3> getColumnCount </h3><pre>
int <b>getColumnCount</b>()
                   throws <a href="../../java/sql/SQLException.html" title="class in java.sql">SQLException</a></pre><dl><dd>Returns the number of columns in this <code>ResultSet</code> object.<p/>        </dd><dd><dl/></dd><dd><dl> <dt> <b>Returns:</b>   </dt><dd>the number of columns   </dd> <dt> <b>Throws:</b>   </dt><dd> <code><a href="../../java/sql/SQLException.html" title="class in java.sql">SQLException</a></code> - if a database access error occurs        </dd>  </dl></dd></dl> <a end_ctx_id="method:getColumnCount()"/>  </td></tr></table></td></tr></table><table border="0" cellpadding="1" cellspacing="0" width="100%"><tr><td><h3 class="ctxid">method:isAutoIncrement(int) [NONE]</h3></td></tr><tr><td><table border="0" cellpadding="5" cellspacing="1" bgcolor="black" width="100%"><tr valign="top"><td bgcolor="#FFFFFF" colspan="1"> <a start_ctx_id="method:isAutoIncrement(int)"/><a name="isAutoIncrement(int)"/><h3> isAutoIncrement </h3><pre>
boolean <b>isAutoIncrement</b>(int column)
                        throws <a href="../../java/sql/SQLException.html" title="class in java.sql">SQLException</a></pre><dl><dd>Indicates whether the designated column is automatically numbered.<p/>       </dd><dd><dl/></dd><dd><dl> <dt> <b>Parameters:</b>   </dt><dd> <code>column</code> - the first column is 1, the second is 2, ...            </dd> <dt> <b>Returns:</b>   </dt><dd> <code>true</code> if so; <code>false</code> otherwise     </dd> <dt> <b>Throws:</b>   </dt><dd> <code><a href="../../java/sql/SQLException.html" title="class in java.sql">SQLException</a></code> - if a database access error occurs        </dd>   </dl></dd></dl> <a end_ctx_id="method:isAutoIncrement(int)"/>  </td></tr></table></td></tr></table><table border="0" cellpadding="1" cellspacing="0" width="100%"><tr><td><h3 class="ctxid">method:isCaseSensitive(int) [NONE]</h3></td></tr><tr><td><table border="0" cellpadding="5" cellspacing="1" bgcolor="black" width="100%"><tr valign="top"><td bgcolor="#FFFFFF" colspan="1"> <a start_ctx_id="method:isCaseSensitive(int)"/><a name="isCaseSensitive(int)"/><h3> isCaseSensitive </h3><pre>
boolean <b>isCaseSensitive</b>(int column)
                        throws <a href="../../java/sql/SQLException.html" title="class in java.sql">SQLException</a></pre><dl><dd>Indicates whether a column's case matters.<p/>     </dd><dd><dl/></dd><dd><dl> <dt> <b>Parameters:</b>   </dt><dd> <code>column</code> - the first column is 1, the second is 2, ...            </dd> <dt> <b>Returns:</b>   </dt><dd> <code>true</code> if so; <code>false</code> otherwise     </dd> <dt> <b>Throws:</b>   </dt><dd> <code><a href="../../java/sql/SQLException.html" title="class in java.sql">SQLException</a></code> - if a database access error occurs        </dd>   </dl></dd></dl> <a end_ctx_id="method:isCaseSensitive(int)"/>  </td></tr></table></td></tr></table><table border="0" cellpadding="1" cellspacing="0" width="100%"><tr><td><h3 class="ctxid">method:isSearchable(int) [NONE]</h3></td></tr><tr><td><table border="0" cellpadding="5" cellspacing="1" bgcolor="black" width="100%"><tr valign="top"><td bgcolor="#FFFFFF" colspan="1"> <a start_ctx_id="method:isSearchable(int)"/><a name="isSearchable(int)"/><h3> isSearchable </h3><pre>
boolean <b>isSearchable</b>(int column)
                     throws <a href="../../java/sql/SQLException.html" title="class in java.sql">SQLException</a></pre><dl><dd>Indicates whether the designated column can be used in a where clause.<p/>           </dd><dd><dl/></dd><dd><dl> <dt> <b>Parameters:</b>   </dt><dd> <code>column</code> - the first column is 1, the second is 2, ...            </dd> <dt> <b>Returns:</b>   </dt><dd> <code>true</code> if so; <code>false</code> otherwise     </dd> <dt> <b>Throws:</b>   </dt><dd> <code><a href="../../java/sql/SQLException.html" title="class in java.sql">SQLException</a></code> - if a database access error occurs        </dd>   </dl></dd></dl> <a end_ctx_id="method:isSearchable(int)"/>  </td></tr></table></td></tr></table><table border="0" cellpadding="1" cellspacing="0" width="100%"><tr><td><h3 class="ctxid">method:isCurrency(int) [NONE]</h3></td></tr><tr><td><table border="0" cellpadding="5" cellspacing="1" bgcolor="black" width="100%"><tr valign="top"><td bgcolor="#FFFFFF" colspan="1"> <a start_ctx_id="method:isCurrency(int)"/><a name="isCurrency(int)"/><h3> isCurrency </h3><pre>
boolean <b>isCurrency</b>(int column)
                   throws <a href="../../java/sql/SQLException.html" title="class in java.sql">SQLException</a></pre><dl><dd>Indicates whether the designated column is a cash value.<p/>        </dd><dd><dl/></dd><dd><dl> <dt> <b>Parameters:</b>   </dt><dd> <code>column</code> - the first column is 1, the second is 2, ...            </dd> <dt> <b>Returns:</b>   </dt><dd> <code>true</code> if so; <code>false</code> otherwise     </dd> <dt> <b>Throws:</b>   </dt><dd> <code><a href="../../java/sql/SQLException.html" title="class in java.sql">SQLException</a></code> - if a database access error occurs        </dd>   </dl></dd></dl> <a end_ctx_id="method:isCurrency(int)"/>  </td></tr></table></td></tr></table><table border="0" cellpadding="1" cellspacing="0" width="100%"><tr><td><h3 class="ctxid">method:isNullable(int) [NONE]</h3></td></tr><tr><td><table border="0" cellpadding="5" cellspacing="1" bgcolor="black" width="100%"><tr valign="top"><td bgcolor="#FFFFFF" colspan="1"> <a start_ctx_id="method:isNullable(int)"/><a name="isNullable(int)"/><h3> isNullable </h3><pre>
int <b>isNullable</b>(int column)
               throws <a href="../../java/sql/SQLException.html" title="class in java.sql">SQLException</a></pre><dl><dd>Indicates the nullability of values in the designated column.<p/>        </dd><dd><dl/></dd><dd><dl> <dt> <b>Parameters:</b>   </dt><dd> <code>column</code> - the first column is 1, the second is 2, ...            </dd> <dt> <b>Returns:</b>   </dt><dd>the nullability status of the given column; one of <code>columnNoNulls</code>, <code>columnNullable</code> or <code>columnNullableUnknown</code>            </dd> <dt> <b>Throws:</b>   </dt><dd> <code><a href="../../java/sql/SQLException.html" title="class in java.sql">SQLException</a></code> - if a database access error occurs        </dd>   </dl></dd></dl> <a end_ctx_id="method:isNullable(int)"/>  </td></tr></table></td></tr></table><table border="0" cellpadding="1" cellspacing="0" width="100%"><tr><td><h3 class="ctxid">method:isSigned(int) [NONE]</h3></td></tr><tr><td><table border="0" cellpadding="5" cellspacing="1" bgcolor="black" width="100%"><tr valign="top"><td bgcolor="#FFFFFF" colspan="1"> <a start_ctx_id="method:isSigned(int)"/><a name="isSigned(int)"/><h3> isSigned </h3><pre>
boolean <b>isSigned</b>(int column)
                 throws <a href="../../java/sql/SQLException.html" title="class in java.sql">SQLException</a></pre><dl><dd>Indicates whether values in the designated column are signed numbers.<p/>         </dd><dd><dl/></dd><dd><dl> <dt> <b>Parameters:</b>   </dt><dd> <code>column</code> - the first column is 1, the second is 2, ...            </dd> <dt> <b>Returns:</b>   </dt><dd> <code>true</code> if so; <code>false</code> otherwise     </dd> <dt> <b>Throws:</b>   </dt><dd> <code><a href="../../java/sql/SQLException.html" title="class in java.sql">SQLException</a></code> - if a database access error occurs        </dd>   </dl></dd></dl> <a end_ctx_id="method:isSigned(int)"/>  </td></tr></table></td></tr></table><table border="0" cellpadding="1" cellspacing="0" width="100%"><tr><td><h3 class="ctxid">method:getColumnDisplaySize(int) [NONE]</h3></td></tr><tr><td><table border="0" cellpadding="5" cellspacing="1" bgcolor="black" width="100%"><tr valign="top"><td bgcolor="#FFFFFF" colspan="1"> <a start_ctx_id="method:getColumnDisplaySize(int)"/><a name="getColumnDisplaySize(int)"/><h3> getColumnDisplaySize </h3><pre>
int <b>getColumnDisplaySize</b>(int column)
                         throws <a href="../../java/sql/SQLException.html" title="class in java.sql">SQLException</a></pre><dl><dd>Indicates the designated column's normal maximum width in characters.<p/>        </dd><dd><dl/></dd><dd><dl> <dt> <b>Parameters:</b>   </dt><dd> <code>column</code> - the first column is 1, the second is 2, ...            </dd> <dt> <b>Returns:</b>   </dt><dd>the normal maximum number of characters allowed as the width of the designated column             </dd> <dt> <b>Throws:</b>   </dt><dd> <code><a href="../../java/sql/SQLException.html" title="class in java.sql">SQLException</a></code> - if a database access error occurs        </dd>   </dl></dd></dl> <a end_ctx_id="method:getColumnDisplaySize(int)"/>  </td></tr></table></td></tr></table><table border="0" cellpadding="1" cellspacing="0" width="100%"><tr><td><h3 class="ctxid">method:getColumnLabel(int) [NONE]</h3></td></tr><tr><td><table border="0" cellpadding="5" cellspacing="1" bgcolor="black" width="100%"><tr valign="top"><td bgcolor="#FFFFFF" colspan="1"> <a start_ctx_id="method:getColumnLabel(int)"/><a name="getColumnLabel(int)"/><h3> getColumnLabel </h3><pre>
java.lang.String <b>getColumnLabel</b>(int column)
                                throws <a href="../../java/sql/SQLException.html" title="class in java.sql">SQLException</a></pre><dl><dd>Gets the designated column's suggested title for use in printouts and displays. The suggested title is usually specified by the SQL <code>AS</code> clause. If a SQL <code>AS</code> is not specified, the value returned from <code>getColumnLabel</code> will be the same as the value returned by the <code>getColumnName</code> method.<p/>                                              </dd><dd><dl/></dd><dd><dl> <dt> <b>Parameters:</b>   </dt><dd> <code>column</code> - the first column is 1, the second is 2, ...            </dd> <dt> <b>Returns:</b>   </dt><dd>the suggested column title   </dd> <dt> <b>Throws:</b>   </dt><dd> <code><a href="../../java/sql/SQLException.html" title="class in java.sql">SQLException</a></code> - if a database access error occurs        </dd>   </dl></dd></dl> <a end_ctx_id="method:getColumnLabel(int)"/>  </td></tr></table></td></tr></table><table border="0" cellpadding="1" cellspacing="0" width="100%"><tr><td><h3 class="ctxid">method:getColumnName(int) [NONE]</h3></td></tr><tr><td><table border="0" cellpadding="5" cellspacing="1" bgcolor="black" width="100%"><tr valign="top"><td bgcolor="#FFFFFF" colspan="1"> <a start_ctx_id="method:getColumnName(int)"/><a name="getColumnName(int)"/><h3> getColumnName </h3><pre>
java.lang.String <b>getColumnName</b>(int column)
                               throws <a href="../../java/sql/SQLException.html" title="class in java.sql">SQLException</a></pre><dl><dd>Get the designated column's name.<p/>    </dd><dd><dl/></dd><dd><dl> <dt> <b>Parameters:</b>   </dt><dd> <code>column</code> - the first column is 1, the second is 2, ...            </dd> <dt> <b>Returns:</b>   </dt><dd>column name </dd> <dt> <b>Throws:</b>   </dt><dd> <code><a href="../../java/sql/SQLException.html" title="class in java.sql">SQLException</a></code> - if a database access error occurs        </dd>   </dl></dd></dl> <a end_ctx_id="method:getColumnName(int)"/>  </td></tr></table></td></tr></table><table border="0" cellpadding="1" cellspacing="0" width="100%"><tr><td><h3 class="ctxid">method:getSchemaName(int) [NONE]</h3></td></tr><tr><td><table border="0" cellpadding="5" cellspacing="1" bgcolor="black" width="100%"><tr valign="top"><td bgcolor="#FFFFFF" colspan="1"> <a start_ctx_id="method:getSchemaName(int)"/><a name="getSchemaName(int)"/><h3> getSchemaName </h3><pre>
java.lang.String <b>getSchemaName</b>(int column)
                               throws <a href="../../java/sql/SQLException.html" title="class in java.sql">SQLException</a></pre><dl><dd>Get the designated column's table's schema.<p/>     </dd><dd><dl/></dd><dd><dl> <dt> <b>Parameters:</b>   </dt><dd> <code>column</code> - the first column is 1, the second is 2, ...            </dd> <dt> <b>Returns:</b>   </dt><dd>schema name or "" if not applicable      </dd> <dt> <b>Throws:</b>   </dt><dd> <code><a href="../../java/sql/SQLException.html" title="class in java.sql">SQLException</a></code> - if a database access error occurs        </dd>   </dl></dd></dl> <a end_ctx_id="method:getSchemaName(int)"/>  </td></tr></table></td></tr></table><table border="0" cellpadding="1" cellspacing="0" width="100%"><tr><td><h3 class="ctxid">method:getPrecision(int) [NONE]</h3></td></tr><tr><td><table border="0" cellpadding="5" cellspacing="1" bgcolor="black" width="100%"><tr valign="top"><td bgcolor="#FFFFFF" colspan="1"> <a start_ctx_id="method:getPrecision(int)"/><a name="getPrecision(int)"/><h3> getPrecision </h3><pre>
int <b>getPrecision</b>(int column)
                 throws <a href="../../java/sql/SQLException.html" title="class in java.sql">SQLException</a></pre><dl><dd>Get the designated column's specified column size. For numeric data, this is the maximum precision. For character data, this is the length in characters. For datetime datatypes, this is the length in characters of the String representation (assuming the maximum allowed precision of the fractional seconds component). For binary data, this is the length in bytes. For the ROWID datatype, this is the length in bytes. 0 is returned for data types where the column size is not applicable.<p/>                                                                              </dd><dd><dl/></dd><dd><dl> <dt> <b>Parameters:</b>   </dt><dd> <code>column</code> - the first column is 1, the second is 2, ...            </dd> <dt> <b>Returns:</b>   </dt><dd>precision</dd> <dt> <b>Throws:</b>   </dt><dd> <code><a href="../../java/sql/SQLException.html" title="class in java.sql">SQLException</a></code> - if a database access error occurs        </dd>   </dl></dd></dl> <a end_ctx_id="method:getPrecision(int)"/>  </td></tr></table></td></tr></table><table border="0" cellpadding="1" cellspacing="0" width="100%"><tr><td><h3 class="ctxid">method:getScale(int) [NONE]</h3></td></tr><tr><td><table border="0" cellpadding="5" cellspacing="1" bgcolor="black" width="100%"><tr valign="top"><td bgcolor="#FFFFFF" colspan="1"> <a start_ctx_id="method:getScale(int)"/><a name="getScale(int)"/><h3> getScale </h3><pre>
int <b>getScale</b>(int column)
             throws <a href="../../java/sql/SQLException.html" title="class in java.sql">SQLException</a></pre><dl><dd>Gets the designated column's number of digits to right of the decimal point. 0 is returned for data types where the scale is not applicable.<p/>                        </dd><dd><dl/></dd><dd><dl> <dt> <b>Parameters:</b>   </dt><dd> <code>column</code> - the first column is 1, the second is 2, ...            </dd> <dt> <b>Returns:</b>   </dt><dd>scale</dd> <dt> <b>Throws:</b>   </dt><dd> <code><a href="../../java/sql/SQLException.html" title="class in java.sql">SQLException</a></code> - if a database access error occurs        </dd>   </dl></dd></dl> <a end_ctx_id="method:getScale(int)"/>  </td></tr></table></td></tr></table><table border="0" cellpadding="1" cellspacing="0" width="100%"><tr><td><h3 class="ctxid">method:getTableName(int) [NONE]</h3></td></tr><tr><td><table border="0" cellpadding="5" cellspacing="1" bgcolor="black" width="100%"><tr valign="top"><td bgcolor="#FFFFFF" colspan="1"> <a start_ctx_id="method:getTableName(int)"/><a name="getTableName(int)"/><h3> getTableName </h3><pre>
java.lang.String <b>getTableName</b>(int column)
                              throws <a href="../../java/sql/SQLException.html" title="class in java.sql">SQLException</a></pre><dl><dd>Gets the designated column's table name.<p/>     </dd><dd><dl/></dd><dd><dl> <dt> <b>Parameters:</b>   </dt><dd> <code>column</code> - the first column is 1, the second is 2, ...            </dd> <dt> <b>Returns:</b>   </dt><dd>table name or "" if not applicable      </dd> <dt> <b>Throws:</b>   </dt><dd> <code><a href="../../java/sql/SQLException.html" title="class in java.sql">SQLException</a></code> - if a database access error occurs        </dd>   </dl></dd></dl> <a end_ctx_id="method:getTableName(int)"/>  </td></tr></table></td></tr></table><table border="0" cellpadding="1" cellspacing="0" width="100%"><tr><td><h3 class="ctxid">method:getCatalogName(int) [NONE]</h3></td></tr><tr><td><table border="0" cellpadding="5" cellspacing="1" bgcolor="black" width="100%"><tr valign="top"><td bgcolor="#FFFFFF" colspan="1"> <a start_ctx_id="method:getCatalogName(int)"/><a name="getCatalogName(int)"/><h3> getCatalogName </h3><pre>
java.lang.String <b>getCatalogName</b>(int column)
                                throws <a href="../../java/sql/SQLException.html" title="class in java.sql">SQLException</a></pre><dl><dd>Gets the designated column's table's catalog name.<p/>      </dd><dd><dl/></dd><dd><dl> <dt> <b>Parameters:</b>   </dt><dd> <code>column</code> - the first column is 1, the second is 2, ...            </dd> <dt> <b>Returns:</b>   </dt><dd>the name of the catalog for the table in which the given column appears or "" if not applicable                  </dd> <dt> <b>Throws:</b>   </dt><dd> <code><a href="../../java/sql/SQLException.html" title="class in java.sql">SQLException</a></code> - if a database access error occurs        </dd>   </dl></dd></dl> <a end_ctx_id="method:getCatalogName(int)"/>  </td></tr></table></td></tr></table><table border="0" cellpadding="1" cellspacing="0" width="100%"><tr><td><h3 class="ctxid">method:getColumnType(int) [NONE]</h3></td></tr><tr><td><table border="0" cellpadding="5" cellspacing="1" bgcolor="black" width="100%"><tr valign="top"><td bgcolor="#FFFFFF" colspan="1"> <a start_ctx_id="method:getColumnType(int)"/><a name="getColumnType(int)"/><h3> getColumnType </h3><pre>
int <b>getColumnType</b>(int column)
                  throws <a href="../../java/sql/SQLException.html" title="class in java.sql">SQLException</a></pre><dl><dd>Retrieves the designated column's SQL type.<p/>     </dd><dd><dl/></dd><dd><dl> <dt> <b>Parameters:</b>   </dt><dd> <code>column</code> - the first column is 1, the second is 2, ...            </dd> <dt> <b>Returns:</b>   </dt><dd>SQL type from java.sql.Types   </dd> <dt> <b>Throws:</b>   </dt><dd> <code><a href="../../java/sql/SQLException.html" title="class in java.sql">SQLException</a></code> - if a database access error occurs        </dd> <dt> <b>See Also: </b>   </dt><dd> <a href="../../java/sql/Types.html" title="class in java.sql"><code>Types</code></a> </dd>    </dl></dd></dl> <a end_ctx_id="method:getColumnType(int)"/>  </td></tr></table></td></tr></table><table border="0" cellpadding="1" cellspacing="0" width="100%"><tr><td><h3 class="ctxid">method:getColumnTypeName(int) [NONE]</h3></td></tr><tr><td><table border="0" cellpadding="5" cellspacing="1" bgcolor="black" width="100%"><tr valign="top"><td bgcolor="#FFFFFF" colspan="1"> <a start_ctx_id="method:getColumnTypeName(int)"/><a name="getColumnTypeName(int)"/><h3> getColumnTypeName </h3><pre>
java.lang.String <b>getColumnTypeName</b>(int column)
                                   throws <a href="../../java/sql/SQLException.html" title="class in java.sql">SQLException</a></pre><dl><dd>Retrieves the designated column's database-specific type name.<p/>      </dd><dd><dl/></dd><dd><dl> <dt> <b>Parameters:</b>   </dt><dd> <code>column</code> - the first column is 1, the second is 2, ...            </dd> <dt> <b>Returns:</b>   </dt><dd>type name used by the database. If the column type is a user-defined type, then a fully-qualified type name is returned.                    </dd> <dt> <b>Throws:</b>   </dt><dd> <code><a href="../../java/sql/SQLException.html" title="class in java.sql">SQLException</a></code> - if a database access error occurs        </dd>   </dl></dd></dl> <a end_ctx_id="method:getColumnTypeName(int)"/>  </td></tr></table></td></tr></table><table border="0" cellpadding="1" cellspacing="0" width="100%"><tr><td><h3 class="ctxid">method:isReadOnly(int) [NONE]</h3></td></tr><tr><td><table border="0" cellpadding="5" cellspacing="1" bgcolor="black" width="100%"><tr valign="top"><td bgcolor="#FFFFFF" colspan="1"> <a start_ctx_id="method:isReadOnly(int)"/><a name="isReadOnly(int)"/><h3> isReadOnly </h3><pre>
boolean <b>isReadOnly</b>(int column)
                   throws <a href="../../java/sql/SQLException.html" title="class in java.sql">SQLException</a></pre><dl><dd>Indicates whether the designated column is definitely not writable.<p/>        </dd><dd><dl/></dd><dd><dl> <dt> <b>Parameters:</b>   </dt><dd> <code>column</code> - the first column is 1, the second is 2, ...            </dd> <dt> <b>Returns:</b>   </dt><dd> <code>true</code> if so; <code>false</code> otherwise     </dd> <dt> <b>Throws:</b>   </dt><dd> <code><a href="../../java/sql/SQLException.html" title="class in java.sql">SQLException</a></code> - if a database access error occurs        </dd>   </dl></dd></dl> <a end_ctx_id="method:isReadOnly(int)"/>  </td></tr></table></td></tr></table><table border="0" cellpadding="1" cellspacing="0" width="100%"><tr><td><h3 class="ctxid">method:isWritable(int) [NONE]</h3></td></tr><tr><td><table border="0" cellpadding="5" cellspacing="1" bgcolor="black" width="100%"><tr valign="top"><td bgcolor="#FFFFFF" colspan="1"> <a start_ctx_id="method:isWritable(int)"/><a name="isWritable(int)"/><h3> isWritable </h3><pre>
boolean <b>isWritable</b>(int column)
                   throws <a href="../../java/sql/SQLException.html" title="class in java.sql">SQLException</a></pre><dl><dd>Indicates whether it is possible for a write on the designated column to succeed.<p/>             </dd><dd><dl/></dd><dd><dl> <dt> <b>Parameters:</b>   </dt><dd> <code>column</code> - the first column is 1, the second is 2, ...            </dd> <dt> <b>Returns:</b>   </dt><dd> <code>true</code> if so; <code>false</code> otherwise     </dd> <dt> <b>Throws:</b>   </dt><dd> <code><a href="../../java/sql/SQLException.html" title="class in java.sql">SQLException</a></code> - if a database access error occurs        </dd>   </dl></dd></dl> <a end_ctx_id="method:isWritable(int)"/>  </td></tr></table></td></tr></table><table border="0" cellpadding="1" cellspacing="0" width="100%"><tr><td><h3 class="ctxid">method:isDefinitelyWritable(int) [NONE]</h3></td></tr><tr><td><table border="0" cellpadding="5" cellspacing="1" bgcolor="black" width="100%"><tr valign="top"><td bgcolor="#FFFFFF" colspan="1"> <a start_ctx_id="method:isDefinitelyWritable(int)"/><a name="isDefinitelyWritable(int)"/><h3> isDefinitelyWritable </h3><pre>
boolean <b>isDefinitelyWritable</b>(int column)
                             throws <a href="../../java/sql/SQLException.html" title="class in java.sql">SQLException</a></pre><dl><dd>Indicates whether a write on the designated column will definitely succeed.<p/>          </dd><dd><dl/></dd><dd><dl> <dt> <b>Parameters:</b>   </dt><dd> <code>column</code> - the first column is 1, the second is 2, ...            </dd> <dt> <b>Returns:</b>   </dt><dd> <code>true</code> if so; <code>false</code> otherwise     </dd> <dt> <b>Throws:</b>   </dt><dd> <code><a href="../../java/sql/SQLException.html" title="class in java.sql">SQLException</a></code> - if a database access error occurs        </dd>   </dl></dd></dl> <a end_ctx_id="method:isDefinitelyWritable(int)"/>  </td></tr></table></td></tr></table><table border="0" cellpadding="1" cellspacing="0" width="100%"><tr><td><h3 class="ctxid">method:getColumnClassName(int) [NONE]</h3></td></tr><tr><td><table border="0" cellpadding="5" cellspacing="1" bgcolor="black" width="100%"><tr valign="top"><td bgcolor="#FFFFFF" colspan="1"> <a start_ctx_id="method:getColumnClassName(int)"/><a name="getColumnClassName(int)"/><h3> getColumnClassName </h3><pre>
java.lang.String <b>getColumnClassName</b>(int column)
                                    throws <a href="../../java/sql/SQLException.html" title="class in java.sql">SQLException</a></pre><dl><dd><p>Returns the fully-qualified name of the Java class whose instances are manufactured if the method <code>ResultSet.getObject</code> is called to retrieve a value from the column. <code>ResultSet.getObject</code> may return a subclass of the class returned by this method.                                    </p><p/></dd><dd><dl/></dd><dd><dl> <dt> <b>Parameters:</b>   </dt><dd> <code>column</code> - the first column is 1, the second is 2, ...            </dd> <dt> <b>Returns:</b>   </dt><dd>the fully-qualified name of the class in the Java programming language that would be used by the method <code>ResultSet.getObject</code> to retrieve the value in the specified column. This is the class name used for custom mapping.                                   </dd> <dt> <b>Throws:</b>   </dt><dd> <code><a href="../../java/sql/SQLException.html" title="class in java.sql">SQLException</a></code> - if a database access error occurs        </dd> <dt> <b>Since:</b>   </dt><dd>1.2</dd>    </dl></dd></dl> <a end_ctx_id="method:getColumnClassName(int)"/>  </td></tr></table></td></tr></table></diff></diffreport>