<?xml version="1.0" encoding="UTF-8" standalone="yes"?><Document><name>java/sql/ResultSetMetaData.spec</name><Context><name>class:ResultSetMetaData</name><mt>NONE</mt></Context><Context><name>field:columnNoNulls</name><mt>NONE</mt></Context><Context><name>field:columnNullable</name><mt>NONE</mt></Context><Context><name>field:columnNullableUnknown</name><mt>NONE</mt></Context><Context><name>method:getCatalogName(int)</name><mt>NONE</mt></Context><Context><name>method:getColumnClassName(int)</name><mt>NONE</mt></Context><Context><name>method:getColumnCount()</name><mt>NONE</mt></Context><Context><name>method:getColumnDisplaySize(int)</name><mt>NONE</mt></Context><Context><name>method:getColumnLabel(int)</name><mt>NONE</mt></Context><Context><name>method:getColumnName(int)</name><mt>NONE</mt></Context><Context><name>method:getColumnType(int)</name><mt>NONE</mt></Context><Context><name>method:getColumnTypeName(int)</name><mt>NONE</mt></Context><Context><name>method:getPrecision(int)</name><mt>NONE</mt></Context><Context><name>method:getScale(int)</name><mt>NONE</mt></Context><Context><name>method:getSchemaName(int)</name><mt>NONE</mt></Context><Context><name>method:getTableName(int)</name><mt>NONE</mt></Context><Context><name>method:isAutoIncrement(int)</name><mt>NONE</mt></Context><Context><name>method:isCaseSensitive(int)</name><mt>NONE</mt></Context><Context><name>method:isCurrency(int)</name><mt>NONE</mt></Context><Context><name>method:isDefinitelyWritable(int)</name><mt>NONE</mt></Context><Context><name>method:isNullable(int)</name><mt>NONE</mt></Context><Context><name>method:isReadOnly(int)</name><mt>NONE</mt></Context><Context><name>method:isSearchable(int)</name><mt>NONE</mt></Context><Context><name>method:isSigned(int)</name><mt>NONE</mt></Context><Context><name>method:isWritable(int)</name><mt>NONE</mt></Context><Stat><name>java/sql/ResultSetMetaData.spec</name><mt>NONE</mt><Group name="context"><Item count="0" name="ADDED"/><Item count="0" name="REMOVED"/><Item count="0" name="CHANGED"/><Item count="0" name="MODIFIED"/><Item count="25" name="TOTAL"/></Group><Group name="assertion"><Item count="0" name="ADDED"/><Item count="0" name="REMOVED"/><Item count="0" name="CHANGED"/><Item count="0" name="MODIFIED"/><Item count="0" name="TOTAL"/></Group></Stat></Document>