<?xml version="1.0" encoding="UTF-8"?><diffreport><diff><table border="0" cellpadding="1" cellspacing="0" width="100%"><tr><td><h3 class="ctxid">class:RowIdLifetime [NONE]</h3></td></tr><tr><td><table border="0" cellpadding="5" cellspacing="1" bgcolor="black" width="100%"><tr valign="top"><td bgcolor="#FFFFFF" colspan="1"> <a start_ctx_id="class:RowIdLifetime"/><dl> <dt><pre>public enum <b>RowIdLifetime</b></pre>  </dt> <dt>extends java.lang.Enum&lt;<a href="../../java/sql/RowIdLifetime.html" title="enum in java.sql">RowIdLifetime</a>&gt; </dt>  </dl><p> Enumeration for RowId life-time values.     </p><p/><p><dl> <dt> <b>Since:</b>   </dt><dd>1.6</dd> </dl> <a end_ctx_id="class:RowIdLifetime"/> </p> </td></tr></table></td></tr></table><table border="0" cellpadding="1" cellspacing="0" width="100%"><tr><td><h3 class="ctxid">field:ROWID_UNSUPPORTED [NONE]</h3></td></tr><tr><td><table border="0" cellpadding="5" cellspacing="1" bgcolor="black" width="100%"><tr valign="top"><td bgcolor="#FFFFFF" colspan="1"> <a start_ctx_id="field:ROWID_UNSUPPORTED"/><a name="ROWID_UNSUPPORTED"/><h3> ROWID_UNSUPPORTED </h3><pre>
public static final <a href="../../java/sql/RowIdLifetime.html" title="enum in java.sql">RowIdLifetime</a><b>ROWID_UNSUPPORTED</b></pre><dl><dd>Indicates that this data source does not support the ROWID type.<p><dl/></p>          </dd></dl> <a end_ctx_id="field:ROWID_UNSUPPORTED"/>  </td></tr></table></td></tr></table><table border="0" cellpadding="1" cellspacing="0" width="100%"><tr><td><h3 class="ctxid">field:ROWID_VALID_OTHER [NONE]</h3></td></tr><tr><td><table border="0" cellpadding="5" cellspacing="1" bgcolor="black" width="100%"><tr valign="top"><td bgcolor="#FFFFFF" colspan="1"> <a start_ctx_id="field:ROWID_VALID_OTHER"/><a name="ROWID_VALID_OTHER"/><h3> ROWID_VALID_OTHER </h3><pre>
public static final <a href="../../java/sql/RowIdLifetime.html" title="enum in java.sql">RowIdLifetime</a><b>ROWID_VALID_OTHER</b></pre><dl><dd>Indicates that the lifetime of a RowId from this data source is indeterminate; but not one of ROWID_VALID_TRANSACTION, ROWID_VALID_SESSION, or, ROWID_VALID_FOREVER.<p><dl/></p>                    </dd></dl> <a end_ctx_id="field:ROWID_VALID_OTHER"/>  </td></tr></table></td></tr></table><table border="0" cellpadding="1" cellspacing="0" width="100%"><tr><td><h3 class="ctxid">field:ROWID_VALID_SESSION [NONE]</h3></td></tr><tr><td><table border="0" cellpadding="5" cellspacing="1" bgcolor="black" width="100%"><tr valign="top"><td bgcolor="#FFFFFF" colspan="1"> <a start_ctx_id="field:ROWID_VALID_SESSION"/><a name="ROWID_VALID_SESSION"/><h3> ROWID_VALID_SESSION </h3><pre>
public static final <a href="../../java/sql/RowIdLifetime.html" title="enum in java.sql">RowIdLifetime</a><b>ROWID_VALID_SESSION</b></pre><dl><dd>Indicates that the lifetime of a RowId from this data source is at least the containing session.<p><dl/></p>                </dd></dl> <a end_ctx_id="field:ROWID_VALID_SESSION"/>  </td></tr></table></td></tr></table><table border="0" cellpadding="1" cellspacing="0" width="100%"><tr><td><h3 class="ctxid">field:ROWID_VALID_TRANSACTION [NONE]</h3></td></tr><tr><td><table border="0" cellpadding="5" cellspacing="1" bgcolor="black" width="100%"><tr valign="top"><td bgcolor="#FFFFFF" colspan="1"> <a start_ctx_id="field:ROWID_VALID_TRANSACTION"/><a name="ROWID_VALID_TRANSACTION"/><h3> ROWID_VALID_TRANSACTION </h3><pre>
public static final <a href="../../java/sql/RowIdLifetime.html" title="enum in java.sql">RowIdLifetime</a><b>ROWID_VALID_TRANSACTION</b></pre><dl><dd>Indicates that the lifetime of a RowId from this data source is at least the containing transaction.<p><dl/></p>                </dd></dl> <a end_ctx_id="field:ROWID_VALID_TRANSACTION"/>  </td></tr></table></td></tr></table><table border="0" cellpadding="1" cellspacing="0" width="100%"><tr><td><h3 class="ctxid">field:ROWID_VALID_FOREVER [NONE]</h3></td></tr><tr><td><table border="0" cellpadding="5" cellspacing="1" bgcolor="black" width="100%"><tr valign="top"><td bgcolor="#FFFFFF" colspan="1"> <a start_ctx_id="field:ROWID_VALID_FOREVER"/><a name="ROWID_VALID_FOREVER"/><h3> ROWID_VALID_FOREVER </h3><pre>
public static final <a href="../../java/sql/RowIdLifetime.html" title="enum in java.sql">RowIdLifetime</a><b>ROWID_VALID_FOREVER</b></pre><dl><dd>Indicates that the lifetime of a RowId from this data source is, effectively, unlimited.<p><dl/></p>             </dd></dl> <a end_ctx_id="field:ROWID_VALID_FOREVER"/>  </td></tr></table></td></tr></table><table border="0" cellpadding="1" cellspacing="0" width="100%"><tr><td><h3 class="ctxid">method:values() [NONE]</h3></td></tr><tr><td><table border="0" cellpadding="5" cellspacing="1" bgcolor="black" width="100%"><tr valign="top"><td bgcolor="#FFFFFF" colspan="1"> <a start_ctx_id="method:values()"/><a name="values()"/><h3> values </h3><pre>
public static <a href="../../java/sql/RowIdLifetime.html" title="enum in java.sql">RowIdLifetime</a>[] <b>values</b>()</pre><dl><dd>Returns an array containing the constants of this enum type, in the order they are declared. This method may be used to iterate over the constants as follows:<pre>
for (RowIdLifetime c : RowIdLifetime.values())
    System.out.println(c);
</pre><p/>                           </dd><dd><dl> <dt> <b>Returns:</b>   </dt><dd>an array containing the constants of this enum type, in the order they are declared              </dd> </dl></dd></dl> <a end_ctx_id="method:values()"/>  </td></tr></table></td></tr></table><table border="0" cellpadding="1" cellspacing="0" width="100%"><tr><td><h3 class="ctxid">method:valueOf(java.lang.String) [NONE]</h3></td></tr><tr><td><table border="0" cellpadding="5" cellspacing="1" bgcolor="black" width="100%"><tr valign="top"><td bgcolor="#FFFFFF" colspan="1"> <a start_ctx_id="method:valueOf(java.lang.String)"/><a name="valueOf(java.lang.String)"/><h3> valueOf </h3><pre>
public static <a href="../../java/sql/RowIdLifetime.html" title="enum in java.sql">RowIdLifetime</a><b>valueOf</b>(java.lang.String name)</pre><dl><dd>Returns the enum constant of this type with the specified name. The string must match <i>exactly</i> an identifier used to declare an enum constant in this type. (Extraneous whitespace characters are not permitted.)<p/>                                </dd><dd><dl> <dt> <b>Parameters:</b>   </dt><dd> <code>name</code> - the name of the enum constant to be returned.           </dd> <dt> <b>Returns:</b>   </dt><dd>the enum constant with the specified name      </dd> <dt> <b>Throws:</b>   </dt><dd> <code>java.lang.IllegalArgumentException</code> - if this enum type has no constant with the specified name             </dd><dd> <code>java.lang.NullPointerException</code> - if the argument is null       </dd>   </dl></dd></dl> <a end_ctx_id="method:valueOf(java.lang.String)"/>  </td></tr></table></td></tr></table></diff></diffreport>