<?xml version="1.0" encoding="UTF-8"?><diffreport><diff><table border="0" cellpadding="1" cellspacing="0" width="100%"><tr><td><h3 class="ctxid">class:RowId [NONE]</h3></td></tr><tr><td><table border="0" cellpadding="5" cellspacing="1" bgcolor="black" width="100%"><tr valign="top"><td bgcolor="#FFFFFF" colspan="1"> <a start_ctx_id="class:RowId"/><dl> <dt><pre>public interface <b>RowId</b></pre>  </dt> </dl><p> The representation (mapping) in the Java programming language of an SQL ROWID value. An SQL ROWID is a built-in type, a value of which can be thought of as an address for its identified row in a database table. Whether that address is logical or, in any respects, physical is determined by its originating data source.                                                        </p><p> Methods in the interfaces <code>ResultSet</code>, <code>CallableStatement</code>, and <code>PreparedStatement</code>, such as <code>getRowId</code> and <code>setRowId</code> allow a programmer to access a SQL <code>ROWID</code> value. The <code>RowId</code> interface provides a method for representing the value of the <code>ROWID</code> as a byte array or as a <code>String</code>.                                           </p><p> The method <code>getRowIdLifetime</code> in the interface <code>DatabaseMetaData</code>, can be used to determine if a <code>RowId</code> object remains valid for the duration of the transaction in which the <code>RowId</code> was created, the duration of the session in which the <code>RowId</code> was created, or, effectively, for as long as its identified row is not deleted. In addition to specifying the duration of its valid lifetime outside its originating data source, <code>getRowIdLifetime</code> specifies the duration of a <code>ROWID</code> value's valid lifetime within its originating data source. In this, it differs from a large object, because there is no limit on the valid lifetime of a large object within its originating data source.                                                                                                             </p><p> All methods on the <code>RowId</code> interface must be fully implemented if the JDBC driver supports the data type.                  </p><p/><p><dl> <dt> <b>Since:</b>   </dt><dd>1.6</dd> <dt> <b>See Also: </b>   </dt><dd> <a href="../../java/sql/DatabaseMetaData.html" title="interface in java.sql"><code>DatabaseMetaData</code></a> </dd>  </dl> <a end_ctx_id="class:RowId"/> </p> </td></tr></table></td></tr></table><table border="0" cellpadding="1" cellspacing="0" width="100%"><tr><td><h3 class="ctxid">method:equals(java.lang.Object) [NONE]</h3></td></tr><tr><td><table border="0" cellpadding="5" cellspacing="1" bgcolor="black" width="100%"><tr valign="top"><td bgcolor="#FFFFFF" colspan="1"> <a start_ctx_id="method:equals(java.lang.Object)"/><a name="equals(java.lang.Object)"/><h3> equals </h3><pre>
boolean <b>equals</b>(java.lang.Object obj)</pre><dl><dd>Compares this <code>RowId</code> to the specified object. The result is <code>true</code> if and only if the argument is not null and is a RowId object that represents the same ROWID as this object.<p> It is important to consider both the origin and the valid lifetime of a <code>RowId</code> when comparing it to another <code>RowId</code>. If both are valid, and both are from the same table on the same data source, then if they are equal they identify the same row; if one or more is no longer guaranteed to be valid, or if they originate from different data sources, or different tables on the same data source, they may be equal but still not identify the same row.                                                                                     </p><p/>                                </dd><dd><dl> <dt> <b>Overrides:</b>   </dt><dd> <code>equals</code> in class <code>java.lang.Object</code>    </dd> </dl></dd><dd><dl> <dt> <b>Parameters:</b>   </dt><dd> <code>obj</code> - the <code>Object</code> to compare this <code>RowId</code> object against.          </dd> <dt> <b>Returns:</b>   </dt><dd>true if the <code>RowId</code>s are equal; false otherwise       </dd> <dt> <b>Since:</b>   </dt><dd>1.6</dd>   </dl></dd></dl> <a end_ctx_id="method:equals(java.lang.Object)"/>  </td></tr></table></td></tr></table><table border="0" cellpadding="1" cellspacing="0" width="100%"><tr><td><h3 class="ctxid">method:getBytes() [NONE]</h3></td></tr><tr><td><table border="0" cellpadding="5" cellspacing="1" bgcolor="black" width="100%"><tr valign="top"><td bgcolor="#FFFFFF" colspan="1"> <a start_ctx_id="method:getBytes()"/><a name="getBytes()"/><h3> getBytes </h3><pre>
byte[] <b>getBytes</b>()</pre><dl><dd>Returns an array of bytes representing the value of the SQL <code>ROWID</code> designated by this <code>java.sql.RowId</code> object.<p/>                </dd><dd><dl> <dt> <b>Returns:</b>   </dt><dd>an array of bytes, whose length is determined by the driver supplying the connection, representing the value of the ROWID designated by this java.sql.RowId object.                        </dd> </dl></dd></dl> <a end_ctx_id="method:getBytes()"/>  </td></tr></table></td></tr></table><table border="0" cellpadding="1" cellspacing="0" width="100%"><tr><td><h3 class="ctxid">method:toString() [NONE]</h3></td></tr><tr><td><table border="0" cellpadding="5" cellspacing="1" bgcolor="black" width="100%"><tr valign="top"><td bgcolor="#FFFFFF" colspan="1"> <a start_ctx_id="method:toString()"/><a name="toString()"/><h3> toString </h3><pre>
java.lang.String <b>toString</b>()</pre><dl><dd>Returns a String representing the value of the SQL ROWID designated by this <code>java.sql.RowId</code> object.<p> Like <code>java.sql.Date.toString()</code> returns the contents of its DATE as the <code>String</code> "2004-03-17" rather than as DATE literal in SQL (which would have been the <code>String</code> DATE "2004-03-17"), toString() returns the contents of its ROWID in a form specific to the driver supplying the connection, and possibly not as a <code>ROWID</code> literal.                                                   </p><p/>              </dd><dd><dl> <dt> <b>Overrides:</b>   </dt><dd> <code>toString</code> in class <code>java.lang.Object</code>    </dd> </dl></dd><dd><dl> <dt> <b>Returns:</b>   </dt><dd>a String whose format is determined by the driver supplying the connection, representing the value of the <code>ROWID</code> designated by this <code>java.sql.RowId</code> object.                      </dd> </dl></dd></dl> <a end_ctx_id="method:toString()"/>  </td></tr></table></td></tr></table><table border="0" cellpadding="1" cellspacing="0" width="100%"><tr><td><h3 class="ctxid">method:hashCode() [NONE]</h3></td></tr><tr><td><table border="0" cellpadding="5" cellspacing="1" bgcolor="black" width="100%"><tr valign="top"><td bgcolor="#FFFFFF" colspan="1"> <a start_ctx_id="method:hashCode()"/><a name="hashCode()"/><h3> hashCode </h3><pre>
int <b>hashCode</b>()</pre><dl><dd>Returns a hash code value of this <code>RowId</code> object.<p/>        </dd><dd><dl> <dt> <b>Overrides:</b>   </dt><dd> <code>hashCode</code> in class <code>java.lang.Object</code>    </dd> </dl></dd><dd><dl> <dt> <b>Returns:</b>   </dt><dd>a hash code for the <code>RowId</code>     </dd> </dl></dd></dl> <a end_ctx_id="method:hashCode()"/>  </td></tr></table></td></tr></table></diff></diffreport>