<?xml version="1.0" encoding="UTF-8" standalone="yes"?><Document><name>java/sql/RowIdLifetime.spec</name><Context><name>class:RowIdLifetime</name><mt>NONE</mt></Context><Context><name>field:ROWID_UNSUPPORTED</name><mt>NONE</mt></Context><Context><name>field:ROWID_VALID_FOREVER</name><mt>NONE</mt></Context><Context><name>field:ROWID_VALID_OTHER</name><mt>NONE</mt></Context><Context><name>field:ROWID_VALID_SESSION</name><mt>NONE</mt></Context><Context><name>field:ROWID_VALID_TRANSACTION</name><mt>NONE</mt></Context><Context><name>method:valueOf(java.lang.String)</name><mt>NONE</mt></Context><Context><name>method:values()</name><mt>NONE</mt></Context><Stat><name>java/sql/RowIdLifetime.spec</name><mt>NONE</mt><Group name="context"><Item count="0" name="ADDED"/><Item count="0" name="REMOVED"/><Item count="0" name="CHANGED"/><Item count="0" name="MODIFIED"/><Item count="8" name="TOTAL"/></Group><Group name="assertion"><Item count="0" name="ADDED"/><Item count="0" name="REMOVED"/><Item count="0" name="CHANGED"/><Item count="0" name="MODIFIED"/><Item count="0" name="TOTAL"/></Group></Stat></Document>