<?xml version="1.0" encoding="UTF-8" standalone="yes"?><Document><name>java/sql/SQLClientInfoException.spec</name><Context><name>class:SQLClientInfoException</name><mt>NONE</mt></Context><Context><name>constructor:SQLClientInfoException()</name><mt>NONE</mt></Context><Context><name>constructor:SQLClientInfoException(java.lang.String, java.lang.String, int, java.util.Map)</name><mt>NONE</mt></Context><Context><name>constructor:SQLClientInfoException(java.lang.String, java.lang.String, int, java.util.Map, java.lang.Throwable)</name><mt>NONE</mt></Context><Context><name>constructor:SQLClientInfoException(java.lang.String, java.lang.String, java.util.Map)</name><mt>NONE</mt></Context><Context><name>constructor:SQLClientInfoException(java.lang.String, java.lang.String, java.util.Map, java.lang.Throwable)</name><mt>NONE</mt></Context><Context><name>constructor:SQLClientInfoException(java.lang.String, java.util.Map)</name><mt>NONE</mt></Context><Context><name>constructor:SQLClientInfoException(java.lang.String, java.util.Map, java.lang.Throwable)</name><mt>NONE</mt></Context><Context><name>constructor:SQLClientInfoException(java.util.Map)</name><mt>NONE</mt></Context><Context><name>constructor:SQLClientInfoException(java.util.Map, java.lang.Throwable)</name><mt>NONE</mt></Context><Context><name>method:getFailedProperties()</name><mt>NONE</mt></Context><Stat><name>java/sql/SQLClientInfoException.spec</name><mt>NONE</mt><Group name="context"><Item count="0" name="ADDED"/><Item count="0" name="REMOVED"/><Item count="0" name="CHANGED"/><Item count="0" name="MODIFIED"/><Item count="11" name="TOTAL"/></Group><Group name="assertion"><Item count="0" name="ADDED"/><Item count="0" name="REMOVED"/><Item count="0" name="CHANGED"/><Item count="0" name="MODIFIED"/><Item count="0" name="TOTAL"/></Group></Stat></Document>