<?xml version="1.0" encoding="UTF-8" standalone="yes"?><Document><name>java/sql/SQLData.spec</name><Context><name>class:SQLData</name><mt>NONE</mt></Context><Context><name>method:getSQLTypeName()</name><mt>NONE</mt></Context><Context><name>method:readSQL(java.sql.SQLInput, java.lang.String)</name><mt>NONE</mt></Context><Context><name>method:writeSQL(java.sql.SQLOutput)</name><mt>NONE</mt></Context><Stat><name>java/sql/SQLData.spec</name><mt>NONE</mt><Group name="context"><Item count="0" name="ADDED"/><Item count="0" name="REMOVED"/><Item count="0" name="CHANGED"/><Item count="0" name="MODIFIED"/><Item count="4" name="TOTAL"/></Group><Group name="assertion"><Item count="0" name="ADDED"/><Item count="0" name="REMOVED"/><Item count="0" name="CHANGED"/><Item count="0" name="MODIFIED"/><Item count="0" name="TOTAL"/></Group></Stat></Document>