<?xml version="1.0" encoding="UTF-8" standalone="yes"?><Document><name>java/sql/SQLException.spec</name><Context><name>class:SQLException</name><mt>NONE</mt></Context><Context><name>constructor:SQLException()</name><mt>NONE</mt></Context><Context><name>constructor:SQLException(java.lang.String)</name><mt>NONE</mt></Context><Context><name>constructor:SQLException(java.lang.String, java.lang.String)</name><mt>NONE</mt></Context><Context><name>constructor:SQLException(java.lang.String, java.lang.String, int)</name><mt>NONE</mt></Context><Context><name>constructor:SQLException(java.lang.String, java.lang.String, int, java.lang.Throwable)</name><mt>NONE</mt></Context><Context><name>constructor:SQLException(java.lang.String, java.lang.String, java.lang.Throwable)</name><mt>NONE</mt></Context><Context><name>constructor:SQLException(java.lang.String, java.lang.Throwable)</name><mt>NONE</mt></Context><Context><name>constructor:SQLException(java.lang.Throwable)</name><mt>NONE</mt></Context><Context><name>method:getErrorCode()</name><mt>NONE</mt></Context><Context><name>method:getNextException()</name><mt>NONE</mt></Context><Context><name>method:getSQLState()</name><mt>NONE</mt></Context><Context><name>method:iterator()</name><mt>NONE</mt></Context><Context><name>method:setNextException(java.sql.SQLException)</name><mt>NONE</mt></Context><Stat><name>java/sql/SQLException.spec</name><mt>NONE</mt><Group name="context"><Item count="0" name="ADDED"/><Item count="0" name="REMOVED"/><Item count="0" name="CHANGED"/><Item count="0" name="MODIFIED"/><Item count="14" name="TOTAL"/></Group><Group name="assertion"><Item count="0" name="ADDED"/><Item count="0" name="REMOVED"/><Item count="0" name="CHANGED"/><Item count="0" name="MODIFIED"/><Item count="0" name="TOTAL"/></Group></Stat></Document>