<?xml version="1.0" encoding="UTF-8"?><diffreport><diff><table border="0" cellpadding="1" cellspacing="0" width="100%"><tr><td><h3 class="ctxid">class:SQLException [NONE]</h3></td></tr><tr><td><table border="0" cellpadding="5" cellspacing="1" bgcolor="black" width="100%"><tr valign="top"><td bgcolor="#FFFFFF" colspan="1"> <a start_ctx_id="class:SQLException"/><dl> <dt><pre>public class <b>SQLException</b></pre>  </dt> <dt>extends java.lang.Exception </dt> <dt>implements java.lang.Iterable&lt;java.lang.Throwable&gt; </dt>   </dl><p/><p>An exception that provides information on a database access error or other errors.            </p><p>Each <code>SQLException</code> provides several kinds of information:<ul><li> a string describing the error. This is used as the Java Exception message, available via the method <code>getMesasge</code>.                  </li><li> a "SQLstate" string, which follows either the XOPEN SQLstate conventions or the SQL:2003 conventions. The values of the SQLState string are described in the appropriate spec. The <code>DatabaseMetaData</code> method <code>getSQLStateType</code> can be used to discover whether the driver returns the XOPEN type or the SQL:2003 type.                                              </li><li> an integer error code that is specific to each vendor. Normally this will be the actual error code returned by the underlying database.                       </li><li> a chain to a next Exception. This can be used to provide additional error information.               </li><li> the causal relationship, if any for this <code>SQLException</code>.        </li></ul>      </p><p/><p><dl> <dt> <b>See Also: </b>   </dt><dd> <a href="../../serialized-form.html#java.sql.SQLException">Serialized Form </a> </dd> </dl> <a end_ctx_id="class:SQLException"/> </p> </td></tr></table></td></tr></table><table border="0" cellpadding="1" cellspacing="0" width="100%"><tr><td><h3 class="ctxid">constructor:SQLException(java.lang.String, java.lang.String, int) [NONE]</h3></td></tr><tr><td><table border="0" cellpadding="5" cellspacing="1" bgcolor="black" width="100%"><tr valign="top"><td bgcolor="#FFFFFF" colspan="1"> <a start_ctx_id="constructor:SQLException(java.lang.String, java.lang.String, int)"/><a name="SQLException(java.lang.String, java.lang.String, int)"/><h3> SQLException </h3><pre>
public <b>SQLException</b>(java.lang.String reason,
                    java.lang.String SQLState,
                    int vendorCode)</pre><dl><dd>Constructs a <code>SQLException</code> object with a given <code>reason</code>, <code>SQLState</code> and <code>vendorCode</code>. The <code>cause</code> is not initialized, and may subsequently be initialized by a call to the <code>Throwable.initCause(java.lang.Throwable)</code> method.<p/><p><dl> <dt> <b>Parameters:</b>   </dt><dd> <code>reason</code> - a description of the exception       </dd><dd> <code>SQLState</code> - an XOPEN or SQL:2003 code identifying the exception          </dd><dd> <code>vendorCode</code> - a database vendor-specific exception code       </dd> </dl></p>                           </dd></dl> <a end_ctx_id="constructor:SQLException(java.lang.String, java.lang.String, int)"/>  </td></tr></table></td></tr></table><table border="0" cellpadding="1" cellspacing="0" width="100%"><tr><td><h3 class="ctxid">constructor:SQLException(java.lang.String, java.lang.String) [NONE]</h3></td></tr><tr><td><table border="0" cellpadding="5" cellspacing="1" bgcolor="black" width="100%"><tr valign="top"><td bgcolor="#FFFFFF" colspan="1"> <a start_ctx_id="constructor:SQLException(java.lang.String, java.lang.String)"/><a name="SQLException(java.lang.String, java.lang.String)"/><h3> SQLException </h3><pre>
public <b>SQLException</b>(java.lang.String reason,
                    java.lang.String SQLState)</pre><dl><dd>Constructs a <code>SQLException</code> object with a given <code>reason</code> and <code>SQLState</code>. The <code>cause</code> is not initialized, and may subsequently be initialized by a call to the <code>Throwable.initCause(java.lang.Throwable)</code> method. The vendor code is initialized to 0.<p/><p><dl> <dt> <b>Parameters:</b>   </dt><dd> <code>reason</code> - a description of the exception       </dd><dd> <code>SQLState</code> - an XOPEN or SQL:2003 code identifying the exception          </dd> </dl></p>                                 </dd></dl> <a end_ctx_id="constructor:SQLException(java.lang.String, java.lang.String)"/>  </td></tr></table></td></tr></table><table border="0" cellpadding="1" cellspacing="0" width="100%"><tr><td><h3 class="ctxid">constructor:SQLException(java.lang.String) [NONE]</h3></td></tr><tr><td><table border="0" cellpadding="5" cellspacing="1" bgcolor="black" width="100%"><tr valign="top"><td bgcolor="#FFFFFF" colspan="1"> <a start_ctx_id="constructor:SQLException(java.lang.String)"/><a name="SQLException(java.lang.String)"/><h3> SQLException </h3><pre>
public <b>SQLException</b>(java.lang.String reason)</pre><dl><dd>Constructs a <code>SQLException</code> object with a given <code>reason</code>. The <code>SQLState</code> is initialized to <code>null</code> and the vender code is initialized to 0. The <code>cause</code> is not initialized, and may subsequently be initialized by a call to the <code>Throwable.initCause(java.lang.Throwable)</code> method.<p/><p><dl> <dt> <b>Parameters:</b>   </dt><dd> <code>reason</code> - a description of the exception       </dd> </dl></p>                                      </dd></dl> <a end_ctx_id="constructor:SQLException(java.lang.String)"/>  </td></tr></table></td></tr></table><table border="0" cellpadding="1" cellspacing="0" width="100%"><tr><td><h3 class="ctxid">constructor:SQLException() [NONE]</h3></td></tr><tr><td><table border="0" cellpadding="5" cellspacing="1" bgcolor="black" width="100%"><tr valign="top"><td bgcolor="#FFFFFF" colspan="1"> <a start_ctx_id="constructor:SQLException()"/><a name="SQLException()"/><h3> SQLException </h3><pre>
public <b>SQLException</b>()</pre><dl><dd>Constructs a <code>SQLException</code> object. The <code>reason</code>, <code>SQLState</code> are initialized to <code>null</code> and the vendor code is initialized to 0. The <code>cause</code> is not initialized, and may subsequently be initialized by a call to the <code>Throwable.initCause(java.lang.Throwable)</code> method.<p/><p/>                                   </dd></dl> <a end_ctx_id="constructor:SQLException()"/>  </td></tr></table></td></tr></table><table border="0" cellpadding="1" cellspacing="0" width="100%"><tr><td><h3 class="ctxid">constructor:SQLException(java.lang.Throwable) [NONE]</h3></td></tr><tr><td><table border="0" cellpadding="5" cellspacing="1" bgcolor="black" width="100%"><tr valign="top"><td bgcolor="#FFFFFF" colspan="1"> <a start_ctx_id="constructor:SQLException(java.lang.Throwable)"/><a name="SQLException(java.lang.Throwable)"/><h3> SQLException </h3><pre>
public <b>SQLException</b>(java.lang.Throwable cause)</pre><dl><dd>Constructs a <code>SQLException</code> object with a given <code>cause</code>. The <code>SQLState</code> is initialized to <code>null</code> and the vendor code is initialized to 0. The <code>reason</code> is initialized to <code>null</code> if <code>cause==null</code> or to <code>cause.toString()</code> if <code>cause!=null</code>.<p/><p><dl> <dt> <b>Parameters:</b>   </dt><dd> <code>cause</code> - the underlying reason for this <code>SQLException</code> (which is saved for later retrieval by the <code>getCause()</code> method); may be null indicating the cause is non-existent or unknown.                            </dd> <dt> <b>Since:</b>   </dt><dd>1.6</dd>  </dl></p>                                  </dd></dl> <a end_ctx_id="constructor:SQLException(java.lang.Throwable)"/>  </td></tr></table></td></tr></table><table border="0" cellpadding="1" cellspacing="0" width="100%"><tr><td><h3 class="ctxid">constructor:SQLException(java.lang.String, java.lang.Throwable) [NONE]</h3></td></tr><tr><td><table border="0" cellpadding="5" cellspacing="1" bgcolor="black" width="100%"><tr valign="top"><td bgcolor="#FFFFFF" colspan="1"> <a start_ctx_id="constructor:SQLException(java.lang.String, java.lang.Throwable)"/><a name="SQLException(java.lang.String, java.lang.Throwable)"/><h3> SQLException </h3><pre>
public <b>SQLException</b>(java.lang.String reason,
                    java.lang.Throwable cause)</pre><dl><dd>Constructs a <code>SQLException</code> object with a given <code>reason</code> and <code>cause</code>. The <code>SQLState</code> is initialized to <code>null</code> and the vendor code is initialized to 0.<p/><p><dl> <dt> <b>Parameters:</b>   </dt><dd> <code>reason</code> - a description of the exception.       </dd><dd> <code>cause</code> - the underlying reason for this <code>SQLException</code> (which is saved for later retrieval by the <code>getCause()</code> method); may be null indicating the cause is non-existent or unknown.                            </dd> <dt> <b>Since:</b>   </dt><dd>1.6</dd>  </dl></p>                       </dd></dl> <a end_ctx_id="constructor:SQLException(java.lang.String, java.lang.Throwable)"/>  </td></tr></table></td></tr></table><table border="0" cellpadding="1" cellspacing="0" width="100%"><tr><td><h3 class="ctxid">constructor:SQLException(java.lang.String, java.lang.String, java.lang.Throwable) [NONE]</h3></td></tr><tr><td><table border="0" cellpadding="5" cellspacing="1" bgcolor="black" width="100%"><tr valign="top"><td bgcolor="#FFFFFF" colspan="1"> <a start_ctx_id="constructor:SQLException(java.lang.String, java.lang.String, java.lang.Throwable)"/><a name="SQLException(java.lang.String, java.lang.String, java.lang.Throwable)"/><h3> SQLException </h3><pre>
public <b>SQLException</b>(java.lang.String reason,
                    java.lang.String sqlState,
                    java.lang.Throwable cause)</pre><dl><dd>Constructs a <code>SQLException</code> object with a given <code>reason</code>, <code>SQLState</code> and <code>cause</code>. The vendor code is initialized to 0.<p/><p><dl> <dt> <b>Parameters:</b>   </dt><dd> <code>reason</code> - a description of the exception.       </dd><dd> <code>sqlState</code> - an XOPEN or SQL:2003 code identifying the exception          </dd><dd> <code>cause</code> - the underlying reason for this <code>SQLException</code> (which is saved for later retrieval by the <code>getCause()</code> method); may be null indicating the cause is non-existent or unknown.                            </dd> <dt> <b>Since:</b>   </dt><dd>1.6</dd>  </dl></p>                 </dd></dl> <a end_ctx_id="constructor:SQLException(java.lang.String, java.lang.String, java.lang.Throwable)"/>  </td></tr></table></td></tr></table><table border="0" cellpadding="1" cellspacing="0" width="100%"><tr><td><h3 class="ctxid">constructor:SQLException(java.lang.String, java.lang.String, int, java.lang.Throwable) [NONE]</h3></td></tr><tr><td><table border="0" cellpadding="5" cellspacing="1" bgcolor="black" width="100%"><tr valign="top"><td bgcolor="#FFFFFF" colspan="1"> <a start_ctx_id="constructor:SQLException(java.lang.String, java.lang.String, int, java.lang.Throwable)"/><a name="SQLException(java.lang.String, java.lang.String, int, java.lang.Throwable)"/><h3> SQLException </h3><pre>
public <b>SQLException</b>(java.lang.String reason,
                    java.lang.String sqlState,
                    int vendorCode,
                    java.lang.Throwable cause)</pre><dl><dd>Constructs a <code>SQLException</code> object with a given <code>reason</code>, <code>SQLState</code>, <code>vendorCode</code> and <code>cause</code>.<p/><p><dl> <dt> <b>Parameters:</b>   </dt><dd> <code>reason</code> - a description of the exception       </dd><dd> <code>sqlState</code> - an XOPEN or SQL:2003 code identifying the exception          </dd><dd> <code>vendorCode</code> - a database vendor-specific exception code       </dd><dd> <code>cause</code> - the underlying reason for this <code>SQLException</code> (which is saved for later retrieval by the <code>getCause()</code> method); may be null indicating the cause is non-existent or unknown.                            </dd> <dt> <b>Since:</b>   </dt><dd>1.6</dd>  </dl></p>           </dd></dl> <a end_ctx_id="constructor:SQLException(java.lang.String, java.lang.String, int, java.lang.Throwable)"/>  </td></tr></table></td></tr></table><table border="0" cellpadding="1" cellspacing="0" width="100%"><tr><td><h3 class="ctxid">method:getSQLState() [NONE]</h3></td></tr><tr><td><table border="0" cellpadding="5" cellspacing="1" bgcolor="black" width="100%"><tr valign="top"><td bgcolor="#FFFFFF" colspan="1"> <a start_ctx_id="method:getSQLState()"/><a name="getSQLState()"/><h3> getSQLState </h3><pre>
public java.lang.String <b>getSQLState</b>()</pre><dl><dd>Retrieves the SQLState for this <code>SQLException</code> object.<p/>      </dd><dd><dl/></dd><dd><dl> <dt> <b>Returns:</b>   </dt><dd>the SQLState value  </dd> </dl></dd></dl> <a end_ctx_id="method:getSQLState()"/>  </td></tr></table></td></tr></table><table border="0" cellpadding="1" cellspacing="0" width="100%"><tr><td><h3 class="ctxid">method:getErrorCode() [NONE]</h3></td></tr><tr><td><table border="0" cellpadding="5" cellspacing="1" bgcolor="black" width="100%"><tr valign="top"><td bgcolor="#FFFFFF" colspan="1"> <a start_ctx_id="method:getErrorCode()"/><a name="getErrorCode()"/><h3> getErrorCode </h3><pre>
public int <b>getErrorCode</b>()</pre><dl><dd>Retrieves the vendor-specific exception code for this <code>SQLException</code> object.<p/>        </dd><dd><dl/></dd><dd><dl> <dt> <b>Returns:</b>   </dt><dd>the vendor's error code   </dd> </dl></dd></dl> <a end_ctx_id="method:getErrorCode()"/>  </td></tr></table></td></tr></table><table border="0" cellpadding="1" cellspacing="0" width="100%"><tr><td><h3 class="ctxid">method:getNextException() [NONE]</h3></td></tr><tr><td><table border="0" cellpadding="5" cellspacing="1" bgcolor="black" width="100%"><tr valign="top"><td bgcolor="#FFFFFF" colspan="1"> <a start_ctx_id="method:getNextException()"/><a name="getNextException()"/><h3> getNextException </h3><pre>
public <a href="../../java/sql/SQLException.html" title="class in java.sql">SQLException</a><b>getNextException</b>()</pre><dl><dd>Retrieves the exception chained to this <code>SQLException</code> object by setNextException(SQLException ex).<p/>          </dd><dd><dl/></dd><dd><dl> <dt> <b>Returns:</b>   </dt><dd>the next <code>SQLException</code> object in the chain; <code>null</code> if there are none           </dd> <dt> <b>See Also: </b>   </dt><dd> <a href="../../java/sql/SQLException.html#setNextException(java.sql.SQLException)"><code>setNextException(java.sql.SQLException)</code></a> </dd>  </dl></dd></dl> <a end_ctx_id="method:getNextException()"/>  </td></tr></table></td></tr></table><table border="0" cellpadding="1" cellspacing="0" width="100%"><tr><td><h3 class="ctxid">method:setNextException(java.sql.SQLException) [NONE]</h3></td></tr><tr><td><table border="0" cellpadding="5" cellspacing="1" bgcolor="black" width="100%"><tr valign="top"><td bgcolor="#FFFFFF" colspan="1"> <a start_ctx_id="method:setNextException(java.sql.SQLException)"/><a name="setNextException(java.sql.SQLException)"/><h3> setNextException </h3><pre>
public void <b>setNextException</b>(<a href="../../java/sql/SQLException.html" title="class in java.sql">SQLException</a> ex)</pre><dl><dd>Adds an <code>SQLException</code> object to the end of the chain.<p/>         </dd><dd><dl/></dd><dd><dl> <dt> <b>Parameters:</b>   </dt><dd> <code>ex</code> - the new exception that will be added to the end of the <code>SQLException</code> chain                </dd> <dt> <b>See Also: </b>   </dt><dd> <a href="../../java/sql/SQLException.html#getNextException()"><code>getNextException()</code></a> </dd>  </dl></dd></dl> <a end_ctx_id="method:setNextException(java.sql.SQLException)"/>  </td></tr></table></td></tr></table><table border="0" cellpadding="1" cellspacing="0" width="100%"><tr><td><h3 class="ctxid">method:iterator() [NONE]</h3></td></tr><tr><td><table border="0" cellpadding="5" cellspacing="1" bgcolor="black" width="100%"><tr valign="top"><td bgcolor="#FFFFFF" colspan="1"> <a start_ctx_id="method:iterator()"/><a name="iterator()"/><h3> iterator </h3><pre>
public java.util.Iterator&lt;java.lang.Throwable&gt; <b>iterator</b>()</pre><dl><dd>Returns an iterator over the chained SQLExceptions. The iterator will be used to iterate over each SQLException and its underlying cause (if any).<p/>                      </dd><dd><dl> <dt> <b>Specified by: </b>   </dt><dd> <code>iterator</code> in interface <code>java.lang.Iterable&lt;java.lang.Throwable&gt;</code>    </dd> </dl></dd><dd><dl> <dt> <b>Returns:</b>   </dt><dd>an iterator over the chained SQLExceptions and causes in the proper order           </dd> <dt> <b>Since:</b>   </dt><dd>1.6</dd>  </dl></dd></dl> <a end_ctx_id="method:iterator()"/>  </td></tr></table></td></tr></table></diff></diffreport>