<?xml version="1.0" encoding="UTF-8"?><diffreport><diff><table border="0" cellpadding="1" cellspacing="0" width="100%"><tr><td><h3 class="ctxid">class:SQLFeatureNotSupportedException [NONE]</h3></td></tr><tr><td><table border="0" cellpadding="5" cellspacing="1" bgcolor="black" width="100%"><tr valign="top"><td bgcolor="#FFFFFF" colspan="1"> <a start_ctx_id="class:SQLFeatureNotSupportedException"/><dl> <dt><pre>public class <b>SQLFeatureNotSupportedException</b></pre>  </dt> <dt>extends <a href="../../java/sql/SQLNonTransientException.html" title="class in java.sql">SQLNonTransientException</a>   </dt>  </dl><p> The subclass of <a href="../../java/sql/SQLException.html" title="class in java.sql"><code>SQLException</code></a> thrown when the SQLState class value is '<i>0A</i>' ( the value is 'zero' A). This indicates that the JDBC driver does not support an optional JDBC feature. Optional JDBC features can fall into the fallowing categories:                                        </p><p><ul><li>no support for an optional feature     </li><li>no support for an optional overloaded method      </li><li>no support for an optional mode for a method. The mode for a method is determined based on constants passed as parameter values to a method                         </li></ul></p><p/><p><dl> <dt> <b>Since:</b>   </dt><dd>1.6</dd> <dt> <b>See Also: </b>   </dt><dd> <a href="../../serialized-form.html#java.sql.SQLFeatureNotSupportedException">Serialized Form </a> </dd>  </dl> <a end_ctx_id="class:SQLFeatureNotSupportedException"/> </p> </td></tr></table></td></tr></table><table border="0" cellpadding="1" cellspacing="0" width="100%"><tr><td><h3 class="ctxid">constructor:SQLFeatureNotSupportedException() [NONE]</h3></td></tr><tr><td><table border="0" cellpadding="5" cellspacing="1" bgcolor="black" width="100%"><tr valign="top"><td bgcolor="#FFFFFF" colspan="1"> <a start_ctx_id="constructor:SQLFeatureNotSupportedException()"/><a name="SQLFeatureNotSupportedException()"/><h3> SQLFeatureNotSupportedException </h3><pre>
public <b>SQLFeatureNotSupportedException</b>()</pre><dl><dd>Constructs a <code>SQLFeatureNotSupportedException</code> object. The <code>reason</code>, <code>SQLState</code> are initialized to <code>null</code> and the vendor code is initialized to 0. The <code>cause</code> is not initialized, and may subsequently be initialized by a call to the <code>Throwable.initCause(java.lang.Throwable)</code> method.<p/><p><dl> <dt> <b>Since:</b>   </dt><dd>1.6</dd> </dl></p>                                   </dd></dl> <a end_ctx_id="constructor:SQLFeatureNotSupportedException()"/>  </td></tr></table></td></tr></table><table border="0" cellpadding="1" cellspacing="0" width="100%"><tr><td><h3 class="ctxid">constructor:SQLFeatureNotSupportedException(java.lang.String) [NONE]</h3></td></tr><tr><td><table border="0" cellpadding="5" cellspacing="1" bgcolor="black" width="100%"><tr valign="top"><td bgcolor="#FFFFFF" colspan="1"> <a start_ctx_id="constructor:SQLFeatureNotSupportedException(java.lang.String)"/><a name="SQLFeatureNotSupportedException(java.lang.String)"/><h3> SQLFeatureNotSupportedException </h3><pre>
public <b>SQLFeatureNotSupportedException</b>(java.lang.String reason)</pre><dl><dd>Constructs a <code>SQLFeatureNotSupportedException</code> object with a given <code>reason</code>. The <code>SQLState</code> is initialized to <code>null</code> and the vender code is initialized to 0. The <code>cause</code> is not initialized, and may subsequently be initialized by a call to the <code>Throwable.initCause(java.lang.Throwable)</code> method.<p/><p><dl> <dt> <b>Parameters:</b>   </dt><dd> <code>reason</code> - a description of the exception       </dd> <dt> <b>Since:</b>   </dt><dd>1.6</dd>  </dl></p>                                      </dd></dl> <a end_ctx_id="constructor:SQLFeatureNotSupportedException(java.lang.String)"/>  </td></tr></table></td></tr></table><table border="0" cellpadding="1" cellspacing="0" width="100%"><tr><td><h3 class="ctxid">constructor:SQLFeatureNotSupportedException(java.lang.String, java.lang.String) [NONE]</h3></td></tr><tr><td><table border="0" cellpadding="5" cellspacing="1" bgcolor="black" width="100%"><tr valign="top"><td bgcolor="#FFFFFF" colspan="1"> <a start_ctx_id="constructor:SQLFeatureNotSupportedException(java.lang.String, java.lang.String)"/><a name="SQLFeatureNotSupportedException(java.lang.String, java.lang.String)"/><h3> SQLFeatureNotSupportedException </h3><pre>
public <b>SQLFeatureNotSupportedException</b>(java.lang.String reason,
                                       java.lang.String SQLState)</pre><dl><dd>Constructs a <code>SQLFeatureNotSupportedException</code> object with a given <code>reason</code> and <code>SQLState</code>. The <code>cause</code> is not initialized, and may subsequently be initialized by a call to the <code>Throwable.initCause(java.lang.Throwable)</code> method. The vendor code is initialized to 0.<p/><p><dl> <dt> <b>Parameters:</b>   </dt><dd> <code>reason</code> - a description of the exception       </dd><dd> <code>SQLState</code> - an XOPEN or SQL:2003 code identifying the exception          </dd> <dt> <b>Since:</b>   </dt><dd>1.6</dd>  </dl></p>                                 </dd></dl> <a end_ctx_id="constructor:SQLFeatureNotSupportedException(java.lang.String, java.lang.String)"/>  </td></tr></table></td></tr></table><table border="0" cellpadding="1" cellspacing="0" width="100%"><tr><td><h3 class="ctxid">constructor:SQLFeatureNotSupportedException(java.lang.String, java.lang.String, int) [NONE]</h3></td></tr><tr><td><table border="0" cellpadding="5" cellspacing="1" bgcolor="black" width="100%"><tr valign="top"><td bgcolor="#FFFFFF" colspan="1"> <a start_ctx_id="constructor:SQLFeatureNotSupportedException(java.lang.String, java.lang.String, int)"/><a name="SQLFeatureNotSupportedException(java.lang.String, java.lang.String, int)"/><h3> SQLFeatureNotSupportedException </h3><pre>
public <b>SQLFeatureNotSupportedException</b>(java.lang.String reason,
                                       java.lang.String SQLState,
                                       int vendorCode)</pre><dl><dd>Constructs a <code>SQLFeatureNotSupportedException</code> object with a given <code>reason</code>, <code>SQLState</code> and <code>vendorCode</code>. The <code>cause</code> is not initialized, and may subsequently be initialized by a call to the <code>Throwable.initCause(java.lang.Throwable)</code> method.<p/><p><dl> <dt> <b>Parameters:</b>   </dt><dd> <code>reason</code> - a description of the exception       </dd><dd> <code>SQLState</code> - an XOPEN or SQL:2003 code identifying the exception          </dd><dd> <code>vendorCode</code> - a database vendor specific exception code        </dd> <dt> <b>Since:</b>   </dt><dd>1.6</dd>  </dl></p>                           </dd></dl> <a end_ctx_id="constructor:SQLFeatureNotSupportedException(java.lang.String, java.lang.String, int)"/>  </td></tr></table></td></tr></table><table border="0" cellpadding="1" cellspacing="0" width="100%"><tr><td><h3 class="ctxid">constructor:SQLFeatureNotSupportedException(java.lang.Throwable) [NONE]</h3></td></tr><tr><td><table border="0" cellpadding="5" cellspacing="1" bgcolor="black" width="100%"><tr valign="top"><td bgcolor="#FFFFFF" colspan="1"> <a start_ctx_id="constructor:SQLFeatureNotSupportedException(java.lang.Throwable)"/><a name="SQLFeatureNotSupportedException(java.lang.Throwable)"/><h3> SQLFeatureNotSupportedException </h3><pre>
public <b>SQLFeatureNotSupportedException</b>(java.lang.Throwable cause)</pre><dl><dd>Constructs a <code>SQLFeatureNotSupportedException</code> object with a given <code>cause</code>. The <code>SQLState</code> is initialized to <code>null</code> and the vendor code is initialized to 0. The <code>reason</code> is initialized to <code>null</code> if <code>cause==null</code> or to <code>cause.toString()</code> if <code>cause!=null</code>.<p/><p><dl> <dt> <b>Parameters:</b>   </dt><dd> <code>cause</code> - the underlying reason for this <code>SQLException</code> (which is saved for later retrieval bythe <code>getCause()</code> method); may be null indicating the cause is non-existent or unknown.                           </dd> <dt> <b>Since:</b>   </dt><dd>1.6</dd>  </dl></p>                                  </dd></dl> <a end_ctx_id="constructor:SQLFeatureNotSupportedException(java.lang.Throwable)"/>  </td></tr></table></td></tr></table><table border="0" cellpadding="1" cellspacing="0" width="100%"><tr><td><h3 class="ctxid">constructor:SQLFeatureNotSupportedException(java.lang.String, java.lang.Throwable) [NONE]</h3></td></tr><tr><td><table border="0" cellpadding="5" cellspacing="1" bgcolor="black" width="100%"><tr valign="top"><td bgcolor="#FFFFFF" colspan="1"> <a start_ctx_id="constructor:SQLFeatureNotSupportedException(java.lang.String, java.lang.Throwable)"/><a name="SQLFeatureNotSupportedException(java.lang.String, java.lang.Throwable)"/><h3> SQLFeatureNotSupportedException </h3><pre>
public <b>SQLFeatureNotSupportedException</b>(java.lang.String reason,
                                       java.lang.Throwable cause)</pre><dl><dd>Constructs a <code>SQLFeatureNotSupportedException</code> object with a given <code>reason</code> and <code>cause</code>. The <code>SQLState</code> is initialized to <code>null</code> and the vendor code is initialized to 0.<p/><p><dl> <dt> <b>Parameters:</b>   </dt><dd> <code>reason</code> - a description of the exception.       </dd><dd> <code>cause</code> - the underlying reason for this <code>SQLException</code> (which is saved for later retrieval by the <code>getCause()</code> method); may be null indicating the cause is non-existent or unknown.                            </dd> <dt> <b>Since:</b>   </dt><dd>1.6</dd>  </dl></p>                       </dd></dl> <a end_ctx_id="constructor:SQLFeatureNotSupportedException(java.lang.String, java.lang.Throwable)"/>  </td></tr></table></td></tr></table><table border="0" cellpadding="1" cellspacing="0" width="100%"><tr><td><h3 class="ctxid">constructor:SQLFeatureNotSupportedException(java.lang.String, java.lang.String, java.lang.Throwable) [NONE]</h3></td></tr><tr><td><table border="0" cellpadding="5" cellspacing="1" bgcolor="black" width="100%"><tr valign="top"><td bgcolor="#FFFFFF" colspan="1"> <a start_ctx_id="constructor:SQLFeatureNotSupportedException(java.lang.String, java.lang.String, java.lang.Throwable)"/><a name="SQLFeatureNotSupportedException(java.lang.String, java.lang.String, java.lang.Throwable)"/><h3> SQLFeatureNotSupportedException </h3><pre>
public <b>SQLFeatureNotSupportedException</b>(java.lang.String reason,
                                       java.lang.String SQLState,
                                       java.lang.Throwable cause)</pre><dl><dd>Constructs a <code>SQLFeatureNotSupportedException</code> object with a given <code>reason</code>, <code>SQLState</code> and <code>cause</code>. The vendor code is initialized to 0.<p/><p><dl> <dt> <b>Parameters:</b>   </dt><dd> <code>reason</code> - a description of the exception.       </dd><dd> <code>SQLState</code> - an XOPEN or SQL:2003 code identifying the exception          </dd><dd> <code>cause</code> - the (which is saved for later retrieval by the <code>getCause()</code> method); may be null indicating the cause is non-existent or unknown.                       </dd> <dt> <b>Since:</b>   </dt><dd>1.6</dd>  </dl></p>                 </dd></dl> <a end_ctx_id="constructor:SQLFeatureNotSupportedException(java.lang.String, java.lang.String, java.lang.Throwable)"/>  </td></tr></table></td></tr></table><table border="0" cellpadding="1" cellspacing="0" width="100%"><tr><td><h3 class="ctxid">constructor:SQLFeatureNotSupportedException(java.lang.String, java.lang.String, int, java.lang.Throwable) [NONE]</h3></td></tr><tr><td><table border="0" cellpadding="5" cellspacing="1" bgcolor="black" width="100%"><tr valign="top"><td bgcolor="#FFFFFF" colspan="1"> <a start_ctx_id="constructor:SQLFeatureNotSupportedException(java.lang.String, java.lang.String, int, java.lang.Throwable)"/><a name="SQLFeatureNotSupportedException(java.lang.String, java.lang.String, int, java.lang.Throwable)"/><h3> SQLFeatureNotSupportedException </h3><pre>
public <b>SQLFeatureNotSupportedException</b>(java.lang.String reason,
                                       java.lang.String SQLState,
                                       int vendorCode,
                                       java.lang.Throwable cause)</pre><dl><dd>Constructs a <code>SQLFeatureNotSupportedException</code> object with a given <code>reason</code>, <code>SQLState</code>, <code>vendorCode</code> and <code>cause</code>.<p/><p><dl> <dt> <b>Parameters:</b>   </dt><dd> <code>reason</code> - a description of the exception       </dd><dd> <code>SQLState</code> - an XOPEN or SQL:2003 code identifying the exception          </dd><dd> <code>vendorCode</code> - a database vendor-specific exception code       </dd><dd> <code>cause</code> - the underlying reason for this <code>SQLException</code> (which is saved for later retrieval by the <code>getCause()</code> method); may be null indicating the cause is non-existent or unknown.                            </dd> <dt> <b>Since:</b>   </dt><dd>1.6</dd>  </dl></p>           </dd></dl> <a end_ctx_id="constructor:SQLFeatureNotSupportedException(java.lang.String, java.lang.String, int, java.lang.Throwable)"/>  </td></tr></table></td></tr></table></diff></diffreport>