<?xml version="1.0" encoding="UTF-8"?><diffreport><diff><table border="0" cellpadding="1" cellspacing="0" width="100%"><tr><td><h3 class="ctxid">class:SQLInput [NONE]</h3></td></tr><tr><td><table border="0" cellpadding="5" cellspacing="1" bgcolor="black" width="100%"><tr valign="top"><td bgcolor="#FFFFFF" colspan="1"> <a start_ctx_id="class:SQLInput"/><dl> <dt><pre>public interface <b>SQLInput</b></pre>  </dt> </dl><p> An input stream that contains a stream of values representing an instance of an SQL structured type or an SQL distinct type. This interface, used only for custom mapping, is used by the driver behind the scenes, and a programmer never directly invokes <code>SQLInput</code> methods. The <i>reader</i> methods (<code>readLong</code>, <code>readBytes</code>, and so on) provide a way for an implementation of the <code>SQLData</code> interface to read the values in an <code>SQLInput</code> object. And as described in <code>SQLData</code>, calls to reader methods must be made in the order that their corresponding attributes appear in the SQL definition of the type. The method <code>wasNull</code> is used to determine whether the last value read was SQL <code>NULL</code>.                                                                                                                 </p><p>When the method <code>getObject</code> is called with an object of a class implementing the interface <code>SQLData</code>, the JDBC driver calls the method <code>SQLData.getSQLType</code> to determine the SQL type of the user-defined type (UDT) being custom mapped. The driver creates an instance of <code>SQLInput</code>, populating it with the attributes of the UDT. The driver then passes the input stream to the method <code>SQLData.readSQL</code>, which in turn calls the <code>SQLInput</code> reader methods in its implementation for reading the attributes from the input stream.                                                                                </p><p/><p><dl> <dt> <b>Since:</b>   </dt><dd>1.2</dd> </dl> <a end_ctx_id="class:SQLInput"/> </p> </td></tr></table></td></tr></table><table border="0" cellpadding="1" cellspacing="0" width="100%"><tr><td><h3 class="ctxid">method:readString() [NONE]</h3></td></tr><tr><td><table border="0" cellpadding="5" cellspacing="1" bgcolor="black" width="100%"><tr valign="top"><td bgcolor="#FFFFFF" colspan="1"> <a start_ctx_id="method:readString()"/><a name="readString()"/><h3> readString </h3><pre>
java.lang.String <b>readString</b>()
                            throws <a href="../../java/sql/SQLException.html" title="class in java.sql">SQLException</a></pre><dl><dd>Reads the next attribute in the stream and returns it as a <code>String</code> in the Java programming language.<p/>                 </dd><dd><dl> <dt> <b>Returns:</b>   </dt><dd>the attribute; if the value is SQL <code>NULL</code>, returns <code>null</code>         </dd> <dt> <b>Throws:</b>   </dt><dd> <code><a href="../../java/sql/SQLException.html" title="class in java.sql">SQLException</a></code> - if a database access error occurs        </dd><dd> <code><a href="../../java/sql/SQLFeatureNotSupportedException.html" title="class in java.sql">SQLFeatureNotSupportedException</a></code> - if the JDBC driver does not support this method           </dd> <dt> <b>Since:</b>   </dt><dd>1.2</dd>   </dl></dd></dl> <a end_ctx_id="method:readString()"/>  </td></tr></table></td></tr></table><table border="0" cellpadding="1" cellspacing="0" width="100%"><tr><td><h3 class="ctxid">method:readBoolean() [NONE]</h3></td></tr><tr><td><table border="0" cellpadding="5" cellspacing="1" bgcolor="black" width="100%"><tr valign="top"><td bgcolor="#FFFFFF" colspan="1"> <a start_ctx_id="method:readBoolean()"/><a name="readBoolean()"/><h3> readBoolean </h3><pre>
boolean <b>readBoolean</b>()
                    throws <a href="../../java/sql/SQLException.html" title="class in java.sql">SQLException</a></pre><dl><dd>Reads the next attribute in the stream and returns it as a <code>boolean</code> in the Java programming language.<p/>                 </dd><dd><dl> <dt> <b>Returns:</b>   </dt><dd>the attribute; if the value is SQL <code>NULL</code>, returns <code>false</code>         </dd> <dt> <b>Throws:</b>   </dt><dd> <code><a href="../../java/sql/SQLException.html" title="class in java.sql">SQLException</a></code> - if a database access error occurs        </dd><dd> <code><a href="../../java/sql/SQLFeatureNotSupportedException.html" title="class in java.sql">SQLFeatureNotSupportedException</a></code> - if the JDBC driver does not support this method           </dd> <dt> <b>Since:</b>   </dt><dd>1.2</dd>   </dl></dd></dl> <a end_ctx_id="method:readBoolean()"/>  </td></tr></table></td></tr></table><table border="0" cellpadding="1" cellspacing="0" width="100%"><tr><td><h3 class="ctxid">method:readByte() [NONE]</h3></td></tr><tr><td><table border="0" cellpadding="5" cellspacing="1" bgcolor="black" width="100%"><tr valign="top"><td bgcolor="#FFFFFF" colspan="1"> <a start_ctx_id="method:readByte()"/><a name="readByte()"/><h3> readByte </h3><pre>
byte <b>readByte</b>()
              throws <a href="../../java/sql/SQLException.html" title="class in java.sql">SQLException</a></pre><dl><dd>Reads the next attribute in the stream and returns it as a <code>byte</code> in the Java programming language.<p/>                 </dd><dd><dl> <dt> <b>Returns:</b>   </dt><dd>the attribute; if the value is SQL <code>NULL</code>, returns <code>0</code>         </dd> <dt> <b>Throws:</b>   </dt><dd> <code><a href="../../java/sql/SQLException.html" title="class in java.sql">SQLException</a></code> - if a database access error occurs        </dd><dd> <code><a href="../../java/sql/SQLFeatureNotSupportedException.html" title="class in java.sql">SQLFeatureNotSupportedException</a></code> - if the JDBC driver does not support this method           </dd> <dt> <b>Since:</b>   </dt><dd>1.2</dd>   </dl></dd></dl> <a end_ctx_id="method:readByte()"/>  </td></tr></table></td></tr></table><table border="0" cellpadding="1" cellspacing="0" width="100%"><tr><td><h3 class="ctxid">method:readShort() [NONE]</h3></td></tr><tr><td><table border="0" cellpadding="5" cellspacing="1" bgcolor="black" width="100%"><tr valign="top"><td bgcolor="#FFFFFF" colspan="1"> <a start_ctx_id="method:readShort()"/><a name="readShort()"/><h3> readShort </h3><pre>
short <b>readShort</b>()
                throws <a href="../../java/sql/SQLException.html" title="class in java.sql">SQLException</a></pre><dl><dd>Reads the next attribute in the stream and returns it as a <code>short</code> in the Java programming language.<p/>                 </dd><dd><dl> <dt> <b>Returns:</b>   </dt><dd>the attribute; if the value is SQL <code>NULL</code>, returns <code>0</code>         </dd> <dt> <b>Throws:</b>   </dt><dd> <code><a href="../../java/sql/SQLException.html" title="class in java.sql">SQLException</a></code> - if a database access error occurs        </dd><dd> <code><a href="../../java/sql/SQLFeatureNotSupportedException.html" title="class in java.sql">SQLFeatureNotSupportedException</a></code> - if the JDBC driver does not support this method           </dd> <dt> <b>Since:</b>   </dt><dd>1.2</dd>   </dl></dd></dl> <a end_ctx_id="method:readShort()"/>  </td></tr></table></td></tr></table><table border="0" cellpadding="1" cellspacing="0" width="100%"><tr><td><h3 class="ctxid">method:readInt() [NONE]</h3></td></tr><tr><td><table border="0" cellpadding="5" cellspacing="1" bgcolor="black" width="100%"><tr valign="top"><td bgcolor="#FFFFFF" colspan="1"> <a start_ctx_id="method:readInt()"/><a name="readInt()"/><h3> readInt </h3><pre>
int <b>readInt</b>()
            throws <a href="../../java/sql/SQLException.html" title="class in java.sql">SQLException</a></pre><dl><dd>Reads the next attribute in the stream and returns it as an <code>int</code> in the Java programming language.<p/>                 </dd><dd><dl> <dt> <b>Returns:</b>   </dt><dd>the attribute; if the value is SQL <code>NULL</code>, returns <code>0</code>         </dd> <dt> <b>Throws:</b>   </dt><dd> <code><a href="../../java/sql/SQLException.html" title="class in java.sql">SQLException</a></code> - if a database access error occurs        </dd><dd> <code><a href="../../java/sql/SQLFeatureNotSupportedException.html" title="class in java.sql">SQLFeatureNotSupportedException</a></code> - if the JDBC driver does not support this method           </dd> <dt> <b>Since:</b>   </dt><dd>1.2</dd>   </dl></dd></dl> <a end_ctx_id="method:readInt()"/>  </td></tr></table></td></tr></table><table border="0" cellpadding="1" cellspacing="0" width="100%"><tr><td><h3 class="ctxid">method:readLong() [NONE]</h3></td></tr><tr><td><table border="0" cellpadding="5" cellspacing="1" bgcolor="black" width="100%"><tr valign="top"><td bgcolor="#FFFFFF" colspan="1"> <a start_ctx_id="method:readLong()"/><a name="readLong()"/><h3> readLong </h3><pre>
long <b>readLong</b>()
              throws <a href="../../java/sql/SQLException.html" title="class in java.sql">SQLException</a></pre><dl><dd>Reads the next attribute in the stream and returns it as a <code>long</code> in the Java programming language.<p/>                 </dd><dd><dl> <dt> <b>Returns:</b>   </dt><dd>the attribute; if the value is SQL <code>NULL</code>, returns <code>0</code>         </dd> <dt> <b>Throws:</b>   </dt><dd> <code><a href="../../java/sql/SQLException.html" title="class in java.sql">SQLException</a></code> - if a database access error occurs        </dd><dd> <code><a href="../../java/sql/SQLFeatureNotSupportedException.html" title="class in java.sql">SQLFeatureNotSupportedException</a></code> - if the JDBC driver does not support this method           </dd> <dt> <b>Since:</b>   </dt><dd>1.2</dd>   </dl></dd></dl> <a end_ctx_id="method:readLong()"/>  </td></tr></table></td></tr></table><table border="0" cellpadding="1" cellspacing="0" width="100%"><tr><td><h3 class="ctxid">method:readFloat() [NONE]</h3></td></tr><tr><td><table border="0" cellpadding="5" cellspacing="1" bgcolor="black" width="100%"><tr valign="top"><td bgcolor="#FFFFFF" colspan="1"> <a start_ctx_id="method:readFloat()"/><a name="readFloat()"/><h3> readFloat </h3><pre>
float <b>readFloat</b>()
                throws <a href="../../java/sql/SQLException.html" title="class in java.sql">SQLException</a></pre><dl><dd>Reads the next attribute in the stream and returns it as a <code>float</code> in the Java programming language.<p/>                 </dd><dd><dl> <dt> <b>Returns:</b>   </dt><dd>the attribute; if the value is SQL <code>NULL</code>, returns <code>0</code>         </dd> <dt> <b>Throws:</b>   </dt><dd> <code><a href="../../java/sql/SQLException.html" title="class in java.sql">SQLException</a></code> - if a database access error occurs        </dd><dd> <code><a href="../../java/sql/SQLFeatureNotSupportedException.html" title="class in java.sql">SQLFeatureNotSupportedException</a></code> - if the JDBC driver does not support this method           </dd> <dt> <b>Since:</b>   </dt><dd>1.2</dd>   </dl></dd></dl> <a end_ctx_id="method:readFloat()"/>  </td></tr></table></td></tr></table><table border="0" cellpadding="1" cellspacing="0" width="100%"><tr><td><h3 class="ctxid">method:readDouble() [NONE]</h3></td></tr><tr><td><table border="0" cellpadding="5" cellspacing="1" bgcolor="black" width="100%"><tr valign="top"><td bgcolor="#FFFFFF" colspan="1"> <a start_ctx_id="method:readDouble()"/><a name="readDouble()"/><h3> readDouble </h3><pre>
double <b>readDouble</b>()
                  throws <a href="../../java/sql/SQLException.html" title="class in java.sql">SQLException</a></pre><dl><dd>Reads the next attribute in the stream and returns it as a <code>double</code> in the Java programming language.<p/>                 </dd><dd><dl> <dt> <b>Returns:</b>   </dt><dd>the attribute; if the value is SQL <code>NULL</code>, returns <code>0</code>         </dd> <dt> <b>Throws:</b>   </dt><dd> <code><a href="../../java/sql/SQLException.html" title="class in java.sql">SQLException</a></code> - if a database access error occurs        </dd><dd> <code><a href="../../java/sql/SQLFeatureNotSupportedException.html" title="class in java.sql">SQLFeatureNotSupportedException</a></code> - if the JDBC driver does not support this method           </dd> <dt> <b>Since:</b>   </dt><dd>1.2</dd>   </dl></dd></dl> <a end_ctx_id="method:readDouble()"/>  </td></tr></table></td></tr></table><table border="0" cellpadding="1" cellspacing="0" width="100%"><tr><td><h3 class="ctxid">method:readBigDecimal() [NONE]</h3></td></tr><tr><td><table border="0" cellpadding="5" cellspacing="1" bgcolor="black" width="100%"><tr valign="top"><td bgcolor="#FFFFFF" colspan="1"> <a start_ctx_id="method:readBigDecimal()"/><a name="readBigDecimal()"/><h3> readBigDecimal </h3><pre>
java.math.BigDecimal <b>readBigDecimal</b>()
                                    throws <a href="../../java/sql/SQLException.html" title="class in java.sql">SQLException</a></pre><dl><dd>Reads the next attribute in the stream and returns it as a <code>java.math.BigDecimal</code> object in the Java programming language.<p/>                  </dd><dd><dl> <dt> <b>Returns:</b>   </dt><dd>the attribute; if the value is SQL <code>NULL</code>, returns <code>null</code>         </dd> <dt> <b>Throws:</b>   </dt><dd> <code><a href="../../java/sql/SQLException.html" title="class in java.sql">SQLException</a></code> - if a database access error occurs        </dd><dd> <code><a href="../../java/sql/SQLFeatureNotSupportedException.html" title="class in java.sql">SQLFeatureNotSupportedException</a></code> - if the JDBC driver does not support this method           </dd> <dt> <b>Since:</b>   </dt><dd>1.2</dd>   </dl></dd></dl> <a end_ctx_id="method:readBigDecimal()"/>  </td></tr></table></td></tr></table><table border="0" cellpadding="1" cellspacing="0" width="100%"><tr><td><h3 class="ctxid">method:readBytes() [NONE]</h3></td></tr><tr><td><table border="0" cellpadding="5" cellspacing="1" bgcolor="black" width="100%"><tr valign="top"><td bgcolor="#FFFFFF" colspan="1"> <a start_ctx_id="method:readBytes()"/><a name="readBytes()"/><h3> readBytes </h3><pre>
byte[] <b>readBytes</b>()
                 throws <a href="../../java/sql/SQLException.html" title="class in java.sql">SQLException</a></pre><dl><dd>Reads the next attribute in the stream and returns it as an array of bytes in the Java programming language.<p/>                   </dd><dd><dl> <dt> <b>Returns:</b>   </dt><dd>the attribute; if the value is SQL <code>NULL</code>, returns <code>null</code>         </dd> <dt> <b>Throws:</b>   </dt><dd> <code><a href="../../java/sql/SQLException.html" title="class in java.sql">SQLException</a></code> - if a database access error occurs        </dd><dd> <code><a href="../../java/sql/SQLFeatureNotSupportedException.html" title="class in java.sql">SQLFeatureNotSupportedException</a></code> - if the JDBC driver does not support this method           </dd> <dt> <b>Since:</b>   </dt><dd>1.2</dd>   </dl></dd></dl> <a end_ctx_id="method:readBytes()"/>  </td></tr></table></td></tr></table><table border="0" cellpadding="1" cellspacing="0" width="100%"><tr><td><h3 class="ctxid">method:readDate() [NONE]</h3></td></tr><tr><td><table border="0" cellpadding="5" cellspacing="1" bgcolor="black" width="100%"><tr valign="top"><td bgcolor="#FFFFFF" colspan="1"> <a start_ctx_id="method:readDate()"/><a name="readDate()"/><h3> readDate </h3><pre>

<a href="../../java/sql/Date.html" title="class in java.sql">Date</a><b>readDate</b>()
              throws <a href="../../java/sql/SQLException.html" title="class in java.sql">SQLException</a></pre><dl><dd>Reads the next attribute in the stream and returns it as a <code>java.sql.Date</code> object.<p/>             </dd><dd><dl> <dt> <b>Returns:</b>   </dt><dd>the attribute; if the value is SQL <code>NULL</code>, returns <code>null</code>         </dd> <dt> <b>Throws:</b>   </dt><dd> <code><a href="../../java/sql/SQLException.html" title="class in java.sql">SQLException</a></code> - if a database access error occurs        </dd><dd> <code><a href="../../java/sql/SQLFeatureNotSupportedException.html" title="class in java.sql">SQLFeatureNotSupportedException</a></code> - if the JDBC driver does not support this method           </dd> <dt> <b>Since:</b>   </dt><dd>1.2</dd>   </dl></dd></dl> <a end_ctx_id="method:readDate()"/>  </td></tr></table></td></tr></table><table border="0" cellpadding="1" cellspacing="0" width="100%"><tr><td><h3 class="ctxid">method:readTime() [NONE]</h3></td></tr><tr><td><table border="0" cellpadding="5" cellspacing="1" bgcolor="black" width="100%"><tr valign="top"><td bgcolor="#FFFFFF" colspan="1"> <a start_ctx_id="method:readTime()"/><a name="readTime()"/><h3> readTime </h3><pre>

<a href="../../java/sql/Time.html" title="class in java.sql">Time</a><b>readTime</b>()
              throws <a href="../../java/sql/SQLException.html" title="class in java.sql">SQLException</a></pre><dl><dd>Reads the next attribute in the stream and returns it as a <code>java.sql.Time</code> object.<p/>             </dd><dd><dl> <dt> <b>Returns:</b>   </dt><dd>the attribute; if the value is SQL <code>NULL</code>, returns <code>null</code>         </dd> <dt> <b>Throws:</b>   </dt><dd> <code><a href="../../java/sql/SQLException.html" title="class in java.sql">SQLException</a></code> - if a database access error occurs        </dd><dd> <code><a href="../../java/sql/SQLFeatureNotSupportedException.html" title="class in java.sql">SQLFeatureNotSupportedException</a></code> - if the JDBC driver does not support this method           </dd> <dt> <b>Since:</b>   </dt><dd>1.2</dd>   </dl></dd></dl> <a end_ctx_id="method:readTime()"/>  </td></tr></table></td></tr></table><table border="0" cellpadding="1" cellspacing="0" width="100%"><tr><td><h3 class="ctxid">method:readTimestamp() [NONE]</h3></td></tr><tr><td><table border="0" cellpadding="5" cellspacing="1" bgcolor="black" width="100%"><tr valign="top"><td bgcolor="#FFFFFF" colspan="1"> <a start_ctx_id="method:readTimestamp()"/><a name="readTimestamp()"/><h3> readTimestamp </h3><pre>

<a href="../../java/sql/Timestamp.html" title="class in java.sql">Timestamp</a><b>readTimestamp</b>()
                        throws <a href="../../java/sql/SQLException.html" title="class in java.sql">SQLException</a></pre><dl><dd>Reads the next attribute in the stream and returns it as a <code>java.sql.Timestamp</code> object.<p/>             </dd><dd><dl> <dt> <b>Returns:</b>   </dt><dd>the attribute; if the value is SQL <code>NULL</code>, returns <code>null</code>         </dd> <dt> <b>Throws:</b>   </dt><dd> <code><a href="../../java/sql/SQLException.html" title="class in java.sql">SQLException</a></code> - if a database access error occurs        </dd><dd> <code><a href="../../java/sql/SQLFeatureNotSupportedException.html" title="class in java.sql">SQLFeatureNotSupportedException</a></code> - if the JDBC driver does not support this method           </dd> <dt> <b>Since:</b>   </dt><dd>1.2</dd>   </dl></dd></dl> <a end_ctx_id="method:readTimestamp()"/>  </td></tr></table></td></tr></table><table border="0" cellpadding="1" cellspacing="0" width="100%"><tr><td><h3 class="ctxid">method:readCharacterStream() [NONE]</h3></td></tr><tr><td><table border="0" cellpadding="5" cellspacing="1" bgcolor="black" width="100%"><tr valign="top"><td bgcolor="#FFFFFF" colspan="1"> <a start_ctx_id="method:readCharacterStream()"/><a name="readCharacterStream()"/><h3> readCharacterStream </h3><pre>
java.io.Reader <b>readCharacterStream</b>()
                                   throws <a href="../../java/sql/SQLException.html" title="class in java.sql">SQLException</a></pre><dl><dd>Reads the next attribute in the stream and returns it as a stream of Unicode characters.<p/>               </dd><dd><dl> <dt> <b>Returns:</b>   </dt><dd>the attribute; if the value is SQL <code>NULL</code>, returns <code>null</code>         </dd> <dt> <b>Throws:</b>   </dt><dd> <code><a href="../../java/sql/SQLException.html" title="class in java.sql">SQLException</a></code> - if a database access error occurs        </dd><dd> <code><a href="../../java/sql/SQLFeatureNotSupportedException.html" title="class in java.sql">SQLFeatureNotSupportedException</a></code> - if the JDBC driver does not support this method           </dd> <dt> <b>Since:</b>   </dt><dd>1.2</dd>   </dl></dd></dl> <a end_ctx_id="method:readCharacterStream()"/>  </td></tr></table></td></tr></table><table border="0" cellpadding="1" cellspacing="0" width="100%"><tr><td><h3 class="ctxid">method:readAsciiStream() [NONE]</h3></td></tr><tr><td><table border="0" cellpadding="5" cellspacing="1" bgcolor="black" width="100%"><tr valign="top"><td bgcolor="#FFFFFF" colspan="1"> <a start_ctx_id="method:readAsciiStream()"/><a name="readAsciiStream()"/><h3> readAsciiStream </h3><pre>
java.io.InputStream <b>readAsciiStream</b>()
                                    throws <a href="../../java/sql/SQLException.html" title="class in java.sql">SQLException</a></pre><dl><dd>Reads the next attribute in the stream and returns it as a stream of ASCII characters.<p/>               </dd><dd><dl> <dt> <b>Returns:</b>   </dt><dd>the attribute; if the value is SQL <code>NULL</code>, returns <code>null</code>         </dd> <dt> <b>Throws:</b>   </dt><dd> <code><a href="../../java/sql/SQLException.html" title="class in java.sql">SQLException</a></code> - if a database access error occurs        </dd><dd> <code><a href="../../java/sql/SQLFeatureNotSupportedException.html" title="class in java.sql">SQLFeatureNotSupportedException</a></code> - if the JDBC driver does not support this method           </dd> <dt> <b>Since:</b>   </dt><dd>1.2</dd>   </dl></dd></dl> <a end_ctx_id="method:readAsciiStream()"/>  </td></tr></table></td></tr></table><table border="0" cellpadding="1" cellspacing="0" width="100%"><tr><td><h3 class="ctxid">method:readBinaryStream() [NONE]</h3></td></tr><tr><td><table border="0" cellpadding="5" cellspacing="1" bgcolor="black" width="100%"><tr valign="top"><td bgcolor="#FFFFFF" colspan="1"> <a start_ctx_id="method:readBinaryStream()"/><a name="readBinaryStream()"/><h3> readBinaryStream </h3><pre>
java.io.InputStream <b>readBinaryStream</b>()
                                     throws <a href="../../java/sql/SQLException.html" title="class in java.sql">SQLException</a></pre><dl><dd>Reads the next attribute in the stream and returns it as a stream of uninterpreted bytes.<p/>               </dd><dd><dl> <dt> <b>Returns:</b>   </dt><dd>the attribute; if the value is SQL <code>NULL</code>, returns <code>null</code>         </dd> <dt> <b>Throws:</b>   </dt><dd> <code><a href="../../java/sql/SQLException.html" title="class in java.sql">SQLException</a></code> - if a database access error occurs        </dd><dd> <code><a href="../../java/sql/SQLFeatureNotSupportedException.html" title="class in java.sql">SQLFeatureNotSupportedException</a></code> - if the JDBC driver does not support this method           </dd> <dt> <b>Since:</b>   </dt><dd>1.2</dd>   </dl></dd></dl> <a end_ctx_id="method:readBinaryStream()"/>  </td></tr></table></td></tr></table><table border="0" cellpadding="1" cellspacing="0" width="100%"><tr><td><h3 class="ctxid">method:readObject() [NONE]</h3></td></tr><tr><td><table border="0" cellpadding="5" cellspacing="1" bgcolor="black" width="100%"><tr valign="top"><td bgcolor="#FFFFFF" colspan="1"> <a start_ctx_id="method:readObject()"/><a name="readObject()"/><h3> readObject </h3><pre>
java.lang.Object <b>readObject</b>()
                            throws <a href="../../java/sql/SQLException.html" title="class in java.sql">SQLException</a></pre><dl><dd>Reads the datum at the head of the stream and returns it as an <code>Object</code> in the Java programming language. The actual type of the object returned is determined by the default type mapping, and any customizations present in this stream's type map.<p>A type map is registered with the stream by the JDBC driver before the stream is passed to the application.                   </p><p>When the datum at the head of the stream is an SQL <code>NULL</code>, the method returns <code>null</code>. If the datum is an SQL structured or distinct type, it determines the SQL type of the datum at the head of the stream. If the stream's type map has an entry for that SQL type, the driver constructs an object of the appropriate class and calls the method <code>SQLData.readSQL</code> on that object, which reads additional data from the stream, using the protocol described for that method.                                                                                   </p><p/>                                          </dd><dd><dl> <dt> <b>Returns:</b>   </dt><dd>the datum at the head of the stream as an <code>Object</code> in the Java programming language;<code>null</code> if the datum is SQL <code>NULL</code>                     </dd> <dt> <b>Throws:</b>   </dt><dd> <code><a href="../../java/sql/SQLException.html" title="class in java.sql">SQLException</a></code> - if a database access error occurs        </dd><dd> <code><a href="../../java/sql/SQLFeatureNotSupportedException.html" title="class in java.sql">SQLFeatureNotSupportedException</a></code> - if the JDBC driver does not support this method           </dd> <dt> <b>Since:</b>   </dt><dd>1.2</dd>   </dl></dd></dl> <a end_ctx_id="method:readObject()"/>  </td></tr></table></td></tr></table><table border="0" cellpadding="1" cellspacing="0" width="100%"><tr><td><h3 class="ctxid">method:readRef() [NONE]</h3></td></tr><tr><td><table border="0" cellpadding="5" cellspacing="1" bgcolor="black" width="100%"><tr valign="top"><td bgcolor="#FFFFFF" colspan="1"> <a start_ctx_id="method:readRef()"/><a name="readRef()"/><h3> readRef </h3><pre>

<a href="../../java/sql/Ref.html" title="interface in java.sql">Ref</a><b>readRef</b>()
            throws <a href="../../java/sql/SQLException.html" title="class in java.sql">SQLException</a></pre><dl><dd>Reads an SQL <code>REF</code> value from the stream and returns it as a <code>Ref</code> object in the Java programming language.<p/>                   </dd><dd><dl> <dt> <b>Returns:</b>   </dt><dd>a <code>Ref</code> object representing the SQL <code>REF</code> value at the head of the stream; <code>null</code> if the value read is SQL <code>NULL</code>                     </dd> <dt> <b>Throws:</b>   </dt><dd> <code><a href="../../java/sql/SQLException.html" title="class in java.sql">SQLException</a></code> - if a database access error occurs        </dd><dd> <code><a href="../../java/sql/SQLFeatureNotSupportedException.html" title="class in java.sql">SQLFeatureNotSupportedException</a></code> - if the JDBC driver does not support this method           </dd> <dt> <b>Since:</b>   </dt><dd>1.2</dd>   </dl></dd></dl> <a end_ctx_id="method:readRef()"/>  </td></tr></table></td></tr></table><table border="0" cellpadding="1" cellspacing="0" width="100%"><tr><td><h3 class="ctxid">method:readBlob() [NONE]</h3></td></tr><tr><td><table border="0" cellpadding="5" cellspacing="1" bgcolor="black" width="100%"><tr valign="top"><td bgcolor="#FFFFFF" colspan="1"> <a start_ctx_id="method:readBlob()"/><a name="readBlob()"/><h3> readBlob </h3><pre>

<a href="../../java/sql/Blob.html" title="interface in java.sql">Blob</a><b>readBlob</b>()
              throws <a href="../../java/sql/SQLException.html" title="class in java.sql">SQLException</a></pre><dl><dd>Reads an SQL <code>BLOB</code> value from the stream and returns it as a <code>Blob</code> object in the Java programming language.<p/>                   </dd><dd><dl> <dt> <b>Returns:</b>   </dt><dd>a <code>Blob</code> object representing data of the SQL <code>BLOB</code> value at the head of the stream; <code>null</code> if the value read is SQL <code>NULL</code>                       </dd> <dt> <b>Throws:</b>   </dt><dd> <code><a href="../../java/sql/SQLException.html" title="class in java.sql">SQLException</a></code> - if a database access error occurs        </dd><dd> <code><a href="../../java/sql/SQLFeatureNotSupportedException.html" title="class in java.sql">SQLFeatureNotSupportedException</a></code> - if the JDBC driver does not support this method           </dd> <dt> <b>Since:</b>   </dt><dd>1.2</dd>   </dl></dd></dl> <a end_ctx_id="method:readBlob()"/>  </td></tr></table></td></tr></table><table border="0" cellpadding="1" cellspacing="0" width="100%"><tr><td><h3 class="ctxid">method:readClob() [NONE]</h3></td></tr><tr><td><table border="0" cellpadding="5" cellspacing="1" bgcolor="black" width="100%"><tr valign="top"><td bgcolor="#FFFFFF" colspan="1"> <a start_ctx_id="method:readClob()"/><a name="readClob()"/><h3> readClob </h3><pre>

<a href="../../java/sql/Clob.html" title="interface in java.sql">Clob</a><b>readClob</b>()
              throws <a href="../../java/sql/SQLException.html" title="class in java.sql">SQLException</a></pre><dl><dd>Reads an SQL <code>CLOB</code> value from the stream and returns it as a <code>Clob</code> object in the Java programming language.<p/>                   </dd><dd><dl> <dt> <b>Returns:</b>   </dt><dd>a <code>Clob</code> object representing data of the SQL <code>CLOB</code> value at the head of the stream; <code>null</code> if the value read is SQL <code>NULL</code>                       </dd> <dt> <b>Throws:</b>   </dt><dd> <code><a href="../../java/sql/SQLException.html" title="class in java.sql">SQLException</a></code> - if a database access error occurs        </dd><dd> <code><a href="../../java/sql/SQLFeatureNotSupportedException.html" title="class in java.sql">SQLFeatureNotSupportedException</a></code> - if the JDBC driver does not support this method           </dd> <dt> <b>Since:</b>   </dt><dd>1.2</dd>   </dl></dd></dl> <a end_ctx_id="method:readClob()"/>  </td></tr></table></td></tr></table><table border="0" cellpadding="1" cellspacing="0" width="100%"><tr><td><h3 class="ctxid">method:readArray() [NONE]</h3></td></tr><tr><td><table border="0" cellpadding="5" cellspacing="1" bgcolor="black" width="100%"><tr valign="top"><td bgcolor="#FFFFFF" colspan="1"> <a start_ctx_id="method:readArray()"/><a name="readArray()"/><h3> readArray </h3><pre>

<a href="../../java/sql/Array.html" title="interface in java.sql">Array</a><b>readArray</b>()
                throws <a href="../../java/sql/SQLException.html" title="class in java.sql">SQLException</a></pre><dl><dd>Reads an SQL <code>ARRAY</code> value from the stream and returns it as an <code>Array</code> object in the Java programming language.<p/>                   </dd><dd><dl> <dt> <b>Returns:</b>   </dt><dd>an <code>Array</code> object representing data of the SQL <code>ARRAY</code> value at the head of the stream; <code>null</code> if the value read is SQL <code>NULL</code>                       </dd> <dt> <b>Throws:</b>   </dt><dd> <code><a href="../../java/sql/SQLException.html" title="class in java.sql">SQLException</a></code> - if a database access error occurs        </dd><dd> <code><a href="../../java/sql/SQLFeatureNotSupportedException.html" title="class in java.sql">SQLFeatureNotSupportedException</a></code> - if the JDBC driver does not support this method           </dd> <dt> <b>Since:</b>   </dt><dd>1.2</dd>   </dl></dd></dl> <a end_ctx_id="method:readArray()"/>  </td></tr></table></td></tr></table><table border="0" cellpadding="1" cellspacing="0" width="100%"><tr><td><h3 class="ctxid">method:wasNull() [NONE]</h3></td></tr><tr><td><table border="0" cellpadding="5" cellspacing="1" bgcolor="black" width="100%"><tr valign="top"><td bgcolor="#FFFFFF" colspan="1"> <a start_ctx_id="method:wasNull()"/><a name="wasNull()"/><h3> wasNull </h3><pre>
boolean <b>wasNull</b>()
                throws <a href="../../java/sql/SQLException.html" title="class in java.sql">SQLException</a></pre><dl><dd>Retrieves whether the last value read was SQL <code>NULL</code>.<p/>        </dd><dd><dl> <dt> <b>Returns:</b>   </dt><dd> <code>true</code> if the most recently read SQL value was SQL <code>NULL</code>; <code>false</code> otherwise             </dd> <dt> <b>Throws:</b>   </dt><dd> <code><a href="../../java/sql/SQLException.html" title="class in java.sql">SQLException</a></code> - if a database access error occurs        </dd><dd> <code><a href="../../java/sql/SQLFeatureNotSupportedException.html" title="class in java.sql">SQLFeatureNotSupportedException</a></code> - if the JDBC driver does not support this method           </dd> <dt> <b>Since:</b>   </dt><dd>1.2</dd>   </dl></dd></dl> <a end_ctx_id="method:wasNull()"/>  </td></tr></table></td></tr></table><table border="0" cellpadding="1" cellspacing="0" width="100%"><tr><td><h3 class="ctxid">method:readURL() [NONE]</h3></td></tr><tr><td><table border="0" cellpadding="5" cellspacing="1" bgcolor="black" width="100%"><tr valign="top"><td bgcolor="#FFFFFF" colspan="1"> <a start_ctx_id="method:readURL()"/><a name="readURL()"/><h3> readURL </h3><pre>
java.net.URL <b>readURL</b>()
                     throws <a href="../../java/sql/SQLException.html" title="class in java.sql">SQLException</a></pre><dl><dd>Reads an SQL <code>DATALINK</code> value from the stream and returns it as a <code>java.net.URL</code> object in the Java programming language.<p/>                   </dd><dd><dl> <dt> <b>Returns:</b>   </dt><dd>a <code>java.net.URL</code> object.  </dd> <dt> <b>Throws:</b>   </dt><dd> <code><a href="../../java/sql/SQLException.html" title="class in java.sql">SQLException</a></code> - if a database access error occurs, or if a URL is malformed              </dd><dd> <code><a href="../../java/sql/SQLFeatureNotSupportedException.html" title="class in java.sql">SQLFeatureNotSupportedException</a></code> - if the JDBC driver does not support this method           </dd> <dt> <b>Since:</b>   </dt><dd>1.4</dd>   </dl></dd></dl> <a end_ctx_id="method:readURL()"/>  </td></tr></table></td></tr></table><table border="0" cellpadding="1" cellspacing="0" width="100%"><tr><td><h3 class="ctxid">method:readNClob() [NONE]</h3></td></tr><tr><td><table border="0" cellpadding="5" cellspacing="1" bgcolor="black" width="100%"><tr valign="top"><td bgcolor="#FFFFFF" colspan="1"> <a start_ctx_id="method:readNClob()"/><a name="readNClob()"/><h3> readNClob </h3><pre>

<a href="../../java/sql/NClob.html" title="interface in java.sql">NClob</a><b>readNClob</b>()
                throws <a href="../../java/sql/SQLException.html" title="class in java.sql">SQLException</a></pre><dl><dd>Reads an SQL <code>NCLOB</code> value from the stream and returns it as a <code>NClob</code> object in the Java programming language.<p/>                   </dd><dd><dl> <dt> <b>Returns:</b>   </dt><dd>a <code>NClob</code> object representing data of the SQL <code>NCLOB</code> value at the head of the stream; <code>null</code> if the value read is SQL <code>NULL</code>                       </dd> <dt> <b>Throws:</b>   </dt><dd> <code><a href="../../java/sql/SQLException.html" title="class in java.sql">SQLException</a></code> - if a database access error occurs        </dd><dd> <code><a href="../../java/sql/SQLFeatureNotSupportedException.html" title="class in java.sql">SQLFeatureNotSupportedException</a></code> - if the JDBC driver does not support this method           </dd> <dt> <b>Since:</b>   </dt><dd>1.6</dd>   </dl></dd></dl> <a end_ctx_id="method:readNClob()"/>  </td></tr></table></td></tr></table><table border="0" cellpadding="1" cellspacing="0" width="100%"><tr><td><h3 class="ctxid">method:readNString() [NONE]</h3></td></tr><tr><td><table border="0" cellpadding="5" cellspacing="1" bgcolor="black" width="100%"><tr valign="top"><td bgcolor="#FFFFFF" colspan="1"> <a start_ctx_id="method:readNString()"/><a name="readNString()"/><h3> readNString </h3><pre>
java.lang.String <b>readNString</b>()
                             throws <a href="../../java/sql/SQLException.html" title="class in java.sql">SQLException</a></pre><dl><dd>Reads the next attribute in the stream and returns it as a <code>String</code> in the Java programming language. It is intended for use when accessing <code>NCHAR</code>,<code>NVARCHAR</code> and <code>LONGNVARCHAR</code> columns.<p/>                            </dd><dd><dl> <dt> <b>Returns:</b>   </dt><dd>the attribute; if the value is SQL <code>NULL</code>, returns <code>null</code>         </dd> <dt> <b>Throws:</b>   </dt><dd> <code><a href="../../java/sql/SQLException.html" title="class in java.sql">SQLException</a></code> - if a database access error occurs        </dd><dd> <code><a href="../../java/sql/SQLFeatureNotSupportedException.html" title="class in java.sql">SQLFeatureNotSupportedException</a></code> - if the JDBC driver does not support this method           </dd> <dt> <b>Since:</b>   </dt><dd>1.6</dd>   </dl></dd></dl> <a end_ctx_id="method:readNString()"/>  </td></tr></table></td></tr></table><table border="0" cellpadding="1" cellspacing="0" width="100%"><tr><td><h3 class="ctxid">method:readSQLXML() [NONE]</h3></td></tr><tr><td><table border="0" cellpadding="5" cellspacing="1" bgcolor="black" width="100%"><tr valign="top"><td bgcolor="#FFFFFF" colspan="1"> <a start_ctx_id="method:readSQLXML()"/><a name="readSQLXML()"/><h3> readSQLXML </h3><pre>

<a href="../../java/sql/SQLXML.html" title="interface in java.sql">SQLXML</a><b>readSQLXML</b>()
                  throws <a href="../../java/sql/SQLException.html" title="class in java.sql">SQLException</a></pre><dl><dd>Reads an SQL <code>XML</code> value from the stream and returns it as a <code>SQLXML</code> object in the Java programming language.<p/>                   </dd><dd><dl> <dt> <b>Returns:</b>   </dt><dd>a <code>SQLXML</code> object representing data of the SQL <code>XML</code> value at the head of the stream; <code>null</code> if the value read is SQL <code>NULL</code>                       </dd> <dt> <b>Throws:</b>   </dt><dd> <code><a href="../../java/sql/SQLException.html" title="class in java.sql">SQLException</a></code> - if a database access error occurs        </dd><dd> <code><a href="../../java/sql/SQLFeatureNotSupportedException.html" title="class in java.sql">SQLFeatureNotSupportedException</a></code> - if the JDBC driver does not support this method           </dd> <dt> <b>Since:</b>   </dt><dd>1.6</dd>   </dl></dd></dl> <a end_ctx_id="method:readSQLXML()"/>  </td></tr></table></td></tr></table><table border="0" cellpadding="1" cellspacing="0" width="100%"><tr><td><h3 class="ctxid">method:readRowId() [NONE]</h3></td></tr><tr><td><table border="0" cellpadding="5" cellspacing="1" bgcolor="black" width="100%"><tr valign="top"><td bgcolor="#FFFFFF" colspan="1"> <a start_ctx_id="method:readRowId()"/><a name="readRowId()"/><h3> readRowId </h3><pre>

<a href="../../java/sql/RowId.html" title="interface in java.sql">RowId</a><b>readRowId</b>()
                throws <a href="../../java/sql/SQLException.html" title="class in java.sql">SQLException</a></pre><dl><dd>Reads an SQL <code>ROWID</code> value from the stream and returns it as a <code>RowId</code> object in the Java programming language.<p/>                   </dd><dd><dl> <dt> <b>Returns:</b>   </dt><dd>a <code>RowId</code> object representing data of the SQL <code>ROWID</code> value at the head of the stream; <code>null</code> if the value read is SQL <code>NULL</code>                       </dd> <dt> <b>Throws:</b>   </dt><dd> <code><a href="../../java/sql/SQLException.html" title="class in java.sql">SQLException</a></code> - if a database access error occurs        </dd><dd> <code><a href="../../java/sql/SQLFeatureNotSupportedException.html" title="class in java.sql">SQLFeatureNotSupportedException</a></code> - if the JDBC driver does not support this method           </dd> <dt> <b>Since:</b>   </dt><dd>1.6</dd>   </dl></dd></dl> <a end_ctx_id="method:readRowId()"/>  </td></tr></table></td></tr></table></diff></diffreport>