<?xml version="1.0" encoding="UTF-8" standalone="yes"?><Document><name>java/sql/SQLInput.spec</name><Context><name>class:SQLInput</name><mt>NONE</mt></Context><Context><name>method:readArray()</name><mt>NONE</mt></Context><Context><name>method:readAsciiStream()</name><mt>NONE</mt></Context><Context><name>method:readBigDecimal()</name><mt>NONE</mt></Context><Context><name>method:readBinaryStream()</name><mt>NONE</mt></Context><Context><name>method:readBlob()</name><mt>NONE</mt></Context><Context><name>method:readBoolean()</name><mt>NONE</mt></Context><Context><name>method:readByte()</name><mt>NONE</mt></Context><Context><name>method:readBytes()</name><mt>NONE</mt></Context><Context><name>method:readCharacterStream()</name><mt>NONE</mt></Context><Context><name>method:readClob()</name><mt>NONE</mt></Context><Context><name>method:readDate()</name><mt>NONE</mt></Context><Context><name>method:readDouble()</name><mt>NONE</mt></Context><Context><name>method:readFloat()</name><mt>NONE</mt></Context><Context><name>method:readInt()</name><mt>NONE</mt></Context><Context><name>method:readLong()</name><mt>NONE</mt></Context><Context><name>method:readNClob()</name><mt>NONE</mt></Context><Context><name>method:readNString()</name><mt>NONE</mt></Context><Context><name>method:readObject()</name><mt>NONE</mt></Context><Context><name>method:readRef()</name><mt>NONE</mt></Context><Context><name>method:readRowId()</name><mt>NONE</mt></Context><Context><name>method:readSQLXML()</name><mt>NONE</mt></Context><Context><name>method:readShort()</name><mt>NONE</mt></Context><Context><name>method:readString()</name><mt>NONE</mt></Context><Context><name>method:readTime()</name><mt>NONE</mt></Context><Context><name>method:readTimestamp()</name><mt>NONE</mt></Context><Context><name>method:readURL()</name><mt>NONE</mt></Context><Context><name>method:wasNull()</name><mt>NONE</mt></Context><Stat><name>java/sql/SQLInput.spec</name><mt>NONE</mt><Group name="context"><Item count="0" name="ADDED"/><Item count="0" name="REMOVED"/><Item count="0" name="CHANGED"/><Item count="0" name="MODIFIED"/><Item count="28" name="TOTAL"/></Group><Group name="assertion"><Item count="0" name="ADDED"/><Item count="0" name="REMOVED"/><Item count="0" name="CHANGED"/><Item count="0" name="MODIFIED"/><Item count="0" name="TOTAL"/></Group></Stat></Document>