<?xml version="1.0" encoding="UTF-8"?><diffreport><diff><table border="0" cellpadding="1" cellspacing="0" width="100%"><tr><td><h3 class="ctxid">class:SQLOutput [NONE]</h3></td></tr><tr><td><table border="0" cellpadding="5" cellspacing="1" bgcolor="black" width="100%"><tr valign="top"><td bgcolor="#FFFFFF" colspan="1"> <a start_ctx_id="class:SQLOutput"/><dl> <dt><pre>public interface <b>SQLOutput</b></pre>  </dt> </dl><p> The output stream for writing the attributes of a user-defined type back to the database. This interface, used only for custom mapping, is used by the driver, and its methods are never directly invoked by a programmer.                                     </p><p>When an object of a class implementing the interface <code>SQLData</code> is passed as an argument to an SQL statement, the JDBC driver calls the method <code>SQLData.getSQLType</code> to determine the kind of SQL datum being passed to the database. The driver then creates an instance of <code>SQLOutput</code> and passes it to the method <code>SQLData.writeSQL</code>. The method <code>writeSQL</code> in turn calls the appropriate <code>SQLOutput</code><i>writer</i> methods <code>writeBoolean</code>, <code>writeCharacterStream</code>, and so on) to write data from the <code>SQLData</code> object to the <code>SQLOutput</code> output stream as the representation of an SQL user-defined type.                                                                                       </p><p/><p><dl> <dt> <b>Since:</b>   </dt><dd>1.2</dd> </dl> <a end_ctx_id="class:SQLOutput"/> </p> </td></tr></table></td></tr></table><table border="0" cellpadding="1" cellspacing="0" width="100%"><tr><td><h3 class="ctxid">method:writeString(java.lang.String) [NONE]</h3></td></tr><tr><td><table border="0" cellpadding="5" cellspacing="1" bgcolor="black" width="100%"><tr valign="top"><td bgcolor="#FFFFFF" colspan="1"> <a start_ctx_id="method:writeString(java.lang.String)"/><a name="writeString(java.lang.String)"/><h3> writeString </h3><pre>
void <b>writeString</b>(java.lang.String x)
                 throws <a href="../../java/sql/SQLException.html" title="class in java.sql">SQLException</a></pre><dl><dd>Writes the next attribute to the stream as a <code>String</code> in the Java programming language.<p/>              </dd><dd><dl> <dt> <b>Parameters:</b>   </dt><dd> <code>x</code> - the value to pass to the database         </dd> <dt> <b>Throws:</b>   </dt><dd> <code><a href="../../java/sql/SQLException.html" title="class in java.sql">SQLException</a></code> - if a database access error occurs        </dd><dd> <code><a href="../../java/sql/SQLFeatureNotSupportedException.html" title="class in java.sql">SQLFeatureNotSupportedException</a></code> - if the JDBC driver does not support this method           </dd> <dt> <b>Since:</b>   </dt><dd>1.2</dd>   </dl></dd></dl> <a end_ctx_id="method:writeString(java.lang.String)"/>  </td></tr></table></td></tr></table><table border="0" cellpadding="1" cellspacing="0" width="100%"><tr><td><h3 class="ctxid">method:writeBoolean(boolean) [NONE]</h3></td></tr><tr><td><table border="0" cellpadding="5" cellspacing="1" bgcolor="black" width="100%"><tr valign="top"><td bgcolor="#FFFFFF" colspan="1"> <a start_ctx_id="method:writeBoolean(boolean)"/><a name="writeBoolean(boolean)"/><h3> writeBoolean </h3><pre>
void <b>writeBoolean</b>(boolean x)
                  throws <a href="../../java/sql/SQLException.html" title="class in java.sql">SQLException</a></pre><dl><dd>Writes the next attribute to the stream as a Java boolean. Writes the next attribute to the stream as a <code>String</code> in the Java programming language.<p/>                         </dd><dd><dl> <dt> <b>Parameters:</b>   </dt><dd> <code>x</code> - the value to pass to the database         </dd> <dt> <b>Throws:</b>   </dt><dd> <code><a href="../../java/sql/SQLException.html" title="class in java.sql">SQLException</a></code> - if a database access error occurs        </dd><dd> <code><a href="../../java/sql/SQLFeatureNotSupportedException.html" title="class in java.sql">SQLFeatureNotSupportedException</a></code> - if the JDBC driver does not support this method           </dd> <dt> <b>Since:</b>   </dt><dd>1.2</dd>   </dl></dd></dl> <a end_ctx_id="method:writeBoolean(boolean)"/>  </td></tr></table></td></tr></table><table border="0" cellpadding="1" cellspacing="0" width="100%"><tr><td><h3 class="ctxid">method:writeByte(byte) [NONE]</h3></td></tr><tr><td><table border="0" cellpadding="5" cellspacing="1" bgcolor="black" width="100%"><tr valign="top"><td bgcolor="#FFFFFF" colspan="1"> <a start_ctx_id="method:writeByte(byte)"/><a name="writeByte(byte)"/><h3> writeByte </h3><pre>
void <b>writeByte</b>(byte x)
               throws <a href="../../java/sql/SQLException.html" title="class in java.sql">SQLException</a></pre><dl><dd>Writes the next attribute to the stream as a Java byte. Writes the next attribute to the stream as a <code>String</code> in the Java programming language.<p/>                         </dd><dd><dl> <dt> <b>Parameters:</b>   </dt><dd> <code>x</code> - the value to pass to the database         </dd> <dt> <b>Throws:</b>   </dt><dd> <code><a href="../../java/sql/SQLException.html" title="class in java.sql">SQLException</a></code> - if a database access error occurs        </dd><dd> <code><a href="../../java/sql/SQLFeatureNotSupportedException.html" title="class in java.sql">SQLFeatureNotSupportedException</a></code> - if the JDBC driver does not support this method           </dd> <dt> <b>Since:</b>   </dt><dd>1.2</dd>   </dl></dd></dl> <a end_ctx_id="method:writeByte(byte)"/>  </td></tr></table></td></tr></table><table border="0" cellpadding="1" cellspacing="0" width="100%"><tr><td><h3 class="ctxid">method:writeShort(short) [NONE]</h3></td></tr><tr><td><table border="0" cellpadding="5" cellspacing="1" bgcolor="black" width="100%"><tr valign="top"><td bgcolor="#FFFFFF" colspan="1"> <a start_ctx_id="method:writeShort(short)"/><a name="writeShort(short)"/><h3> writeShort </h3><pre>
void <b>writeShort</b>(short x)
                throws <a href="../../java/sql/SQLException.html" title="class in java.sql">SQLException</a></pre><dl><dd>Writes the next attribute to the stream as a Java short. Writes the next attribute to the stream as a <code>String</code> in the Java programming language.<p/>                         </dd><dd><dl> <dt> <b>Parameters:</b>   </dt><dd> <code>x</code> - the value to pass to the database         </dd> <dt> <b>Throws:</b>   </dt><dd> <code><a href="../../java/sql/SQLException.html" title="class in java.sql">SQLException</a></code> - if a database access error occurs        </dd><dd> <code><a href="../../java/sql/SQLFeatureNotSupportedException.html" title="class in java.sql">SQLFeatureNotSupportedException</a></code> - if the JDBC driver does not support this method           </dd> <dt> <b>Since:</b>   </dt><dd>1.2</dd>   </dl></dd></dl> <a end_ctx_id="method:writeShort(short)"/>  </td></tr></table></td></tr></table><table border="0" cellpadding="1" cellspacing="0" width="100%"><tr><td><h3 class="ctxid">method:writeInt(int) [NONE]</h3></td></tr><tr><td><table border="0" cellpadding="5" cellspacing="1" bgcolor="black" width="100%"><tr valign="top"><td bgcolor="#FFFFFF" colspan="1"> <a start_ctx_id="method:writeInt(int)"/><a name="writeInt(int)"/><h3> writeInt </h3><pre>
void <b>writeInt</b>(int x)
              throws <a href="../../java/sql/SQLException.html" title="class in java.sql">SQLException</a></pre><dl><dd>Writes the next attribute to the stream as a Java int. Writes the next attribute to the stream as a <code>String</code> in the Java programming language.<p/>                         </dd><dd><dl> <dt> <b>Parameters:</b>   </dt><dd> <code>x</code> - the value to pass to the database         </dd> <dt> <b>Throws:</b>   </dt><dd> <code><a href="../../java/sql/SQLException.html" title="class in java.sql">SQLException</a></code> - if a database access error occurs        </dd><dd> <code><a href="../../java/sql/SQLFeatureNotSupportedException.html" title="class in java.sql">SQLFeatureNotSupportedException</a></code> - if the JDBC driver does not support this method           </dd> <dt> <b>Since:</b>   </dt><dd>1.2</dd>   </dl></dd></dl> <a end_ctx_id="method:writeInt(int)"/>  </td></tr></table></td></tr></table><table border="0" cellpadding="1" cellspacing="0" width="100%"><tr><td><h3 class="ctxid">method:writeLong(long) [NONE]</h3></td></tr><tr><td><table border="0" cellpadding="5" cellspacing="1" bgcolor="black" width="100%"><tr valign="top"><td bgcolor="#FFFFFF" colspan="1"> <a start_ctx_id="method:writeLong(long)"/><a name="writeLong(long)"/><h3> writeLong </h3><pre>
void <b>writeLong</b>(long x)
               throws <a href="../../java/sql/SQLException.html" title="class in java.sql">SQLException</a></pre><dl><dd>Writes the next attribute to the stream as a Java long. Writes the next attribute to the stream as a <code>String</code> in the Java programming language.<p/>                         </dd><dd><dl> <dt> <b>Parameters:</b>   </dt><dd> <code>x</code> - the value to pass to the database         </dd> <dt> <b>Throws:</b>   </dt><dd> <code><a href="../../java/sql/SQLException.html" title="class in java.sql">SQLException</a></code> - if a database access error occurs        </dd><dd> <code><a href="../../java/sql/SQLFeatureNotSupportedException.html" title="class in java.sql">SQLFeatureNotSupportedException</a></code> - if the JDBC driver does not support this method           </dd> <dt> <b>Since:</b>   </dt><dd>1.2</dd>   </dl></dd></dl> <a end_ctx_id="method:writeLong(long)"/>  </td></tr></table></td></tr></table><table border="0" cellpadding="1" cellspacing="0" width="100%"><tr><td><h3 class="ctxid">method:writeFloat(float) [NONE]</h3></td></tr><tr><td><table border="0" cellpadding="5" cellspacing="1" bgcolor="black" width="100%"><tr valign="top"><td bgcolor="#FFFFFF" colspan="1"> <a start_ctx_id="method:writeFloat(float)"/><a name="writeFloat(float)"/><h3> writeFloat </h3><pre>
void <b>writeFloat</b>(float x)
                throws <a href="../../java/sql/SQLException.html" title="class in java.sql">SQLException</a></pre><dl><dd>Writes the next attribute to the stream as a Java float. Writes the next attribute to the stream as a <code>String</code> in the Java programming language.<p/>                         </dd><dd><dl> <dt> <b>Parameters:</b>   </dt><dd> <code>x</code> - the value to pass to the database         </dd> <dt> <b>Throws:</b>   </dt><dd> <code><a href="../../java/sql/SQLException.html" title="class in java.sql">SQLException</a></code> - if a database access error occurs        </dd><dd> <code><a href="../../java/sql/SQLFeatureNotSupportedException.html" title="class in java.sql">SQLFeatureNotSupportedException</a></code> - if the JDBC driver does not support this method           </dd> <dt> <b>Since:</b>   </dt><dd>1.2</dd>   </dl></dd></dl> <a end_ctx_id="method:writeFloat(float)"/>  </td></tr></table></td></tr></table><table border="0" cellpadding="1" cellspacing="0" width="100%"><tr><td><h3 class="ctxid">method:writeDouble(double) [NONE]</h3></td></tr><tr><td><table border="0" cellpadding="5" cellspacing="1" bgcolor="black" width="100%"><tr valign="top"><td bgcolor="#FFFFFF" colspan="1"> <a start_ctx_id="method:writeDouble(double)"/><a name="writeDouble(double)"/><h3> writeDouble </h3><pre>
void <b>writeDouble</b>(double x)
                 throws <a href="../../java/sql/SQLException.html" title="class in java.sql">SQLException</a></pre><dl><dd>Writes the next attribute to the stream as a Java double. Writes the next attribute to the stream as a <code>String</code> in the Java programming language.<p/>                         </dd><dd><dl> <dt> <b>Parameters:</b>   </dt><dd> <code>x</code> - the value to pass to the database         </dd> <dt> <b>Throws:</b>   </dt><dd> <code><a href="../../java/sql/SQLException.html" title="class in java.sql">SQLException</a></code> - if a database access error occurs        </dd><dd> <code><a href="../../java/sql/SQLFeatureNotSupportedException.html" title="class in java.sql">SQLFeatureNotSupportedException</a></code> - if the JDBC driver does not support this method           </dd> <dt> <b>Since:</b>   </dt><dd>1.2</dd>   </dl></dd></dl> <a end_ctx_id="method:writeDouble(double)"/>  </td></tr></table></td></tr></table><table border="0" cellpadding="1" cellspacing="0" width="100%"><tr><td><h3 class="ctxid">method:writeBigDecimal(java.math.BigDecimal) [NONE]</h3></td></tr><tr><td><table border="0" cellpadding="5" cellspacing="1" bgcolor="black" width="100%"><tr valign="top"><td bgcolor="#FFFFFF" colspan="1"> <a start_ctx_id="method:writeBigDecimal(java.math.BigDecimal)"/><a name="writeBigDecimal(java.math.BigDecimal)"/><h3> writeBigDecimal </h3><pre>
void <b>writeBigDecimal</b>(java.math.BigDecimal x)
                     throws <a href="../../java/sql/SQLException.html" title="class in java.sql">SQLException</a></pre><dl><dd>Writes the next attribute to the stream as a java.math.BigDecimal object. Writes the next attribute to the stream as a <code>String</code> in the Java programming language.<p/>                         </dd><dd><dl> <dt> <b>Parameters:</b>   </dt><dd> <code>x</code> - the value to pass to the database         </dd> <dt> <b>Throws:</b>   </dt><dd> <code><a href="../../java/sql/SQLException.html" title="class in java.sql">SQLException</a></code> - if a database access error occurs        </dd><dd> <code><a href="../../java/sql/SQLFeatureNotSupportedException.html" title="class in java.sql">SQLFeatureNotSupportedException</a></code> - if the JDBC driver does not support this method           </dd> <dt> <b>Since:</b>   </dt><dd>1.2</dd>   </dl></dd></dl> <a end_ctx_id="method:writeBigDecimal(java.math.BigDecimal)"/>  </td></tr></table></td></tr></table><table border="0" cellpadding="1" cellspacing="0" width="100%"><tr><td><h3 class="ctxid">method:writeBytes(byte[]) [NONE]</h3></td></tr><tr><td><table border="0" cellpadding="5" cellspacing="1" bgcolor="black" width="100%"><tr valign="top"><td bgcolor="#FFFFFF" colspan="1"> <a start_ctx_id="method:writeBytes(byte[])"/><a name="writeBytes(byte[])"/><h3> writeBytes </h3><pre>
void <b>writeBytes</b>(byte[] x)
                throws <a href="../../java/sql/SQLException.html" title="class in java.sql">SQLException</a></pre><dl><dd>Writes the next attribute to the stream as an array of bytes. Writes the next attribute to the stream as a <code>String</code> in the Java programming language.<p/>                          </dd><dd><dl> <dt> <b>Parameters:</b>   </dt><dd> <code>x</code> - the value to pass to the database         </dd> <dt> <b>Throws:</b>   </dt><dd> <code><a href="../../java/sql/SQLException.html" title="class in java.sql">SQLException</a></code> - if a database access error occurs        </dd><dd> <code><a href="../../java/sql/SQLFeatureNotSupportedException.html" title="class in java.sql">SQLFeatureNotSupportedException</a></code> - if the JDBC driver does not support this method           </dd> <dt> <b>Since:</b>   </dt><dd>1.2</dd>   </dl></dd></dl> <a end_ctx_id="method:writeBytes(byte[])"/>  </td></tr></table></td></tr></table><table border="0" cellpadding="1" cellspacing="0" width="100%"><tr><td><h3 class="ctxid">method:writeDate(java.sql.Date) [NONE]</h3></td></tr><tr><td><table border="0" cellpadding="5" cellspacing="1" bgcolor="black" width="100%"><tr valign="top"><td bgcolor="#FFFFFF" colspan="1"> <a start_ctx_id="method:writeDate(java.sql.Date)"/><a name="writeDate(java.sql.Date)"/><h3> writeDate </h3><pre>
void <b>writeDate</b>(<a href="../../java/sql/Date.html" title="class in java.sql">Date</a> x)
               throws <a href="../../java/sql/SQLException.html" title="class in java.sql">SQLException</a></pre><dl><dd>Writes the next attribute to the stream as a java.sql.Date object. Writes the next attribute to the stream as a <code>java.sql.Date</code> object in the Java programming language.<p/>                          </dd><dd><dl> <dt> <b>Parameters:</b>   </dt><dd> <code>x</code> - the value to pass to the database         </dd> <dt> <b>Throws:</b>   </dt><dd> <code><a href="../../java/sql/SQLException.html" title="class in java.sql">SQLException</a></code> - if a database access error occurs        </dd><dd> <code><a href="../../java/sql/SQLFeatureNotSupportedException.html" title="class in java.sql">SQLFeatureNotSupportedException</a></code> - if the JDBC driver does not support this method           </dd> <dt> <b>Since:</b>   </dt><dd>1.2</dd>   </dl></dd></dl> <a end_ctx_id="method:writeDate(java.sql.Date)"/>  </td></tr></table></td></tr></table><table border="0" cellpadding="1" cellspacing="0" width="100%"><tr><td><h3 class="ctxid">method:writeTime(java.sql.Time) [NONE]</h3></td></tr><tr><td><table border="0" cellpadding="5" cellspacing="1" bgcolor="black" width="100%"><tr valign="top"><td bgcolor="#FFFFFF" colspan="1"> <a start_ctx_id="method:writeTime(java.sql.Time)"/><a name="writeTime(java.sql.Time)"/><h3> writeTime </h3><pre>
void <b>writeTime</b>(<a href="../../java/sql/Time.html" title="class in java.sql">Time</a> x)
               throws <a href="../../java/sql/SQLException.html" title="class in java.sql">SQLException</a></pre><dl><dd>Writes the next attribute to the stream as a java.sql.Time object. Writes the next attribute to the stream as a <code>java.sql.Date</code> object in the Java programming language.<p/>                          </dd><dd><dl> <dt> <b>Parameters:</b>   </dt><dd> <code>x</code> - the value to pass to the database         </dd> <dt> <b>Throws:</b>   </dt><dd> <code><a href="../../java/sql/SQLException.html" title="class in java.sql">SQLException</a></code> - if a database access error occurs        </dd><dd> <code><a href="../../java/sql/SQLFeatureNotSupportedException.html" title="class in java.sql">SQLFeatureNotSupportedException</a></code> - if the JDBC driver does not support this method           </dd> <dt> <b>Since:</b>   </dt><dd>1.2</dd>   </dl></dd></dl> <a end_ctx_id="method:writeTime(java.sql.Time)"/>  </td></tr></table></td></tr></table><table border="0" cellpadding="1" cellspacing="0" width="100%"><tr><td><h3 class="ctxid">method:writeTimestamp(java.sql.Timestamp) [NONE]</h3></td></tr><tr><td><table border="0" cellpadding="5" cellspacing="1" bgcolor="black" width="100%"><tr valign="top"><td bgcolor="#FFFFFF" colspan="1"> <a start_ctx_id="method:writeTimestamp(java.sql.Timestamp)"/><a name="writeTimestamp(java.sql.Timestamp)"/><h3> writeTimestamp </h3><pre>
void <b>writeTimestamp</b>(<a href="../../java/sql/Timestamp.html" title="class in java.sql">Timestamp</a> x)
                    throws <a href="../../java/sql/SQLException.html" title="class in java.sql">SQLException</a></pre><dl><dd>Writes the next attribute to the stream as a java.sql.Timestamp object. Writes the next attribute to the stream as a <code>java.sql.Date</code> object in the Java programming language.<p/>                          </dd><dd><dl> <dt> <b>Parameters:</b>   </dt><dd> <code>x</code> - the value to pass to the database         </dd> <dt> <b>Throws:</b>   </dt><dd> <code><a href="../../java/sql/SQLException.html" title="class in java.sql">SQLException</a></code> - if a database access error occurs        </dd><dd> <code><a href="../../java/sql/SQLFeatureNotSupportedException.html" title="class in java.sql">SQLFeatureNotSupportedException</a></code> - if the JDBC driver does not support this method           </dd> <dt> <b>Since:</b>   </dt><dd>1.2</dd>   </dl></dd></dl> <a end_ctx_id="method:writeTimestamp(java.sql.Timestamp)"/>  </td></tr></table></td></tr></table><table border="0" cellpadding="1" cellspacing="0" width="100%"><tr><td><h3 class="ctxid">method:writeCharacterStream(java.io.Reader) [NONE]</h3></td></tr><tr><td><table border="0" cellpadding="5" cellspacing="1" bgcolor="black" width="100%"><tr valign="top"><td bgcolor="#FFFFFF" colspan="1"> <a start_ctx_id="method:writeCharacterStream(java.io.Reader)"/><a name="writeCharacterStream(java.io.Reader)"/><h3> writeCharacterStream </h3><pre>
void <b>writeCharacterStream</b>(java.io.Reader x)
                          throws <a href="../../java/sql/SQLException.html" title="class in java.sql">SQLException</a></pre><dl><dd>Writes the next attribute to the stream as a stream of Unicode characters.<p/>            </dd><dd><dl> <dt> <b>Parameters:</b>   </dt><dd> <code>x</code> - the value to pass to the database         </dd> <dt> <b>Throws:</b>   </dt><dd> <code><a href="../../java/sql/SQLException.html" title="class in java.sql">SQLException</a></code> - if a database access error occurs        </dd><dd> <code><a href="../../java/sql/SQLFeatureNotSupportedException.html" title="class in java.sql">SQLFeatureNotSupportedException</a></code> - if the JDBC driver does not support this method           </dd> <dt> <b>Since:</b>   </dt><dd>1.2</dd>   </dl></dd></dl> <a end_ctx_id="method:writeCharacterStream(java.io.Reader)"/>  </td></tr></table></td></tr></table><table border="0" cellpadding="1" cellspacing="0" width="100%"><tr><td><h3 class="ctxid">method:writeAsciiStream(java.io.InputStream) [NONE]</h3></td></tr><tr><td><table border="0" cellpadding="5" cellspacing="1" bgcolor="black" width="100%"><tr valign="top"><td bgcolor="#FFFFFF" colspan="1"> <a start_ctx_id="method:writeAsciiStream(java.io.InputStream)"/><a name="writeAsciiStream(java.io.InputStream)"/><h3> writeAsciiStream </h3><pre>
void <b>writeAsciiStream</b>(java.io.InputStream x)
                      throws <a href="../../java/sql/SQLException.html" title="class in java.sql">SQLException</a></pre><dl><dd>Writes the next attribute to the stream as a stream of ASCII characters.<p/>            </dd><dd><dl> <dt> <b>Parameters:</b>   </dt><dd> <code>x</code> - the value to pass to the database         </dd> <dt> <b>Throws:</b>   </dt><dd> <code><a href="../../java/sql/SQLException.html" title="class in java.sql">SQLException</a></code> - if a database access error occurs        </dd><dd> <code><a href="../../java/sql/SQLFeatureNotSupportedException.html" title="class in java.sql">SQLFeatureNotSupportedException</a></code> - if the JDBC driver does not support this method           </dd> <dt> <b>Since:</b>   </dt><dd>1.2</dd>   </dl></dd></dl> <a end_ctx_id="method:writeAsciiStream(java.io.InputStream)"/>  </td></tr></table></td></tr></table><table border="0" cellpadding="1" cellspacing="0" width="100%"><tr><td><h3 class="ctxid">method:writeBinaryStream(java.io.InputStream) [NONE]</h3></td></tr><tr><td><table border="0" cellpadding="5" cellspacing="1" bgcolor="black" width="100%"><tr valign="top"><td bgcolor="#FFFFFF" colspan="1"> <a start_ctx_id="method:writeBinaryStream(java.io.InputStream)"/><a name="writeBinaryStream(java.io.InputStream)"/><h3> writeBinaryStream </h3><pre>
void <b>writeBinaryStream</b>(java.io.InputStream x)
                       throws <a href="../../java/sql/SQLException.html" title="class in java.sql">SQLException</a></pre><dl><dd>Writes the next attribute to the stream as a stream of uninterpreted bytes.<p/>            </dd><dd><dl> <dt> <b>Parameters:</b>   </dt><dd> <code>x</code> - the value to pass to the database         </dd> <dt> <b>Throws:</b>   </dt><dd> <code><a href="../../java/sql/SQLException.html" title="class in java.sql">SQLException</a></code> - if a database access error occurs        </dd><dd> <code><a href="../../java/sql/SQLFeatureNotSupportedException.html" title="class in java.sql">SQLFeatureNotSupportedException</a></code> - if the JDBC driver does not support this method           </dd> <dt> <b>Since:</b>   </dt><dd>1.2</dd>   </dl></dd></dl> <a end_ctx_id="method:writeBinaryStream(java.io.InputStream)"/>  </td></tr></table></td></tr></table><table border="0" cellpadding="1" cellspacing="0" width="100%"><tr><td><h3 class="ctxid">method:writeObject(java.sql.SQLData) [NONE]</h3></td></tr><tr><td><table border="0" cellpadding="5" cellspacing="1" bgcolor="black" width="100%"><tr valign="top"><td bgcolor="#FFFFFF" colspan="1"> <a start_ctx_id="method:writeObject(java.sql.SQLData)"/><a name="writeObject(java.sql.SQLData)"/><h3> writeObject </h3><pre>
void <b>writeObject</b>(<a href="../../java/sql/SQLData.html" title="interface in java.sql">SQLData</a> x)
                 throws <a href="../../java/sql/SQLException.html" title="class in java.sql">SQLException</a></pre><dl><dd>Writes to the stream the data contained in the given <code>SQLData</code> object. When the <code>SQLData</code> object is <code>null</code>, this method writes an SQL <code>NULL</code> to the stream. Otherwise, it calls the <code>SQLData.writeSQL</code> method of the given object, which writes the object's attributes to the stream. The implementation of the method <code>SQLData.writeSQ</code> calls the appropriate <code>SQLOutput</code> writer method(s) for writing each of the object's attributes in order. The attributes must be read from an <code>SQLInput</code> input stream and written to an <code>SQLOutput</code> output stream in the same order in which they were listed in the SQL definition of the user-defined type.<p/>                                                                                                   </dd><dd><dl> <dt> <b>Parameters:</b>   </dt><dd> <code>x</code> - the object representing data of an SQL structured or distinct type             </dd> <dt> <b>Throws:</b>   </dt><dd> <code><a href="../../java/sql/SQLException.html" title="class in java.sql">SQLException</a></code> - if a database access error occurs        </dd><dd> <code><a href="../../java/sql/SQLFeatureNotSupportedException.html" title="class in java.sql">SQLFeatureNotSupportedException</a></code> - if the JDBC driver does not support this method           </dd> <dt> <b>Since:</b>   </dt><dd>1.2</dd>   </dl></dd></dl> <a end_ctx_id="method:writeObject(java.sql.SQLData)"/>  </td></tr></table></td></tr></table><table border="0" cellpadding="1" cellspacing="0" width="100%"><tr><td><h3 class="ctxid">method:writeRef(java.sql.Ref) [NONE]</h3></td></tr><tr><td><table border="0" cellpadding="5" cellspacing="1" bgcolor="black" width="100%"><tr valign="top"><td bgcolor="#FFFFFF" colspan="1"> <a start_ctx_id="method:writeRef(java.sql.Ref)"/><a name="writeRef(java.sql.Ref)"/><h3> writeRef </h3><pre>
void <b>writeRef</b>(<a href="../../java/sql/Ref.html" title="interface in java.sql">Ref</a> x)
              throws <a href="../../java/sql/SQLException.html" title="class in java.sql">SQLException</a></pre><dl><dd>Writes an SQL <code>REF</code> value to the stream.<p/>       </dd><dd><dl> <dt> <b>Parameters:</b>   </dt><dd> <code>x</code> - a <code>Ref</code> object representing data of an SQL <code>REF</code> value            </dd> <dt> <b>Throws:</b>   </dt><dd> <code><a href="../../java/sql/SQLException.html" title="class in java.sql">SQLException</a></code> - if a database access error occurs        </dd><dd> <code><a href="../../java/sql/SQLFeatureNotSupportedException.html" title="class in java.sql">SQLFeatureNotSupportedException</a></code> - if the JDBC driver does not support this method           </dd> <dt> <b>Since:</b>   </dt><dd>1.2</dd>   </dl></dd></dl> <a end_ctx_id="method:writeRef(java.sql.Ref)"/>  </td></tr></table></td></tr></table><table border="0" cellpadding="1" cellspacing="0" width="100%"><tr><td><h3 class="ctxid">method:writeBlob(java.sql.Blob) [NONE]</h3></td></tr><tr><td><table border="0" cellpadding="5" cellspacing="1" bgcolor="black" width="100%"><tr valign="top"><td bgcolor="#FFFFFF" colspan="1"> <a start_ctx_id="method:writeBlob(java.sql.Blob)"/><a name="writeBlob(java.sql.Blob)"/><h3> writeBlob </h3><pre>
void <b>writeBlob</b>(<a href="../../java/sql/Blob.html" title="interface in java.sql">Blob</a> x)
               throws <a href="../../java/sql/SQLException.html" title="class in java.sql">SQLException</a></pre><dl><dd>Writes an SQL <code>BLOB</code> value to the stream.<p/>       </dd><dd><dl> <dt> <b>Parameters:</b>   </dt><dd> <code>x</code> - a <code>Blob</code> object representing data of an SQL <code>BLOB</code> value            </dd> <dt> <b>Throws:</b>   </dt><dd> <code><a href="../../java/sql/SQLException.html" title="class in java.sql">SQLException</a></code> - if a database access error occurs        </dd><dd> <code><a href="../../java/sql/SQLFeatureNotSupportedException.html" title="class in java.sql">SQLFeatureNotSupportedException</a></code> - if the JDBC driver does not support this method           </dd> <dt> <b>Since:</b>   </dt><dd>1.2</dd>   </dl></dd></dl> <a end_ctx_id="method:writeBlob(java.sql.Blob)"/>  </td></tr></table></td></tr></table><table border="0" cellpadding="1" cellspacing="0" width="100%"><tr><td><h3 class="ctxid">method:writeClob(java.sql.Clob) [NONE]</h3></td></tr><tr><td><table border="0" cellpadding="5" cellspacing="1" bgcolor="black" width="100%"><tr valign="top"><td bgcolor="#FFFFFF" colspan="1"> <a start_ctx_id="method:writeClob(java.sql.Clob)"/><a name="writeClob(java.sql.Clob)"/><h3> writeClob </h3><pre>
void <b>writeClob</b>(<a href="../../java/sql/Clob.html" title="interface in java.sql">Clob</a> x)
               throws <a href="../../java/sql/SQLException.html" title="class in java.sql">SQLException</a></pre><dl><dd>Writes an SQL <code>CLOB</code> value to the stream.<p/>       </dd><dd><dl> <dt> <b>Parameters:</b>   </dt><dd> <code>x</code> - a <code>Clob</code> object representing data of an SQL <code>CLOB</code> value            </dd> <dt> <b>Throws:</b>   </dt><dd> <code><a href="../../java/sql/SQLException.html" title="class in java.sql">SQLException</a></code> - if a database access error occurs        </dd><dd> <code><a href="../../java/sql/SQLFeatureNotSupportedException.html" title="class in java.sql">SQLFeatureNotSupportedException</a></code> - if the JDBC driver does not support this method           </dd> <dt> <b>Since:</b>   </dt><dd>1.2</dd>   </dl></dd></dl> <a end_ctx_id="method:writeClob(java.sql.Clob)"/>  </td></tr></table></td></tr></table><table border="0" cellpadding="1" cellspacing="0" width="100%"><tr><td><h3 class="ctxid">method:writeStruct(java.sql.Struct) [NONE]</h3></td></tr><tr><td><table border="0" cellpadding="5" cellspacing="1" bgcolor="black" width="100%"><tr valign="top"><td bgcolor="#FFFFFF" colspan="1"> <a start_ctx_id="method:writeStruct(java.sql.Struct)"/><a name="writeStruct(java.sql.Struct)"/><h3> writeStruct </h3><pre>
void <b>writeStruct</b>(<a href="../../java/sql/Struct.html" title="interface in java.sql">Struct</a> x)
                 throws <a href="../../java/sql/SQLException.html" title="class in java.sql">SQLException</a></pre><dl><dd>Writes an SQL structured type value to the stream.<p/>        </dd><dd><dl> <dt> <b>Parameters:</b>   </dt><dd> <code>x</code> - a <code>Struct</code> object representing data of an SQL structured type            </dd> <dt> <b>Throws:</b>   </dt><dd> <code><a href="../../java/sql/SQLException.html" title="class in java.sql">SQLException</a></code> - if a database access error occurs        </dd><dd> <code><a href="../../java/sql/SQLFeatureNotSupportedException.html" title="class in java.sql">SQLFeatureNotSupportedException</a></code> - if the JDBC driver does not support this method           </dd> <dt> <b>Since:</b>   </dt><dd>1.2</dd>   </dl></dd></dl> <a end_ctx_id="method:writeStruct(java.sql.Struct)"/>  </td></tr></table></td></tr></table><table border="0" cellpadding="1" cellspacing="0" width="100%"><tr><td><h3 class="ctxid">method:writeArray(java.sql.Array) [NONE]</h3></td></tr><tr><td><table border="0" cellpadding="5" cellspacing="1" bgcolor="black" width="100%"><tr valign="top"><td bgcolor="#FFFFFF" colspan="1"> <a start_ctx_id="method:writeArray(java.sql.Array)"/><a name="writeArray(java.sql.Array)"/><h3> writeArray </h3><pre>
void <b>writeArray</b>(<a href="../../java/sql/Array.html" title="interface in java.sql">Array</a> x)
                throws <a href="../../java/sql/SQLException.html" title="class in java.sql">SQLException</a></pre><dl><dd>Writes an SQL <code>ARRAY</code> value to the stream.<p/>       </dd><dd><dl> <dt> <b>Parameters:</b>   </dt><dd> <code>x</code> - an <code>Array</code> object representing data of an SQL <code>ARRAY</code> type            </dd> <dt> <b>Throws:</b>   </dt><dd> <code><a href="../../java/sql/SQLException.html" title="class in java.sql">SQLException</a></code> - if a database access error occurs        </dd><dd> <code><a href="../../java/sql/SQLFeatureNotSupportedException.html" title="class in java.sql">SQLFeatureNotSupportedException</a></code> - if the JDBC driver does not support this method           </dd> <dt> <b>Since:</b>   </dt><dd>1.2</dd>   </dl></dd></dl> <a end_ctx_id="method:writeArray(java.sql.Array)"/>  </td></tr></table></td></tr></table><table border="0" cellpadding="1" cellspacing="0" width="100%"><tr><td><h3 class="ctxid">method:writeURL(java.net.URL) [NONE]</h3></td></tr><tr><td><table border="0" cellpadding="5" cellspacing="1" bgcolor="black" width="100%"><tr valign="top"><td bgcolor="#FFFFFF" colspan="1"> <a start_ctx_id="method:writeURL(java.net.URL)"/><a name="writeURL(java.net.URL)"/><h3> writeURL </h3><pre>
void <b>writeURL</b>(java.net.URL x)
              throws <a href="../../java/sql/SQLException.html" title="class in java.sql">SQLException</a></pre><dl><dd>Writes a SQL <code>DATALINK</code> value to the stream.<p/>       </dd><dd><dl> <dt> <b>Parameters:</b>   </dt><dd> <code>x</code> - a <code>java.net.URL</code> object representing the data of SQL DATALINK type            </dd> <dt> <b>Throws:</b>   </dt><dd> <code><a href="../../java/sql/SQLException.html" title="class in java.sql">SQLException</a></code> - if a database access error occurs        </dd><dd> <code><a href="../../java/sql/SQLFeatureNotSupportedException.html" title="class in java.sql">SQLFeatureNotSupportedException</a></code> - if the JDBC driver does not support this method           </dd> <dt> <b>Since:</b>   </dt><dd>1.4</dd>   </dl></dd></dl> <a end_ctx_id="method:writeURL(java.net.URL)"/>  </td></tr></table></td></tr></table><table border="0" cellpadding="1" cellspacing="0" width="100%"><tr><td><h3 class="ctxid">method:writeNString(java.lang.String) [NONE]</h3></td></tr><tr><td><table border="0" cellpadding="5" cellspacing="1" bgcolor="black" width="100%"><tr valign="top"><td bgcolor="#FFFFFF" colspan="1"> <a start_ctx_id="method:writeNString(java.lang.String)"/><a name="writeNString(java.lang.String)"/><h3> writeNString </h3><pre>
void <b>writeNString</b>(java.lang.String x)
                  throws <a href="../../java/sql/SQLException.html" title="class in java.sql">SQLException</a></pre><dl><dd>Writes the next attribute to the stream as a <code>String</code> in the Java programming language. The driver converts this to a SQL <code>NCHAR</code> or <code>NVARCHAR</code> or <code>LONGNVARCHAR</code> value (depending on the argument's size relative to the driver's limits on <code>NVARCHAR</code> values) when it sends it to the stream.<p/>                                               </dd><dd><dl> <dt> <b>Parameters:</b>   </dt><dd> <code>x</code> - the value to pass to the database         </dd> <dt> <b>Throws:</b>   </dt><dd> <code><a href="../../java/sql/SQLException.html" title="class in java.sql">SQLException</a></code> - if a database access error occurs        </dd><dd> <code><a href="../../java/sql/SQLFeatureNotSupportedException.html" title="class in java.sql">SQLFeatureNotSupportedException</a></code> - if the JDBC driver does not support this method           </dd> <dt> <b>Since:</b>   </dt><dd>1.6</dd>   </dl></dd></dl> <a end_ctx_id="method:writeNString(java.lang.String)"/>  </td></tr></table></td></tr></table><table border="0" cellpadding="1" cellspacing="0" width="100%"><tr><td><h3 class="ctxid">method:writeNClob(java.sql.NClob) [NONE]</h3></td></tr><tr><td><table border="0" cellpadding="5" cellspacing="1" bgcolor="black" width="100%"><tr valign="top"><td bgcolor="#FFFFFF" colspan="1"> <a start_ctx_id="method:writeNClob(java.sql.NClob)"/><a name="writeNClob(java.sql.NClob)"/><h3> writeNClob </h3><pre>
void <b>writeNClob</b>(<a href="../../java/sql/NClob.html" title="interface in java.sql">NClob</a> x)
                throws <a href="../../java/sql/SQLException.html" title="class in java.sql">SQLException</a></pre><dl><dd>Writes an SQL <code>NCLOB</code> value to the stream.<p/>       </dd><dd><dl> <dt> <b>Parameters:</b>   </dt><dd> <code>x</code> - a <code>NClob</code> object representing data of an SQL <code>NCLOB</code> value            </dd> <dt> <b>Throws:</b>   </dt><dd> <code><a href="../../java/sql/SQLException.html" title="class in java.sql">SQLException</a></code> - if a database access error occurs        </dd><dd> <code><a href="../../java/sql/SQLFeatureNotSupportedException.html" title="class in java.sql">SQLFeatureNotSupportedException</a></code> - if the JDBC driver does not support this method           </dd> <dt> <b>Since:</b>   </dt><dd>1.6</dd>   </dl></dd></dl> <a end_ctx_id="method:writeNClob(java.sql.NClob)"/>  </td></tr></table></td></tr></table><table border="0" cellpadding="1" cellspacing="0" width="100%"><tr><td><h3 class="ctxid">method:writeRowId(java.sql.RowId) [NONE]</h3></td></tr><tr><td><table border="0" cellpadding="5" cellspacing="1" bgcolor="black" width="100%"><tr valign="top"><td bgcolor="#FFFFFF" colspan="1"> <a start_ctx_id="method:writeRowId(java.sql.RowId)"/><a name="writeRowId(java.sql.RowId)"/><h3> writeRowId </h3><pre>
void <b>writeRowId</b>(<a href="../../java/sql/RowId.html" title="interface in java.sql">RowId</a> x)
                throws <a href="../../java/sql/SQLException.html" title="class in java.sql">SQLException</a></pre><dl><dd>Writes an SQL <code>ROWID</code> value to the stream.<p/>       </dd><dd><dl> <dt> <b>Parameters:</b>   </dt><dd> <code>x</code> - a <code>RowId</code> object representing data of an SQL <code>ROWID</code> value            </dd> <dt> <b>Throws:</b>   </dt><dd> <code><a href="../../java/sql/SQLException.html" title="class in java.sql">SQLException</a></code> - if a database access error occurs        </dd><dd> <code><a href="../../java/sql/SQLFeatureNotSupportedException.html" title="class in java.sql">SQLFeatureNotSupportedException</a></code> - if the JDBC driver does not support this method           </dd> <dt> <b>Since:</b>   </dt><dd>1.6</dd>   </dl></dd></dl> <a end_ctx_id="method:writeRowId(java.sql.RowId)"/>  </td></tr></table></td></tr></table><table border="0" cellpadding="1" cellspacing="0" width="100%"><tr><td><h3 class="ctxid">method:writeSQLXML(java.sql.SQLXML) [NONE]</h3></td></tr><tr><td><table border="0" cellpadding="5" cellspacing="1" bgcolor="black" width="100%"><tr valign="top"><td bgcolor="#FFFFFF" colspan="1"> <a start_ctx_id="method:writeSQLXML(java.sql.SQLXML)"/><a name="writeSQLXML(java.sql.SQLXML)"/><h3> writeSQLXML </h3><pre>
void <b>writeSQLXML</b>(<a href="../../java/sql/SQLXML.html" title="interface in java.sql">SQLXML</a> x)
                 throws <a href="../../java/sql/SQLException.html" title="class in java.sql">SQLException</a></pre><dl><dd>Writes an SQL <code>XML</code> value to the stream.<p/>       </dd><dd><dl> <dt> <b>Parameters:</b>   </dt><dd> <code>x</code> - a <code>SQLXML</code> object representing data of an SQL <code>XML</code> value            </dd> <dt> <b>Throws:</b>   </dt><dd> <code><a href="../../java/sql/SQLException.html" title="class in java.sql">SQLException</a></code> - if a database access error occurs, the <code>java.xml.transform.Result</code>, <code>Writer</code> or <code>OutputStream</code> has not been closed for the <code>SQLXML</code> object or if there is an error processing the XML value. The <code>getCause</code> method of the exception may provide a more detailed exception, for example, if the stream does not contain valid XML.                                                     </dd><dd> <code><a href="../../java/sql/SQLFeatureNotSupportedException.html" title="class in java.sql">SQLFeatureNotSupportedException</a></code> - if the JDBC driver does not support this method           </dd> <dt> <b>Since:</b>   </dt><dd>1.6</dd>   </dl></dd></dl> <a end_ctx_id="method:writeSQLXML(java.sql.SQLXML)"/>  </td></tr></table></td></tr></table></diff></diffreport>