<?xml version="1.0" encoding="UTF-8" standalone="yes"?><Document><name>java/sql/SQLPermission.spec</name><Context><name>class:SQLPermission</name><mt>CHANGED</mt></Context><Context><name>constructor:SQLPermission(java.lang.String)</name><mt>NONE</mt></Context><Context><name>constructor:SQLPermission(java.lang.String, java.lang.String)</name><mt>NONE</mt></Context><Stat><name>java/sql/SQLPermission.spec</name><mt>CHANGED</mt><Group name="context"><Item count="0" name="ADDED"/><Item count="0" name="REMOVED"/><Item count="1" name="CHANGED"/><Item count="1" name="MODIFIED"/><Item count="3" name="TOTAL"/></Group><Group name="assertion"><Item count="0" name="ADDED"/><Item count="0" name="REMOVED"/><Item count="0" name="CHANGED"/><Item count="0" name="MODIFIED"/><Item count="0" name="TOTAL"/></Group></Stat></Document>