<?xml version="1.0" encoding="UTF-8"?><diffreport><diff><table border="0" cellpadding="1" cellspacing="0" width="100%"><tr><td><h3 class="ctxid">class:SQLPermission [CHANGED]</h3></td></tr><tr><td><table border="0" cellpadding="5" cellspacing="1" bgcolor="black" width="100%"><tr valign="top"><td bgcolor="#EEEEEE" colspan="2"> <a start_ctx_id="class:SQLPermission"/><dl> <dt><pre>public final class <b>SQLPermission</b></pre>  </dt> <dt>extends java.security.BasicPermission </dt>  </dl><p> The permission for which the <code>SecurityManager</code> will check when code that is running in an applet<span class="diff-html-added">,</span> <span class="diff-html-added">or</span> <span class="diff-html-added">an</span> <span class="diff-html-added">application</span> <span class="diff-html-added">with</span> <span class="diff-html-added">a</span> <code><span class="diff-html-added">SecurityManager</span></code> <span class="diff-html-added">enabled,</span> calls the <code>DriverManager.setLogWriter</code> method <span class="diff-html-removed">or</span> <span class="diff-html-removed">the</span><span class="diff-html-added">,</span> <code>DriverManager.setLogStream</code> (deprecated) <span class="diff-html-added">method,</span> <code><span class="diff-html-added">SyncFactory.setJNDIContext</span></code> <span class="diff-html-added">method,</span> <code><span class="diff-html-added">SyncFactory.setLogger</span></code> <span class="diff-html-added">method,</span> <code><span class="diff-html-added">Connection.setNetworktimeout</span></code> method<span class="diff-html-added">,</span> <span class="diff-html-added">or</span> <span class="diff-html-added">the</span> <code><span class="diff-html-added">Connection.abort</span></code> <span class="diff-html-added">method</span>. If there is no <code>SQLPermission</code> object, these methods throw a <code>java.lang.SecurityException</code> as a runtime exception.                                                         </p><p> A <code>SQLPermission</code> object contains a name (also referred to as a "target name") but no actions list; there is either a named permission or there is not. The target name is the name of the permission (see below). The naming convention follows the hierarchical property naming convention. In addition, an asterisk may appear at the end of the name, following a ".", or by itself, to signify a wildcard match. For example: <code>loadLibrary.*</code> or <code>*</code> is valid, but <code>*loadLibrary</code> or <code>a*b</code> is not valid.                                                                                    </p><p> The following table lists all the possible <code>SQLPermission</code> target names. <span class="diff-html-removed">Currently,</span> <span class="diff-html-removed">the</span> <span class="diff-html-removed">only</span> <span class="diff-html-removed">name</span> <span class="diff-html-removed">allowed</span> <span class="diff-html-removed">is</span> <code changeType="diff-removed-tag"><span class="diff-html-removed">setLog</span></code><span class="diff-html-removed">.</span>The table gives a description of what the permission allows and a discussion of the risks of granting code the permission.                                     </p><p><table border="1" cellpadding="5" summary="permission target name, what the permission allows, and associated risks"><tbody><tr><th>Permission Target Name  </th><th>What the Permission Allows   </th><th>Risks of Allowing this Permission    </th></tr><tr><td>setLog</td><td>Setting of the logging stream    </td><td>This is a dangerous permission to grant. The contents of the log may contain usernames and passwords, SQL statements, and SQL data<span class="diff-html-added">.</span>                     </td></tr><tr><td><span class="diff-html-added">callAbort</span></td><td><span class="diff-html-added">Allows</span> <span class="diff-html-added">the</span> <span class="diff-html-added">invocation</span> <span class="diff-html-added">of</span> <span class="diff-html-added">the</span> <code><span class="diff-html-added">Connection</span></code> <span class="diff-html-added">method</span> <code><span class="diff-html-added">abort</span></code>       </td><td><span class="diff-html-added">Permits</span> <span class="diff-html-added">an</span> <span class="diff-html-added">application</span> <span class="diff-html-added">to</span> <span class="diff-html-added">terminate</span> <span class="diff-html-added">a</span> <span class="diff-html-added">physical</span> <span class="diff-html-added">connection</span> <span class="diff-html-added">to</span> <span class="diff-html-added">a</span> <span class="diff-html-added">database.</span>          </td></tr><tr><td><span class="diff-html-added">setSyncFactory</span></td><td><span class="diff-html-added">Allows</span> <span class="diff-html-added">the</span> <span class="diff-html-added">invocation</span> <span class="diff-html-added">of</span> <span class="diff-html-added">the</span> <code><span class="diff-html-added">SyncFactory</span></code> <span class="diff-html-added">methods</span> <code><span class="diff-html-added">setJNDIContext</span></code> <span class="diff-html-added">and</span> <code><span class="diff-html-added">setLogger</span></code>         </td><td><span class="diff-html-added">Permits</span> <span class="diff-html-added">an</span> <span class="diff-html-added">application</span> <span class="diff-html-added">to</span> <span class="diff-html-added">specify</span> <span class="diff-html-added">the</span> <span class="diff-html-added">JNDI</span> <span class="diff-html-added">context</span> <span class="diff-html-added">from</span> <span class="diff-html-added">which</span> <span class="diff-html-added">the</span> <code><span class="diff-html-added">SyncProvider</span></code> <span class="diff-html-added">implementations</span> <span class="diff-html-added">can</span> <span class="diff-html-added">be</span> <span class="diff-html-added">retrieved</span> <span class="diff-html-added">from</span> <span class="diff-html-added">and</span> <span class="diff-html-added">the</span> <span class="diff-html-added">logging</span> <span class="diff-html-added">object</span> <span class="diff-html-added">to</span> <span class="diff-html-added">be</span> <span class="diff-html-added">used</span> <span class="diff-html-added">by</span> <span class="diff-html-added">the</span> <code><span class="diff-html-added">SyncProvider</span></code> <span class="diff-html-added">implementation.</span>                           </td></tr><tr><td><span class="diff-html-added">setNetworkTimeout</span></td><td><span class="diff-html-added">Allows</span> <span class="diff-html-added">the</span> <span class="diff-html-added">invocation</span> <span class="diff-html-added">of</span> <span class="diff-html-added">the</span> <code><span class="diff-html-added">Connection</span></code> <span class="diff-html-added">method</span> <code><span class="diff-html-added">setNetworkTimeout</span></code>       </td><td><span class="diff-html-added">Permits</span> <span class="diff-html-added">an</span> <span class="diff-html-added">application</span> <span class="diff-html-added">to</span> <span class="diff-html-added">specify</span> <span class="diff-html-added">the</span> <span class="diff-html-added">maximum</span> <span class="diff-html-added">period</span> <span class="diff-html-added">a</span> <code><span class="diff-html-added">Connection</span></code> <span class="diff-html-added">or</span> <span class="diff-html-added">objects</span> <span class="diff-html-added">created</span> <span class="diff-html-added">from</span> <span class="diff-html-added">the</span> <code><span class="diff-html-added">Connection</span></code> <span class="diff-html-added">will</span> <span class="diff-html-added">wait</span> <span class="diff-html-added">for</span> <span class="diff-html-added">the</span> <span class="diff-html-added">database</span> <span class="diff-html-added">to</span> <span class="diff-html-added">reply</span> <span class="diff-html-added">to</span> <span class="diff-html-added">any</span> <span class="diff-html-added">one</span> <span class="diff-html-added">request</span>.                          </td></tr></tbody></table></p><p> The person running an applet decides what permissions to allow and will run the <code>Policy Tool </code> to create an <code>SQLPermission</code> in a policy file. A programmer does not use a constructor directly to create an instance of <code>SQLPermission</code> but rather uses a tool.                                          </p><p/><p><dl> <dt> <b>Since:</b>   </dt><dd>1.3</dd> <dt> <b>See Also: </b>   </dt><dd> <code>BasicPermission</code>, <code>Permission</code>, <code>Permissions</code>, <code>PermissionCollection</code>, <code>SecurityManager</code>, <a href="../../serialized-form.html#java.sql.SQLPermission">Serialized Form </a>      </dd>  </dl> <a end_ctx_id="class:SQLPermission"/> </p> </td></tr><tr valign="top"><td bgcolor="#CCCCCC" colspan="1"> <a start_ctx_id="class:SQLPermission"/><dl> <dt><pre>public final class <b>SQLPermission</b></pre>  </dt> <dt>extends java.security.BasicPermission </dt>  </dl><p> The permission for which the <code>SecurityManager</code> will check when code that is running in an applet calls the <code>DriverManager.setLogWriter</code> method or the <code>DriverManager.setLogStream</code> (deprecated) method. If there is no <code>SQLPermission</code> object, these methods throw a <code>java.lang.SecurityException</code> as a runtime exception.                                        </p><p> A <code>SQLPermission</code> object contains a name (also referred to as a "target name") but no actions list; there is either a named permission or there is not. The target name is the name of the permission (see below). The naming convention follows the hierarchical property naming convention. In addition, an asterisk may appear at the end of the name, following a ".", or by itself, to signify a wildcard match. For example: <code>loadLibrary.*</code> or <code>*</code> is valid, but <code>*loadLibrary</code> or <code>a*b</code> is not valid.                                                                                    </p><p> The following table lists all the possible <code>SQLPermission</code> target names. Currently, the only name allowed is <code changeType="diff-removed-tag">setLog</code>. The table gives a description of what the permission allows and a discussion of the risks of granting code the permission.                                      </p><p><table border="1" cellpadding="5" summary="permission target name, what the permission allows, and associated risks"><tbody><tr><th>Permission Target Name  </th><th>What the Permission Allows   </th><th>Risks of Allowing this Permission    </th></tr><tr><td>setLog</td><td>Setting of the logging stream    </td><td>This is a dangerous permission to grant. The contents of the log may contain usernames and passwords, SQL statements, and SQL data.                     </td></tr></tbody></table> The person running an applet decides what permissions to allow and will run the <code>Policy Tool </code> to create an <code>SQLPermission</code> in a policy file. A programmer does not use a constructor directly to create an instance of <code>SQLPermission</code> but rather uses a tool.                                          </p><p/><p><dl> <dt> <b>Since:</b>   </dt><dd>1.3</dd> <dt> <b>See Also: </b>   </dt><dd> <code>BasicPermission</code>, <code>Permission</code>, <code>Permissions</code>, <code>PermissionCollection</code>, <code>SecurityManager</code>, <a href="../../serialized-form.html#java.sql.SQLPermission">Serialized Form </a>      </dd>  </dl> <a end_ctx_id="class:SQLPermission"/> </p> </td><td bgcolor="#FFFFFF" colspan="1"> <a start_ctx_id="class:SQLPermission"/><dl> <dt><pre>public final class <b>SQLPermission</b></pre>  </dt> <dt>extends java.security.BasicPermission </dt>  </dl><p> The permission for which the <code>SecurityManager</code> will check when code that is running in an applet, or an application with a <code>SecurityManager</code> enabled, calls the <code>DriverManager.setLogWriter</code> method, <code>DriverManager.setLogStream</code> (deprecated) method, <code>SyncFactory.setJNDIContext</code> method, <code>SyncFactory.setLogger</code> method, <code>Connection.setNetworktimeout</code> method, or the <code>Connection.abort</code> method. If there is no <code>SQLPermission</code> object, these methods throw a <code>java.lang.SecurityException</code> as a runtime exception.                                                       </p><p> A <code>SQLPermission</code> object contains a name (also referred to as a "target name") but no actions list; there is either a named permission or there is not. The target name is the name of the permission (see below). The naming convention follows the hierarchical property naming convention. In addition, an asterisk may appear at the end of the name, following a ".", or by itself, to signify a wildcard match. For example: <code>loadLibrary.*</code> or <code>*</code> is valid, but <code>*loadLibrary</code> or <code>a*b</code> is not valid.                                                                                    </p><p> The following table lists all the possible <code>SQLPermission</code> target names. The table gives a description of what the permission allows and a discussion of the risks of granting code the permission.                               </p><p><table border="1" cellpadding="5" summary="permission target name, what the permission allows, and associated risks"><tbody><tr><th>Permission Target Name  </th><th>What the Permission Allows   </th><th>Risks of Allowing this Permission    </th></tr><tr><td>setLog</td><td>Setting of the logging stream    </td><td>This is a dangerous permission to grant. The contents of the log may contain usernames and passwords, SQL statements, and SQL data.                     </td></tr><tr><td>callAbort</td><td>Allows the invocation of the <code>Connection</code> method <code>abort</code>       </td><td>Permits an application to terminate a physical connection to a database.          </td></tr><tr><td>setSyncFactory</td><td>Allows the invocation of the <code>SyncFactory</code> methods <code>setJNDIContext</code> and <code>setLogger</code>         </td><td>Permits an application to specify the JNDI context from which the <code>SyncProvider</code> implementations can be retrieved from and the logging object to be used by the <code>SyncProvider</code> implementation.                           </td></tr><tr><td>setNetworkTimeout</td><td>Allows the invocation of the <code>Connection</code> method <code>setNetworkTimeout</code>       </td><td>Permits an application to specify the maximum period a <code>Connection</code> or objects created from the <code>Connection</code> will wait for the database to reply to any one request.                          </td></tr></tbody></table></p><p> The person running an applet decides what permissions to allow and will run the <code>Policy Tool </code> to create an <code>SQLPermission</code> in a policy file. A programmer does not use a constructor directly to create an instance of <code>SQLPermission</code> but rather uses a tool.                                          </p><p/><p><dl> <dt> <b>Since:</b>   </dt><dd>1.3</dd> <dt> <b>See Also: </b>   </dt><dd> <code>BasicPermission</code>, <code>Permission</code>, <code>Permissions</code>, <code>PermissionCollection</code>, <code>SecurityManager</code>, <a href="../../serialized-form.html#java.sql.SQLPermission">Serialized Form </a>      </dd>  </dl> <a end_ctx_id="class:SQLPermission"/> </p> </td></tr></table></td></tr></table><table border="0" cellpadding="1" cellspacing="0" width="100%"><tr><td><h3 class="ctxid">constructor:SQLPermission(java.lang.String) [NONE]</h3></td></tr><tr><td><table border="0" cellpadding="5" cellspacing="1" bgcolor="black" width="100%"><tr valign="top"><td bgcolor="#FFFFFF" colspan="1"> <a start_ctx_id="constructor:SQLPermission(java.lang.String)"/><a name="SQLPermission(java.lang.String)"/><h3> SQLPermission </h3><pre>
public <b>SQLPermission</b>(java.lang.String name)</pre><dl><dd>Creates a new <code>SQLPermission</code> object with the specified name. The name is the symbolic name of the <code>SQLPermission</code>; currently, the only name allowed is "setLog".<p><dl> <dt> <b>Parameters:</b>   </dt><dd> <code>name</code> - the name of this <code>SQLPermission</code> object, which must be <code>setLog</code>            </dd> <dt> <b>Throws:</b>   </dt><dd> <code>java.lang.NullPointerException</code> - if <code>name</code> is <code>null</code>.      </dd><dd> <code>java.lang.IllegalArgumentException</code> - if <code>name</code> is empty.      </dd>  </dl></p>                        </dd></dl> <a end_ctx_id="constructor:SQLPermission(java.lang.String)"/>  </td></tr></table></td></tr></table><table border="0" cellpadding="1" cellspacing="0" width="100%"><tr><td><h3 class="ctxid">constructor:SQLPermission(java.lang.String, java.lang.String) [NONE]</h3></td></tr><tr><td><table border="0" cellpadding="5" cellspacing="1" bgcolor="black" width="100%"><tr valign="top"><td bgcolor="#FFFFFF" colspan="1"> <a start_ctx_id="constructor:SQLPermission(java.lang.String, java.lang.String)"/><a name="SQLPermission(java.lang.String, java.lang.String)"/><h3> SQLPermission </h3><pre>
public <b>SQLPermission</b>(java.lang.String name,
                     java.lang.String actions)</pre><dl><dd>Creates a new <code>SQLPermission</code> object with the specified name. The name is the symbolic name of the <code>SQLPermission</code>; the actions <code>String</code> is currently unused and should be <code>null</code>.<p><dl> <dt> <b>Parameters:</b>   </dt><dd> <code>name</code> - the name of this <code>SQLPermission</code> object, which must be <code>setLog</code>            </dd><dd> <code>actions</code> - should be <code>null</code>     </dd> <dt> <b>Throws:</b>   </dt><dd> <code>java.lang.NullPointerException</code> - if <code>name</code> is <code>null</code>.      </dd><dd> <code>java.lang.IllegalArgumentException</code> - if <code>name</code> is empty.      </dd>  </dl></p>                           </dd></dl> <a end_ctx_id="constructor:SQLPermission(java.lang.String, java.lang.String)"/>  </td></tr></table></td></tr></table></diff></diffreport>