<?xml version="1.0" encoding="UTF-8" standalone="yes"?><Document><name>java/sql/SQLTransientException.spec</name><Context><name>class:SQLTransientException</name><mt>NONE</mt></Context><Context><name>constructor:SQLTransientException()</name><mt>NONE</mt></Context><Context><name>constructor:SQLTransientException(java.lang.String)</name><mt>NONE</mt></Context><Context><name>constructor:SQLTransientException(java.lang.String, java.lang.String)</name><mt>NONE</mt></Context><Context><name>constructor:SQLTransientException(java.lang.String, java.lang.String, int)</name><mt>NONE</mt></Context><Context><name>constructor:SQLTransientException(java.lang.String, java.lang.String, int, java.lang.Throwable)</name><mt>NONE</mt></Context><Context><name>constructor:SQLTransientException(java.lang.String, java.lang.String, java.lang.Throwable)</name><mt>NONE</mt></Context><Context><name>constructor:SQLTransientException(java.lang.String, java.lang.Throwable)</name><mt>NONE</mt></Context><Context><name>constructor:SQLTransientException(java.lang.Throwable)</name><mt>NONE</mt></Context><Stat><name>java/sql/SQLTransientException.spec</name><mt>NONE</mt><Group name="context"><Item count="0" name="ADDED"/><Item count="0" name="REMOVED"/><Item count="0" name="CHANGED"/><Item count="0" name="MODIFIED"/><Item count="9" name="TOTAL"/></Group><Group name="assertion"><Item count="0" name="ADDED"/><Item count="0" name="REMOVED"/><Item count="0" name="CHANGED"/><Item count="0" name="MODIFIED"/><Item count="0" name="TOTAL"/></Group></Stat></Document>