<?xml version="1.0" encoding="UTF-8" standalone="yes"?><Document><name>java/sql/SQLWarning.spec</name><Context><name>class:SQLWarning</name><mt>NONE</mt></Context><Context><name>constructor:SQLWarning()</name><mt>NONE</mt></Context><Context><name>constructor:SQLWarning(java.lang.String)</name><mt>NONE</mt></Context><Context><name>constructor:SQLWarning(java.lang.String, java.lang.String)</name><mt>NONE</mt></Context><Context><name>constructor:SQLWarning(java.lang.String, java.lang.String, int)</name><mt>NONE</mt></Context><Context><name>constructor:SQLWarning(java.lang.String, java.lang.String, int, java.lang.Throwable)</name><mt>NONE</mt></Context><Context><name>constructor:SQLWarning(java.lang.String, java.lang.String, java.lang.Throwable)</name><mt>NONE</mt></Context><Context><name>constructor:SQLWarning(java.lang.String, java.lang.Throwable)</name><mt>NONE</mt></Context><Context><name>constructor:SQLWarning(java.lang.Throwable)</name><mt>NONE</mt></Context><Context><name>method:getNextWarning()</name><mt>NONE</mt></Context><Context><name>method:setNextWarning(java.sql.SQLWarning)</name><mt>NONE</mt></Context><Stat><name>java/sql/SQLWarning.spec</name><mt>NONE</mt><Group name="context"><Item count="0" name="ADDED"/><Item count="0" name="REMOVED"/><Item count="0" name="CHANGED"/><Item count="0" name="MODIFIED"/><Item count="11" name="TOTAL"/></Group><Group name="assertion"><Item count="0" name="ADDED"/><Item count="0" name="REMOVED"/><Item count="0" name="CHANGED"/><Item count="0" name="MODIFIED"/><Item count="0" name="TOTAL"/></Group></Stat></Document>