<?xml version="1.0" encoding="UTF-8"?><diffreport><diff><table border="0" cellpadding="1" cellspacing="0" width="100%"><tr><td><h3 class="ctxid">class:SQLWarning [NONE]</h3></td></tr><tr><td><table border="0" cellpadding="5" cellspacing="1" bgcolor="black" width="100%"><tr valign="top"><td bgcolor="#FFFFFF" colspan="1"> <a start_ctx_id="class:SQLWarning"/><dl> <dt><pre>public class <b>SQLWarning</b></pre>  </dt> <dt>extends <a href="../../java/sql/SQLException.html" title="class in java.sql">SQLException</a>   </dt>  </dl><p/><p>An exception that provides information on database access warnings. Warnings are silently chained to the object whose method caused it to be reported.                      </p><p> Warnings may be retrieved from <code>Connection</code>, <code>Statement</code>, and <code>ResultSet</code> objects. Trying to retrieve a warning on a connection after it has been closed will cause an exception to be thrown. Similarly, trying to retrieve a warning on a statement after it has been closed or on a result set after it has been closed will cause an exception to be thrown. Note that closing a statement also closes a result set that it might have produced.                                                                            </p><p/><p><dl> <dt> <b>See Also: </b>   </dt><dd> <a href="../../java/sql/Connection.html#getWarnings()"><code>Connection.getWarnings()</code></a>, <a href="../../java/sql/Statement.html#getWarnings()"><code>Statement.getWarnings()</code></a>, <a href="../../java/sql/ResultSet.html#getWarnings()"><code>ResultSet.getWarnings()</code></a>, <a href="../../serialized-form.html#java.sql.SQLWarning">Serialized Form </a>    </dd> </dl> <a end_ctx_id="class:SQLWarning"/> </p> </td></tr></table></td></tr></table><table border="0" cellpadding="1" cellspacing="0" width="100%"><tr><td><h3 class="ctxid">constructor:SQLWarning(java.lang.String, java.lang.String, int) [NONE]</h3></td></tr><tr><td><table border="0" cellpadding="5" cellspacing="1" bgcolor="black" width="100%"><tr valign="top"><td bgcolor="#FFFFFF" colspan="1"> <a start_ctx_id="constructor:SQLWarning(java.lang.String, java.lang.String, int)"/><a name="SQLWarning(java.lang.String, java.lang.String, int)"/><h3> SQLWarning </h3><pre>
public <b>SQLWarning</b>(java.lang.String reason,
                  java.lang.String SQLState,
                  int vendorCode)</pre><dl><dd>Constructs a <code>SQLWarning</code> object with a given <code>reason</code>, <code>SQLState</code> and <code>vendorCode</code>. The <code>cause</code> is not initialized, and may subsequently be initialized by a call to the <code>Throwable.initCause(java.lang.Throwable)</code> method.<p/><p><dl> <dt> <b>Parameters:</b>   </dt><dd> <code>reason</code> - a description of the warning       </dd><dd> <code>SQLState</code> - an XOPEN or SQL:2003 code identifying the warning          </dd><dd> <code>vendorCode</code> - a database vendor-specific warning code       </dd> </dl></p>                           </dd></dl> <a end_ctx_id="constructor:SQLWarning(java.lang.String, java.lang.String, int)"/>  </td></tr></table></td></tr></table><table border="0" cellpadding="1" cellspacing="0" width="100%"><tr><td><h3 class="ctxid">constructor:SQLWarning(java.lang.String, java.lang.String) [NONE]</h3></td></tr><tr><td><table border="0" cellpadding="5" cellspacing="1" bgcolor="black" width="100%"><tr valign="top"><td bgcolor="#FFFFFF" colspan="1"> <a start_ctx_id="constructor:SQLWarning(java.lang.String, java.lang.String)"/><a name="SQLWarning(java.lang.String, java.lang.String)"/><h3> SQLWarning </h3><pre>
public <b>SQLWarning</b>(java.lang.String reason,
                  java.lang.String SQLState)</pre><dl><dd>Constructs a <code>SQLWarning</code> object with a given <code>reason</code> and <code>SQLState</code>. The <code>cause</code> is not initialized, and may subsequently be initialized by a call to the <code>Throwable.initCause(java.lang.Throwable)</code> method. The vendor code is initialized to 0.<p/><p><dl> <dt> <b>Parameters:</b>   </dt><dd> <code>reason</code> - a description of the warning       </dd><dd> <code>SQLState</code> - an XOPEN or SQL:2003 code identifying the warning          </dd> </dl></p>                                 </dd></dl> <a end_ctx_id="constructor:SQLWarning(java.lang.String, java.lang.String)"/>  </td></tr></table></td></tr></table><table border="0" cellpadding="1" cellspacing="0" width="100%"><tr><td><h3 class="ctxid">constructor:SQLWarning(java.lang.String) [NONE]</h3></td></tr><tr><td><table border="0" cellpadding="5" cellspacing="1" bgcolor="black" width="100%"><tr valign="top"><td bgcolor="#FFFFFF" colspan="1"> <a start_ctx_id="constructor:SQLWarning(java.lang.String)"/><a name="SQLWarning(java.lang.String)"/><h3> SQLWarning </h3><pre>
public <b>SQLWarning</b>(java.lang.String reason)</pre><dl><dd>Constructs a <code>SQLWarning</code> object with a given <code>reason</code>. The <code>SQLState</code> is initialized to <code>null</code> and the vender code is initialized to 0. The <code>cause</code> is not initialized, and may subsequently be initialized by a call to the <code>Throwable.initCause(java.lang.Throwable)</code> method.<p/><p><dl> <dt> <b>Parameters:</b>   </dt><dd> <code>reason</code> - a description of the warning       </dd> </dl></p>                                      </dd></dl> <a end_ctx_id="constructor:SQLWarning(java.lang.String)"/>  </td></tr></table></td></tr></table><table border="0" cellpadding="1" cellspacing="0" width="100%"><tr><td><h3 class="ctxid">constructor:SQLWarning() [NONE]</h3></td></tr><tr><td><table border="0" cellpadding="5" cellspacing="1" bgcolor="black" width="100%"><tr valign="top"><td bgcolor="#FFFFFF" colspan="1"> <a start_ctx_id="constructor:SQLWarning()"/><a name="SQLWarning()"/><h3> SQLWarning </h3><pre>
public <b>SQLWarning</b>()</pre><dl><dd>Constructs a <code>SQLWarning</code> object. The <code>reason</code>, <code>SQLState</code> are initialized to <code>null</code> and the vendor code is initialized to 0. The <code>cause</code> is not initialized, and may subsequently be initialized by a call to the <code>Throwable.initCause(java.lang.Throwable)</code> method.<p/><p/>                                   </dd></dl> <a end_ctx_id="constructor:SQLWarning()"/>  </td></tr></table></td></tr></table><table border="0" cellpadding="1" cellspacing="0" width="100%"><tr><td><h3 class="ctxid">constructor:SQLWarning(java.lang.Throwable) [NONE]</h3></td></tr><tr><td><table border="0" cellpadding="5" cellspacing="1" bgcolor="black" width="100%"><tr valign="top"><td bgcolor="#FFFFFF" colspan="1"> <a start_ctx_id="constructor:SQLWarning(java.lang.Throwable)"/><a name="SQLWarning(java.lang.Throwable)"/><h3> SQLWarning </h3><pre>
public <b>SQLWarning</b>(java.lang.Throwable cause)</pre><dl><dd>Constructs a <code>SQLWarning</code> object with a given <code>cause</code>. The <code>SQLState</code> is initialized to <code>null</code> and the vendor code is initialized to 0. The <code>reason</code> is initialized to <code>null</code> if <code>cause==null</code> or to <code>cause.toString()</code> if <code>cause!=null</code>.<p/><p><dl> <dt> <b>Parameters:</b>   </dt><dd> <code>cause</code> - the underlying reason for this <code>SQLWarning</code> (which is saved for later retrieval by the <code>getCause()</code> method); may be null indicating the cause is non-existent or unknown.                            </dd> </dl></p>                                  </dd></dl> <a end_ctx_id="constructor:SQLWarning(java.lang.Throwable)"/>  </td></tr></table></td></tr></table><table border="0" cellpadding="1" cellspacing="0" width="100%"><tr><td><h3 class="ctxid">constructor:SQLWarning(java.lang.String, java.lang.Throwable) [NONE]</h3></td></tr><tr><td><table border="0" cellpadding="5" cellspacing="1" bgcolor="black" width="100%"><tr valign="top"><td bgcolor="#FFFFFF" colspan="1"> <a start_ctx_id="constructor:SQLWarning(java.lang.String, java.lang.Throwable)"/><a name="SQLWarning(java.lang.String, java.lang.Throwable)"/><h3> SQLWarning </h3><pre>
public <b>SQLWarning</b>(java.lang.String reason,
                  java.lang.Throwable cause)</pre><dl><dd>Constructs a <code>SQLWarning</code> object with a given <code>reason</code> and <code>cause</code>. The <code>SQLState</code> is initialized to <code>null</code> and the vendor code is initialized to 0.<p/><p><dl> <dt> <b>Parameters:</b>   </dt><dd> <code>reason</code> - a description of the warning       </dd><dd> <code>cause</code> - the underlying reason for this <code>SQLWarning</code> (which is saved for later retrieval by the <code>getCause()</code> method); may be null indicating the cause is non-existent or unknown.                            </dd> </dl></p>                       </dd></dl> <a end_ctx_id="constructor:SQLWarning(java.lang.String, java.lang.Throwable)"/>  </td></tr></table></td></tr></table><table border="0" cellpadding="1" cellspacing="0" width="100%"><tr><td><h3 class="ctxid">constructor:SQLWarning(java.lang.String, java.lang.String, java.lang.Throwable) [NONE]</h3></td></tr><tr><td><table border="0" cellpadding="5" cellspacing="1" bgcolor="black" width="100%"><tr valign="top"><td bgcolor="#FFFFFF" colspan="1"> <a start_ctx_id="constructor:SQLWarning(java.lang.String, java.lang.String, java.lang.Throwable)"/><a name="SQLWarning(java.lang.String, java.lang.String, java.lang.Throwable)"/><h3> SQLWarning </h3><pre>
public <b>SQLWarning</b>(java.lang.String reason,
                  java.lang.String SQLState,
                  java.lang.Throwable cause)</pre><dl><dd>Constructs a <code>SQLWarning</code> object with a given <code>reason</code>, <code>SQLState</code> and <code>cause</code>. The vendor code is initialized to 0.<p/><p><dl> <dt> <b>Parameters:</b>   </dt><dd> <code>reason</code> - a description of the warning       </dd><dd> <code>SQLState</code> - an XOPEN or SQL:2003 code identifying the warning          </dd><dd> <code>cause</code> - the underlying reason for this <code>SQLWarning</code> (which is saved for later retrieval by the <code>getCause()</code> method); may be null indicating the cause is non-existent or unknown.                            </dd> </dl></p>                 </dd></dl> <a end_ctx_id="constructor:SQLWarning(java.lang.String, java.lang.String, java.lang.Throwable)"/>  </td></tr></table></td></tr></table><table border="0" cellpadding="1" cellspacing="0" width="100%"><tr><td><h3 class="ctxid">constructor:SQLWarning(java.lang.String, java.lang.String, int, java.lang.Throwable) [NONE]</h3></td></tr><tr><td><table border="0" cellpadding="5" cellspacing="1" bgcolor="black" width="100%"><tr valign="top"><td bgcolor="#FFFFFF" colspan="1"> <a start_ctx_id="constructor:SQLWarning(java.lang.String, java.lang.String, int, java.lang.Throwable)"/><a name="SQLWarning(java.lang.String, java.lang.String, int, java.lang.Throwable)"/><h3> SQLWarning </h3><pre>
public <b>SQLWarning</b>(java.lang.String reason,
                  java.lang.String SQLState,
                  int vendorCode,
                  java.lang.Throwable cause)</pre><dl><dd>Constructs a<code>SQLWarning</code> object with a given <code>reason</code>, <code>SQLState</code>, <code>vendorCode</code> and <code>cause</code>.<p/><p><dl> <dt> <b>Parameters:</b>   </dt><dd> <code>reason</code> - a description of the warning       </dd><dd> <code>SQLState</code> - an XOPEN or SQL:2003 code identifying the warning          </dd><dd> <code>vendorCode</code> - a database vendor-specific warning code       </dd><dd> <code>cause</code> - the underlying reason for this <code>SQLWarning</code> (which is saved for later retrieval by the <code>getCause()</code> method); may be null indicating the cause is non-existent or unknown.                            </dd> </dl></p>          </dd></dl> <a end_ctx_id="constructor:SQLWarning(java.lang.String, java.lang.String, int, java.lang.Throwable)"/>  </td></tr></table></td></tr></table><table border="0" cellpadding="1" cellspacing="0" width="100%"><tr><td><h3 class="ctxid">method:getNextWarning() [NONE]</h3></td></tr><tr><td><table border="0" cellpadding="5" cellspacing="1" bgcolor="black" width="100%"><tr valign="top"><td bgcolor="#FFFFFF" colspan="1"> <a start_ctx_id="method:getNextWarning()"/><a name="getNextWarning()"/><h3> getNextWarning </h3><pre>
public <a href="../../java/sql/SQLWarning.html" title="class in java.sql">SQLWarning</a><b>getNextWarning</b>()</pre><dl><dd>Retrieves the warning chained to this <code>SQLWarning</code> object by <code>setNextWarning</code>.<p/>         </dd><dd><dl> <dt> <b>Returns:</b>   </dt><dd>the next <code>SQLException</code> in the chain; <code>null</code> if none        </dd> <dt> <b>See Also: </b>   </dt><dd> <a href="../../java/sql/SQLWarning.html#setNextWarning(java.sql.SQLWarning)"><code>setNextWarning(java.sql.SQLWarning)</code></a> </dd>  </dl></dd></dl> <a end_ctx_id="method:getNextWarning()"/>  </td></tr></table></td></tr></table><table border="0" cellpadding="1" cellspacing="0" width="100%"><tr><td><h3 class="ctxid">method:setNextWarning(java.sql.SQLWarning) [NONE]</h3></td></tr><tr><td><table border="0" cellpadding="5" cellspacing="1" bgcolor="black" width="100%"><tr valign="top"><td bgcolor="#FFFFFF" colspan="1"> <a start_ctx_id="method:setNextWarning(java.sql.SQLWarning)"/><a name="setNextWarning(java.sql.SQLWarning)"/><h3> setNextWarning </h3><pre>
public void <b>setNextWarning</b>(<a href="../../java/sql/SQLWarning.html" title="class in java.sql">SQLWarning</a> w)</pre><dl><dd>Adds a <code>SQLWarning</code> object to the end of the chain.<p/>         </dd><dd><dl> <dt> <b>Parameters:</b>   </dt><dd> <code>w</code> - the new end of the <code>SQLException</code> chain         </dd> <dt> <b>See Also: </b>   </dt><dd> <a href="../../java/sql/SQLWarning.html#getNextWarning()"><code>getNextWarning()</code></a> </dd>  </dl></dd></dl> <a end_ctx_id="method:setNextWarning(java.sql.SQLWarning)"/>  </td></tr></table></td></tr></table></diff></diffreport>