<?xml version="1.0" encoding="UTF-8" standalone="yes"?><Document><name>java/sql/SQLXML.spec</name><Context><name>class:SQLXML</name><mt>NONE</mt></Context><Context><name>method:free()</name><mt>NONE</mt></Context><Context><name>method:getBinaryStream()</name><mt>NONE</mt></Context><Context><name>method:getCharacterStream()</name><mt>NONE</mt></Context><Context><name>method:getSource(java.lang.Class)</name><mt>NONE</mt></Context><Context><name>method:getString()</name><mt>NONE</mt></Context><Context><name>method:setBinaryStream()</name><mt>NONE</mt></Context><Context><name>method:setCharacterStream()</name><mt>NONE</mt></Context><Context><name>method:setResult(java.lang.Class)</name><mt>NONE</mt></Context><Context><name>method:setString(java.lang.String)</name><mt>NONE</mt></Context><Stat><name>java/sql/SQLXML.spec</name><mt>NONE</mt><Group name="context"><Item count="0" name="ADDED"/><Item count="0" name="REMOVED"/><Item count="0" name="CHANGED"/><Item count="0" name="MODIFIED"/><Item count="10" name="TOTAL"/></Group><Group name="assertion"><Item count="0" name="ADDED"/><Item count="0" name="REMOVED"/><Item count="0" name="CHANGED"/><Item count="0" name="MODIFIED"/><Item count="0" name="TOTAL"/></Group></Stat></Document>