<?xml version="1.0" encoding="UTF-8" standalone="yes"?><Document><name>java/sql/Struct.spec</name><Context><name>class:Struct</name><mt>NONE</mt></Context><Context><name>method:getAttributes()</name><mt>NONE</mt></Context><Context><name>method:getAttributes(java.util.Map)</name><mt>NONE</mt></Context><Context><name>method:getSQLTypeName()</name><mt>NONE</mt></Context><Stat><name>java/sql/Struct.spec</name><mt>NONE</mt><Group name="context"><Item count="0" name="ADDED"/><Item count="0" name="REMOVED"/><Item count="0" name="CHANGED"/><Item count="0" name="MODIFIED"/><Item count="4" name="TOTAL"/></Group><Group name="assertion"><Item count="0" name="ADDED"/><Item count="0" name="REMOVED"/><Item count="0" name="CHANGED"/><Item count="0" name="MODIFIED"/><Item count="0" name="TOTAL"/></Group></Stat></Document>