<?xml version="1.0" encoding="UTF-8"?><diffreport><diff><table border="0" cellpadding="1" cellspacing="0" width="100%"><tr><td><h3 class="ctxid">class:Struct [NONE]</h3></td></tr><tr><td><table border="0" cellpadding="5" cellspacing="1" bgcolor="black" width="100%"><tr valign="top"><td bgcolor="#FFFFFF" colspan="1"> <a start_ctx_id="class:Struct"/><dl> <dt><pre>public interface <b>Struct</b></pre>  </dt> </dl><p/><p>The standard mapping in the Java programming language for an SQL structured type. A <code>Struct</code> object contains a value for each attribute of the SQL structured type that it represents. By default, an instance of<code>Struct</code> is valid as long as the application has a reference to it.                                              </p><p> All methods on the <code>Struct</code> interface must be fully implemented if the JDBC driver supports the data type.                  </p><p/><p><dl> <dt> <b>Since:</b>   </dt><dd>1.2</dd> </dl> <a end_ctx_id="class:Struct"/> </p> </td></tr></table></td></tr></table><table border="0" cellpadding="1" cellspacing="0" width="100%"><tr><td><h3 class="ctxid">method:getSQLTypeName() [NONE]</h3></td></tr><tr><td><table border="0" cellpadding="5" cellspacing="1" bgcolor="black" width="100%"><tr valign="top"><td bgcolor="#FFFFFF" colspan="1"> <a start_ctx_id="method:getSQLTypeName()"/><a name="getSQLTypeName()"/><h3> getSQLTypeName </h3><pre>
java.lang.String <b>getSQLTypeName</b>()
                                throws <a href="../../java/sql/SQLException.html" title="class in java.sql">SQLException</a></pre><dl><dd>Retrieves the SQL type name of the SQL structured type that this <code>Struct</code> object represents.<p/>              </dd><dd><dl> <dt> <b>Returns:</b>   </dt><dd>the fully-qualified type name of the SQL structured type for which this <code>Struct</code> object is the generic representation                 </dd> <dt> <b>Throws:</b>   </dt><dd> <code><a href="../../java/sql/SQLException.html" title="class in java.sql">SQLException</a></code> - if a database access error occurs        </dd><dd> <code><a href="../../java/sql/SQLFeatureNotSupportedException.html" title="class in java.sql">SQLFeatureNotSupportedException</a></code> - if the JDBC driver does not support this method           </dd> <dt> <b>Since:</b>   </dt><dd>1.2</dd>   </dl></dd></dl> <a end_ctx_id="method:getSQLTypeName()"/>  </td></tr></table></td></tr></table><table border="0" cellpadding="1" cellspacing="0" width="100%"><tr><td><h3 class="ctxid">method:getAttributes() [NONE]</h3></td></tr><tr><td><table border="0" cellpadding="5" cellspacing="1" bgcolor="black" width="100%"><tr valign="top"><td bgcolor="#FFFFFF" colspan="1"> <a start_ctx_id="method:getAttributes()"/><a name="getAttributes()"/><h3> getAttributes </h3><pre>
java.lang.Object[] <b>getAttributes</b>()
                                 throws <a href="../../java/sql/SQLException.html" title="class in java.sql">SQLException</a></pre><dl><dd>Produces the ordered values of the attributes of the SQL structured type that this <code>Struct</code> object represents. As individual attributes are processed, this method uses the type map associated with the connection for customizations of the type mappings. If there is no entry in the connection's type map that matches the structured type that an attribute represents, the driver uses the standard mapping.<p> Conceptually, this method calls the method <code>getObject</code> on each attribute of the structured type and returns a Java array containing the result.                      </p><p/>                                                              </dd><dd><dl> <dt> <b>Returns:</b>   </dt><dd>an array containing the ordered attribute values      </dd> <dt> <b>Throws:</b>   </dt><dd> <code><a href="../../java/sql/SQLException.html" title="class in java.sql">SQLException</a></code> - if a database access error occurs        </dd><dd> <code><a href="../../java/sql/SQLFeatureNotSupportedException.html" title="class in java.sql">SQLFeatureNotSupportedException</a></code> - if the JDBC driver does not support this method           </dd> <dt> <b>Since:</b>   </dt><dd>1.2</dd>   </dl></dd></dl> <a end_ctx_id="method:getAttributes()"/>  </td></tr></table></td></tr></table><table border="0" cellpadding="1" cellspacing="0" width="100%"><tr><td><h3 class="ctxid">method:getAttributes(java.util.Map) [NONE]</h3></td></tr><tr><td><table border="0" cellpadding="5" cellspacing="1" bgcolor="black" width="100%"><tr valign="top"><td bgcolor="#FFFFFF" colspan="1"> <a start_ctx_id="method:getAttributes(java.util.Map)"/><a name="getAttributes(java.util.Map)"/><h3> getAttributes </h3><pre>
java.lang.Object[] <b>getAttributes</b>(java.util.Map&lt;java.lang.String,java.lang.Class&lt;?&gt;&gt; map)
                                 throws <a href="../../java/sql/SQLException.html" title="class in java.sql">SQLException</a></pre><dl><dd>Produces the ordered values of the attributes of the SQL structured type that this <code>Struct</code> object represents. As individual attrbutes are proccessed, this method uses the given type map for customizations of the type mappings. If there is no entry in the given type map that matches the structured type that an attribute represents, the driver uses the standard mapping. This method never uses the type map associated with the connection.<p> Conceptually, this method calls the method <code>getObject</code> on each attribute of the structured type and returns a Java array containing the result.                      </p><p/>                                                                      </dd><dd><dl> <dt> <b>Parameters:</b>   </dt><dd> <code>map</code> - a mapping of SQL type names to Java classes           </dd> <dt> <b>Returns:</b>   </dt><dd>an array containing the ordered attribute values      </dd> <dt> <b>Throws:</b>   </dt><dd> <code><a href="../../java/sql/SQLException.html" title="class in java.sql">SQLException</a></code> - if a database access error occurs        </dd><dd> <code><a href="../../java/sql/SQLFeatureNotSupportedException.html" title="class in java.sql">SQLFeatureNotSupportedException</a></code> - if the JDBC driver does not support this method           </dd> <dt> <b>Since:</b>   </dt><dd>1.2</dd>    </dl></dd></dl> <a end_ctx_id="method:getAttributes(java.util.Map)"/>  </td></tr></table></td></tr></table></diff></diffreport>