<?xml version="1.0" encoding="UTF-8"?><diffreport><diff><table border="0" cellpadding="1" cellspacing="0" width="100%"><tr><td><h3 class="ctxid">class:Time [NONE]</h3></td></tr><tr><td><table border="0" cellpadding="5" cellspacing="1" bgcolor="black" width="100%"><tr valign="top"><td bgcolor="#FFFFFF" colspan="1"> <a start_ctx_id="class:Time"/><dl> <dt><pre>public class <b>Time</b></pre>  </dt> <dt>extends java.util.Date </dt>  </dl><p/><p>A thin wrapper around the <code>java.util.Date</code> class that allows the JDBC API to identify this as an SQL <code>TIME</code> value. The <code>Time</code> class adds formatting and parsing operations to support the JDBC escape syntax for time values.                                    </p><p>The date components should be set to the "zero epoch" value of January 1, 1970 and should not be accessed.                   </p><p/><p><dl> <dt> <b>See Also: </b>   </dt><dd> <a href="../../serialized-form.html#java.sql.Time">Serialized Form </a> </dd> </dl> <a end_ctx_id="class:Time"/> </p> </td></tr></table></td></tr></table><table border="0" cellpadding="1" cellspacing="0" width="100%"><tr><td><h3 class="ctxid">constructor:Time(int, int, int) [NONE]</h3></td></tr><tr><td><table border="0" cellpadding="5" cellspacing="1" bgcolor="black" width="100%"><tr valign="top"><td bgcolor="#FFFFFF" colspan="1"> <a start_ctx_id="constructor:Time(int, int, int)"/><a name="Time(int, int, int)"/><h3> Time </h3><pre>

<font size="-1">@Deprecated
</font>public <b>Time</b>(int hour,
                       int minute,
                       int second)</pre><dl><dd> <b>Deprecated.</b> <i>Use the constructor that takes a milliseconds value in place of this constructor            </i><p/> </dd><dd>Constructs a <code>Time</code> object initialized with the given values for the hour, minute, and second. The driver sets the date components to January 1, 1970. Any method that attempts to access the date components of a <code>Time</code> object will throw a <code>java.lang.IllegalArgumentException</code>.<p> The result is undefined if a given argument is out of bounds.            </p><p><dl> <dt> <b>Parameters:</b>   </dt><dd> <code>hour</code> - 0 to 23     </dd><dd> <code>minute</code> - 0 to 59     </dd><dd> <code>second</code> - 0 to 59     </dd> </dl></p>                                         </dd></dl> <a end_ctx_id="constructor:Time(int, int, int)"/>  </td></tr></table></td></tr></table><table border="0" cellpadding="1" cellspacing="0" width="100%"><tr><td><h3 class="ctxid">constructor:Time(long) [NONE]</h3></td></tr><tr><td><table border="0" cellpadding="5" cellspacing="1" bgcolor="black" width="100%"><tr valign="top"><td bgcolor="#FFFFFF" colspan="1"> <a start_ctx_id="constructor:Time(long)"/><a name="Time(long)"/><h3> Time </h3><pre>
public <b>Time</b>(long time)</pre><dl><dd>Constructs a <code>Time</code> object using a milliseconds time value.<p><dl> <dt> <b>Parameters:</b>   </dt><dd> <code>time</code> - milliseconds since January 1, 1970, 00:00:00 GMT; a negative number is milliseconds before January 1, 1970, 00:00:00 GMT                    </dd> </dl></p>        </dd></dl> <a end_ctx_id="constructor:Time(long)"/>  </td></tr></table></td></tr></table><table border="0" cellpadding="1" cellspacing="0" width="100%"><tr><td><h3 class="ctxid">method:setTime(long) [NONE]</h3></td></tr><tr><td><table border="0" cellpadding="5" cellspacing="1" bgcolor="black" width="100%"><tr valign="top"><td bgcolor="#FFFFFF" colspan="1"> <a start_ctx_id="method:setTime(long)"/><a name="setTime(long)"/><h3> setTime </h3><pre>
public void <b>setTime</b>(long time)</pre><dl><dd>Sets a <code>Time</code> object using a milliseconds time value.<p/>        </dd><dd><dl> <dt> <b>Overrides:</b>   </dt><dd> <code>setTime</code> in class <code>java.util.Date</code>    </dd> </dl></dd><dd><dl> <dt> <b>Parameters:</b>   </dt><dd> <code>time</code> - milliseconds since January 1, 1970, 00:00:00 GMT; a negative number is milliseconds before January 1, 1970, 00:00:00 GMT                    </dd> </dl></dd></dl> <a end_ctx_id="method:setTime(long)"/>  </td></tr></table></td></tr></table><table border="0" cellpadding="1" cellspacing="0" width="100%"><tr><td><h3 class="ctxid">method:valueOf(java.lang.String) [NONE]</h3></td></tr><tr><td><table border="0" cellpadding="5" cellspacing="1" bgcolor="black" width="100%"><tr valign="top"><td bgcolor="#FFFFFF" colspan="1"> <a start_ctx_id="method:valueOf(java.lang.String)"/><a name="valueOf(java.lang.String)"/><h3> valueOf </h3><pre>
public static <a href="../../java/sql/Time.html" title="class in java.sql">Time</a><b>valueOf</b>(java.lang.String s)</pre><dl><dd>Converts a string in JDBC time escape format to a <code>Time</code> value.<p/>           </dd><dd><dl> <dt> <b>Parameters:</b>   </dt><dd> <code>s</code> - time in format "hh:mm:ss"      </dd> <dt> <b>Returns:</b>   </dt><dd>a corresponding <code>Time</code> object   </dd>  </dl></dd></dl> <a end_ctx_id="method:valueOf(java.lang.String)"/>  </td></tr></table></td></tr></table><table border="0" cellpadding="1" cellspacing="0" width="100%"><tr><td><h3 class="ctxid">method:toString() [NONE]</h3></td></tr><tr><td><table border="0" cellpadding="5" cellspacing="1" bgcolor="black" width="100%"><tr valign="top"><td bgcolor="#FFFFFF" colspan="1"> <a start_ctx_id="method:toString()"/><a name="toString()"/><h3> toString </h3><pre>
public java.lang.String <b>toString</b>()</pre><dl><dd>Formats a time in JDBC time escape format.<p/>       </dd><dd><dl> <dt> <b>Overrides:</b>   </dt><dd> <code>toString</code> in class <code>java.util.Date</code>    </dd> </dl></dd><dd><dl> <dt> <b>Returns:</b>   </dt><dd>a <code>String</code> in hh:mm:ss format    </dd> </dl></dd></dl> <a end_ctx_id="method:toString()"/>  </td></tr></table></td></tr></table><table border="0" cellpadding="1" cellspacing="0" width="100%"><tr><td><h3 class="ctxid">method:getYear() [NONE]</h3></td></tr><tr><td><table border="0" cellpadding="5" cellspacing="1" bgcolor="black" width="100%"><tr valign="top"><td bgcolor="#FFFFFF" colspan="1"> <a start_ctx_id="method:getYear()"/><a name="getYear()"/><h3> getYear </h3><pre>

<font size="-1">@Deprecated
</font>public int <b>getYear</b>()</pre><dl><dd> <b>Deprecated.</b> <i/><p/> </dd><dd>This method is deprecated and should not be used because SQL <code>TIME</code> values do not have a year component.<p/>                  </dd><dd><dl> <dt> <b>Overrides:</b>   </dt><dd> <code>getYear</code> in class <code>java.util.Date</code>    </dd> </dl></dd><dd><dl> <dt> <b>Throws:</b>   </dt><dd> <code>java.lang.IllegalArgumentException</code> - if this method is invoked       </dd> <dt> <b>See Also: </b>   </dt><dd> <a href="../../java/sql/Time.html#setYear(int)"><code>setYear(int)</code></a> </dd>  </dl></dd></dl> <a end_ctx_id="method:getYear()"/>  </td></tr></table></td></tr></table><table border="0" cellpadding="1" cellspacing="0" width="100%"><tr><td><h3 class="ctxid">method:getMonth() [NONE]</h3></td></tr><tr><td><table border="0" cellpadding="5" cellspacing="1" bgcolor="black" width="100%"><tr valign="top"><td bgcolor="#FFFFFF" colspan="1"> <a start_ctx_id="method:getMonth()"/><a name="getMonth()"/><h3> getMonth </h3><pre>

<font size="-1">@Deprecated
</font>public int <b>getMonth</b>()</pre><dl><dd> <b>Deprecated.</b> <i/><p/> </dd><dd>This method is deprecated and should not be used because SQL <code>TIME</code> values do not have a month component.<p/>                  </dd><dd><dl> <dt> <b>Overrides:</b>   </dt><dd> <code>getMonth</code> in class <code>java.util.Date</code>    </dd> </dl></dd><dd><dl> <dt> <b>Throws:</b>   </dt><dd> <code>java.lang.IllegalArgumentException</code> - if this method is invoked       </dd> <dt> <b>See Also: </b>   </dt><dd> <a href="../../java/sql/Time.html#setMonth(int)"><code>setMonth(int)</code></a> </dd>  </dl></dd></dl> <a end_ctx_id="method:getMonth()"/>  </td></tr></table></td></tr></table><table border="0" cellpadding="1" cellspacing="0" width="100%"><tr><td><h3 class="ctxid">method:getDay() [NONE]</h3></td></tr><tr><td><table border="0" cellpadding="5" cellspacing="1" bgcolor="black" width="100%"><tr valign="top"><td bgcolor="#FFFFFF" colspan="1"> <a start_ctx_id="method:getDay()"/><a name="getDay()"/><h3> getDay </h3><pre>

<font size="-1">@Deprecated
</font>public int <b>getDay</b>()</pre><dl><dd> <b>Deprecated.</b> <i/><p/> </dd><dd>This method is deprecated and should not be used because SQL <code>TIME</code> values do not have a day component.<p/>                  </dd><dd><dl> <dt> <b>Overrides:</b>   </dt><dd> <code>getDay</code> in class <code>java.util.Date</code>    </dd> </dl></dd><dd><dl> <dt> <b>Throws:</b>   </dt><dd> <code>java.lang.IllegalArgumentException</code> - if this method is invoked       </dd> </dl></dd></dl> <a end_ctx_id="method:getDay()"/>  </td></tr></table></td></tr></table><table border="0" cellpadding="1" cellspacing="0" width="100%"><tr><td><h3 class="ctxid">method:getDate() [NONE]</h3></td></tr><tr><td><table border="0" cellpadding="5" cellspacing="1" bgcolor="black" width="100%"><tr valign="top"><td bgcolor="#FFFFFF" colspan="1"> <a start_ctx_id="method:getDate()"/><a name="getDate()"/><h3> getDate </h3><pre>

<font size="-1">@Deprecated
</font>public int <b>getDate</b>()</pre><dl><dd> <b>Deprecated.</b> <i/><p/> </dd><dd>This method is deprecated and should not be used because SQL <code>TIME</code> values do not have a date component.<p/>                  </dd><dd><dl> <dt> <b>Overrides:</b>   </dt><dd> <code>getDate</code> in class <code>java.util.Date</code>    </dd> </dl></dd><dd><dl> <dt> <b>Throws:</b>   </dt><dd> <code>java.lang.IllegalArgumentException</code> - if this method is invoked       </dd> <dt> <b>See Also: </b>   </dt><dd> <a href="../../java/sql/Time.html#setDate(int)"><code>setDate(int)</code></a> </dd>  </dl></dd></dl> <a end_ctx_id="method:getDate()"/>  </td></tr></table></td></tr></table><table border="0" cellpadding="1" cellspacing="0" width="100%"><tr><td><h3 class="ctxid">method:setYear(int) [NONE]</h3></td></tr><tr><td><table border="0" cellpadding="5" cellspacing="1" bgcolor="black" width="100%"><tr valign="top"><td bgcolor="#FFFFFF" colspan="1"> <a start_ctx_id="method:setYear(int)"/><a name="setYear(int)"/><h3> setYear </h3><pre>

<font size="-1">@Deprecated
</font>public void <b>setYear</b>(int i)</pre><dl><dd> <b>Deprecated.</b> <i/><p/> </dd><dd>This method is deprecated and should not be used because SQL <code>TIME</code> values do not have a year component.<p/>                  </dd><dd><dl> <dt> <b>Overrides:</b>   </dt><dd> <code>setYear</code> in class <code>java.util.Date</code>    </dd> </dl></dd><dd><dl> <dt> <b>Throws:</b>   </dt><dd> <code>java.lang.IllegalArgumentException</code> - if this method is invoked       </dd> <dt> <b>See Also: </b>   </dt><dd> <a href="../../java/sql/Time.html#getYear()"><code>getYear()</code></a> </dd>  </dl></dd></dl> <a end_ctx_id="method:setYear(int)"/>  </td></tr></table></td></tr></table><table border="0" cellpadding="1" cellspacing="0" width="100%"><tr><td><h3 class="ctxid">method:setMonth(int) [NONE]</h3></td></tr><tr><td><table border="0" cellpadding="5" cellspacing="1" bgcolor="black" width="100%"><tr valign="top"><td bgcolor="#FFFFFF" colspan="1"> <a start_ctx_id="method:setMonth(int)"/><a name="setMonth(int)"/><h3> setMonth </h3><pre>

<font size="-1">@Deprecated
</font>public void <b>setMonth</b>(int i)</pre><dl><dd> <b>Deprecated.</b> <i/><p/> </dd><dd>This method is deprecated and should not be used because SQL <code>TIME</code> values do not have a month component.<p/>                  </dd><dd><dl> <dt> <b>Overrides:</b>   </dt><dd> <code>setMonth</code> in class <code>java.util.Date</code>    </dd> </dl></dd><dd><dl> <dt> <b>Throws:</b>   </dt><dd> <code>java.lang.IllegalArgumentException</code> - if this method is invoked       </dd> <dt> <b>See Also: </b>   </dt><dd> <a href="../../java/sql/Time.html#getMonth()"><code>getMonth()</code></a> </dd>  </dl></dd></dl> <a end_ctx_id="method:setMonth(int)"/>  </td></tr></table></td></tr></table><table border="0" cellpadding="1" cellspacing="0" width="100%"><tr><td><h3 class="ctxid">method:setDate(int) [NONE]</h3></td></tr><tr><td><table border="0" cellpadding="5" cellspacing="1" bgcolor="black" width="100%"><tr valign="top"><td bgcolor="#FFFFFF" colspan="1"> <a start_ctx_id="method:setDate(int)"/><a name="setDate(int)"/><h3> setDate </h3><pre>

<font size="-1">@Deprecated
</font>public void <b>setDate</b>(int i)</pre><dl><dd> <b>Deprecated.</b> <i/><p/> </dd><dd>This method is deprecated and should not be used because SQL <code>TIME</code> values do not have a date component.<p/>                  </dd><dd><dl> <dt> <b>Overrides:</b>   </dt><dd> <code>setDate</code> in class <code>java.util.Date</code>    </dd> </dl></dd><dd><dl> <dt> <b>Throws:</b>   </dt><dd> <code>java.lang.IllegalArgumentException</code> - if this method is invoked       </dd> <dt> <b>See Also: </b>   </dt><dd> <a href="../../java/sql/Time.html#getDate()"><code>getDate()</code></a> </dd>  </dl></dd></dl> <a end_ctx_id="method:setDate(int)"/>  </td></tr></table></td></tr></table></diff></diffreport>