<?xml version="1.0" encoding="UTF-8" standalone="yes"?><Document><name>java/sql/Time.spec</name><Context><name>class:Time</name><mt>NONE</mt></Context><Context><name>constructor:Time(int, int, int)</name><mt>NONE</mt></Context><Context><name>constructor:Time(long)</name><mt>NONE</mt></Context><Context><name>method:getDate()</name><mt>NONE</mt></Context><Context><name>method:getDay()</name><mt>NONE</mt></Context><Context><name>method:getMonth()</name><mt>NONE</mt></Context><Context><name>method:getYear()</name><mt>NONE</mt></Context><Context><name>method:setDate(int)</name><mt>NONE</mt></Context><Context><name>method:setMonth(int)</name><mt>NONE</mt></Context><Context><name>method:setTime(long)</name><mt>NONE</mt></Context><Context><name>method:setYear(int)</name><mt>NONE</mt></Context><Context><name>method:toString()</name><mt>NONE</mt></Context><Context><name>method:valueOf(java.lang.String)</name><mt>NONE</mt></Context><Stat><name>java/sql/Time.spec</name><mt>NONE</mt><Group name="context"><Item count="0" name="ADDED"/><Item count="0" name="REMOVED"/><Item count="0" name="CHANGED"/><Item count="0" name="MODIFIED"/><Item count="13" name="TOTAL"/></Group><Group name="assertion"><Item count="0" name="ADDED"/><Item count="0" name="REMOVED"/><Item count="0" name="CHANGED"/><Item count="0" name="MODIFIED"/><Item count="0" name="TOTAL"/></Group></Stat></Document>