<?xml version="1.0" encoding="UTF-8"?><diffreport><diff><table border="0" cellpadding="1" cellspacing="0" width="100%"><tr><td><h3 class="ctxid">class:Timestamp [NONE]</h3></td></tr><tr><td><table border="0" cellpadding="5" cellspacing="1" bgcolor="black" width="100%"><tr valign="top"><td bgcolor="#FFFFFF" colspan="1"> <a start_ctx_id="class:Timestamp"/><dl> <dt><pre>public class <b>Timestamp</b></pre>  </dt> <dt>extends java.util.Date </dt>  </dl><p/><p>A thin wrapper around <code>java.util.Date</code> that allows the JDBC API to identify this as an SQL <code>TIMESTAMP</code> value. It adds the ability to hold the SQL <code>TIMESTAMP</code> fractional seconds value, by allowing the specification of fractional seconds to a precision of nanoseconds. A Timestamp also provides formatting and parsing operations to support the JDBC escape syntax for timestamp values.                                                          </p><p>The precision of a Timestamp object is calculated to be either:<ul><li> <code>19  </code>, which is the number of characters in yyyy-mm-dd hh:mm:ss          </li><li> <code> 20 + s     </code>, which is the number of characters in the yyyy-mm-dd hh:mm:ss.[fff...] and <code>s</code> represents the scale of the given Timestamp, its fractional seconds precision.                        </li></ul>          </p><p> <b>Note:</b> This type is a composite of a <code>java.util.Date</code> and a separate nanoseconds value. Only integral seconds are stored in the <code>java.util.Date</code> component. The fractional seconds - the nanos - are separate. The <code>Timestamp.equals(Object)</code> method never returns <code>true</code> when passed an object that isn't an instance of <code>java.sql.Timestamp</code>, because the nanos component of a date is unknown. As a result, the <code>Timestamp.equals(Object)</code> method is not symmetric with respect to the <code>java.util.Date.equals(Object)</code> method. Also, the <code>hashcode</code> method uses the underlying <code>java.util.Date</code> implementation and therefore does not include nanos in its computation.                                                                                          </p><p> Due to the differences between the <code>Timestamp</code> class and the <code>java.util.Date</code> class mentioned above, it is recommended that code not view <code>Timestamp</code> values generically as an instance of <code>java.util.Date</code>. The inheritance relationship between <code>Timestamp</code> and <code>java.util.Date</code> really denotes implementation inheritance, and not type inheritance.                                            </p><p/><p><dl> <dt> <b>See Also: </b>   </dt><dd> <a href="../../serialized-form.html#java.sql.Timestamp">Serialized Form </a> </dd> </dl> <a end_ctx_id="class:Timestamp"/> </p> </td></tr></table></td></tr></table><table border="0" cellpadding="1" cellspacing="0" width="100%"><tr><td><h3 class="ctxid">constructor:Timestamp(int, int, int, int, int, int, int) [NONE]</h3></td></tr><tr><td><table border="0" cellpadding="5" cellspacing="1" bgcolor="black" width="100%"><tr valign="top"><td bgcolor="#FFFFFF" colspan="1"> <a start_ctx_id="constructor:Timestamp(int, int, int, int, int, int, int)"/><a name="Timestamp(int, int, int, int, int, int, int)"/><h3> Timestamp </h3><pre>

<font size="-1">@Deprecated
</font>public <b>Timestamp</b>(int year,
                            int month,
                            int date,
                            int hour,
                            int minute,
                            int second,
                            int nano)</pre><dl><dd> <b>Deprecated.</b> <i>instead use the constructor <code>Timestamp(long millis) </code>    </i><p/> </dd><dd>Constructs a <code>Timestamp</code> object initialized with the given values.<p><dl> <dt> <b>Parameters:</b>   </dt><dd> <code>year</code> - the year minus 1900      </dd><dd> <code>month</code> - 0 to 11     </dd><dd> <code>date</code> - 1 to 31     </dd><dd> <code>hour</code> - 0 to 23     </dd><dd> <code>minute</code> - 0 to 59     </dd><dd> <code>second</code> - 0 to 59     </dd><dd> <code>nano</code> - 0 to 999,999,999     </dd> <dt> <b>Throws:</b>   </dt><dd> <code>java.lang.IllegalArgumentException</code> - if the nano argument is out of bounds          </dd>  </dl></p>        </dd></dl> <a end_ctx_id="constructor:Timestamp(int, int, int, int, int, int, int)"/>  </td></tr></table></td></tr></table><table border="0" cellpadding="1" cellspacing="0" width="100%"><tr><td><h3 class="ctxid">constructor:Timestamp(long) [NONE]</h3></td></tr><tr><td><table border="0" cellpadding="5" cellspacing="1" bgcolor="black" width="100%"><tr valign="top"><td bgcolor="#FFFFFF" colspan="1"> <a start_ctx_id="constructor:Timestamp(long)"/><a name="Timestamp(long)"/><h3> Timestamp </h3><pre>
public <b>Timestamp</b>(long time)</pre><dl><dd>Constructs a <code>Timestamp</code> object using a milliseconds time value. The integral seconds are stored in the underlying date value; the fractional seconds are stored in the <code>nanos</code> field of the <code>Timestamp</code> object.<p><dl> <dt> <b>Parameters:</b>   </dt><dd> <code>time</code> - milliseconds since January 1, 1970, 00:00:00 GMT. A negative number is the number of milliseconds before January 1, 1970, 00:00:00 GMT.                       </dd> <dt> <b>See Also: </b>   </dt><dd> <code>Calendar</code> </dd>  </dl></p>                               </dd></dl> <a end_ctx_id="constructor:Timestamp(long)"/>  </td></tr></table></td></tr></table><table border="0" cellpadding="1" cellspacing="0" width="100%"><tr><td><h3 class="ctxid">method:setTime(long) [NONE]</h3></td></tr><tr><td><table border="0" cellpadding="5" cellspacing="1" bgcolor="black" width="100%"><tr valign="top"><td bgcolor="#FFFFFF" colspan="1"> <a start_ctx_id="method:setTime(long)"/><a name="setTime(long)"/><h3> setTime </h3><pre>
public void <b>setTime</b>(long time)</pre><dl><dd>Sets this <code>Timestamp</code> object to represent a point in time that is <tt>time</tt> milliseconds after January 1, 1970 00:00:00 GMT.<p/>                   </dd><dd><dl> <dt> <b>Overrides:</b>   </dt><dd> <code>setTime</code> in class <code>java.util.Date</code>    </dd> </dl></dd><dd><dl> <dt> <b>Parameters:</b>   </dt><dd> <code>time</code> - the number of milliseconds.      </dd> <dt> <b>See Also: </b>   </dt><dd> <a href="../../java/sql/Timestamp.html#getTime()"><code>getTime()</code></a>, <a href="../../java/sql/Timestamp.html#Timestamp(long)"><code>Timestamp(long time) </code></a>, <code>Calendar</code>   </dd>  </dl></dd></dl> <a end_ctx_id="method:setTime(long)"/>  </td></tr></table></td></tr></table><table border="0" cellpadding="1" cellspacing="0" width="100%"><tr><td><h3 class="ctxid">method:getTime() [NONE]</h3></td></tr><tr><td><table border="0" cellpadding="5" cellspacing="1" bgcolor="black" width="100%"><tr valign="top"><td bgcolor="#FFFFFF" colspan="1"> <a start_ctx_id="method:getTime()"/><a name="getTime()"/><h3> getTime </h3><pre>
public long <b>getTime</b>()</pre><dl><dd>Returns the number of milliseconds since January 1, 1970, 00:00:00 GMT represented by this <code>Timestamp</code> object.<p/>               </dd><dd><dl> <dt> <b>Overrides:</b>   </dt><dd> <code>getTime</code> in class <code>java.util.Date</code>    </dd> </dl></dd><dd><dl> <dt> <b>Returns:</b>   </dt><dd>the number of milliseconds since January 1, 1970, 00:00:00 GMT represented by this date.             </dd> <dt> <b>See Also: </b>   </dt><dd> <a href="../../java/sql/Timestamp.html#setTime(long)"><code>setTime(long)</code></a> </dd>  </dl></dd></dl> <a end_ctx_id="method:getTime()"/>  </td></tr></table></td></tr></table><table border="0" cellpadding="1" cellspacing="0" width="100%"><tr><td><h3 class="ctxid">method:valueOf(java.lang.String) [CHANGED]</h3></td></tr><tr><td><table border="0" cellpadding="5" cellspacing="1" bgcolor="black" width="100%"><tr valign="top"><td bgcolor="#EEEEEE" colspan="2"> <a start_ctx_id="method:valueOf(java.lang.String)"/><a name="valueOf(java.lang.String)"/><h3> valueOf </h3><pre>
public static <a href="../../java/sql/Timestamp.html" title="class in java.sql">Timestamp</a><b>valueOf</b>(java.lang.String s)</pre><dl><dd>Converts a <code>String</code> object in JDBC timestamp escape format to a <code>Timestamp</code> value.<p/>            </dd><dd><dl> <dt> <b>Parameters:</b>   </dt><dd> <code>s</code> - timestamp in format <code>yyyy-<span class="diff-html-removed">mm-dd</span><span class="diff-html-added">[m]m-[d]d</span> hh:mm:ss[.f...] </code>. The fractional seconds <span class="diff-html-added">may</span> <span class="diff-html-added">be</span> <span class="diff-html-added">omitted.</span> <span class="diff-html-added">The</span> <span class="diff-html-added">leading</span> <span class="diff-html-added">zero</span> <span class="diff-html-added">for</span> <code><span class="diff-html-added">mm</span></code> <span class="diff-html-added">and</span> <code><span class="diff-html-added">dd</span></code> may <span class="diff-html-added">also</span> be omitted.                       </dd> <dt> <b>Returns:</b>   </dt><dd>corresponding <code>Timestamp</code> value  </dd> <dt> <b>Throws:</b>   </dt><dd> <code>java.lang.IllegalArgumentException</code> - if the given argument does not have the format <code>yyyy-<span class="diff-html-removed">mm-dd</span><span class="diff-html-added">[m]m-[d]d</span> hh:mm:ss[.f...] </code>            </dd>   </dl></dd></dl> <a end_ctx_id="method:valueOf(java.lang.String)"/>  </td></tr><tr valign="top"><td bgcolor="#CCCCCC" colspan="1"> <a start_ctx_id="method:valueOf(java.lang.String)"/><a name="valueOf(java.lang.String)"/><h3> valueOf </h3><pre>
public static <a href="../../java/sql/Timestamp.html" title="class in java.sql">Timestamp</a><b>valueOf</b>(java.lang.String s)</pre><dl><dd>Converts a <code>String</code> object in JDBC timestamp escape format to a <code>Timestamp</code> value.<p/>            </dd><dd><dl> <dt> <b>Parameters:</b>   </dt><dd> <code>s</code> - timestamp in format <code>yyyy-mm-dd hh:mm:ss[.f...] </code>. The fractional seconds may be omitted.            </dd> <dt> <b>Returns:</b>   </dt><dd>corresponding <code>Timestamp</code> value  </dd> <dt> <b>Throws:</b>   </dt><dd> <code>java.lang.IllegalArgumentException</code> - if the given argument does not have the format <code>yyyy-mm-dd hh:mm:ss[.f...] </code>            </dd>   </dl></dd></dl> <a end_ctx_id="method:valueOf(java.lang.String)"/>  </td><td bgcolor="#FFFFFF" colspan="1"> <a start_ctx_id="method:valueOf(java.lang.String)"/><a name="valueOf(java.lang.String)"/><h3> valueOf </h3><pre>
public static <a href="../../java/sql/Timestamp.html" title="class in java.sql">Timestamp</a><b>valueOf</b>(java.lang.String s)</pre><dl><dd>Converts a <code>String</code> object in JDBC timestamp escape format to a <code>Timestamp</code> value.<p/>            </dd><dd><dl> <dt> <b>Parameters:</b>   </dt><dd> <code>s</code> - timestamp in format <code>yyyy-[m]m-[d]d hh:mm:ss[.f...] </code>. The fractional seconds may be omitted. The leading zero for <code>mm</code> and <code>dd</code> may also be omitted.                       </dd> <dt> <b>Returns:</b>   </dt><dd>corresponding <code>Timestamp</code> value  </dd> <dt> <b>Throws:</b>   </dt><dd> <code>java.lang.IllegalArgumentException</code> - if the given argument does not have the format <code>yyyy-[m]m-[d]d hh:mm:ss[.f...] </code>            </dd>   </dl></dd></dl> <a end_ctx_id="method:valueOf(java.lang.String)"/>  </td></tr></table></td></tr></table><table border="0" cellpadding="1" cellspacing="0" width="100%"><tr><td><h3 class="ctxid">method:toString() [NONE]</h3></td></tr><tr><td><table border="0" cellpadding="5" cellspacing="1" bgcolor="black" width="100%"><tr valign="top"><td bgcolor="#FFFFFF" colspan="1"> <a start_ctx_id="method:toString()"/><a name="toString()"/><h3> toString </h3><pre>
public java.lang.String <b>toString</b>()</pre><dl><dd>Formats a timestamp in JDBC timestamp escape format. <code>yyyy-mm-dd hh:mm:ss.fffffffff </code>, where <code>ffffffffff</code> indicates nanoseconds.<p/><p/>            </dd><dd><dl> <dt> <b>Overrides:</b>   </dt><dd> <code>toString</code> in class <code>java.util.Date</code>    </dd> </dl></dd><dd><dl> <dt> <b>Returns:</b>   </dt><dd>a <code>String</code> object in <code>yyyy-mm-dd hh:mm:ss.fffffffff </code> format     </dd> </dl></dd></dl> <a end_ctx_id="method:toString()"/>  </td></tr></table></td></tr></table><table border="0" cellpadding="1" cellspacing="0" width="100%"><tr><td><h3 class="ctxid">method:getNanos() [NONE]</h3></td></tr><tr><td><table border="0" cellpadding="5" cellspacing="1" bgcolor="black" width="100%"><tr valign="top"><td bgcolor="#FFFFFF" colspan="1"> <a start_ctx_id="method:getNanos()"/><a name="getNanos()"/><h3> getNanos </h3><pre>
public int <b>getNanos</b>()</pre><dl><dd>Gets this <code>Timestamp</code> object's <code>nanos</code> value.<p/>     </dd><dd><dl> <dt> <b>Returns:</b>   </dt><dd>this <code>Timestamp</code> object's fractional seconds component     </dd> <dt> <b>See Also: </b>   </dt><dd> <a href="../../java/sql/Timestamp.html#setNanos(int)"><code>setNanos(int)</code></a> </dd>  </dl></dd></dl> <a end_ctx_id="method:getNanos()"/>  </td></tr></table></td></tr></table><table border="0" cellpadding="1" cellspacing="0" width="100%"><tr><td><h3 class="ctxid">method:setNanos(int) [NONE]</h3></td></tr><tr><td><table border="0" cellpadding="5" cellspacing="1" bgcolor="black" width="100%"><tr valign="top"><td bgcolor="#FFFFFF" colspan="1"> <a start_ctx_id="method:setNanos(int)"/><a name="setNanos(int)"/><h3> setNanos </h3><pre>
public void <b>setNanos</b>(int n)</pre><dl><dd>Sets this <code>Timestamp</code> object's <code>nanos</code> field to the given value.<p/>         </dd><dd><dl> <dt> <b>Parameters:</b>   </dt><dd> <code>n</code> - the new fractional seconds component       </dd> <dt> <b>Throws:</b>   </dt><dd> <code>java.lang.IllegalArgumentException</code> - if the given argument is greater than 999999999 or less than 0              </dd> <dt> <b>See Also: </b>   </dt><dd> <a href="../../java/sql/Timestamp.html#getNanos()"><code>getNanos()</code></a> </dd>   </dl></dd></dl> <a end_ctx_id="method:setNanos(int)"/>  </td></tr></table></td></tr></table><table border="0" cellpadding="1" cellspacing="0" width="100%"><tr><td><h3 class="ctxid">method:equals(java.sql.Timestamp) [NONE]</h3></td></tr><tr><td><table border="0" cellpadding="5" cellspacing="1" bgcolor="black" width="100%"><tr valign="top"><td bgcolor="#FFFFFF" colspan="1"> <a start_ctx_id="method:equals(java.sql.Timestamp)"/><a name="equals(java.sql.Timestamp)"/><h3> equals </h3><pre>
public boolean <b>equals</b>(<a href="../../java/sql/Timestamp.html" title="class in java.sql">Timestamp</a> ts)</pre><dl><dd>Tests to see if this <code>Timestamp</code> object is equal to the given <code>Timestamp</code> object.<p/>             </dd><dd><dl> <dt> <b>Parameters:</b>   </dt><dd> <code>ts</code> - the <code>Timestamp</code> value to compare with        </dd> <dt> <b>Returns:</b>   </dt><dd> <code>true</code> if the given <code>Timestamp</code> object is equal to this <code>Timestamp</code> object; <code>false</code> otherwise              </dd>  </dl></dd></dl> <a end_ctx_id="method:equals(java.sql.Timestamp)"/>  </td></tr></table></td></tr></table><table border="0" cellpadding="1" cellspacing="0" width="100%"><tr><td><h3 class="ctxid">method:equals(java.lang.Object) [NONE]</h3></td></tr><tr><td><table border="0" cellpadding="5" cellspacing="1" bgcolor="black" width="100%"><tr valign="top"><td bgcolor="#FFFFFF" colspan="1"> <a start_ctx_id="method:equals(java.lang.Object)"/><a name="equals(java.lang.Object)"/><h3> equals </h3><pre>
public boolean <b>equals</b>(java.lang.Object ts)</pre><dl><dd>Tests to see if this <code>Timestamp</code> object is equal to the given object. This version of the method <code>equals</code> has been added to fix the incorrect signature of <code>Timestamp.equals(Timestamp)</code> and to preserve backward compatibility with existing class files. Note: This method is not symmetric with respect to the <code>equals(Object)</code> method in the base class.<p/>                                                     </dd><dd><dl> <dt> <b>Overrides:</b>   </dt><dd> <code>equals</code> in class <code>java.util.Date</code>    </dd> </dl></dd><dd><dl> <dt> <b>Parameters:</b>   </dt><dd> <code>ts</code> - the <code>Object</code> value to compare with        </dd> <dt> <b>Returns:</b>   </dt><dd> <code>true</code> if the given <code>Object</code> is an instance of a <code>Timestamp</code> that is equal to this <code>Timestamp</code> object; <code>false</code> otherwise                    </dd>  </dl></dd></dl> <a end_ctx_id="method:equals(java.lang.Object)"/>  </td></tr></table></td></tr></table><table border="0" cellpadding="1" cellspacing="0" width="100%"><tr><td><h3 class="ctxid">method:before(java.sql.Timestamp) [NONE]</h3></td></tr><tr><td><table border="0" cellpadding="5" cellspacing="1" bgcolor="black" width="100%"><tr valign="top"><td bgcolor="#FFFFFF" colspan="1"> <a start_ctx_id="method:before(java.sql.Timestamp)"/><a name="before(java.sql.Timestamp)"/><h3> before </h3><pre>
public boolean <b>before</b>(<a href="../../java/sql/Timestamp.html" title="class in java.sql">Timestamp</a> ts)</pre><dl><dd>Indicates whether this <code>Timestamp</code> object is earlier than the given <code>Timestamp</code> object.<p/>           </dd><dd><dl> <dt> <b>Parameters:</b>   </dt><dd> <code>ts</code> - the <code>Timestamp</code> value to compare with        </dd> <dt> <b>Returns:</b>   </dt><dd> <code>true</code> if this <code>Timestamp</code> object is earlier; <code>false</code> otherwise         </dd>  </dl></dd></dl> <a end_ctx_id="method:before(java.sql.Timestamp)"/>  </td></tr></table></td></tr></table><table border="0" cellpadding="1" cellspacing="0" width="100%"><tr><td><h3 class="ctxid">method:after(java.sql.Timestamp) [NONE]</h3></td></tr><tr><td><table border="0" cellpadding="5" cellspacing="1" bgcolor="black" width="100%"><tr valign="top"><td bgcolor="#FFFFFF" colspan="1"> <a start_ctx_id="method:after(java.sql.Timestamp)"/><a name="after(java.sql.Timestamp)"/><h3> after </h3><pre>
public boolean <b>after</b>(<a href="../../java/sql/Timestamp.html" title="class in java.sql">Timestamp</a> ts)</pre><dl><dd>Indicates whether this <code>Timestamp</code> object is later than the given <code>Timestamp</code> object.<p/>           </dd><dd><dl> <dt> <b>Parameters:</b>   </dt><dd> <code>ts</code> - the <code>Timestamp</code> value to compare with        </dd> <dt> <b>Returns:</b>   </dt><dd> <code>true</code> if this <code>Timestamp</code> object is later; <code>false</code> otherwise         </dd>  </dl></dd></dl> <a end_ctx_id="method:after(java.sql.Timestamp)"/>  </td></tr></table></td></tr></table><table border="0" cellpadding="1" cellspacing="0" width="100%"><tr><td><h3 class="ctxid">method:compareTo(java.sql.Timestamp) [NONE]</h3></td></tr><tr><td><table border="0" cellpadding="5" cellspacing="1" bgcolor="black" width="100%"><tr valign="top"><td bgcolor="#FFFFFF" colspan="1"> <a start_ctx_id="method:compareTo(java.sql.Timestamp)"/><a name="compareTo(java.sql.Timestamp)"/><h3> compareTo </h3><pre>
public int <b>compareTo</b>(<a href="../../java/sql/Timestamp.html" title="class in java.sql">Timestamp</a> ts)</pre><dl><dd>Compares this <code>Timestamp</code> object to the given <code>Timestamp</code> object.<p/>        </dd><dd><dl> <dt> <b>Parameters:</b>   </dt><dd> <code>ts</code> - the <code>Timestamp</code> object to be compared to this <code>Timestamp</code> object            </dd> <dt> <b>Returns:</b>   </dt><dd>the value <code>0</code> if the two <code>Timestamp</code> objects are equal; a value less than <code>0</code> if this <code>Timestamp</code> object is before the given argument; and a value greater than <code>0</code> if this <code>Timestamp</code> object is after the given argument.                                      </dd> <dt> <b>Since:</b>   </dt><dd>1.4</dd>   </dl></dd></dl> <a end_ctx_id="method:compareTo(java.sql.Timestamp)"/>  </td></tr></table></td></tr></table><table border="0" cellpadding="1" cellspacing="0" width="100%"><tr><td><h3 class="ctxid">method:compareTo(java.util.Date) [CHANGED]</h3></td></tr><tr><td><table border="0" cellpadding="5" cellspacing="1" bgcolor="black" width="100%"><tr valign="top"><td bgcolor="#EEEEEE" colspan="2"> <a start_ctx_id="method:compareTo(java.util.Date)"/><a name="compareTo(java.util.Date)"/><h3> compareTo </h3><pre>
public int <b>compareTo</b>(java.util.Date o)</pre><dl><dd>Compares this <code>Timestamp</code> object to the given <code>Date</code> <span class="diff-html-removed">,</span> <span class="diff-html-removed">which</span> <span class="diff-html-removed">must</span> <span class="diff-html-removed">be</span> <span class="diff-html-removed">a</span> <code changeType="diff-removed-tag"><span class="diff-html-removed">Timestamp</span></code>object. <span class="diff-html-removed">If</span> <span class="diff-html-removed">the</span> <span class="diff-html-removed">argument</span> <span class="diff-html-removed">is</span> <span class="diff-html-removed">not</span> <span class="diff-html-removed">a</span> <code changeType="diff-removed-tag"><span class="diff-html-removed">Timestamp</span></code> <span class="diff-html-removed">object,</span> <span class="diff-html-removed">this</span> <span class="diff-html-removed">method</span> <span class="diff-html-removed">throws</span> <span class="diff-html-removed">a</span> <code changeType="diff-removed-tag"><span class="diff-html-removed">ClassCastException</span></code> <span class="diff-html-removed">object.</span> <span class="diff-html-removed">(</span><code changeType="diff-removed-tag"><span class="diff-html-removed">Timestamp</span></code> <span class="diff-html-removed">objects</span> <span class="diff-html-removed">are</span> <span class="diff-html-removed">comparable</span> <span class="diff-html-removed">only</span> <span class="diff-html-removed">to</span> <span class="diff-html-removed">other</span> <code changeType="diff-removed-tag"><span class="diff-html-removed">Timestamp</span></code> <span class="diff-html-removed">objects.)</span><p/>                                    </dd><dd><dl> <dt> <b>Specified by: </b>   </dt><dd> <code>compareTo</code> in interface <code>java.lang.Comparable&lt;java.util.Date&gt;</code>    </dd> <dt> <b>Overrides:</b>   </dt><dd> <code>compareTo</code> in class <code>java.util.Date</code>    </dd>  </dl></dd><dd><dl> <dt> <b>Parameters:</b>   </dt><dd> <code>o</code> - the <code>Date</code> to be compared <span class="diff-html-removed">,</span> <span class="diff-html-removed">which</span> <span class="diff-html-removed">must</span> <span class="diff-html-removed">be</span> <span class="diff-html-removed">a</span><span class="diff-html-added">to</span> <span class="diff-html-added">this</span> <code>Timestamp</code> object               </dd> <dt> <b>Returns:</b>   </dt><dd>the value <code>0</code> if this <code>Timestamp</code> object and the given object are equal; a value less than <code>0</code> if this <code>Timestamp</code> object is before the given argument; and a value greater than <code>0</code> if this <code>Timestamp</code> object is after the given argument.                                         </dd> <dt> <b>Since:</b>   </dt><dd>1.5</dd>   </dl></dd></dl> <a end_ctx_id="method:compareTo(java.util.Date)"/>  </td></tr><tr valign="top"><td bgcolor="#CCCCCC" colspan="1"> <a start_ctx_id="method:compareTo(java.util.Date)"/><a name="compareTo(java.util.Date)"/><h3> compareTo </h3><pre>
public int <b>compareTo</b>(java.util.Date o)</pre><dl><dd>Compares this <code>Timestamp</code> object to the given <code>Date</code>, which must be a <code changeType="diff-removed-tag">Timestamp</code> object. If the argument is not a <code changeType="diff-removed-tag">Timestamp</code> object, this method throws a <code changeType="diff-removed-tag">ClassCastException</code> object. (<code changeType="diff-removed-tag">Timestamp</code> objects are comparable only to other <code changeType="diff-removed-tag">Timestamp</code> objects.)<p/>                                    </dd><dd><dl> <dt> <b>Specified by: </b>   </dt><dd> <code>compareTo</code> in interface <code>java.lang.Comparable&lt;java.util.Date&gt;</code>    </dd> <dt> <b>Overrides:</b>   </dt><dd> <code>compareTo</code> in class <code>java.util.Date</code>    </dd>  </dl></dd><dd><dl> <dt> <b>Parameters:</b>   </dt><dd> <code>o</code> - the <code>Date</code> to be compared, which must be a <code>Timestamp</code> object             </dd> <dt> <b>Returns:</b>   </dt><dd>the value <code>0</code> if this <code>Timestamp</code> object and the given object are equal; a value less than <code>0</code> if this <code>Timestamp</code> object is before the given argument; and a value greater than <code>0</code> if this <code>Timestamp</code> object is after the given argument.                                         </dd> <dt> <b>Since:</b>   </dt><dd>1.5</dd>   </dl></dd></dl> <a end_ctx_id="method:compareTo(java.util.Date)"/>  </td><td bgcolor="#FFFFFF" colspan="1"> <a start_ctx_id="method:compareTo(java.util.Date)"/><a name="compareTo(java.util.Date)"/><h3> compareTo </h3><pre>
public int <b>compareTo</b>(java.util.Date o)</pre><dl><dd>Compares this <code>Timestamp</code> object to the given <code>Date</code> object.<p/>        </dd><dd><dl> <dt> <b>Specified by: </b>   </dt><dd> <code>compareTo</code> in interface <code>java.lang.Comparable&lt;java.util.Date&gt;</code>    </dd> <dt> <b>Overrides:</b>   </dt><dd> <code>compareTo</code> in class <code>java.util.Date</code>    </dd>  </dl></dd><dd><dl> <dt> <b>Parameters:</b>   </dt><dd> <code>o</code> - the <code>Date</code> to be compared to this <code>Timestamp</code> object           </dd> <dt> <b>Returns:</b>   </dt><dd>the value <code>0</code> if this <code>Timestamp</code> object and the given object are equal; a value less than <code>0</code> if this <code>Timestamp</code> object is before the given argument; and a value greater than <code>0</code> if this <code>Timestamp</code> object is after the given argument.                                         </dd> <dt> <b>Since:</b>   </dt><dd>1.5</dd>   </dl></dd></dl> <a end_ctx_id="method:compareTo(java.util.Date)"/>  </td></tr></table></td></tr></table></diff></diffreport>