<?xml version="1.0" encoding="UTF-8" standalone="yes"?><Document><name>java/sql/Timestamp.spec</name><Context><name>class:Timestamp</name><mt>NONE</mt></Context><Context><name>constructor:Timestamp(int, int, int, int, int, int, int)</name><mt>NONE</mt></Context><Context><name>constructor:Timestamp(long)</name><mt>NONE</mt></Context><Context><name>method:after(java.sql.Timestamp)</name><mt>NONE</mt></Context><Context><name>method:before(java.sql.Timestamp)</name><mt>NONE</mt></Context><Context><name>method:compareTo(java.sql.Timestamp)</name><mt>NONE</mt></Context><Context><name>method:compareTo(java.util.Date)</name><mt>CHANGED</mt></Context><Context><name>method:equals(java.lang.Object)</name><mt>NONE</mt></Context><Context><name>method:equals(java.sql.Timestamp)</name><mt>NONE</mt></Context><Context><name>method:getNanos()</name><mt>NONE</mt></Context><Context><name>method:getTime()</name><mt>NONE</mt></Context><Context><name>method:setNanos(int)</name><mt>NONE</mt></Context><Context><name>method:setTime(long)</name><mt>NONE</mt></Context><Context><name>method:toString()</name><mt>NONE</mt></Context><Context><name>method:valueOf(java.lang.String)</name><mt>CHANGED</mt></Context><Stat><name>java/sql/Timestamp.spec</name><mt>CHANGED</mt><Group name="context"><Item count="0" name="ADDED"/><Item count="0" name="REMOVED"/><Item count="2" name="CHANGED"/><Item count="2" name="MODIFIED"/><Item count="15" name="TOTAL"/></Group><Group name="assertion"><Item count="0" name="ADDED"/><Item count="0" name="REMOVED"/><Item count="0" name="CHANGED"/><Item count="0" name="MODIFIED"/><Item count="0" name="TOTAL"/></Group></Stat></Document>