<?xml version="1.0" encoding="UTF-8"?><diffreport><diff><table border="0" cellpadding="1" cellspacing="0" width="100%"><tr><td><h3 class="ctxid">class:Types [NONE]</h3></td></tr><tr><td><table border="0" cellpadding="5" cellspacing="1" bgcolor="black" width="100%"><tr valign="top"><td bgcolor="#FFFFFF" colspan="1"> <a start_ctx_id="class:Types"/><dl> <dt><pre>public class <b>Types</b></pre>  </dt> <dt>extends java.lang.Object </dt>  </dl><p/><p>The class that defines the constants that are used to identify generic SQL types, called JDBC types.                </p><p> This class is never instantiated.     </p><p/><p> <a end_ctx_id="class:Types"/> </p> </td></tr></table></td></tr></table><table border="0" cellpadding="1" cellspacing="0" width="100%"><tr><td><h3 class="ctxid">field:BIT [NONE]</h3></td></tr><tr><td><table border="0" cellpadding="5" cellspacing="1" bgcolor="black" width="100%"><tr valign="top"><td bgcolor="#FFFFFF" colspan="1"> <a start_ctx_id="field:BIT"/><a name="BIT"/><h3> BIT </h3><pre>
public static final int <b>BIT</b></pre><dl><dd><p>The constant in the Java programming language, sometimes referred to as a type code, that identifies the generic SQL type <code>BIT</code>.                    </p><p><dl> <dt> <b>See Also: </b>   </dt><dd> <a href="../../constant-values.html#java.sql.Types.BIT">Constant Field Values  </a> </dd> </dl></p></dd></dl> <a end_ctx_id="field:BIT"/>  </td></tr></table></td></tr></table><table border="0" cellpadding="1" cellspacing="0" width="100%"><tr><td><h3 class="ctxid">field:TINYINT [NONE]</h3></td></tr><tr><td><table border="0" cellpadding="5" cellspacing="1" bgcolor="black" width="100%"><tr valign="top"><td bgcolor="#FFFFFF" colspan="1"> <a start_ctx_id="field:TINYINT"/><a name="TINYINT"/><h3> TINYINT </h3><pre>
public static final int <b>TINYINT</b></pre><dl><dd><p>The constant in the Java programming language, sometimes referred to as a type code, that identifies the generic SQL type <code>TINYINT</code>.                    </p><p><dl> <dt> <b>See Also: </b>   </dt><dd> <a href="../../constant-values.html#java.sql.Types.TINYINT">Constant Field Values  </a> </dd> </dl></p></dd></dl> <a end_ctx_id="field:TINYINT"/>  </td></tr></table></td></tr></table><table border="0" cellpadding="1" cellspacing="0" width="100%"><tr><td><h3 class="ctxid">field:SMALLINT [NONE]</h3></td></tr><tr><td><table border="0" cellpadding="5" cellspacing="1" bgcolor="black" width="100%"><tr valign="top"><td bgcolor="#FFFFFF" colspan="1"> <a start_ctx_id="field:SMALLINT"/><a name="SMALLINT"/><h3> SMALLINT </h3><pre>
public static final int <b>SMALLINT</b></pre><dl><dd><p>The constant in the Java programming language, sometimes referred to as a type code, that identifies the generic SQL type <code>SMALLINT</code>.                    </p><p><dl> <dt> <b>See Also: </b>   </dt><dd> <a href="../../constant-values.html#java.sql.Types.SMALLINT">Constant Field Values  </a> </dd> </dl></p></dd></dl> <a end_ctx_id="field:SMALLINT"/>  </td></tr></table></td></tr></table><table border="0" cellpadding="1" cellspacing="0" width="100%"><tr><td><h3 class="ctxid">field:INTEGER [NONE]</h3></td></tr><tr><td><table border="0" cellpadding="5" cellspacing="1" bgcolor="black" width="100%"><tr valign="top"><td bgcolor="#FFFFFF" colspan="1"> <a start_ctx_id="field:INTEGER"/><a name="INTEGER"/><h3> INTEGER </h3><pre>
public static final int <b>INTEGER</b></pre><dl><dd><p>The constant in the Java programming language, sometimes referred to as a type code, that identifies the generic SQL type <code>INTEGER</code>.                    </p><p><dl> <dt> <b>See Also: </b>   </dt><dd> <a href="../../constant-values.html#java.sql.Types.INTEGER">Constant Field Values  </a> </dd> </dl></p></dd></dl> <a end_ctx_id="field:INTEGER"/>  </td></tr></table></td></tr></table><table border="0" cellpadding="1" cellspacing="0" width="100%"><tr><td><h3 class="ctxid">field:BIGINT [NONE]</h3></td></tr><tr><td><table border="0" cellpadding="5" cellspacing="1" bgcolor="black" width="100%"><tr valign="top"><td bgcolor="#FFFFFF" colspan="1"> <a start_ctx_id="field:BIGINT"/><a name="BIGINT"/><h3> BIGINT </h3><pre>
public static final int <b>BIGINT</b></pre><dl><dd><p>The constant in the Java programming language, sometimes referred to as a type code, that identifies the generic SQL type <code>BIGINT</code>.                    </p><p><dl> <dt> <b>See Also: </b>   </dt><dd> <a href="../../constant-values.html#java.sql.Types.BIGINT">Constant Field Values  </a> </dd> </dl></p></dd></dl> <a end_ctx_id="field:BIGINT"/>  </td></tr></table></td></tr></table><table border="0" cellpadding="1" cellspacing="0" width="100%"><tr><td><h3 class="ctxid">field:FLOAT [NONE]</h3></td></tr><tr><td><table border="0" cellpadding="5" cellspacing="1" bgcolor="black" width="100%"><tr valign="top"><td bgcolor="#FFFFFF" colspan="1"> <a start_ctx_id="field:FLOAT"/><a name="FLOAT"/><h3> FLOAT </h3><pre>
public static final int <b>FLOAT</b></pre><dl><dd><p>The constant in the Java programming language, sometimes referred to as a type code, that identifies the generic SQL type <code>FLOAT</code>.                    </p><p><dl> <dt> <b>See Also: </b>   </dt><dd> <a href="../../constant-values.html#java.sql.Types.FLOAT">Constant Field Values  </a> </dd> </dl></p></dd></dl> <a end_ctx_id="field:FLOAT"/>  </td></tr></table></td></tr></table><table border="0" cellpadding="1" cellspacing="0" width="100%"><tr><td><h3 class="ctxid">field:REAL [NONE]</h3></td></tr><tr><td><table border="0" cellpadding="5" cellspacing="1" bgcolor="black" width="100%"><tr valign="top"><td bgcolor="#FFFFFF" colspan="1"> <a start_ctx_id="field:REAL"/><a name="REAL"/><h3> REAL </h3><pre>
public static final int <b>REAL</b></pre><dl><dd><p>The constant in the Java programming language, sometimes referred to as a type code, that identifies the generic SQL type <code>REAL</code>.                    </p><p><dl> <dt> <b>See Also: </b>   </dt><dd> <a href="../../constant-values.html#java.sql.Types.REAL">Constant Field Values  </a> </dd> </dl></p></dd></dl> <a end_ctx_id="field:REAL"/>  </td></tr></table></td></tr></table><table border="0" cellpadding="1" cellspacing="0" width="100%"><tr><td><h3 class="ctxid">field:DOUBLE [NONE]</h3></td></tr><tr><td><table border="0" cellpadding="5" cellspacing="1" bgcolor="black" width="100%"><tr valign="top"><td bgcolor="#FFFFFF" colspan="1"> <a start_ctx_id="field:DOUBLE"/><a name="DOUBLE"/><h3> DOUBLE </h3><pre>
public static final int <b>DOUBLE</b></pre><dl><dd><p>The constant in the Java programming language, sometimes referred to as a type code, that identifies the generic SQL type <code>DOUBLE</code>.                    </p><p><dl> <dt> <b>See Also: </b>   </dt><dd> <a href="../../constant-values.html#java.sql.Types.DOUBLE">Constant Field Values  </a> </dd> </dl></p></dd></dl> <a end_ctx_id="field:DOUBLE"/>  </td></tr></table></td></tr></table><table border="0" cellpadding="1" cellspacing="0" width="100%"><tr><td><h3 class="ctxid">field:NUMERIC [NONE]</h3></td></tr><tr><td><table border="0" cellpadding="5" cellspacing="1" bgcolor="black" width="100%"><tr valign="top"><td bgcolor="#FFFFFF" colspan="1"> <a start_ctx_id="field:NUMERIC"/><a name="NUMERIC"/><h3> NUMERIC </h3><pre>
public static final int <b>NUMERIC</b></pre><dl><dd><p>The constant in the Java programming language, sometimes referred to as a type code, that identifies the generic SQL type <code>NUMERIC</code>.                    </p><p><dl> <dt> <b>See Also: </b>   </dt><dd> <a href="../../constant-values.html#java.sql.Types.NUMERIC">Constant Field Values  </a> </dd> </dl></p></dd></dl> <a end_ctx_id="field:NUMERIC"/>  </td></tr></table></td></tr></table><table border="0" cellpadding="1" cellspacing="0" width="100%"><tr><td><h3 class="ctxid">field:DECIMAL [NONE]</h3></td></tr><tr><td><table border="0" cellpadding="5" cellspacing="1" bgcolor="black" width="100%"><tr valign="top"><td bgcolor="#FFFFFF" colspan="1"> <a start_ctx_id="field:DECIMAL"/><a name="DECIMAL"/><h3> DECIMAL </h3><pre>
public static final int <b>DECIMAL</b></pre><dl><dd><p>The constant in the Java programming language, sometimes referred to as a type code, that identifies the generic SQL type <code>DECIMAL</code>.                    </p><p><dl> <dt> <b>See Also: </b>   </dt><dd> <a href="../../constant-values.html#java.sql.Types.DECIMAL">Constant Field Values  </a> </dd> </dl></p></dd></dl> <a end_ctx_id="field:DECIMAL"/>  </td></tr></table></td></tr></table><table border="0" cellpadding="1" cellspacing="0" width="100%"><tr><td><h3 class="ctxid">field:CHAR [NONE]</h3></td></tr><tr><td><table border="0" cellpadding="5" cellspacing="1" bgcolor="black" width="100%"><tr valign="top"><td bgcolor="#FFFFFF" colspan="1"> <a start_ctx_id="field:CHAR"/><a name="CHAR"/><h3> CHAR </h3><pre>
public static final int <b>CHAR</b></pre><dl><dd><p>The constant in the Java programming language, sometimes referred to as a type code, that identifies the generic SQL type <code>CHAR</code>.                    </p><p><dl> <dt> <b>See Also: </b>   </dt><dd> <a href="../../constant-values.html#java.sql.Types.CHAR">Constant Field Values  </a> </dd> </dl></p></dd></dl> <a end_ctx_id="field:CHAR"/>  </td></tr></table></td></tr></table><table border="0" cellpadding="1" cellspacing="0" width="100%"><tr><td><h3 class="ctxid">field:VARCHAR [NONE]</h3></td></tr><tr><td><table border="0" cellpadding="5" cellspacing="1" bgcolor="black" width="100%"><tr valign="top"><td bgcolor="#FFFFFF" colspan="1"> <a start_ctx_id="field:VARCHAR"/><a name="VARCHAR"/><h3> VARCHAR </h3><pre>
public static final int <b>VARCHAR</b></pre><dl><dd><p>The constant in the Java programming language, sometimes referred to as a type code, that identifies the generic SQL type <code>VARCHAR</code>.                    </p><p><dl> <dt> <b>See Also: </b>   </dt><dd> <a href="../../constant-values.html#java.sql.Types.VARCHAR">Constant Field Values  </a> </dd> </dl></p></dd></dl> <a end_ctx_id="field:VARCHAR"/>  </td></tr></table></td></tr></table><table border="0" cellpadding="1" cellspacing="0" width="100%"><tr><td><h3 class="ctxid">field:LONGVARCHAR [NONE]</h3></td></tr><tr><td><table border="0" cellpadding="5" cellspacing="1" bgcolor="black" width="100%"><tr valign="top"><td bgcolor="#FFFFFF" colspan="1"> <a start_ctx_id="field:LONGVARCHAR"/><a name="LONGVARCHAR"/><h3> LONGVARCHAR </h3><pre>
public static final int <b>LONGVARCHAR</b></pre><dl><dd><p>The constant in the Java programming language, sometimes referred to as a type code, that identifies the generic SQL type <code>LONGVARCHAR</code>.                    </p><p><dl> <dt> <b>See Also: </b>   </dt><dd> <a href="../../constant-values.html#java.sql.Types.LONGVARCHAR">Constant Field Values  </a> </dd> </dl></p></dd></dl> <a end_ctx_id="field:LONGVARCHAR"/>  </td></tr></table></td></tr></table><table border="0" cellpadding="1" cellspacing="0" width="100%"><tr><td><h3 class="ctxid">field:DATE [NONE]</h3></td></tr><tr><td><table border="0" cellpadding="5" cellspacing="1" bgcolor="black" width="100%"><tr valign="top"><td bgcolor="#FFFFFF" colspan="1"> <a start_ctx_id="field:DATE"/><a name="DATE"/><h3> DATE </h3><pre>
public static final int <b>DATE</b></pre><dl><dd><p>The constant in the Java programming language, sometimes referred to as a type code, that identifies the generic SQL type <code>DATE</code>.                    </p><p><dl> <dt> <b>See Also: </b>   </dt><dd> <a href="../../constant-values.html#java.sql.Types.DATE">Constant Field Values  </a> </dd> </dl></p></dd></dl> <a end_ctx_id="field:DATE"/>  </td></tr></table></td></tr></table><table border="0" cellpadding="1" cellspacing="0" width="100%"><tr><td><h3 class="ctxid">field:TIME [NONE]</h3></td></tr><tr><td><table border="0" cellpadding="5" cellspacing="1" bgcolor="black" width="100%"><tr valign="top"><td bgcolor="#FFFFFF" colspan="1"> <a start_ctx_id="field:TIME"/><a name="TIME"/><h3> TIME </h3><pre>
public static final int <b>TIME</b></pre><dl><dd><p>The constant in the Java programming language, sometimes referred to as a type code, that identifies the generic SQL type <code>TIME</code>.                    </p><p><dl> <dt> <b>See Also: </b>   </dt><dd> <a href="../../constant-values.html#java.sql.Types.TIME">Constant Field Values  </a> </dd> </dl></p></dd></dl> <a end_ctx_id="field:TIME"/>  </td></tr></table></td></tr></table><table border="0" cellpadding="1" cellspacing="0" width="100%"><tr><td><h3 class="ctxid">field:TIMESTAMP [NONE]</h3></td></tr><tr><td><table border="0" cellpadding="5" cellspacing="1" bgcolor="black" width="100%"><tr valign="top"><td bgcolor="#FFFFFF" colspan="1"> <a start_ctx_id="field:TIMESTAMP"/><a name="TIMESTAMP"/><h3> TIMESTAMP </h3><pre>
public static final int <b>TIMESTAMP</b></pre><dl><dd><p>The constant in the Java programming language, sometimes referred to as a type code, that identifies the generic SQL type <code>TIMESTAMP</code>.                    </p><p><dl> <dt> <b>See Also: </b>   </dt><dd> <a href="../../constant-values.html#java.sql.Types.TIMESTAMP">Constant Field Values  </a> </dd> </dl></p></dd></dl> <a end_ctx_id="field:TIMESTAMP"/>  </td></tr></table></td></tr></table><table border="0" cellpadding="1" cellspacing="0" width="100%"><tr><td><h3 class="ctxid">field:BINARY [NONE]</h3></td></tr><tr><td><table border="0" cellpadding="5" cellspacing="1" bgcolor="black" width="100%"><tr valign="top"><td bgcolor="#FFFFFF" colspan="1"> <a start_ctx_id="field:BINARY"/><a name="BINARY"/><h3> BINARY </h3><pre>
public static final int <b>BINARY</b></pre><dl><dd><p>The constant in the Java programming language, sometimes referred to as a type code, that identifies the generic SQL type <code>BINARY</code>.                    </p><p><dl> <dt> <b>See Also: </b>   </dt><dd> <a href="../../constant-values.html#java.sql.Types.BINARY">Constant Field Values  </a> </dd> </dl></p></dd></dl> <a end_ctx_id="field:BINARY"/>  </td></tr></table></td></tr></table><table border="0" cellpadding="1" cellspacing="0" width="100%"><tr><td><h3 class="ctxid">field:VARBINARY [NONE]</h3></td></tr><tr><td><table border="0" cellpadding="5" cellspacing="1" bgcolor="black" width="100%"><tr valign="top"><td bgcolor="#FFFFFF" colspan="1"> <a start_ctx_id="field:VARBINARY"/><a name="VARBINARY"/><h3> VARBINARY </h3><pre>
public static final int <b>VARBINARY</b></pre><dl><dd><p>The constant in the Java programming language, sometimes referred to as a type code, that identifies the generic SQL type <code>VARBINARY</code>.                    </p><p><dl> <dt> <b>See Also: </b>   </dt><dd> <a href="../../constant-values.html#java.sql.Types.VARBINARY">Constant Field Values  </a> </dd> </dl></p></dd></dl> <a end_ctx_id="field:VARBINARY"/>  </td></tr></table></td></tr></table><table border="0" cellpadding="1" cellspacing="0" width="100%"><tr><td><h3 class="ctxid">field:LONGVARBINARY [NONE]</h3></td></tr><tr><td><table border="0" cellpadding="5" cellspacing="1" bgcolor="black" width="100%"><tr valign="top"><td bgcolor="#FFFFFF" colspan="1"> <a start_ctx_id="field:LONGVARBINARY"/><a name="LONGVARBINARY"/><h3> LONGVARBINARY </h3><pre>
public static final int <b>LONGVARBINARY</b></pre><dl><dd><p>The constant in the Java programming language, sometimes referred to as a type code, that identifies the generic SQL type <code>LONGVARBINARY</code>.                    </p><p><dl> <dt> <b>See Also: </b>   </dt><dd> <a href="../../constant-values.html#java.sql.Types.LONGVARBINARY">Constant Field Values  </a> </dd> </dl></p></dd></dl> <a end_ctx_id="field:LONGVARBINARY"/>  </td></tr></table></td></tr></table><table border="0" cellpadding="1" cellspacing="0" width="100%"><tr><td><h3 class="ctxid">field:NULL [NONE]</h3></td></tr><tr><td><table border="0" cellpadding="5" cellspacing="1" bgcolor="black" width="100%"><tr valign="top"><td bgcolor="#FFFFFF" colspan="1"> <a start_ctx_id="field:NULL"/><a name="NULL"/><h3> NULL </h3><pre>
public static final int <b>NULL</b></pre><dl><dd><p>The constant in the Java programming language that identifies the generic SQL value <code>NULL</code>.             </p><p><dl> <dt> <b>See Also: </b>   </dt><dd> <a href="../../constant-values.html#java.sql.Types.NULL">Constant Field Values  </a> </dd> </dl></p></dd></dl> <a end_ctx_id="field:NULL"/>  </td></tr></table></td></tr></table><table border="0" cellpadding="1" cellspacing="0" width="100%"><tr><td><h3 class="ctxid">field:OTHER [NONE]</h3></td></tr><tr><td><table border="0" cellpadding="5" cellspacing="1" bgcolor="black" width="100%"><tr valign="top"><td bgcolor="#FFFFFF" colspan="1"> <a start_ctx_id="field:OTHER"/><a name="OTHER"/><h3> OTHER </h3><pre>
public static final int <b>OTHER</b></pre><dl><dd>The constant in the Java programming language that indicates that the SQL type is database-specific and gets mapped to a Java object that can be accessed via the methods <code>getObject</code> and <code>setObject</code>.<p><dl> <dt> <b>See Also: </b>   </dt><dd> <a href="../../constant-values.html#java.sql.Types.OTHER">Constant Field Values  </a> </dd> </dl></p>                               </dd></dl> <a end_ctx_id="field:OTHER"/>  </td></tr></table></td></tr></table><table border="0" cellpadding="1" cellspacing="0" width="100%"><tr><td><h3 class="ctxid">field:JAVA_OBJECT [NONE]</h3></td></tr><tr><td><table border="0" cellpadding="5" cellspacing="1" bgcolor="black" width="100%"><tr valign="top"><td bgcolor="#FFFFFF" colspan="1"> <a start_ctx_id="field:JAVA_OBJECT"/><a name="JAVA_OBJECT"/><h3> JAVA_OBJECT </h3><pre>
public static final int <b>JAVA_OBJECT</b></pre><dl><dd>The constant in the Java programming language, sometimes referred to as a type code, that identifies the generic SQL type <code>JAVA_OBJECT</code>.<p><dl> <dt> <b>Since:</b>   </dt><dd>1.2</dd> <dt> <b>See Also: </b>   </dt><dd> <a href="../../constant-values.html#java.sql.Types.JAVA_OBJECT">Constant Field Values  </a> </dd>  </dl></p>                    </dd></dl> <a end_ctx_id="field:JAVA_OBJECT"/>  </td></tr></table></td></tr></table><table border="0" cellpadding="1" cellspacing="0" width="100%"><tr><td><h3 class="ctxid">field:DISTINCT [NONE]</h3></td></tr><tr><td><table border="0" cellpadding="5" cellspacing="1" bgcolor="black" width="100%"><tr valign="top"><td bgcolor="#FFFFFF" colspan="1"> <a start_ctx_id="field:DISTINCT"/><a name="DISTINCT"/><h3> DISTINCT </h3><pre>
public static final int <b>DISTINCT</b></pre><dl><dd>The constant in the Java programming language, sometimes referred to as a type code, that identifies the generic SQL type <code>DISTINCT</code>.<p><dl> <dt> <b>Since:</b>   </dt><dd>1.2</dd> <dt> <b>See Also: </b>   </dt><dd> <a href="../../constant-values.html#java.sql.Types.DISTINCT">Constant Field Values  </a> </dd>  </dl></p>                    </dd></dl> <a end_ctx_id="field:DISTINCT"/>  </td></tr></table></td></tr></table><table border="0" cellpadding="1" cellspacing="0" width="100%"><tr><td><h3 class="ctxid">field:STRUCT [NONE]</h3></td></tr><tr><td><table border="0" cellpadding="5" cellspacing="1" bgcolor="black" width="100%"><tr valign="top"><td bgcolor="#FFFFFF" colspan="1"> <a start_ctx_id="field:STRUCT"/><a name="STRUCT"/><h3> STRUCT </h3><pre>
public static final int <b>STRUCT</b></pre><dl><dd>The constant in the Java programming language, sometimes referred to as a type code, that identifies the generic SQL type <code>STRUCT</code>.<p><dl> <dt> <b>Since:</b>   </dt><dd>1.2</dd> <dt> <b>See Also: </b>   </dt><dd> <a href="../../constant-values.html#java.sql.Types.STRUCT">Constant Field Values  </a> </dd>  </dl></p>                    </dd></dl> <a end_ctx_id="field:STRUCT"/>  </td></tr></table></td></tr></table><table border="0" cellpadding="1" cellspacing="0" width="100%"><tr><td><h3 class="ctxid">field:ARRAY [NONE]</h3></td></tr><tr><td><table border="0" cellpadding="5" cellspacing="1" bgcolor="black" width="100%"><tr valign="top"><td bgcolor="#FFFFFF" colspan="1"> <a start_ctx_id="field:ARRAY"/><a name="ARRAY"/><h3> ARRAY </h3><pre>
public static final int <b>ARRAY</b></pre><dl><dd>The constant in the Java programming language, sometimes referred to as a type code, that identifies the generic SQL type <code>ARRAY</code>.<p><dl> <dt> <b>Since:</b>   </dt><dd>1.2</dd> <dt> <b>See Also: </b>   </dt><dd> <a href="../../constant-values.html#java.sql.Types.ARRAY">Constant Field Values  </a> </dd>  </dl></p>                    </dd></dl> <a end_ctx_id="field:ARRAY"/>  </td></tr></table></td></tr></table><table border="0" cellpadding="1" cellspacing="0" width="100%"><tr><td><h3 class="ctxid">field:BLOB [NONE]</h3></td></tr><tr><td><table border="0" cellpadding="5" cellspacing="1" bgcolor="black" width="100%"><tr valign="top"><td bgcolor="#FFFFFF" colspan="1"> <a start_ctx_id="field:BLOB"/><a name="BLOB"/><h3> BLOB </h3><pre>
public static final int <b>BLOB</b></pre><dl><dd>The constant in the Java programming language, sometimes referred to as a type code, that identifies the generic SQL type <code>BLOB</code>.<p><dl> <dt> <b>Since:</b>   </dt><dd>1.2</dd> <dt> <b>See Also: </b>   </dt><dd> <a href="../../constant-values.html#java.sql.Types.BLOB">Constant Field Values  </a> </dd>  </dl></p>                    </dd></dl> <a end_ctx_id="field:BLOB"/>  </td></tr></table></td></tr></table><table border="0" cellpadding="1" cellspacing="0" width="100%"><tr><td><h3 class="ctxid">field:CLOB [NONE]</h3></td></tr><tr><td><table border="0" cellpadding="5" cellspacing="1" bgcolor="black" width="100%"><tr valign="top"><td bgcolor="#FFFFFF" colspan="1"> <a start_ctx_id="field:CLOB"/><a name="CLOB"/><h3> CLOB </h3><pre>
public static final int <b>CLOB</b></pre><dl><dd>The constant in the Java programming language, sometimes referred to as a type code, that identifies the generic SQL type <code>CLOB</code>.<p><dl> <dt> <b>Since:</b>   </dt><dd>1.2</dd> <dt> <b>See Also: </b>   </dt><dd> <a href="../../constant-values.html#java.sql.Types.CLOB">Constant Field Values  </a> </dd>  </dl></p>                    </dd></dl> <a end_ctx_id="field:CLOB"/>  </td></tr></table></td></tr></table><table border="0" cellpadding="1" cellspacing="0" width="100%"><tr><td><h3 class="ctxid">field:REF [NONE]</h3></td></tr><tr><td><table border="0" cellpadding="5" cellspacing="1" bgcolor="black" width="100%"><tr valign="top"><td bgcolor="#FFFFFF" colspan="1"> <a start_ctx_id="field:REF"/><a name="REF"/><h3> REF </h3><pre>
public static final int <b>REF</b></pre><dl><dd>The constant in the Java programming language, sometimes referred to as a type code, that identifies the generic SQL type <code>REF</code>.<p><dl> <dt> <b>Since:</b>   </dt><dd>1.2</dd> <dt> <b>See Also: </b>   </dt><dd> <a href="../../constant-values.html#java.sql.Types.REF">Constant Field Values  </a> </dd>  </dl></p>                    </dd></dl> <a end_ctx_id="field:REF"/>  </td></tr></table></td></tr></table><table border="0" cellpadding="1" cellspacing="0" width="100%"><tr><td><h3 class="ctxid">field:DATALINK [NONE]</h3></td></tr><tr><td><table border="0" cellpadding="5" cellspacing="1" bgcolor="black" width="100%"><tr valign="top"><td bgcolor="#FFFFFF" colspan="1"> <a start_ctx_id="field:DATALINK"/><a name="DATALINK"/><h3> DATALINK </h3><pre>
public static final int <b>DATALINK</b></pre><dl><dd>The constant in the Java programming language, somtimes referred to as a type code, that identifies the generic SQL type <code>DATALINK</code>.<p><dl> <dt> <b>Since:</b>   </dt><dd>1.4</dd> <dt> <b>See Also: </b>   </dt><dd> <a href="../../constant-values.html#java.sql.Types.DATALINK">Constant Field Values  </a> </dd>  </dl></p>                    </dd></dl> <a end_ctx_id="field:DATALINK"/>  </td></tr></table></td></tr></table><table border="0" cellpadding="1" cellspacing="0" width="100%"><tr><td><h3 class="ctxid">field:BOOLEAN [NONE]</h3></td></tr><tr><td><table border="0" cellpadding="5" cellspacing="1" bgcolor="black" width="100%"><tr valign="top"><td bgcolor="#FFFFFF" colspan="1"> <a start_ctx_id="field:BOOLEAN"/><a name="BOOLEAN"/><h3> BOOLEAN </h3><pre>
public static final int <b>BOOLEAN</b></pre><dl><dd>The constant in the Java programming language, somtimes referred to as a type code, that identifies the generic SQL type <code>BOOLEAN</code>.<p><dl> <dt> <b>Since:</b>   </dt><dd>1.4</dd> <dt> <b>See Also: </b>   </dt><dd> <a href="../../constant-values.html#java.sql.Types.BOOLEAN">Constant Field Values  </a> </dd>  </dl></p>                    </dd></dl> <a end_ctx_id="field:BOOLEAN"/>  </td></tr></table></td></tr></table><table border="0" cellpadding="1" cellspacing="0" width="100%"><tr><td><h3 class="ctxid">field:ROWID [NONE]</h3></td></tr><tr><td><table border="0" cellpadding="5" cellspacing="1" bgcolor="black" width="100%"><tr valign="top"><td bgcolor="#FFFFFF" colspan="1"> <a start_ctx_id="field:ROWID"/><a name="ROWID"/><h3> ROWID </h3><pre>
public static final int <b>ROWID</b></pre><dl><dd>The constant in the Java programming language, sometimes referred to as a type code, that identifies the generic SQL type <code>ROWID</code><p><dl> <dt> <b>Since:</b>   </dt><dd>1.6</dd> <dt> <b>See Also: </b>   </dt><dd> <a href="../../constant-values.html#java.sql.Types.ROWID">Constant Field Values  </a> </dd>  </dl></p>                    </dd></dl> <a end_ctx_id="field:ROWID"/>  </td></tr></table></td></tr></table><table border="0" cellpadding="1" cellspacing="0" width="100%"><tr><td><h3 class="ctxid">field:NCHAR [NONE]</h3></td></tr><tr><td><table border="0" cellpadding="5" cellspacing="1" bgcolor="black" width="100%"><tr valign="top"><td bgcolor="#FFFFFF" colspan="1"> <a start_ctx_id="field:NCHAR"/><a name="NCHAR"/><h3> NCHAR </h3><pre>
public static final int <b>NCHAR</b></pre><dl><dd>The constant in the Java programming language, sometimes referred to as a type code, that identifies the generic SQL type <code>NCHAR</code><p><dl> <dt> <b>Since:</b>   </dt><dd>1.6</dd> <dt> <b>See Also: </b>   </dt><dd> <a href="../../constant-values.html#java.sql.Types.NCHAR">Constant Field Values  </a> </dd>  </dl></p>                    </dd></dl> <a end_ctx_id="field:NCHAR"/>  </td></tr></table></td></tr></table><table border="0" cellpadding="1" cellspacing="0" width="100%"><tr><td><h3 class="ctxid">field:NVARCHAR [NONE]</h3></td></tr><tr><td><table border="0" cellpadding="5" cellspacing="1" bgcolor="black" width="100%"><tr valign="top"><td bgcolor="#FFFFFF" colspan="1"> <a start_ctx_id="field:NVARCHAR"/><a name="NVARCHAR"/><h3> NVARCHAR </h3><pre>
public static final int <b>NVARCHAR</b></pre><dl><dd>The constant in the Java programming language, sometimes referred to as a type code, that identifies the generic SQL type <code>NVARCHAR</code>.<p><dl> <dt> <b>Since:</b>   </dt><dd>1.6</dd> <dt> <b>See Also: </b>   </dt><dd> <a href="../../constant-values.html#java.sql.Types.NVARCHAR">Constant Field Values  </a> </dd>  </dl></p>                    </dd></dl> <a end_ctx_id="field:NVARCHAR"/>  </td></tr></table></td></tr></table><table border="0" cellpadding="1" cellspacing="0" width="100%"><tr><td><h3 class="ctxid">field:LONGNVARCHAR [NONE]</h3></td></tr><tr><td><table border="0" cellpadding="5" cellspacing="1" bgcolor="black" width="100%"><tr valign="top"><td bgcolor="#FFFFFF" colspan="1"> <a start_ctx_id="field:LONGNVARCHAR"/><a name="LONGNVARCHAR"/><h3> LONGNVARCHAR </h3><pre>
public static final int <b>LONGNVARCHAR</b></pre><dl><dd>The constant in the Java programming language, sometimes referred to as a type code, that identifies the generic SQL type <code>LONGNVARCHAR</code>.<p><dl> <dt> <b>Since:</b>   </dt><dd>1.6</dd> <dt> <b>See Also: </b>   </dt><dd> <a href="../../constant-values.html#java.sql.Types.LONGNVARCHAR">Constant Field Values  </a> </dd>  </dl></p>                    </dd></dl> <a end_ctx_id="field:LONGNVARCHAR"/>  </td></tr></table></td></tr></table><table border="0" cellpadding="1" cellspacing="0" width="100%"><tr><td><h3 class="ctxid">field:NCLOB [NONE]</h3></td></tr><tr><td><table border="0" cellpadding="5" cellspacing="1" bgcolor="black" width="100%"><tr valign="top"><td bgcolor="#FFFFFF" colspan="1"> <a start_ctx_id="field:NCLOB"/><a name="NCLOB"/><h3> NCLOB </h3><pre>
public static final int <b>NCLOB</b></pre><dl><dd>The constant in the Java programming language, sometimes referred to as a type code, that identifies the generic SQL type <code>NCLOB</code>.<p><dl> <dt> <b>Since:</b>   </dt><dd>1.6</dd> <dt> <b>See Also: </b>   </dt><dd> <a href="../../constant-values.html#java.sql.Types.NCLOB">Constant Field Values  </a> </dd>  </dl></p>                    </dd></dl> <a end_ctx_id="field:NCLOB"/>  </td></tr></table></td></tr></table><table border="0" cellpadding="1" cellspacing="0" width="100%"><tr><td><h3 class="ctxid">field:SQLXML [NONE]</h3></td></tr><tr><td><table border="0" cellpadding="5" cellspacing="1" bgcolor="black" width="100%"><tr valign="top"><td bgcolor="#FFFFFF" colspan="1"> <a start_ctx_id="field:SQLXML"/><a name="SQLXML"/><h3> SQLXML </h3><pre>
public static final int <b>SQLXML</b></pre><dl><dd>The constant in the Java programming language, sometimes referred to as a type code, that identifies the generic SQL type <code>XML</code>.<p><dl> <dt> <b>Since:</b>   </dt><dd>1.6</dd> <dt> <b>See Also: </b>   </dt><dd> <a href="../../constant-values.html#java.sql.Types.SQLXML">Constant Field Values  </a> </dd>  </dl></p>                    </dd></dl> <a end_ctx_id="field:SQLXML"/>  </td></tr></table></td></tr></table></diff></diffreport>