<?xml version="1.0" encoding="UTF-8" standalone="yes"?><Document><name>java/sql/Types.spec</name><Context><name>class:Types</name><mt>NONE</mt></Context><Context><name>field:ARRAY</name><mt>NONE</mt></Context><Context><name>field:BIGINT</name><mt>NONE</mt></Context><Context><name>field:BINARY</name><mt>NONE</mt></Context><Context><name>field:BIT</name><mt>NONE</mt></Context><Context><name>field:BLOB</name><mt>NONE</mt></Context><Context><name>field:BOOLEAN</name><mt>NONE</mt></Context><Context><name>field:CHAR</name><mt>NONE</mt></Context><Context><name>field:CLOB</name><mt>NONE</mt></Context><Context><name>field:DATALINK</name><mt>NONE</mt></Context><Context><name>field:DATE</name><mt>NONE</mt></Context><Context><name>field:DECIMAL</name><mt>NONE</mt></Context><Context><name>field:DISTINCT</name><mt>NONE</mt></Context><Context><name>field:DOUBLE</name><mt>NONE</mt></Context><Context><name>field:FLOAT</name><mt>NONE</mt></Context><Context><name>field:INTEGER</name><mt>NONE</mt></Context><Context><name>field:JAVA_OBJECT</name><mt>NONE</mt></Context><Context><name>field:LONGNVARCHAR</name><mt>NONE</mt></Context><Context><name>field:LONGVARBINARY</name><mt>NONE</mt></Context><Context><name>field:LONGVARCHAR</name><mt>NONE</mt></Context><Context><name>field:NCHAR</name><mt>NONE</mt></Context><Context><name>field:NCLOB</name><mt>NONE</mt></Context><Context><name>field:NULL</name><mt>NONE</mt></Context><Context><name>field:NUMERIC</name><mt>NONE</mt></Context><Context><name>field:NVARCHAR</name><mt>NONE</mt></Context><Context><name>field:OTHER</name><mt>NONE</mt></Context><Context><name>field:REAL</name><mt>NONE</mt></Context><Context><name>field:REF</name><mt>NONE</mt></Context><Context><name>field:ROWID</name><mt>NONE</mt></Context><Context><name>field:SMALLINT</name><mt>NONE</mt></Context><Context><name>field:SQLXML</name><mt>NONE</mt></Context><Context><name>field:STRUCT</name><mt>NONE</mt></Context><Context><name>field:TIME</name><mt>NONE</mt></Context><Context><name>field:TIMESTAMP</name><mt>NONE</mt></Context><Context><name>field:TINYINT</name><mt>NONE</mt></Context><Context><name>field:VARBINARY</name><mt>NONE</mt></Context><Context><name>field:VARCHAR</name><mt>NONE</mt></Context><Stat><name>java/sql/Types.spec</name><mt>NONE</mt><Group name="context"><Item count="0" name="ADDED"/><Item count="0" name="REMOVED"/><Item count="0" name="CHANGED"/><Item count="0" name="MODIFIED"/><Item count="37" name="TOTAL"/></Group><Group name="assertion"><Item count="0" name="ADDED"/><Item count="0" name="REMOVED"/><Item count="0" name="CHANGED"/><Item count="0" name="MODIFIED"/><Item count="0" name="TOTAL"/></Group></Stat></Document>