<?xml version="1.0" encoding="UTF-8"?><diffreport><diff><table border="0" cellpadding="1" cellspacing="0" width="100%"><tr><td><h3 class="ctxid">class:Wrapper [NONE]</h3></td></tr><tr><td><table border="0" cellpadding="5" cellspacing="1" bgcolor="black" width="100%"><tr valign="top"><td bgcolor="#FFFFFF" colspan="1"> <a start_ctx_id="class:Wrapper"/><dl> <dt><pre>public interface <b>Wrapper</b></pre>  </dt> </dl><p> Interface for JDBC classes which provide the ability to retrieve the delegate instance when the instance in question is in fact a proxy class.                        </p><p> The wrapper pattern is employed by many JDBC driver implementations to provide extensions beyond the traditional JDBC API that are specific to a data source. Developers may wish to gain access to these resources that are wrapped (the delegates) as proxy class instances representing the the actual resources. This interface describes a standard mechanism to access these wrapped resources represented by their proxy, to permit direct access to the resource delegates.                                                                       </p><p/><p><dl> <dt> <b>Since:</b>   </dt><dd>1.6</dd> </dl> <a end_ctx_id="class:Wrapper"/> </p> </td></tr></table></td></tr></table><table border="0" cellpadding="1" cellspacing="0" width="100%"><tr><td><h3 class="ctxid">method:unwrap(java.lang.Class) [NONE]</h3></td></tr><tr><td><table border="0" cellpadding="5" cellspacing="1" bgcolor="black" width="100%"><tr valign="top"><td bgcolor="#FFFFFF" colspan="1"> <a start_ctx_id="method:unwrap(java.lang.Class)"/><a name="unwrap(java.lang.Class)"/><h3> unwrap </h3><pre>
&lt;T&gt; T <b>unwrap</b>(java.lang.Class&lt;T&gt; iface)
         throws <a href="../../java/sql/SQLException.html" title="class in java.sql">SQLException</a></pre><dl><dd>Returns an object that implements the given interface to allow access to non-standard methods, or standard methods not exposed by the proxy. If the receiver implements the interface then the result is the receiver or a proxy for the receiver. If the receiver is a wrapper and the wrapped object implements the interface then the result is the wrapped object or a proxy for the wrapped object. Otherwise return the the result of calling <code>unwrap</code> recursively on the wrapped object or a proxy for that result. If the receiver is not a wrapper and does not implement the interface, then an <code>SQLException</code> is thrown.<p/>                                                                                                       </dd><dd><dl> <dt> <b>Parameters:</b>   </dt><dd> <code>iface</code> - A Class defining an interface that the result must implement.            </dd> <dt> <b>Returns:</b>   </dt><dd>an object that implements the interface. May be a proxy for the actual implementing object.              </dd> <dt> <b>Throws:</b>   </dt><dd> <code><a href="../../java/sql/SQLException.html" title="class in java.sql">SQLException</a></code> - If no object found that implements the interface          </dd> <dt> <b>Since:</b>   </dt><dd>1.6</dd>    </dl></dd></dl> <a end_ctx_id="method:unwrap(java.lang.Class)"/>  </td></tr></table></td></tr></table><table border="0" cellpadding="1" cellspacing="0" width="100%"><tr><td><h3 class="ctxid">method:isWrapperFor(java.lang.Class) [NONE]</h3></td></tr><tr><td><table border="0" cellpadding="5" cellspacing="1" bgcolor="black" width="100%"><tr valign="top"><td bgcolor="#FFFFFF" colspan="1"> <a start_ctx_id="method:isWrapperFor(java.lang.Class)"/><a name="isWrapperFor(java.lang.Class)"/><h3> isWrapperFor </h3><pre>
boolean <b>isWrapperFor</b>(java.lang.Class&lt;?&gt; iface)
                     throws <a href="../../java/sql/SQLException.html" title="class in java.sql">SQLException</a></pre><dl><dd>Returns true if this either implements the interface argument or is directly or indirectly a wrapper for an object that does. Returns false otherwise. If this implements the interface then return true, else if this is a wrapper then return the result of recursively calling <code>isWrapperFor</code> on the wrapped object. If this does not implement the interface and is not a wrapper, return false. This method should be implemented as a low-cost operation compared to <code>unwrap</code> so that callers can use this method to avoid expensive <code>unwrap</code> calls that may fail. If this method returns true then calling <code>unwrap</code> with the same argument should succeed.<p/>                                                                                                        </dd><dd><dl> <dt> <b>Parameters:</b>   </dt><dd> <code>iface</code> - a Class defining an interface.       </dd> <dt> <b>Returns:</b>   </dt><dd>true if this implements the interface or directly or indirectly wraps an object that does.              </dd> <dt> <b>Throws:</b>   </dt><dd> <code><a href="../../java/sql/SQLException.html" title="class in java.sql">SQLException</a></code> - if an error occurs while determining whether this is a wrapper for an object with the given interface.                    </dd> <dt> <b>Since:</b>   </dt><dd>1.6</dd>    </dl></dd></dl> <a end_ctx_id="method:isWrapperFor(java.lang.Class)"/>  </td></tr></table></td></tr></table></diff></diffreport>