<?xml version="1.0" encoding="UTF-8"?><diffreport><diff><table border="0" cellpadding="1" cellspacing="0" width="100%"><tr><td><h3 class="ctxid">class:CommonDataSource [CHANGED]</h3></td></tr><tr><td><table border="0" cellpadding="5" cellspacing="1" bgcolor="black" width="100%"><tr valign="top"><td bgcolor="#EEEEEE" colspan="2"><div class="description"> <a start_ctx_id="class:CommonDataSource"/><ul class="blockList"><li class="blockList"><dl> <dt>All Known Subinterfaces:  </dt><dd> <code><a href="../../javax/sql/ConnectionPoolDataSource.html" title="interface in javax.sql">ConnectionPoolDataSource</a></code>, <code><a href="../../javax/sql/DataSource.html" title="interface in javax.sql">DataSource</a></code>, <code><a href="../../javax/sql/XADataSource.html" title="interface in javax.sql">XADataSource</a></code>   </dd> </dl> <hr/> <br/><pre>
                            public interface <span class="typeNameLabel">CommonDataSource</span>
                        </pre><div class="block"> Interface that defines the methods which are common between <code>DataSource</code>, <code>XADataSource</code> and <code>ConnectionPoolDataSource</code>.             </div><dl> <dt> <span class="simpleTagLabel"><span class="diff-html-added">Since:</span></span>   </dt><dd><span class="diff-html-added">1.6</span></dd> </dl>  </li></ul> </div> <a end_ctx_id="class:CommonDataSource"/> </td></tr><tr valign="top"><td bgcolor="#CCCCCC" colspan="1"><div class="description"> <a start_ctx_id="class:CommonDataSource"/><ul class="blockList"><li class="blockList"><dl> <dt>All Known Subinterfaces:  </dt><dd> <code><a href="../../javax/sql/ConnectionPoolDataSource.html" title="interface in javax.sql">ConnectionPoolDataSource</a></code>, <code><a href="../../javax/sql/DataSource.html" title="interface in javax.sql">DataSource</a></code>, <code><a href="../../javax/sql/XADataSource.html" title="interface in javax.sql">XADataSource</a></code>   </dd> </dl> <hr/> <br/><pre>
                            public interface <span class="typeNameLabel">CommonDataSource</span>
                        </pre><div class="block"> Interface that defines the methods which are common between <code>DataSource</code>, <code>XADataSource</code> and <code>ConnectionPoolDataSource</code>.             </div>  </li></ul> </div> <a end_ctx_id="class:CommonDataSource"/> </td><td bgcolor="#FFFFFF" colspan="1"><div class="description"> <a start_ctx_id="class:CommonDataSource"/><ul class="blockList"><li class="blockList"><dl> <dt>All Known Subinterfaces:  </dt><dd> <code><a href="../../javax/sql/ConnectionPoolDataSource.html" title="interface in javax.sql">ConnectionPoolDataSource</a></code>, <code><a href="../../javax/sql/DataSource.html" title="interface in javax.sql">DataSource</a></code>, <code><a href="../../javax/sql/XADataSource.html" title="interface in javax.sql">XADataSource</a></code>   </dd> </dl> <hr/> <br/><pre>
                            public interface <span class="typeNameLabel">CommonDataSource</span>
                        </pre><div class="block"> Interface that defines the methods which are common between <code>DataSource</code>, <code>XADataSource</code> and <code>ConnectionPoolDataSource</code>.             </div><dl> <dt> <span class="simpleTagLabel">Since:</span>   </dt><dd>1.6</dd> </dl>  </li></ul> </div> <a end_ctx_id="class:CommonDataSource"/> </td></tr></table></td></tr></table><table border="0" cellpadding="1" cellspacing="0" width="100%"><tr><td><h3 class="ctxid">method:getLogWriter() [CHANGED]</h3></td></tr><tr><td><table border="0" cellpadding="5" cellspacing="1" bgcolor="black" width="100%"><tr valign="top"><td bgcolor="#EEEEEE" colspan="2"> <a start_ctx_id="method:getLogWriter()"/><a name="getLogWriter--"/><ul class="blockList"><li class="blockList"><h4>getLogWriter</h4><pre>
                                            java.io.PrintWriter getLogWriter()
                          throws <a href="../../java/sql/SQLException.html" title="class in java.sql">SQLException</a>
                                        </pre><div class="block"><p> Retrieves the log writer for this <code>DataSource</code> object.        </p><p> The log writer is a character output stream to which all logging and tracing messages for this data source will be printed. This includes messages printed by the methods of this object, messages printed by methods of other objects manufactured by this object, and so on. Messages printed to a data source specific log writer are not printed to the log writer associated with the <code>java.sql.DriverManager</code> class. When a <code>DataSource</code> object is created, the log writer is initially null; in other words, the default is for logging to be disabled.                                                                                          </p></div><dl> <dt> <span class="returnLabel">Returns:</span>   </dt><dd>the log writer for this data source or null if logging is disabled            </dd> <dt> <span class="throwsLabel">Throws:</span>   </dt><dd> <code><a href="../../java/sql/SQLException.html" title="class in java.sql">SQLException</a></code> - if a database access error occurs        </dd> <dt> <span class="seeLabel"> <dt changeType="diff-removed-tag"> <span class="simpleTagLabel"><span class="diff-html-removed">Since:</span></span> <span class="diff-html-removed"/>  </dt><dd changeType="diff-removed-tag"><span class="diff-html-removed">1.4</span></dd>See Also:  </span>   </dt><dd> <a href="../../javax/sql/CommonDataSource.html#setLogWriter-java.io.PrintWriter-"><code>setLogWriter(java.io.PrintWriter)</code></a> </dd>   </dl></li></ul> <a end_ctx_id="method:getLogWriter()"/>  </td></tr><tr valign="top"><td bgcolor="#CCCCCC" colspan="1"> <a start_ctx_id="method:getLogWriter()"/><a name="getLogWriter--"/><ul class="blockList"><li class="blockList"><h4>getLogWriter</h4><pre>
                                            java.io.PrintWriter getLogWriter()
                          throws <a href="../../java/sql/SQLException.html" title="class in java.sql">SQLException</a>
                                        </pre><div class="block"><p> Retrieves the log writer for this <code>DataSource</code> object.        </p><p> The log writer is a character output stream to which all logging and tracing messages for this data source will be printed. This includes messages printed by the methods of this object, messages printed by methods of other objects manufactured by this object, and so on. Messages printed to a data source specific log writer are not printed to the log writer associated with the <code>java.sql.DriverManager</code> class. When a <code>DataSource</code> object is created, the log writer is initially null; in other words, the default is for logging to be disabled.                                                                                          </p></div><dl> <dt> <span class="returnLabel">Returns:</span>   </dt><dd>the log writer for this data source or null if logging is disabled            </dd> <dt> <span class="throwsLabel">Throws:</span>   </dt><dd> <code><a href="../../java/sql/SQLException.html" title="class in java.sql">SQLException</a></code> - if a database access error occurs        </dd> <dt changeType="diff-removed-tag"> <span class="simpleTagLabel">Since:</span>   </dt><dd changeType="diff-removed-tag">1.4</dd> <dt> <span class="seeLabel">See Also: </span>   </dt><dd> <a href="../../javax/sql/CommonDataSource.html#setLogWriter-java.io.PrintWriter-"><code>setLogWriter(java.io.PrintWriter)</code></a> </dd>    </dl></li></ul> <a end_ctx_id="method:getLogWriter()"/>  </td><td bgcolor="#FFFFFF" colspan="1"> <a start_ctx_id="method:getLogWriter()"/><a name="getLogWriter--"/><ul class="blockList"><li class="blockList"><h4>getLogWriter</h4><pre>
                                            java.io.PrintWriter getLogWriter()
                          throws <a href="../../java/sql/SQLException.html" title="class in java.sql">SQLException</a>
                                        </pre><div class="block"><p> Retrieves the log writer for this <code>DataSource</code> object.        </p><p> The log writer is a character output stream to which all logging and tracing messages for this data source will be printed. This includes messages printed by the methods of this object, messages printed by methods of other objects manufactured by this object, and so on. Messages printed to a data source specific log writer are not printed to the log writer associated with the <code>java.sql.DriverManager</code> class. When a <code>DataSource</code> object is created, the log writer is initially null; in other words, the default is for logging to be disabled.                                                                                          </p></div><dl> <dt> <span class="returnLabel">Returns:</span>   </dt><dd>the log writer for this data source or null if logging is disabled            </dd> <dt> <span class="throwsLabel">Throws:</span>   </dt><dd> <code><a href="../../java/sql/SQLException.html" title="class in java.sql">SQLException</a></code> - if a database access error occurs        </dd> <dt> <span class="seeLabel">See Also: </span>   </dt><dd> <a href="../../javax/sql/CommonDataSource.html#setLogWriter-java.io.PrintWriter-"><code>setLogWriter(java.io.PrintWriter)</code></a> </dd>   </dl></li></ul> <a end_ctx_id="method:getLogWriter()"/>  </td></tr></table></td></tr></table><table border="0" cellpadding="1" cellspacing="0" width="100%"><tr><td><h3 class="ctxid">method:setLogWriter(java.io.PrintWriter) [CHANGED]</h3></td></tr><tr><td><table border="0" cellpadding="5" cellspacing="1" bgcolor="black" width="100%"><tr valign="top"><td bgcolor="#EEEEEE" colspan="2"> <a start_ctx_id="method:setLogWriter(java.io.PrintWriter)"/><a name="setLogWriter-java.io.PrintWriter-"/><ul class="blockList"><li class="blockList"><h4>setLogWriter</h4><pre>
                                            void setLogWriter(java.io.PrintWriter out)
           throws <a href="../../java/sql/SQLException.html" title="class in java.sql">SQLException</a>
                                        </pre><div class="block"><p> Sets the log writer for this <code>DataSource</code> object to the given <code>java.io.PrintWriter</code> object.             </p><p> The log writer is a character output stream to which all logging and tracing messages for this data source will be printed. This includes messages printed by the methods of this object, messages printed by methods of other objects manufactured by this object, and so on. Messages printed to a data source- specific log writer are not printed to the log writer associated with the <code>java.sql.DriverManager</code> class. When a <code>DataSource</code> object is created the log writer is initially null; in other words, the default is for logging to be disabled.                                                                                          </p></div><dl> <dt> <span class="paramLabel">Parameters:</span>   </dt><dd> <code>out</code> - the new log writer; to disable logging, set to null            </dd> <dt> <span class="throwsLabel">Throws:</span>   </dt><dd> <code><a href="../../java/sql/SQLException.html" title="class in java.sql">SQLException</a></code> - if a database access error occurs        </dd> <dt> <span class="seeLabel"> <dt changeType="diff-removed-tag"> <span class="simpleTagLabel"><span class="diff-html-removed">Since:</span></span> <span class="diff-html-removed"/>  </dt><dd changeType="diff-removed-tag"><span class="diff-html-removed">1.4</span></dd>See Also:  </span>   </dt><dd> <a href="../../javax/sql/CommonDataSource.html#getLogWriter--"><code>getLogWriter()</code></a> </dd>   </dl></li></ul> <a end_ctx_id="method:setLogWriter(java.io.PrintWriter)"/>  </td></tr><tr valign="top"><td bgcolor="#CCCCCC" colspan="1"> <a start_ctx_id="method:setLogWriter(java.io.PrintWriter)"/><a name="setLogWriter-java.io.PrintWriter-"/><ul class="blockList"><li class="blockList"><h4>setLogWriter</h4><pre>
                                            void setLogWriter(java.io.PrintWriter out)
           throws <a href="../../java/sql/SQLException.html" title="class in java.sql">SQLException</a>
                                        </pre><div class="block"><p> Sets the log writer for this <code>DataSource</code> object to the given <code>java.io.PrintWriter</code> object.             </p><p> The log writer is a character output stream to which all logging and tracing messages for this data source will be printed. This includes messages printed by the methods of this object, messages printed by methods of other objects manufactured by this object, and so on. Messages printed to a data source- specific log writer are not printed to the log writer associated with the <code>java.sql.DriverManager</code> class. When a <code>DataSource</code> object is created the log writer is initially null; in other words, the default is for logging to be disabled.                                                                                          </p></div><dl> <dt> <span class="paramLabel">Parameters:</span>   </dt><dd> <code>out</code> - the new log writer; to disable logging, set to null            </dd> <dt> <span class="throwsLabel">Throws:</span>   </dt><dd> <code><a href="../../java/sql/SQLException.html" title="class in java.sql">SQLException</a></code> - if a database access error occurs        </dd> <dt changeType="diff-removed-tag"> <span class="simpleTagLabel">Since:</span>   </dt><dd changeType="diff-removed-tag">1.4</dd> <dt> <span class="seeLabel">See Also: </span>   </dt><dd> <a href="../../javax/sql/CommonDataSource.html#getLogWriter--"><code>getLogWriter()</code></a> </dd>    </dl></li></ul> <a end_ctx_id="method:setLogWriter(java.io.PrintWriter)"/>  </td><td bgcolor="#FFFFFF" colspan="1"> <a start_ctx_id="method:setLogWriter(java.io.PrintWriter)"/><a name="setLogWriter-java.io.PrintWriter-"/><ul class="blockList"><li class="blockList"><h4>setLogWriter</h4><pre>
                                            void setLogWriter(java.io.PrintWriter out)
           throws <a href="../../java/sql/SQLException.html" title="class in java.sql">SQLException</a>
                                        </pre><div class="block"><p> Sets the log writer for this <code>DataSource</code> object to the given <code>java.io.PrintWriter</code> object.             </p><p> The log writer is a character output stream to which all logging and tracing messages for this data source will be printed. This includes messages printed by the methods of this object, messages printed by methods of other objects manufactured by this object, and so on. Messages printed to a data source- specific log writer are not printed to the log writer associated with the <code>java.sql.DriverManager</code> class. When a <code>DataSource</code> object is created the log writer is initially null; in other words, the default is for logging to be disabled.                                                                                          </p></div><dl> <dt> <span class="paramLabel">Parameters:</span>   </dt><dd> <code>out</code> - the new log writer; to disable logging, set to null            </dd> <dt> <span class="throwsLabel">Throws:</span>   </dt><dd> <code><a href="../../java/sql/SQLException.html" title="class in java.sql">SQLException</a></code> - if a database access error occurs        </dd> <dt> <span class="seeLabel">See Also: </span>   </dt><dd> <a href="../../javax/sql/CommonDataSource.html#getLogWriter--"><code>getLogWriter()</code></a> </dd>   </dl></li></ul> <a end_ctx_id="method:setLogWriter(java.io.PrintWriter)"/>  </td></tr></table></td></tr></table><table border="0" cellpadding="1" cellspacing="0" width="100%"><tr><td><h3 class="ctxid">method:setLoginTimeout(int) [CHANGED]</h3></td></tr><tr><td><table border="0" cellpadding="5" cellspacing="1" bgcolor="black" width="100%"><tr valign="top"><td bgcolor="#EEEEEE" colspan="2"> <a start_ctx_id="method:setLoginTimeout(int)"/><a name="setLoginTimeout-int-"/><ul class="blockList"><li class="blockList"><h4>setLoginTimeout</h4><pre>
                                            void setLoginTimeout(int seconds)
              throws <a href="../../java/sql/SQLException.html" title="class in java.sql">SQLException</a>
                                        </pre><div class="block"><p> Sets the maximum time in seconds that this data source will wait while attempting to connect to a database. A value of zero specifies that the timeout is the default system timeout if there is one; otherwise, it specifies that there is no timeout. When a <code>DataSource</code> object is created, the login timeout is initially zero.                                                        </p></div><dl> <dt> <span class="paramLabel">Parameters:</span>   </dt><dd> <code>seconds</code> - the data source login time limit        </dd> <dt> <span class="throwsLabel">Throws:</span>   </dt><dd> <code><a href="../../java/sql/SQLException.html" title="class in java.sql">SQLException</a></code> - if a database access error occurs.        </dd> <dt> <span class="seeLabel"> <dt changeType="diff-removed-tag"> <span class="simpleTagLabel"><span class="diff-html-removed">Since:</span></span> <span class="diff-html-removed"/>  </dt><dd changeType="diff-removed-tag"><span class="diff-html-removed">1.4</span></dd>See Also:  </span>   </dt><dd> <a href="../../javax/sql/CommonDataSource.html#getLoginTimeout--"><code>getLoginTimeout()</code></a> </dd>   </dl></li></ul> <a end_ctx_id="method:setLoginTimeout(int)"/>  </td></tr><tr valign="top"><td bgcolor="#CCCCCC" colspan="1"> <a start_ctx_id="method:setLoginTimeout(int)"/><a name="setLoginTimeout-int-"/><ul class="blockList"><li class="blockList"><h4>setLoginTimeout</h4><pre>
                                            void setLoginTimeout(int seconds)
              throws <a href="../../java/sql/SQLException.html" title="class in java.sql">SQLException</a>
                                        </pre><div class="block"><p> Sets the maximum time in seconds that this data source will wait while attempting to connect to a database. A value of zero specifies that the timeout is the default system timeout if there is one; otherwise, it specifies that there is no timeout. When a <code>DataSource</code> object is created, the login timeout is initially zero.                                                        </p></div><dl> <dt> <span class="paramLabel">Parameters:</span>   </dt><dd> <code>seconds</code> - the data source login time limit        </dd> <dt> <span class="throwsLabel">Throws:</span>   </dt><dd> <code><a href="../../java/sql/SQLException.html" title="class in java.sql">SQLException</a></code> - if a database access error occurs.        </dd> <dt changeType="diff-removed-tag"> <span class="simpleTagLabel">Since:</span>   </dt><dd changeType="diff-removed-tag">1.4</dd> <dt> <span class="seeLabel">See Also: </span>   </dt><dd> <a href="../../javax/sql/CommonDataSource.html#getLoginTimeout--"><code>getLoginTimeout()</code></a> </dd>    </dl></li></ul> <a end_ctx_id="method:setLoginTimeout(int)"/>  </td><td bgcolor="#FFFFFF" colspan="1"> <a start_ctx_id="method:setLoginTimeout(int)"/><a name="setLoginTimeout-int-"/><ul class="blockList"><li class="blockList"><h4>setLoginTimeout</h4><pre>
                                            void setLoginTimeout(int seconds)
              throws <a href="../../java/sql/SQLException.html" title="class in java.sql">SQLException</a>
                                        </pre><div class="block"><p> Sets the maximum time in seconds that this data source will wait while attempting to connect to a database. A value of zero specifies that the timeout is the default system timeout if there is one; otherwise, it specifies that there is no timeout. When a <code>DataSource</code> object is created, the login timeout is initially zero.                                                        </p></div><dl> <dt> <span class="paramLabel">Parameters:</span>   </dt><dd> <code>seconds</code> - the data source login time limit        </dd> <dt> <span class="throwsLabel">Throws:</span>   </dt><dd> <code><a href="../../java/sql/SQLException.html" title="class in java.sql">SQLException</a></code> - if a database access error occurs.        </dd> <dt> <span class="seeLabel">See Also: </span>   </dt><dd> <a href="../../javax/sql/CommonDataSource.html#getLoginTimeout--"><code>getLoginTimeout()</code></a> </dd>   </dl></li></ul> <a end_ctx_id="method:setLoginTimeout(int)"/>  </td></tr></table></td></tr></table><table border="0" cellpadding="1" cellspacing="0" width="100%"><tr><td><h3 class="ctxid">method:getLoginTimeout() [CHANGED]</h3></td></tr><tr><td><table border="0" cellpadding="5" cellspacing="1" bgcolor="black" width="100%"><tr valign="top"><td bgcolor="#EEEEEE" colspan="2"> <a start_ctx_id="method:getLoginTimeout()"/><a name="getLoginTimeout--"/><ul class="blockList"><li class="blockList"><h4>getLoginTimeout</h4><pre>
                                            int getLoginTimeout()
             throws <a href="../../java/sql/SQLException.html" title="class in java.sql">SQLException</a>
                                        </pre><div class="block"> Gets the maximum time in seconds that this data source can wait while attempting to connect to a database. A value of zero means that the timeout is the default system timeout if there is one; otherwise, it means that there is no timeout. When a <code>DataSource</code> object is created, the login timeout is initially zero.                                                        </div><dl> <dt> <span class="returnLabel">Returns:</span>   </dt><dd>the data source login time limit     </dd> <dt> <span class="throwsLabel">Throws:</span>   </dt><dd> <code><a href="../../java/sql/SQLException.html" title="class in java.sql">SQLException</a></code> - if a database access error occurs.        </dd> <dt> <span class="seeLabel"> <dt changeType="diff-removed-tag"> <span class="simpleTagLabel"><span class="diff-html-removed">Since:</span></span> <span class="diff-html-removed"/>  </dt><dd changeType="diff-removed-tag"><span class="diff-html-removed">1.4</span></dd>See Also:  </span>   </dt><dd> <a href="../../javax/sql/CommonDataSource.html#setLoginTimeout-int-"><code>setLoginTimeout(int)</code></a> </dd>   </dl></li></ul> <a end_ctx_id="method:getLoginTimeout()"/>  </td></tr><tr valign="top"><td bgcolor="#CCCCCC" colspan="1"> <a start_ctx_id="method:getLoginTimeout()"/><a name="getLoginTimeout--"/><ul class="blockList"><li class="blockList"><h4>getLoginTimeout</h4><pre>
                                            int getLoginTimeout()
             throws <a href="../../java/sql/SQLException.html" title="class in java.sql">SQLException</a>
                                        </pre><div class="block"> Gets the maximum time in seconds that this data source can wait while attempting to connect to a database. A value of zero means that the timeout is the default system timeout if there is one; otherwise, it means that there is no timeout. When a <code>DataSource</code> object is created, the login timeout is initially zero.                                                        </div><dl> <dt> <span class="returnLabel">Returns:</span>   </dt><dd>the data source login time limit     </dd> <dt> <span class="throwsLabel">Throws:</span>   </dt><dd> <code><a href="../../java/sql/SQLException.html" title="class in java.sql">SQLException</a></code> - if a database access error occurs.        </dd> <dt changeType="diff-removed-tag"> <span class="simpleTagLabel">Since:</span>   </dt><dd changeType="diff-removed-tag">1.4</dd> <dt> <span class="seeLabel">See Also: </span>   </dt><dd> <a href="../../javax/sql/CommonDataSource.html#setLoginTimeout-int-"><code>setLoginTimeout(int)</code></a> </dd>    </dl></li></ul> <a end_ctx_id="method:getLoginTimeout()"/>  </td><td bgcolor="#FFFFFF" colspan="1"> <a start_ctx_id="method:getLoginTimeout()"/><a name="getLoginTimeout--"/><ul class="blockList"><li class="blockList"><h4>getLoginTimeout</h4><pre>
                                            int getLoginTimeout()
             throws <a href="../../java/sql/SQLException.html" title="class in java.sql">SQLException</a>
                                        </pre><div class="block"> Gets the maximum time in seconds that this data source can wait while attempting to connect to a database. A value of zero means that the timeout is the default system timeout if there is one; otherwise, it means that there is no timeout. When a <code>DataSource</code> object is created, the login timeout is initially zero.                                                        </div><dl> <dt> <span class="returnLabel">Returns:</span>   </dt><dd>the data source login time limit     </dd> <dt> <span class="throwsLabel">Throws:</span>   </dt><dd> <code><a href="../../java/sql/SQLException.html" title="class in java.sql">SQLException</a></code> - if a database access error occurs.        </dd> <dt> <span class="seeLabel">See Also: </span>   </dt><dd> <a href="../../javax/sql/CommonDataSource.html#setLoginTimeout-int-"><code>setLoginTimeout(int)</code></a> </dd>   </dl></li></ul> <a end_ctx_id="method:getLoginTimeout()"/>  </td></tr></table></td></tr></table><table border="0" cellpadding="1" cellspacing="0" width="100%"><tr><td><h3 class="ctxid">method:getParentLogger() [NONE]</h3></td></tr><tr><td><table border="0" cellpadding="5" cellspacing="1" bgcolor="black" width="100%"><tr valign="top"><td bgcolor="#FFFFFF" colspan="1"> <a start_ctx_id="method:getParentLogger()"/><a name="getParentLogger--"/><ul class="blockList"><li class="blockList"><h4>getParentLogger</h4><pre>
                                            java.util.logging.Logger getParentLogger()
                                  throws <a href="../../java/sql/SQLFeatureNotSupportedException.html" title="class in java.sql">SQLFeatureNotSupportedException</a>
                                        </pre><div class="block">Return the parent Logger of all the Loggers used by this data source. This should be the Logger farthest from the root Logger that is still an ancestor of all of the Loggers used by this data source. Configuring this Logger will affect all of the log messages generated by the data source. In the worst case, this may be the root Logger.                                                              </div><dl> <dt> <span class="returnLabel">Returns:</span>   </dt><dd>the parent Logger for this data source      </dd> <dt> <span class="throwsLabel">Throws:</span>   </dt><dd> <code><a href="../../java/sql/SQLFeatureNotSupportedException.html" title="class in java.sql">SQLFeatureNotSupportedException</a></code> - if the data source does not use <code>java.util.logging</code>          </dd> <dt> <span class="simpleTagLabel">Since:</span>   </dt><dd>1.7</dd>   </dl></li></ul> <a end_ctx_id="method:getParentLogger()"/>  </td></tr></table></td></tr></table><table border="0" cellpadding="1" cellspacing="0" width="100%"><tr><td><h3 class="ctxid">method:createShardingKeyBuilder() [ADDED]</h3></td></tr><tr><td><table border="0" cellpadding="5" cellspacing="1" bgcolor="black" width="100%"><tr valign="top"><td bgcolor="#FFFFFF" colspan="1"> <a start_ctx_id="method:createShardingKeyBuilder()"><span class="diff-html-added"/></a><a name="createShardingKeyBuilder--"/><ul class="blockListLast"><li class="blockList"><h4><span class="diff-html-added">createShardingKeyBuilder</span></h4><pre>
                                            <span class="diff-html-added">default </span><a href="../../java/sql/ShardingKeyBuilder.html" title="interface in java.sql"><span class="diff-html-added">ShardingKeyBuilder</span></a><span class="diff-html-added"> createShardingKeyBuilder()</span>
                                             <span class="diff-html-added">throws</span> <a href="../../java/sql/SQLException.html" title="class in java.sql"><span class="diff-html-added">SQLException</span></a>
                                        </pre><div class="block"> <span class="diff-html-added">Creates</span> <span class="diff-html-added">a</span> <span class="diff-html-added">new</span> <code><span class="diff-html-added">ShardingKeyBuilder</span></code> <span class="diff-html-added">instance</span>     </div><dl> <dt> <span class="returnLabel"><span class="diff-html-added">Returns:</span></span>   </dt><dd><span class="diff-html-added">The</span> <span class="diff-html-added">ShardingKeyBuilder</span> <span class="diff-html-added">instance</span> <span class="diff-html-added">that</span> <span class="diff-html-added">was</span> <span class="diff-html-added">created</span>     </dd> <dt> <span class="throwsLabel"><span class="diff-html-added">Throws:</span></span>   </dt><dd> <code><a href="../../java/sql/SQLException.html" title="class in java.sql"><span class="diff-html-added">SQLException</span></a></code> <span class="diff-html-added">-</span> <span class="diff-html-added">if</span> <span class="diff-html-added">an</span> <span class="diff-html-added">error</span> <span class="diff-html-added">occurs</span> <span class="diff-html-added">creating</span> <span class="diff-html-added">the</span> <span class="diff-html-added">builder</span>         </dd><dd> <code><a href="../../java/sql/SQLFeatureNotSupportedException.html" title="class in java.sql"><span class="diff-html-added">SQLFeatureNotSupportedException</span></a></code> <span class="diff-html-added">-</span> <span class="diff-html-added">if</span> <span class="diff-html-added">the</span> <span class="diff-html-added">driver</span> <span class="diff-html-added">does</span> <span class="diff-html-added">not</span> <span class="diff-html-added">support</span> <span class="diff-html-added">this</span> <span class="diff-html-added">method</span>          </dd> <dt> <span class="simpleTagLabel"><span class="diff-html-added">Since:</span></span>   </dt><dd><span class="diff-html-added">9</span></dd> <dt> <span class="seeLabel"><span class="diff-html-added">See</span> <span class="diff-html-added">Also:</span> </span>   </dt><dd> <a href="../../java/sql/ShardingKeyBuilder.html" title="interface in java.sql"><code><span class="diff-html-added">ShardingKeyBuilder</span></code></a> </dd> <dt> <span class="simpleTagLabel"><span class="diff-html-added">Implementation</span> <span class="diff-html-added">Requirements:</span> </span>   </dt><dd> <span class="diff-html-added">The</span> <span class="diff-html-added">default</span> <span class="diff-html-added">implementation</span> <span class="diff-html-added">will</span> <span class="diff-html-added">throw</span> <span class="diff-html-added">a</span> <code><span class="diff-html-added">SQLFeatureNotSupportedException</span></code><span class="diff-html-added">.</span>       </dd>     </dl></li></ul> <a end_ctx_id="method:createShardingKeyBuilder()"><span class="diff-html-added"/></a>  </td></tr></table></td></tr></table></diff></diffreport>