<?xml version="1.0" encoding="UTF-8"?><diffreport><diff><table border="0" cellpadding="1" cellspacing="0" width="100%"><tr><td><h3 class="ctxid">class:ConnectionEvent [NONE]</h3></td></tr><tr><td><table border="0" cellpadding="5" cellspacing="1" bgcolor="black" width="100%"><tr valign="top"><td bgcolor="#FFFFFF" colspan="1"><div class="description"> <a start_ctx_id="class:ConnectionEvent"/><ul class="blockList"><li class="blockList"> <hr/> <br/><pre>
                            public class <span class="typeNameLabel">ConnectionEvent</span>
extends java.util.EventObject
                        </pre><div class="block"><p> An <code>Event</code> object that provides information about the source of a connection-related event. <code>ConnectionEvent</code> objects are generated when an application closes a pooled connection and when an error occurs. The <code>ConnectionEvent</code> object contains two kinds of information:<ul><li>The pooled connection closed by the application      </li><li> In the case of an error event, the <code>SQLException</code> about to be thrown to the application                </li></ul>                                     </p></div><dl> <dt> <span class="simpleTagLabel">Since:</span>   </dt><dd>1.4</dd> <dt> <span class="seeLabel">See Also: </span>   </dt><dd> <a href="../../serialized-form.html#javax.sql.ConnectionEvent">Serialized Form </a> </dd>  </dl>  </li></ul> </div> <a end_ctx_id="class:ConnectionEvent"/> </td></tr></table></td></tr></table><table border="0" cellpadding="1" cellspacing="0" width="100%"><tr><td><h3 class="ctxid">constructor:ConnectionEvent(javax.sql.PooledConnection) [NONE]</h3></td></tr><tr><td><table border="0" cellpadding="5" cellspacing="1" bgcolor="black" width="100%"><tr valign="top"><td bgcolor="#FFFFFF" colspan="1"> <a start_ctx_id="constructor:ConnectionEvent(javax.sql.PooledConnection)"/><a name="ConnectionEvent-javax.sql.PooledConnection-"/><ul class="blockList"><li class="blockList"><h4>ConnectionEvent</h4><pre>
                                            public ConnectionEvent(<a href="../../javax/sql/PooledConnection.html" title="interface in javax.sql">PooledConnection</a> con)
                                        </pre><div class="block"><p> Constructs a <code>ConnectionEvent</code> object initialized with the given <code>PooledConnection</code> object. <code>SQLException</code> defaults to <code>null</code>.              </p></div><dl> <dt> <span class="paramLabel">Parameters:</span>   </dt><dd> <code>con</code> - the pooled connection that is the source of the event            </dd> <dt> <span class="throwsLabel">Throws:</span>   </dt><dd> <code>java.lang.IllegalArgumentException</code> - if <code>con</code> is null.      </dd>  </dl></li></ul> <a end_ctx_id="constructor:ConnectionEvent(javax.sql.PooledConnection)"/>  </td></tr></table></td></tr></table><table border="0" cellpadding="1" cellspacing="0" width="100%"><tr><td><h3 class="ctxid">constructor:ConnectionEvent(javax.sql.PooledConnection, java.sql.SQLException) [NONE]</h3></td></tr><tr><td><table border="0" cellpadding="5" cellspacing="1" bgcolor="black" width="100%"><tr valign="top"><td bgcolor="#FFFFFF" colspan="1"> <a start_ctx_id="constructor:ConnectionEvent(javax.sql.PooledConnection, java.sql.SQLException)"/><a name="ConnectionEvent-javax.sql.PooledConnection-java.sql.SQLException-"/><ul class="blockListLast"><li class="blockList"><h4>ConnectionEvent</h4><pre>
                                            public ConnectionEvent(<a href="../../javax/sql/PooledConnection.html" title="interface in javax.sql">PooledConnection</a> con,
                       <a href="../../java/sql/SQLException.html" title="class in java.sql">SQLException</a> ex)
                                        </pre><div class="block"><p> Constructs a <code>ConnectionEvent</code> object initialized with the given <code>PooledConnection</code> object and <code>SQLException</code> object.             </p></div><dl> <dt> <span class="paramLabel">Parameters:</span>   </dt><dd> <code>con</code> - the pooled connection that is the source of the event            </dd><dd> <code>ex</code> - the SQLException about to be thrown to the application           </dd> <dt> <span class="throwsLabel">Throws:</span>   </dt><dd> <code>java.lang.IllegalArgumentException</code> - if <code>con</code> is null.      </dd>  </dl></li></ul> <a end_ctx_id="constructor:ConnectionEvent(javax.sql.PooledConnection, java.sql.SQLException)"/>  </td></tr></table></td></tr></table><table border="0" cellpadding="1" cellspacing="0" width="100%"><tr><td><h3 class="ctxid">method:getSQLException() [NONE]</h3></td></tr><tr><td><table border="0" cellpadding="5" cellspacing="1" bgcolor="black" width="100%"><tr valign="top"><td bgcolor="#FFFFFF" colspan="1"> <a start_ctx_id="method:getSQLException()"/><a name="getSQLException--"/><ul class="blockListLast"><li class="blockList"><h4>getSQLException</h4><pre>
                                            public <a href="../../java/sql/SQLException.html" title="class in java.sql">SQLException</a> getSQLException()
                                        </pre><div class="block"><p> Retrieves the <code>SQLException</code> for this <code>ConnectionEvent</code> object. May be <code>null</code>.          </p></div><dl> <dt> <span class="returnLabel">Returns:</span>   </dt><dd> the SQLException about to be thrown or <code>null</code>        </dd> </dl></li></ul> <a end_ctx_id="method:getSQLException()"/>  </td></tr></table></td></tr></table></diff></diffreport>