<?xml version="1.0" encoding="UTF-8" standalone="yes"?><Document><name>javax/sql/DataSource.spec</name><Context><name>class:DataSource</name><mt>CHANGED</mt></Context><Context><name>method:createConnectionBuilder()</name><mt>ADDED</mt></Context><Context><name>method:getConnection()</name><mt>NONE</mt></Context><Context><name>method:getConnection(java.lang.String, java.lang.String)</name><mt>NONE</mt></Context><Context><name>method:getLogWriter()</name><mt>ADDED</mt></Context><Context><name>method:getLoginTimeout()</name><mt>ADDED</mt></Context><Context><name>method:setLogWriter(java.io.PrintWriter)</name><mt>ADDED</mt></Context><Context><name>method:setLoginTimeout(int)</name><mt>ADDED</mt></Context><Stat><name>javax/sql/DataSource.spec</name><mt>CHANGED</mt><Group name="context"><Item name="ADDED" count="5"/><Item name="REMOVED" count="0"/><Item name="CHANGED" count="1"/><Item name="MODIFIED" count="6"/><Item name="MOVED" count="0"/><Item name="MOVED_CHANGED" count="0"/><Item name="JOINT" count="0"/><Item name="SPLIT" count="0"/><Item name="TOTAL" count="8"/></Group><Group name="assertion"><Item name="ADDED" count="0"/><Item name="REMOVED" count="0"/><Item name="CHANGED" count="0"/><Item name="MODIFIED" count="0"/><Item name="MOVED" count="0"/><Item name="MOVED_CHANGED" count="0"/><Item name="JOINT" count="0"/><Item name="SPLIT" count="0"/><Item name="TOTAL" count="0"/></Group></Stat></Document>