<?xml version="1.0" encoding="UTF-8"?><diffreport><diff><table border="0" cellpadding="1" cellspacing="0" width="100%"><tr><td><h3 class="ctxid">class:DataSource [CHANGED]</h3></td></tr><tr><td><table border="0" cellpadding="5" cellspacing="1" bgcolor="black" width="100%"><tr valign="top"><td bgcolor="#EEEEEE" colspan="2"><div class="description"> <a start_ctx_id="class:DataSource"/><ul class="blockList"><li class="blockList"><dl> <dt>All Superinterfaces: </dt><dd> <code><a href="../../javax/sql/CommonDataSource.html" title="interface in javax.sql">CommonDataSource</a></code>, <code><a href="../../java/sql/Wrapper.html" title="interface in java.sql">Wrapper</a></code>  </dd> </dl> <hr/> <br/><pre>
                            public interface <span class="typeNameLabel">DataSource</span>
extends <a href="../../javax/sql/CommonDataSource.html" title="interface in javax.sql">CommonDataSource</a>, <a href="../../java/sql/Wrapper.html" title="interface in java.sql">Wrapper</a>
                        </pre><div class="block"><p> A factory for connections to the physical data source that this <code>DataSource</code> object represents. An alternative to the <code>DriverManager</code> facility, a <code>DataSource</code> object is the preferred means of getting a connection. An object that implements the <code>DataSource</code> interface will typically be registered with a naming service based on the Java™ Naming and Directory (JNDI) API.                                                       </p><p> The <code>DataSource</code> interface is implemented by a driver vendor. There are three types of implementations:<ol><li> Basic implementation -- produces a standard <code>Connection</code> object        </li><li> Connection pooling implementation -- produces a <code>Connection</code> object that will automatically participate in connection pooling. This implementation works with a middle-tier connection pooling manager.                        </li><li> Distributed transaction implementation -- produces a <code>Connection</code> object that may be used for distributed transactions and almost always participates in connection pooling. This implementation works with a middle-tier transaction manager and almost always with a connection pooling manager.                                      </li></ol>               </p><p> A <code>DataSource</code> object has properties that can be modified when necessary. For example, if the data source is moved to a different server, the property for the server can be changed. The benefit is that because the data source's properties can be changed, any code accessing that data source does not need to be changed.                                                       </p><p> A driver that is accessed via a <code>DataSource</code> object does not register itself with the <code>DriverManager</code>. Rather, a <code>DataSource</code> object is retrieved <span class="diff-html-removed">though</span><span class="diff-html-added">through</span> a lookup operation and then used to create a <code>Connection</code> object. With a basic implementation, the connection obtained through a <code>DataSource</code> object is identical to a connection obtained through the <code>DriverManager</code> facility.                                                       </p><p> An implementation of <code>DataSource</code> must include a public no-arg constructor.          </p></div><dl> <dt> <span class="simpleTagLabel">Since:</span>   </dt><dd>1.4</dd> </dl>  </li></ul> </div> <a end_ctx_id="class:DataSource"/> </td></tr><tr valign="top"><td bgcolor="#CCCCCC" colspan="1"><div class="description"> <a start_ctx_id="class:DataSource"/><ul class="blockList"><li class="blockList"><dl> <dt>All Superinterfaces: </dt><dd> <code><a href="../../javax/sql/CommonDataSource.html" title="interface in javax.sql">CommonDataSource</a></code>, <code><a href="../../java/sql/Wrapper.html" title="interface in java.sql">Wrapper</a></code>  </dd> </dl> <hr/> <br/><pre>
                            public interface <span class="typeNameLabel">DataSource</span>
extends <a href="../../javax/sql/CommonDataSource.html" title="interface in javax.sql">CommonDataSource</a>, <a href="../../java/sql/Wrapper.html" title="interface in java.sql">Wrapper</a>
                        </pre><div class="block"><p> A factory for connections to the physical data source that this <code>DataSource</code> object represents. An alternative to the <code>DriverManager</code> facility, a <code>DataSource</code> object is the preferred means of getting a connection. An object that implements the <code>DataSource</code> interface will typically be registered with a naming service based on the Java™ Naming and Directory (JNDI) API.                                                       </p><p> The <code>DataSource</code> interface is implemented by a driver vendor. There are three types of implementations:<ol><li> Basic implementation -- produces a standard <code>Connection</code> object        </li><li> Connection pooling implementation -- produces a <code>Connection</code> object that will automatically participate in connection pooling. This implementation works with a middle-tier connection pooling manager.                        </li><li> Distributed transaction implementation -- produces a <code>Connection</code> object that may be used for distributed transactions and almost always participates in connection pooling. This implementation works with a middle-tier transaction manager and almost always with a connection pooling manager.                                      </li></ol>               </p><p> A <code>DataSource</code> object has properties that can be modified when necessary. For example, if the data source is moved to a different server, the property for the server can be changed. The benefit is that because the data source's properties can be changed, any code accessing that data source does not need to be changed.                                                       </p><p> A driver that is accessed via a <code>DataSource</code> object does not register itself with the <code>DriverManager</code>. Rather, a <code>DataSource</code> object is retrieved though a lookup operation and then used to create a <code>Connection</code> object. With a basic implementation, the connection obtained through a <code>DataSource</code> object is identical to a connection obtained through the <code>DriverManager</code> facility.                                                       </p><p> An implementation of <code>DataSource</code> must include a public no-arg constructor.          </p></div><dl> <dt> <span class="simpleTagLabel">Since:</span>   </dt><dd>1.4</dd> </dl>  </li></ul> </div> <a end_ctx_id="class:DataSource"/> </td><td bgcolor="#FFFFFF" colspan="1"><div class="description"> <a start_ctx_id="class:DataSource"/><ul class="blockList"><li class="blockList"><dl> <dt>All Superinterfaces: </dt><dd> <code><a href="../../javax/sql/CommonDataSource.html" title="interface in javax.sql">CommonDataSource</a></code>, <code><a href="../../java/sql/Wrapper.html" title="interface in java.sql">Wrapper</a></code>  </dd> </dl> <hr/> <br/><pre>
                            public interface <span class="typeNameLabel">DataSource</span>
extends <a href="../../javax/sql/CommonDataSource.html" title="interface in javax.sql">CommonDataSource</a>, <a href="../../java/sql/Wrapper.html" title="interface in java.sql">Wrapper</a>
                        </pre><div class="block"><p> A factory for connections to the physical data source that this <code>DataSource</code> object represents. An alternative to the <code>DriverManager</code> facility, a <code>DataSource</code> object is the preferred means of getting a connection. An object that implements the <code>DataSource</code> interface will typically be registered with a naming service based on the Java™ Naming and Directory (JNDI) API.                                                       </p><p> The <code>DataSource</code> interface is implemented by a driver vendor. There are three types of implementations:<ol><li> Basic implementation -- produces a standard <code>Connection</code> object        </li><li> Connection pooling implementation -- produces a <code>Connection</code> object that will automatically participate in connection pooling. This implementation works with a middle-tier connection pooling manager.                        </li><li> Distributed transaction implementation -- produces a <code>Connection</code> object that may be used for distributed transactions and almost always participates in connection pooling. This implementation works with a middle-tier transaction manager and almost always with a connection pooling manager.                                      </li></ol>               </p><p> A <code>DataSource</code> object has properties that can be modified when necessary. For example, if the data source is moved to a different server, the property for the server can be changed. The benefit is that because the data source's properties can be changed, any code accessing that data source does not need to be changed.                                                       </p><p> A driver that is accessed via a <code>DataSource</code> object does not register itself with the <code>DriverManager</code>. Rather, a <code>DataSource</code> object is retrieved through a lookup operation and then used to create a <code>Connection</code> object. With a basic implementation, the connection obtained through a <code>DataSource</code> object is identical to a connection obtained through the <code>DriverManager</code> facility.                                                       </p><p> An implementation of <code>DataSource</code> must include a public no-arg constructor.          </p></div><dl> <dt> <span class="simpleTagLabel">Since:</span>   </dt><dd>1.4</dd> </dl>  </li></ul> </div> <a end_ctx_id="class:DataSource"/> </td></tr></table></td></tr></table><table border="0" cellpadding="1" cellspacing="0" width="100%"><tr><td><h3 class="ctxid">method:getConnection() [NONE]</h3></td></tr><tr><td><table border="0" cellpadding="5" cellspacing="1" bgcolor="black" width="100%"><tr valign="top"><td bgcolor="#FFFFFF" colspan="1"> <a start_ctx_id="method:getConnection()"/><a name="getConnection--"/><ul class="blockList"><li class="blockList"><h4>getConnection</h4><pre>
                                            <a href="../../java/sql/Connection.html" title="interface in java.sql">Connection</a> getConnection()
                  throws <a href="../../java/sql/SQLException.html" title="class in java.sql">SQLException</a>
                                        </pre><div class="block"><p> Attempts to establish a connection with the data source that this <code>DataSource</code> object represents.              </p></div><dl> <dt> <span class="returnLabel">Returns:</span>   </dt><dd>a connection to the data source     </dd> <dt> <span class="throwsLabel">Throws:</span>   </dt><dd> <code><a href="../../java/sql/SQLException.html" title="class in java.sql">SQLException</a></code> - if a database access error occurs        </dd><dd> <code><a href="../../java/sql/SQLTimeoutException.html" title="class in java.sql">SQLTimeoutException</a></code> - when the driver has determined that the timeout value specified by the <code>setLoginTimeout</code> method has been exceeded and has at least tried to cancel the current database connection attempt                               </dd>  </dl></li></ul> <a end_ctx_id="method:getConnection()"/>  </td></tr></table></td></tr></table><table border="0" cellpadding="1" cellspacing="0" width="100%"><tr><td><h3 class="ctxid">method:getConnection(java.lang.String, java.lang.String) [NONE]</h3></td></tr><tr><td><table border="0" cellpadding="5" cellspacing="1" bgcolor="black" width="100%"><tr valign="top"><td bgcolor="#FFFFFF" colspan="1"> <a start_ctx_id="method:getConnection(java.lang.String, java.lang.String)"/><a name="getConnection-java.lang.String-java.lang.String-"/><ul class="blockList"><li class="blockList"><h4>getConnection</h4><pre>
                                            <a href="../../java/sql/Connection.html" title="interface in java.sql">Connection</a> getConnection(java.lang.String username,
                         java.lang.String password)
                  throws <a href="../../java/sql/SQLException.html" title="class in java.sql">SQLException</a>
                                        </pre><div class="block"><p> Attempts to establish a connection with the data source that this <code>DataSource</code> object represents.              </p></div><dl> <dt> <span class="paramLabel">Parameters:</span>   </dt><dd> <code>username</code> - the database user on whose behalf the connection is being made             </dd><dd> <code>password</code> - the user's password     </dd> <dt> <span class="returnLabel">Returns:</span>   </dt><dd>a connection to the data source     </dd> <dt> <span class="throwsLabel">Throws:</span>   </dt><dd> <code><a href="../../java/sql/SQLException.html" title="class in java.sql">SQLException</a></code> - if a database access error occurs        </dd><dd> <code><a href="../../java/sql/SQLTimeoutException.html" title="class in java.sql">SQLTimeoutException</a></code> - when the driver has determined that the timeout value specified by the <code>setLoginTimeout</code> method has been exceeded and has at least tried to cancel the current database connection attempt                               </dd> <dt> <span class="simpleTagLabel">Since:</span>   </dt><dd>1.4</dd>    </dl></li></ul> <a end_ctx_id="method:getConnection(java.lang.String, java.lang.String)"/>  </td></tr></table></td></tr></table><table border="0" cellpadding="1" cellspacing="0" width="100%"><tr><td><h3 class="ctxid">method:getLogWriter() [ADDED]</h3></td></tr><tr><td><table border="0" cellpadding="5" cellspacing="1" bgcolor="black" width="100%"><tr valign="top"><td bgcolor="#FFFFFF" colspan="1"> <a start_ctx_id="method:getLogWriter()"><span class="diff-html-added"/></a><a name="getLogWriter--"/><ul class="blockList"><li class="blockList"><h4><span class="diff-html-added">getLogWriter</span></h4><pre>
                                            <span class="diff-html-added">java.io.PrintWriter getLogWriter()</span>
                          <span class="diff-html-added">throws</span> <a href="../../java/sql/SQLException.html" title="class in java.sql"><span class="diff-html-added">SQLException</span></a>
                                        </pre><div class="block"><p> <span class="diff-html-added">Retrieves</span> <span class="diff-html-added">the</span> <span class="diff-html-added">log</span> <span class="diff-html-added">writer</span> <span class="diff-html-added">for</span> <span class="diff-html-added">this</span> <code><span class="diff-html-added">DataSource</span></code> <span class="diff-html-added">object.</span>        </p><p> <span class="diff-html-added">The</span> <span class="diff-html-added">log</span> <span class="diff-html-added">writer</span> <span class="diff-html-added">is</span> <span class="diff-html-added">a</span> <span class="diff-html-added">character</span> <span class="diff-html-added">output</span> <span class="diff-html-added">stream</span> <span class="diff-html-added">to</span> <span class="diff-html-added">which</span> <span class="diff-html-added">all</span> <span class="diff-html-added">logging</span> <span class="diff-html-added">and</span> <span class="diff-html-added">tracing</span> <span class="diff-html-added">messages</span> <span class="diff-html-added">for</span> <span class="diff-html-added">this</span> <span class="diff-html-added">data</span> <span class="diff-html-added">source</span> <span class="diff-html-added">will</span> <span class="diff-html-added">be</span> <span class="diff-html-added">printed.</span> <span class="diff-html-added">This</span> <span class="diff-html-added">includes</span> <span class="diff-html-added">messages</span> <span class="diff-html-added">printed</span> <span class="diff-html-added">by</span> <span class="diff-html-added">the</span> <span class="diff-html-added">methods</span> <span class="diff-html-added">of</span> <span class="diff-html-added">this</span> <span class="diff-html-added">object,</span> <span class="diff-html-added">messages</span> <span class="diff-html-added">printed</span> <span class="diff-html-added">by</span> <span class="diff-html-added">methods</span> <span class="diff-html-added">of</span> <span class="diff-html-added">other</span> <span class="diff-html-added">objects</span> <span class="diff-html-added">manufactured</span> <span class="diff-html-added">by</span> <span class="diff-html-added">this</span> <span class="diff-html-added">object,</span> <span class="diff-html-added">and</span> <span class="diff-html-added">so</span> <span class="diff-html-added">on.</span> <span class="diff-html-added">Messages</span> <span class="diff-html-added">printed</span> <span class="diff-html-added">to</span> <span class="diff-html-added">a</span> <span class="diff-html-added">data</span> <span class="diff-html-added">source</span> <span class="diff-html-added">specific</span> <span class="diff-html-added">log</span> <span class="diff-html-added">writer</span> <span class="diff-html-added">are</span> <span class="diff-html-added">not</span> <span class="diff-html-added">printed</span> <span class="diff-html-added">to</span> <span class="diff-html-added">the</span> <span class="diff-html-added">log</span> <span class="diff-html-added">writer</span> <span class="diff-html-added">associated</span> <span class="diff-html-added">with</span> <span class="diff-html-added">the</span> <code><span class="diff-html-added">java.sql.DriverManager</span></code> <span class="diff-html-added">class.</span> <span class="diff-html-added">When</span> <span class="diff-html-added">a</span> <code><span class="diff-html-added">DataSource</span></code> <span class="diff-html-added">object</span> <span class="diff-html-added">is</span> <span class="diff-html-added">created,</span> <span class="diff-html-added">the</span> <span class="diff-html-added">log</span> <span class="diff-html-added">writer</span> <span class="diff-html-added">is</span> <span class="diff-html-added">initially</span> <span class="diff-html-added">null;</span> <span class="diff-html-added">in</span> <span class="diff-html-added">other</span> <span class="diff-html-added">words,</span> <span class="diff-html-added">the</span> <span class="diff-html-added">default</span> <span class="diff-html-added">is</span> <span class="diff-html-added">for</span> <span class="diff-html-added">logging</span> <span class="diff-html-added">to</span> <span class="diff-html-added">be</span> <span class="diff-html-added">disabled.</span>                                                                                          </p></div><dl> <dt> <span class="overrideSpecifyLabel"><span class="diff-html-added">Specified</span> <span class="diff-html-added">by:</span> </span>   </dt><dd> <code><a href="../../javax/sql/CommonDataSource.html#getLogWriter--"><span class="diff-html-added">getLogWriter</span></a></code><span class="diff-html-added"> in</span> <span class="diff-html-added">interface </span><code><a href="../../javax/sql/CommonDataSource.html" title="interface in javax.sql"><span class="diff-html-added">CommonDataSource</span></a></code>  </dd> <dt> <span class="returnLabel"><span class="diff-html-added">Returns:</span></span>   </dt><dd><span class="diff-html-added">the</span> <span class="diff-html-added">log</span> <span class="diff-html-added">writer</span> <span class="diff-html-added">for</span> <span class="diff-html-added">this</span> <span class="diff-html-added">data</span> <span class="diff-html-added">source</span> <span class="diff-html-added">or</span> <span class="diff-html-added">null</span> <span class="diff-html-added">if</span> <span class="diff-html-added">logging</span> <span class="diff-html-added">is</span> <span class="diff-html-added">disabled</span>            </dd> <dt> <span class="throwsLabel"><span class="diff-html-added">Throws:</span></span>   </dt><dd> <code><a href="../../java/sql/SQLException.html" title="class in java.sql"><span class="diff-html-added">SQLException</span></a></code> <span class="diff-html-added">-</span> <span class="diff-html-added">if</span> <span class="diff-html-added">a</span> <span class="diff-html-added">database</span> <span class="diff-html-added">access</span> <span class="diff-html-added">error</span> <span class="diff-html-added">occurs</span>        </dd> <dt> <span class="simpleTagLabel"><span class="diff-html-added">Since:</span></span>   </dt><dd><span class="diff-html-added">1.4</span></dd> <dt> <span class="seeLabel"><span class="diff-html-added">See</span> <span class="diff-html-added">Also:</span> </span>   </dt><dd> <a href="../../javax/sql/CommonDataSource.html#setLogWriter-java.io.PrintWriter-"><code><span class="diff-html-added">CommonDataSource.setLogWriter(java.io.PrintWriter)</span></code></a> </dd>     </dl></li></ul> <a end_ctx_id="method:getLogWriter()"><span class="diff-html-added"/></a>  </td></tr></table></td></tr></table><table border="0" cellpadding="1" cellspacing="0" width="100%"><tr><td><h3 class="ctxid">method:setLogWriter(java.io.PrintWriter) [ADDED]</h3></td></tr><tr><td><table border="0" cellpadding="5" cellspacing="1" bgcolor="black" width="100%"><tr valign="top"><td bgcolor="#FFFFFF" colspan="1"> <a start_ctx_id="method:setLogWriter(java.io.PrintWriter)"><span class="diff-html-added"/></a><a name="setLogWriter-java.io.PrintWriter-"/><ul class="blockList"><li class="blockList"><h4><span class="diff-html-added">setLogWriter</span></h4><pre>
                                            <span class="diff-html-added">void setLogWriter(java.io.PrintWriter out)</span>
           <span class="diff-html-added">throws</span> <a href="../../java/sql/SQLException.html" title="class in java.sql"><span class="diff-html-added">SQLException</span></a>
                                        </pre><div class="block"><p> <span class="diff-html-added">Sets</span> <span class="diff-html-added">the</span> <span class="diff-html-added">log</span> <span class="diff-html-added">writer</span> <span class="diff-html-added">for</span> <span class="diff-html-added">this</span> <code><span class="diff-html-added">DataSource</span></code> <span class="diff-html-added">object</span> <span class="diff-html-added">to</span> <span class="diff-html-added">the</span> <span class="diff-html-added">given</span> <code><span class="diff-html-added">java.io.PrintWriter</span></code> <span class="diff-html-added">object.</span>             </p><p> <span class="diff-html-added">The</span> <span class="diff-html-added">log</span> <span class="diff-html-added">writer</span> <span class="diff-html-added">is</span> <span class="diff-html-added">a</span> <span class="diff-html-added">character</span> <span class="diff-html-added">output</span> <span class="diff-html-added">stream</span> <span class="diff-html-added">to</span> <span class="diff-html-added">which</span> <span class="diff-html-added">all</span> <span class="diff-html-added">logging</span> <span class="diff-html-added">and</span> <span class="diff-html-added">tracing</span> <span class="diff-html-added">messages</span> <span class="diff-html-added">for</span> <span class="diff-html-added">this</span> <span class="diff-html-added">data</span> <span class="diff-html-added">source</span> <span class="diff-html-added">will</span> <span class="diff-html-added">be</span> <span class="diff-html-added">printed.</span> <span class="diff-html-added">This</span> <span class="diff-html-added">includes</span> <span class="diff-html-added">messages</span> <span class="diff-html-added">printed</span> <span class="diff-html-added">by</span> <span class="diff-html-added">the</span> <span class="diff-html-added">methods</span> <span class="diff-html-added">of</span> <span class="diff-html-added">this</span> <span class="diff-html-added">object,</span> <span class="diff-html-added">messages</span> <span class="diff-html-added">printed</span> <span class="diff-html-added">by</span> <span class="diff-html-added">methods</span> <span class="diff-html-added">of</span> <span class="diff-html-added">other</span> <span class="diff-html-added">objects</span> <span class="diff-html-added">manufactured</span> <span class="diff-html-added">by</span> <span class="diff-html-added">this</span> <span class="diff-html-added">object,</span> <span class="diff-html-added">and</span> <span class="diff-html-added">so</span> <span class="diff-html-added">on.</span> <span class="diff-html-added">Messages</span> <span class="diff-html-added">printed</span> <span class="diff-html-added">to</span> <span class="diff-html-added">a</span> <span class="diff-html-added">data</span> <span class="diff-html-added">source-</span> <span class="diff-html-added">specific</span> <span class="diff-html-added">log</span> <span class="diff-html-added">writer</span> <span class="diff-html-added">are</span> <span class="diff-html-added">not</span> <span class="diff-html-added">printed</span> <span class="diff-html-added">to</span> <span class="diff-html-added">the</span> <span class="diff-html-added">log</span> <span class="diff-html-added">writer</span> <span class="diff-html-added">associated</span> <span class="diff-html-added">with</span> <span class="diff-html-added">the</span> <code><span class="diff-html-added">java.sql.DriverManager</span></code> <span class="diff-html-added">class.</span> <span class="diff-html-added">When</span> <span class="diff-html-added">a</span> <code><span class="diff-html-added">DataSource</span></code> <span class="diff-html-added">object</span> <span class="diff-html-added">is</span> <span class="diff-html-added">created</span> <span class="diff-html-added">the</span> <span class="diff-html-added">log</span> <span class="diff-html-added">writer</span> <span class="diff-html-added">is</span> <span class="diff-html-added">initially</span> <span class="diff-html-added">null;</span> <span class="diff-html-added">in</span> <span class="diff-html-added">other</span> <span class="diff-html-added">words,</span> <span class="diff-html-added">the</span> <span class="diff-html-added">default</span> <span class="diff-html-added">is</span> <span class="diff-html-added">for</span> <span class="diff-html-added">logging</span> <span class="diff-html-added">to</span> <span class="diff-html-added">be</span> <span class="diff-html-added">disabled.</span>                                                                                          </p></div><dl> <dt> <span class="overrideSpecifyLabel"><span class="diff-html-added">Specified</span> <span class="diff-html-added">by:</span> </span>   </dt><dd> <code><a href="../../javax/sql/CommonDataSource.html#setLogWriter-java.io.PrintWriter-"><span class="diff-html-added">setLogWriter</span></a></code><span class="diff-html-added"> in</span> <span class="diff-html-added">interface </span><code><a href="../../javax/sql/CommonDataSource.html" title="interface in javax.sql"><span class="diff-html-added">CommonDataSource</span></a></code>  </dd> <dt> <span class="paramLabel"><span class="diff-html-added">Parameters:</span></span>   </dt><dd> <code><span class="diff-html-added">out</span></code> <span class="diff-html-added">-</span> <span class="diff-html-added">the</span> <span class="diff-html-added">new</span> <span class="diff-html-added">log</span> <span class="diff-html-added">writer;</span> <span class="diff-html-added">to</span> <span class="diff-html-added">disable</span> <span class="diff-html-added">logging,</span> <span class="diff-html-added">set</span> <span class="diff-html-added">to</span> <span class="diff-html-added">null</span>            </dd> <dt> <span class="throwsLabel"><span class="diff-html-added">Throws:</span></span>   </dt><dd> <code><a href="../../java/sql/SQLException.html" title="class in java.sql"><span class="diff-html-added">SQLException</span></a></code> <span class="diff-html-added">-</span> <span class="diff-html-added">if</span> <span class="diff-html-added">a</span> <span class="diff-html-added">database</span> <span class="diff-html-added">access</span> <span class="diff-html-added">error</span> <span class="diff-html-added">occurs</span>        </dd> <dt> <span class="simpleTagLabel"><span class="diff-html-added">Since:</span></span>   </dt><dd><span class="diff-html-added">1.4</span></dd> <dt> <span class="seeLabel"><span class="diff-html-added">See</span> <span class="diff-html-added">Also:</span> </span>   </dt><dd> <a href="../../javax/sql/CommonDataSource.html#getLogWriter--"><code><span class="diff-html-added">CommonDataSource.getLogWriter()</span></code></a> </dd>     </dl></li></ul> <a end_ctx_id="method:setLogWriter(java.io.PrintWriter)"><span class="diff-html-added"/></a>  </td></tr></table></td></tr></table><table border="0" cellpadding="1" cellspacing="0" width="100%"><tr><td><h3 class="ctxid">method:setLoginTimeout(int) [ADDED]</h3></td></tr><tr><td><table border="0" cellpadding="5" cellspacing="1" bgcolor="black" width="100%"><tr valign="top"><td bgcolor="#FFFFFF" colspan="1"> <a start_ctx_id="method:setLoginTimeout(int)"><span class="diff-html-added"/></a><a name="setLoginTimeout-int-"/><ul class="blockList"><li class="blockList"><h4><span class="diff-html-added">setLoginTimeout</span></h4><pre>
                                            <span class="diff-html-added">void setLoginTimeout(int seconds)</span>
              <span class="diff-html-added">throws</span> <a href="../../java/sql/SQLException.html" title="class in java.sql"><span class="diff-html-added">SQLException</span></a>
                                        </pre><div class="block"><p> <span class="diff-html-added">Sets</span> <span class="diff-html-added">the</span> <span class="diff-html-added">maximum</span> <span class="diff-html-added">time</span> <span class="diff-html-added">in</span> <span class="diff-html-added">seconds</span> <span class="diff-html-added">that</span> <span class="diff-html-added">this</span> <span class="diff-html-added">data</span> <span class="diff-html-added">source</span> <span class="diff-html-added">will</span> <span class="diff-html-added">wait</span> <span class="diff-html-added">while</span> <span class="diff-html-added">attempting</span> <span class="diff-html-added">to</span> <span class="diff-html-added">connect</span> <span class="diff-html-added">to</span> <span class="diff-html-added">a</span> <span class="diff-html-added">database.</span> <span class="diff-html-added">A</span> <span class="diff-html-added">value</span> <span class="diff-html-added">of</span> <span class="diff-html-added">zero</span> <span class="diff-html-added">specifies</span> <span class="diff-html-added">that</span> <span class="diff-html-added">the</span> <span class="diff-html-added">timeout</span> <span class="diff-html-added">is</span> <span class="diff-html-added">the</span> <span class="diff-html-added">default</span> <span class="diff-html-added">system</span> <span class="diff-html-added">timeout</span> <span class="diff-html-added">if</span> <span class="diff-html-added">there</span> <span class="diff-html-added">is</span> <span class="diff-html-added">one;</span> <span class="diff-html-added">otherwise,</span> <span class="diff-html-added">it</span> <span class="diff-html-added">specifies</span> <span class="diff-html-added">that</span> <span class="diff-html-added">there</span> <span class="diff-html-added">is</span> <span class="diff-html-added">no</span> <span class="diff-html-added">timeout.</span> <span class="diff-html-added">When</span> <span class="diff-html-added">a</span> <code><span class="diff-html-added">DataSource</span></code> <span class="diff-html-added">object</span> <span class="diff-html-added">is</span> <span class="diff-html-added">created,</span> <span class="diff-html-added">the</span> <span class="diff-html-added">login</span> <span class="diff-html-added">timeout</span> <span class="diff-html-added">is</span> <span class="diff-html-added">initially</span> <span class="diff-html-added">zero.</span>                                                        </p></div><dl> <dt> <span class="overrideSpecifyLabel"><span class="diff-html-added">Specified</span> <span class="diff-html-added">by:</span> </span>   </dt><dd> <code><a href="../../javax/sql/CommonDataSource.html#setLoginTimeout-int-"><span class="diff-html-added">setLoginTimeout</span></a></code><span class="diff-html-added"> in</span> <span class="diff-html-added">interface </span><code><a href="../../javax/sql/CommonDataSource.html" title="interface in javax.sql"><span class="diff-html-added">CommonDataSource</span></a></code>  </dd> <dt> <span class="paramLabel"><span class="diff-html-added">Parameters:</span></span>   </dt><dd> <code><span class="diff-html-added">seconds</span></code> <span class="diff-html-added">-</span> <span class="diff-html-added">the</span> <span class="diff-html-added">data</span> <span class="diff-html-added">source</span> <span class="diff-html-added">login</span> <span class="diff-html-added">time</span> <span class="diff-html-added">limit</span>        </dd> <dt> <span class="throwsLabel"><span class="diff-html-added">Throws:</span></span>   </dt><dd> <code><a href="../../java/sql/SQLException.html" title="class in java.sql"><span class="diff-html-added">SQLException</span></a></code> <span class="diff-html-added">-</span> <span class="diff-html-added">if</span> <span class="diff-html-added">a</span> <span class="diff-html-added">database</span> <span class="diff-html-added">access</span> <span class="diff-html-added">error</span> <span class="diff-html-added">occurs.</span>        </dd> <dt> <span class="simpleTagLabel"><span class="diff-html-added">Since:</span></span>   </dt><dd><span class="diff-html-added">1.4</span></dd> <dt> <span class="seeLabel"><span class="diff-html-added">See</span> <span class="diff-html-added">Also:</span> </span>   </dt><dd> <a href="../../javax/sql/CommonDataSource.html#getLoginTimeout--"><code><span class="diff-html-added">CommonDataSource.getLoginTimeout()</span></code></a> </dd>     </dl></li></ul> <a end_ctx_id="method:setLoginTimeout(int)"><span class="diff-html-added"/></a>  </td></tr></table></td></tr></table><table border="0" cellpadding="1" cellspacing="0" width="100%"><tr><td><h3 class="ctxid">method:getLoginTimeout() [ADDED]</h3></td></tr><tr><td><table border="0" cellpadding="5" cellspacing="1" bgcolor="black" width="100%"><tr valign="top"><td bgcolor="#FFFFFF" colspan="1"> <a start_ctx_id="method:getLoginTimeout()"><span class="diff-html-added"/></a><a name="getLoginTimeout--"/><ul class="blockList"><li class="blockList"><h4><span class="diff-html-added">getLoginTimeout</span></h4><pre>
                                            <span class="diff-html-added">int getLoginTimeout()</span>
             <span class="diff-html-added">throws</span> <a href="../../java/sql/SQLException.html" title="class in java.sql"><span class="diff-html-added">SQLException</span></a>
                                        </pre><div class="block"> <span class="diff-html-added">Gets</span> <span class="diff-html-added">the</span> <span class="diff-html-added">maximum</span> <span class="diff-html-added">time</span> <span class="diff-html-added">in</span> <span class="diff-html-added">seconds</span> <span class="diff-html-added">that</span> <span class="diff-html-added">this</span> <span class="diff-html-added">data</span> <span class="diff-html-added">source</span> <span class="diff-html-added">can</span> <span class="diff-html-added">wait</span> <span class="diff-html-added">while</span> <span class="diff-html-added">attempting</span> <span class="diff-html-added">to</span> <span class="diff-html-added">connect</span> <span class="diff-html-added">to</span> <span class="diff-html-added">a</span> <span class="diff-html-added">database.</span> <span class="diff-html-added">A</span> <span class="diff-html-added">value</span> <span class="diff-html-added">of</span> <span class="diff-html-added">zero</span> <span class="diff-html-added">means</span> <span class="diff-html-added">that</span> <span class="diff-html-added">the</span> <span class="diff-html-added">timeout</span> <span class="diff-html-added">is</span> <span class="diff-html-added">the</span> <span class="diff-html-added">default</span> <span class="diff-html-added">system</span> <span class="diff-html-added">timeout</span> <span class="diff-html-added">if</span> <span class="diff-html-added">there</span> <span class="diff-html-added">is</span> <span class="diff-html-added">one;</span> <span class="diff-html-added">otherwise,</span> <span class="diff-html-added">it</span> <span class="diff-html-added">means</span> <span class="diff-html-added">that</span> <span class="diff-html-added">there</span> <span class="diff-html-added">is</span> <span class="diff-html-added">no</span> <span class="diff-html-added">timeout.</span> <span class="diff-html-added">When</span> <span class="diff-html-added">a</span> <code><span class="diff-html-added">DataSource</span></code> <span class="diff-html-added">object</span> <span class="diff-html-added">is</span> <span class="diff-html-added">created,</span> <span class="diff-html-added">the</span> <span class="diff-html-added">login</span> <span class="diff-html-added">timeout</span> <span class="diff-html-added">is</span> <span class="diff-html-added">initially</span> <span class="diff-html-added">zero.</span>                                                        </div><dl> <dt> <span class="overrideSpecifyLabel"><span class="diff-html-added">Specified</span> <span class="diff-html-added">by:</span> </span>   </dt><dd> <code><a href="../../javax/sql/CommonDataSource.html#getLoginTimeout--"><span class="diff-html-added">getLoginTimeout</span></a></code><span class="diff-html-added"> in</span> <span class="diff-html-added">interface </span><code><a href="../../javax/sql/CommonDataSource.html" title="interface in javax.sql"><span class="diff-html-added">CommonDataSource</span></a></code>  </dd> <dt> <span class="returnLabel"><span class="diff-html-added">Returns:</span></span>   </dt><dd><span class="diff-html-added">the</span> <span class="diff-html-added">data</span> <span class="diff-html-added">source</span> <span class="diff-html-added">login</span> <span class="diff-html-added">time</span> <span class="diff-html-added">limit</span>     </dd> <dt> <span class="throwsLabel"><span class="diff-html-added">Throws:</span></span>   </dt><dd> <code><a href="../../java/sql/SQLException.html" title="class in java.sql"><span class="diff-html-added">SQLException</span></a></code> <span class="diff-html-added">-</span> <span class="diff-html-added">if</span> <span class="diff-html-added">a</span> <span class="diff-html-added">database</span> <span class="diff-html-added">access</span> <span class="diff-html-added">error</span> <span class="diff-html-added">occurs.</span>        </dd> <dt> <span class="simpleTagLabel"><span class="diff-html-added">Since:</span></span>   </dt><dd><span class="diff-html-added">1.4</span></dd> <dt> <span class="seeLabel"><span class="diff-html-added">See</span> <span class="diff-html-added">Also:</span> </span>   </dt><dd> <a href="../../javax/sql/CommonDataSource.html#setLoginTimeout-int-"><code><span class="diff-html-added">CommonDataSource.setLoginTimeout(int)</span></code></a> </dd>     </dl></li></ul> <a end_ctx_id="method:getLoginTimeout()"><span class="diff-html-added"/></a>  </td></tr></table></td></tr></table><table border="0" cellpadding="1" cellspacing="0" width="100%"><tr><td><h3 class="ctxid">method:createConnectionBuilder() [ADDED]</h3></td></tr><tr><td><table border="0" cellpadding="5" cellspacing="1" bgcolor="black" width="100%"><tr valign="top"><td bgcolor="#FFFFFF" colspan="1"> <a start_ctx_id="method:createConnectionBuilder()"><span class="diff-html-added"/></a><a name="createConnectionBuilder--"/><ul class="blockListLast"><li class="blockList"><h4><span class="diff-html-added">createConnectionBuilder</span></h4><pre>
                                            <span class="diff-html-added">default </span><a href="../../java/sql/ConnectionBuilder.html" title="interface in java.sql"><span class="diff-html-added">ConnectionBuilder</span></a><span class="diff-html-added"> createConnectionBuilder()</span>
                                           <span class="diff-html-added">throws</span> <a href="../../java/sql/SQLException.html" title="class in java.sql"><span class="diff-html-added">SQLException</span></a>
                                        </pre><div class="block"> <span class="diff-html-added">Create</span> <span class="diff-html-added">a</span> <span class="diff-html-added">new</span> <code><span class="diff-html-added">ConnectionBuilder</span></code> <span class="diff-html-added">instance</span>     </div><dl> <dt> <span class="returnLabel"><span class="diff-html-added">Returns:</span></span>   </dt><dd><span class="diff-html-added">The</span> <span class="diff-html-added">ConnectionBuilder</span> <span class="diff-html-added">instance</span> <span class="diff-html-added">that</span> <span class="diff-html-added">was</span> <span class="diff-html-added">created</span>     </dd> <dt> <span class="throwsLabel"><span class="diff-html-added">Throws:</span></span>   </dt><dd> <code><a href="../../java/sql/SQLException.html" title="class in java.sql"><span class="diff-html-added">SQLException</span></a></code> <span class="diff-html-added">-</span> <span class="diff-html-added">if</span> <span class="diff-html-added">an</span> <span class="diff-html-added">error</span> <span class="diff-html-added">occurs</span> <span class="diff-html-added">creating</span> <span class="diff-html-added">the</span> <span class="diff-html-added">builder</span>         </dd><dd> <code><a href="../../java/sql/SQLFeatureNotSupportedException.html" title="class in java.sql"><span class="diff-html-added">SQLFeatureNotSupportedException</span></a></code> <span class="diff-html-added">-</span> <span class="diff-html-added">if</span> <span class="diff-html-added">the</span> <span class="diff-html-added">driver</span> <span class="diff-html-added">does</span> <span class="diff-html-added">not</span> <span class="diff-html-added">support</span> <span class="diff-html-added">sharding</span>         </dd> <dt> <span class="simpleTagLabel"><span class="diff-html-added">Since:</span></span>   </dt><dd><span class="diff-html-added">9</span></dd> <dt> <span class="seeLabel"><span class="diff-html-added">See</span> <span class="diff-html-added">Also:</span> </span>   </dt><dd> <a href="../../java/sql/ConnectionBuilder.html" title="interface in java.sql"><code><span class="diff-html-added">ConnectionBuilder</span></code></a> </dd> <dt> <span class="simpleTagLabel"><span class="diff-html-added">Implementation</span> <span class="diff-html-added">Requirements:</span> </span>   </dt><dd> <span class="diff-html-added">The</span> <span class="diff-html-added">default</span> <span class="diff-html-added">implementation</span> <span class="diff-html-added">will</span> <span class="diff-html-added">throw</span> <span class="diff-html-added">a</span> <code><span class="diff-html-added">SQLFeatureNotSupportedException</span></code>       </dd>     </dl></li></ul> <a end_ctx_id="method:createConnectionBuilder()"><span class="diff-html-added"/></a>  </td></tr></table></td></tr></table></diff></diffreport>