<?xml version="1.0" encoding="UTF-8"?><diffreport><diff><div class="fixedNav"/><div class="navPadding"> </div><div class="header"><div class="subTitle"> <span class="moduleLabelInClass">Module</span> <a href="../../java.sql-summary.html">java.sql</a> </div><div class="subTitle"> <span class="packageLabelInClass">Package</span> <a href="../../javax/sql/package-summary.html">javax.sql</a> </div><h2 title="Interface PooledConnectionBuilder" class="title">Interface PooledConnectionBuilder </h2></div><div class="contentContainer"><div class="description"> <a start_ctx_id="class:PooledConnectionBuilder"/><ul class="blockList"><li class="blockList"> <hr/> <br/><pre>
                            public interface <span class="typeNameLabel">PooledConnectionBuilder</span>
                        </pre><div class="block"> A builder created from a <code>ConnectionPoolDataSource</code> object, used to establish a connection to the database that the <code>data source </code> object represents. The connection properties that were specified for the <code>data source </code> are used as the default values by the <code>PooledConnectionBuilder</code>.<p> The following example illustrates the use of <code>PooledConnectionBuilder</code> to create a <a href="../../javax/sql/XAConnection.html" title="interface in javax.sql"><code>XAConnection</code></a>:<pre>
                                    <code>
     ConnectionPoolDataSource ds = new MyConnectionPoolDataSource();
     ShardingKey superShardingKey = ds.createShardingKeyBuilder()
                           .subkey("EASTERN_REGION", JDBCType.VARCHAR)
                           .build();
     ShardingKey shardingKey = ds.createShardingKeyBuilder()
                           .subkey("PITTSBURGH_BRANCH", JDBCType.VARCHAR)
                           .build();
     PooledConnection con = ds.createPooledConnectionBuilder()
                       .user("rafa")
                       .password("tennis")
                       .setShardingKey(shardingKey)
                       .setSuperShardingKey(superShardingKey)
                       .build();
 </code>
                                </pre>            </p>                                      </div><dl> <dt> <span class="simpleTagLabel">Since:</span>   </dt><dd>9</dd> </dl>  </li></ul> </div><div class="summary"> <a end_ctx_id="class:PooledConnectionBuilder"/><ul class="blockList"><li class="blockList"><ul class="blockList"><li class="blockList"> <a name="method.summary"/><h3>Method Summary </h3><table class="memberSummary" summary="Method Summary table, listing methods, and an explanation"> <caption> <span id="t0" class="activeTableTab"><span>All Methods </span><span class="tabEnd"> </span></span><span id="t2" class="tableTab"><span><a>Instance Methods </a></span><span class="tabEnd"> </span></span><span id="t3" class="tableTab"><span><a>Abstract Methods </a></span><span class="tabEnd"> </span></span>   </caption><tbody><tr><th class="colFirst" scope="col">Modifier and Type  </th><th class="colSecond" scope="col">Method</th><th class="colLast" scope="col">Description</th></tr><tr id="i0" class="altColor"><td class="colFirst"><code><a href="../../javax/sql/PooledConnection.html" title="interface in javax.sql">PooledConnection</a></code></td><th class="colSecond" scope="row"><code><span class="memberNameLink"><a href="../../javax/sql/PooledConnectionBuilder.html#build--">build</a></span>()</code></th><td class="colLast"><div class="block">Returns an instance of the object defined by this builder.         </div></td></tr><tr id="i1" class="rowColor"><td class="colFirst"><code><a href="../../javax/sql/PooledConnectionBuilder.html" title="interface in javax.sql">PooledConnectionBuilder</a></code></td><th class="colSecond" scope="row"><code><span class="memberNameLink"><a href="../../javax/sql/PooledConnectionBuilder.html#password-java.lang.String-">password</a></span>(java.lang.String password)</code></th><td class="colLast"><div class="block">Specifies the password to be used when creating a connection         </div></td></tr><tr id="i2" class="altColor"><td class="colFirst"><code><a href="../../javax/sql/PooledConnectionBuilder.html" title="interface in javax.sql">PooledConnectionBuilder</a></code></td><th class="colSecond" scope="row"><code><span class="memberNameLink"><a href="../../javax/sql/PooledConnectionBuilder.html#shardingKey-java.sql.ShardingKey-">shardingKey</a></span>(<a href="../../java/sql/ShardingKey.html" title="interface in java.sql">ShardingKey</a> shardingKey)</code></th><td class="colLast"><div class="block"> Specifies a <code>shardingKey</code> to be used when creating a connection          </div></td></tr><tr id="i3" class="rowColor"><td class="colFirst"><code><a href="../../javax/sql/PooledConnectionBuilder.html" title="interface in javax.sql">PooledConnectionBuilder</a></code></td><th class="colSecond" scope="row"><code><span class="memberNameLink"><a href="../../javax/sql/PooledConnectionBuilder.html#superShardingKey-java.sql.ShardingKey-">superShardingKey</a></span>(<a href="../../java/sql/ShardingKey.html" title="interface in java.sql">ShardingKey</a> superShardingKey)</code></th><td class="colLast"><div class="block"> Specifies a <code>superShardingKey</code> to be used when creating a connection          </div></td></tr><tr id="i4" class="altColor"><td class="colFirst"><code><a href="../../javax/sql/PooledConnectionBuilder.html" title="interface in javax.sql">PooledConnectionBuilder</a></code></td><th class="colSecond" scope="row"><code><span class="memberNameLink"><a href="../../javax/sql/PooledConnectionBuilder.html#user-java.lang.String-">user</a></span>(java.lang.String username)</code></th><td class="colLast"><div class="block">Specifies the username to be used when creating a connection         </div></td></tr></tbody> </table> </li></ul></li></ul> </div><div class="details"><ul class="blockList"><li class="blockList"><ul class="blockList"><li class="blockList"> <a name="method.detail"/><h3>Method Detail </h3> <a start_ctx_id="method:user(java.lang.String)"/><a name="user-java.lang.String-"/><ul class="blockList"><li class="blockList"><h4>user</h4><pre>
                                            <a href="../../javax/sql/PooledConnectionBuilder.html" title="interface in javax.sql">PooledConnectionBuilder</a> user(java.lang.String username)
                                        </pre><div class="block">Specifies the username to be used when creating a connection         </div><dl> <dt> <span class="paramLabel">Parameters:</span>   </dt><dd> <code>username</code> - the database user on whose behalf the connection is being made             </dd> <dt> <span class="returnLabel">Returns:</span>   </dt><dd> the same <code>PooledConnectionBuilder</code> instance    </dd>  </dl></li></ul> <a end_ctx_id="method:user(java.lang.String)"/> <hr/> <a start_ctx_id="method:password(java.lang.String)"/><a name="password-java.lang.String-"/><ul class="blockList"><li class="blockList"><h4>password</h4><pre>
                                            <a href="../../javax/sql/PooledConnectionBuilder.html" title="interface in javax.sql">PooledConnectionBuilder</a> password(java.lang.String password)
                                        </pre><div class="block">Specifies the password to be used when creating a connection         </div><dl> <dt> <span class="paramLabel">Parameters:</span>   </dt><dd> <code>password</code> - the password to use for this connection. May be <code>null</code>            </dd> <dt> <span class="returnLabel">Returns:</span>   </dt><dd> the same <code>PooledConnectionBuilder</code> instance    </dd>  </dl></li></ul> <a end_ctx_id="method:password(java.lang.String)"/> <hr/> <a start_ctx_id="method:shardingKey(java.sql.ShardingKey)"/><a name="shardingKey-java.sql.ShardingKey-"/><ul class="blockList"><li class="blockList"><h4>shardingKey</h4><pre>
                                            <a href="../../javax/sql/PooledConnectionBuilder.html" title="interface in javax.sql">PooledConnectionBuilder</a> shardingKey(<a href="../../java/sql/ShardingKey.html" title="interface in java.sql">ShardingKey</a> shardingKey)
                                        </pre><div class="block"> Specifies a <code>shardingKey</code> to be used when creating a connection          </div><dl> <dt> <span class="paramLabel">Parameters:</span>   </dt><dd> <code>shardingKey</code> - the ShardingKey. May be <code>null</code>       </dd> <dt> <span class="returnLabel">Returns:</span>   </dt><dd> the same <code>PooledConnectionBuilder</code> instance    </dd> <dt> <span class="seeLabel">See Also: </span>   </dt><dd> <a href="../../java/sql/ShardingKey.html" title="interface in java.sql"><code>ShardingKey</code></a>, <a href="../../java/sql/ShardingKeyBuilder.html" title="interface in java.sql"><code>ShardingKeyBuilder</code></a>  </dd>   </dl></li></ul> <a end_ctx_id="method:shardingKey(java.sql.ShardingKey)"/> <hr/> <a start_ctx_id="method:superShardingKey(java.sql.ShardingKey)"/><a name="superShardingKey-java.sql.ShardingKey-"/><ul class="blockList"><li class="blockList"><h4>superShardingKey</h4><pre>
                                            <a href="../../javax/sql/PooledConnectionBuilder.html" title="interface in javax.sql">PooledConnectionBuilder</a> superShardingKey(<a href="../../java/sql/ShardingKey.html" title="interface in java.sql">ShardingKey</a> superShardingKey)
                                        </pre><div class="block"> Specifies a <code>superShardingKey</code> to be used when creating a connection          </div><dl> <dt> <span class="paramLabel">Parameters:</span>   </dt><dd> <code>superShardingKey</code> - the SuperShardingKey. May be <code>null</code>       </dd> <dt> <span class="returnLabel">Returns:</span>   </dt><dd> the same <code>PooledConnectionBuilder</code> instance    </dd> <dt> <span class="seeLabel">See Also: </span>   </dt><dd> <a href="../../java/sql/ShardingKey.html" title="interface in java.sql"><code>ShardingKey</code></a>, <a href="../../java/sql/ShardingKeyBuilder.html" title="interface in java.sql"><code>ShardingKeyBuilder</code></a>  </dd>   </dl></li></ul> <a end_ctx_id="method:superShardingKey(java.sql.ShardingKey)"/> <hr/> <a start_ctx_id="method:build()"/><a name="build--"/><ul class="blockListLast"><li class="blockList"><h4>build</h4><pre>
                                            <a href="../../javax/sql/PooledConnection.html" title="interface in javax.sql">PooledConnection</a> build()
                throws <a href="../../java/sql/SQLException.html" title="class in java.sql">SQLException</a>
                                        </pre><div class="block">Returns an instance of the object defined by this builder.         </div><dl> <dt> <span class="returnLabel">Returns:</span>   </dt><dd>The built object  </dd> <dt> <span class="throwsLabel">Throws:</span>   </dt><dd> <code><a href="../../java/sql/SQLException.html" title="class in java.sql">SQLException</a></code> - If an error occurs building the object         </dd>  </dl></li></ul>              </li></ul></li></ul></div></div> <a end_ctx_id="method:build()"/> <hr/>  </diff></diffreport>