<?xml version="1.0" encoding="UTF-8" standalone="yes"?><Document><name>javax/sql/PooledConnection.spec</name><Context><name>class:PooledConnection</name><mt>CHANGED</mt></Context><Context><name>method:addConnectionEventListener(javax.sql.ConnectionEventListener)</name><mt>NONE</mt></Context><Context><name>method:addStatementEventListener(javax.sql.StatementEventListener)</name><mt>NONE</mt></Context><Context><name>method:close()</name><mt>NONE</mt></Context><Context><name>method:getConnection()</name><mt>NONE</mt></Context><Context><name>method:removeConnectionEventListener(javax.sql.ConnectionEventListener)</name><mt>NONE</mt></Context><Context><name>method:removeStatementEventListener(javax.sql.StatementEventListener)</name><mt>NONE</mt></Context><Stat><name>javax/sql/PooledConnection.spec</name><mt>CHANGED</mt><Group name="context"><Item name="ADDED" count="0"/><Item name="REMOVED" count="0"/><Item name="CHANGED" count="1"/><Item name="MODIFIED" count="1"/><Item name="MOVED" count="0"/><Item name="MOVED_CHANGED" count="0"/><Item name="JOINT" count="0"/><Item name="SPLIT" count="0"/><Item name="TOTAL" count="7"/></Group><Group name="assertion"><Item name="ADDED" count="0"/><Item name="REMOVED" count="0"/><Item name="CHANGED" count="0"/><Item name="MODIFIED" count="0"/><Item name="MOVED" count="0"/><Item name="MOVED_CHANGED" count="0"/><Item name="JOINT" count="0"/><Item name="SPLIT" count="0"/><Item name="TOTAL" count="0"/></Group></Stat></Document>