<?xml version="1.0" encoding="UTF-8"?><diffreport><diff><table border="0" cellpadding="1" cellspacing="0" width="100%"><tr><td><h3 class="ctxid">class:RowSetEvent [NONE]</h3></td></tr><tr><td><table border="0" cellpadding="5" cellspacing="1" bgcolor="black" width="100%"><tr valign="top"><td bgcolor="#FFFFFF" colspan="1"><div class="description"> <a start_ctx_id="class:RowSetEvent"/><ul class="blockList"><li class="blockList"> <hr/> <br/><pre>
                            public class <span class="typeNameLabel">RowSetEvent</span>
extends java.util.EventObject
                        </pre><div class="block"> An <code>Event</code> object generated when an event occurs to a <code>RowSet</code> object. A <code>RowSetEvent</code> object is generated when a single row in a rowset is changed, the whole rowset is changed, or the rowset cursor moves.<p> When an event occurs on a <code>RowSet</code> object, one of the <code>RowSetListener</code> methods will be sent to all registered listeners to notify them of the event. An <code>Event</code> object is supplied to the <code>RowSetListener</code> method so that the listener can use it to find out which <code>RowSet</code> object is the source of the event.                                                      </p>                                    </div><dl> <dt> <span class="simpleTagLabel">Since:</span>   </dt><dd>1.4</dd> <dt> <span class="seeLabel">See Also: </span>   </dt><dd> <a href="../../serialized-form.html#javax.sql.RowSetEvent">Serialized Form </a> </dd>  </dl>  </li></ul> </div> <a end_ctx_id="class:RowSetEvent"/> </td></tr></table></td></tr></table><table border="0" cellpadding="1" cellspacing="0" width="100%"><tr><td><h3 class="ctxid">constructor:RowSetEvent(javax.sql.RowSet) [NONE]</h3></td></tr><tr><td><table border="0" cellpadding="5" cellspacing="1" bgcolor="black" width="100%"><tr valign="top"><td bgcolor="#FFFFFF" colspan="1"> <a start_ctx_id="constructor:RowSetEvent(javax.sql.RowSet)"/><a name="RowSetEvent-javax.sql.RowSet-"/><ul class="blockListLast"><li class="blockList"><h4>RowSetEvent</h4><pre>
                                            public RowSetEvent(<a href="../../javax/sql/RowSet.html" title="interface in javax.sql">RowSet</a> source)
                                        </pre><div class="block"> Constructs a <code>RowSetEvent</code> object initialized with the given <code>RowSet</code> object.          </div><dl> <dt> <span class="paramLabel">Parameters:</span>   </dt><dd> <code>source</code> - the <code>RowSet</code> object whose data has changed or whose cursor has moved              </dd> <dt> <span class="throwsLabel">Throws:</span>   </dt><dd> <code>java.lang.IllegalArgumentException</code> - if <code>source</code> is null.      </dd>  </dl></li></ul> <a end_ctx_id="constructor:RowSetEvent(javax.sql.RowSet)"/>  </td></tr></table></td></tr></table></diff></diffreport>