<?xml version="1.0" encoding="UTF-8" standalone="yes"?><Document><name>javax/sql/RowSetMetaData.spec</name><Context><name>class:RowSetMetaData</name><mt>NONE</mt></Context><Context><name>method:setAutoIncrement(int, boolean)</name><mt>NONE</mt></Context><Context><name>method:setCaseSensitive(int, boolean)</name><mt>NONE</mt></Context><Context><name>method:setCatalogName(int, java.lang.String)</name><mt>NONE</mt></Context><Context><name>method:setColumnCount(int)</name><mt>NONE</mt></Context><Context><name>method:setColumnDisplaySize(int, int)</name><mt>NONE</mt></Context><Context><name>method:setColumnLabel(int, java.lang.String)</name><mt>NONE</mt></Context><Context><name>method:setColumnName(int, java.lang.String)</name><mt>NONE</mt></Context><Context><name>method:setColumnType(int, int)</name><mt>NONE</mt></Context><Context><name>method:setColumnTypeName(int, java.lang.String)</name><mt>NONE</mt></Context><Context><name>method:setCurrency(int, boolean)</name><mt>NONE</mt></Context><Context><name>method:setNullable(int, int)</name><mt>NONE</mt></Context><Context><name>method:setPrecision(int, int)</name><mt>NONE</mt></Context><Context><name>method:setScale(int, int)</name><mt>NONE</mt></Context><Context><name>method:setSchemaName(int, java.lang.String)</name><mt>NONE</mt></Context><Context><name>method:setSearchable(int, boolean)</name><mt>NONE</mt></Context><Context><name>method:setSigned(int, boolean)</name><mt>NONE</mt></Context><Context><name>method:setTableName(int, java.lang.String)</name><mt>NONE</mt></Context><Stat><name>javax/sql/RowSetMetaData.spec</name><mt>NONE</mt><Group name="context"><Item name="ADDED" count="0"/><Item name="REMOVED" count="0"/><Item name="CHANGED" count="0"/><Item name="MODIFIED" count="0"/><Item name="MOVED" count="0"/><Item name="MOVED_CHANGED" count="0"/><Item name="JOINT" count="0"/><Item name="SPLIT" count="0"/><Item name="TOTAL" count="18"/></Group><Group name="assertion"><Item name="ADDED" count="0"/><Item name="REMOVED" count="0"/><Item name="CHANGED" count="0"/><Item name="MODIFIED" count="0"/><Item name="MOVED" count="0"/><Item name="MOVED_CHANGED" count="0"/><Item name="JOINT" count="0"/><Item name="SPLIT" count="0"/><Item name="TOTAL" count="0"/></Group></Stat></Document>