<?xml version="1.0" encoding="UTF-8" standalone="yes"?><Document><name>javax/sql/RowSetInternal.spec</name><Context><name>class:RowSetInternal</name><mt>NONE</mt></Context><Context><name>method:getConnection()</name><mt>NONE</mt></Context><Context><name>method:getOriginal()</name><mt>NONE</mt></Context><Context><name>method:getOriginalRow()</name><mt>NONE</mt></Context><Context><name>method:getParams()</name><mt>NONE</mt></Context><Context><name>method:setMetaData(javax.sql.RowSetMetaData)</name><mt>NONE</mt></Context><Stat><name>javax/sql/RowSetInternal.spec</name><mt>NONE</mt><Group name="context"><Item name="ADDED" count="0"/><Item name="REMOVED" count="0"/><Item name="CHANGED" count="0"/><Item name="MODIFIED" count="0"/><Item name="MOVED" count="0"/><Item name="MOVED_CHANGED" count="0"/><Item name="JOINT" count="0"/><Item name="SPLIT" count="0"/><Item name="TOTAL" count="6"/></Group><Group name="assertion"><Item name="ADDED" count="0"/><Item name="REMOVED" count="0"/><Item name="CHANGED" count="0"/><Item name="MODIFIED" count="0"/><Item name="MOVED" count="0"/><Item name="MOVED_CHANGED" count="0"/><Item name="JOINT" count="0"/><Item name="SPLIT" count="0"/><Item name="TOTAL" count="0"/></Group></Stat></Document>