<?xml version="1.0" encoding="UTF-8"?><diffreport><diff><table border="0" cellpadding="1" cellspacing="0" width="100%"><tr><td><h3 class="ctxid">class:RowSetInternal [NONE]</h3></td></tr><tr><td><table border="0" cellpadding="5" cellspacing="1" bgcolor="black" width="100%"><tr valign="top"><td bgcolor="#FFFFFF" colspan="1"><div class="description"> <a start_ctx_id="class:RowSetInternal"/><ul class="blockList"><li class="blockList"> <hr/> <br/><pre>
                            public interface <span class="typeNameLabel">RowSetInternal</span>
                        </pre><div class="block"> The interface that a <code>RowSet</code> object implements in order to present itself to a <code>RowSetReader</code> or <code>RowSetWriter</code> object. The <code>RowSetInternal</code> interface contains methods that let the reader or writer access and modify the internal state of the rowset.                                      </div><dl> <dt> <span class="simpleTagLabel">Since:</span>   </dt><dd>1.4</dd> </dl>  </li></ul> </div> <a end_ctx_id="class:RowSetInternal"/> </td></tr></table></td></tr></table><table border="0" cellpadding="1" cellspacing="0" width="100%"><tr><td><h3 class="ctxid">method:getParams() [NONE]</h3></td></tr><tr><td><table border="0" cellpadding="5" cellspacing="1" bgcolor="black" width="100%"><tr valign="top"><td bgcolor="#FFFFFF" colspan="1"> <a start_ctx_id="method:getParams()"/><a name="getParams--"/><ul class="blockList"><li class="blockList"><h4>getParams</h4><pre>
                                            java.lang.Object[] getParams()
                      throws <a href="../../java/sql/SQLException.html" title="class in java.sql">SQLException</a>
                                        </pre><div class="block"> Retrieves the parameters that have been set for this <code>RowSet</code> object's command.            </div><dl> <dt> <span class="returnLabel">Returns:</span>   </dt><dd> an array of the current parameter values for this <code>RowSet</code> object's command            </dd> <dt> <span class="throwsLabel">Throws:</span>   </dt><dd> <code><a href="../../java/sql/SQLException.html" title="class in java.sql">SQLException</a></code> - if a database access error occurs        </dd>  </dl></li></ul> <a end_ctx_id="method:getParams()"/>  </td></tr></table></td></tr></table><table border="0" cellpadding="1" cellspacing="0" width="100%"><tr><td><h3 class="ctxid">method:getConnection() [NONE]</h3></td></tr><tr><td><table border="0" cellpadding="5" cellspacing="1" bgcolor="black" width="100%"><tr valign="top"><td bgcolor="#FFFFFF" colspan="1"> <a start_ctx_id="method:getConnection()"/><a name="getConnection--"/><ul class="blockList"><li class="blockList"><h4>getConnection</h4><pre>
                                            <a href="../../java/sql/Connection.html" title="interface in java.sql">Connection</a> getConnection()
                  throws <a href="../../java/sql/SQLException.html" title="class in java.sql">SQLException</a>
                                        </pre><div class="block"> Retrieves the <code>Connection</code> object that was passed to this <code>RowSet</code> object.           </div><dl> <dt> <span class="returnLabel">Returns:</span>   </dt><dd> the <code>Connection</code> object passed to the rowset or <code>null</code> if none was passed             </dd> <dt> <span class="throwsLabel">Throws:</span>   </dt><dd> <code><a href="../../java/sql/SQLException.html" title="class in java.sql">SQLException</a></code> - if a database access error occurs        </dd>  </dl></li></ul> <a end_ctx_id="method:getConnection()"/>  </td></tr></table></td></tr></table><table border="0" cellpadding="1" cellspacing="0" width="100%"><tr><td><h3 class="ctxid">method:setMetaData(javax.sql.RowSetMetaData) [NONE]</h3></td></tr><tr><td><table border="0" cellpadding="5" cellspacing="1" bgcolor="black" width="100%"><tr valign="top"><td bgcolor="#FFFFFF" colspan="1"> <a start_ctx_id="method:setMetaData(javax.sql.RowSetMetaData)"/><a name="setMetaData-javax.sql.RowSetMetaData-"/><ul class="blockList"><li class="blockList"><h4>setMetaData</h4><pre>
                                            void setMetaData(<a href="../../javax/sql/RowSetMetaData.html" title="interface in javax.sql">RowSetMetaData</a> md)
          throws <a href="../../java/sql/SQLException.html" title="class in java.sql">SQLException</a>
                                        </pre><div class="block"> Sets the given <code>RowSetMetaData</code> object as the <code>RowSetMetaData</code> object for this <code>RowSet</code> object. The <code>RowSetReader</code> object associated with the rowset will use <code>RowSetMetaData</code> methods to set the values giving information about the rowset's columns.                                  </div><dl> <dt> <span class="paramLabel">Parameters:</span>   </dt><dd> <code>md</code> - the <code>RowSetMetaData</code> object that will be set with information about the rowset's columns               </dd> <dt> <span class="throwsLabel">Throws:</span>   </dt><dd> <code><a href="../../java/sql/SQLException.html" title="class in java.sql">SQLException</a></code> - if a database access error occurs        </dd>  </dl></li></ul> <a end_ctx_id="method:setMetaData(javax.sql.RowSetMetaData)"/>  </td></tr></table></td></tr></table><table border="0" cellpadding="1" cellspacing="0" width="100%"><tr><td><h3 class="ctxid">method:getOriginal() [NONE]</h3></td></tr><tr><td><table border="0" cellpadding="5" cellspacing="1" bgcolor="black" width="100%"><tr valign="top"><td bgcolor="#FFFFFF" colspan="1"> <a start_ctx_id="method:getOriginal()"/><a name="getOriginal--"/><ul class="blockList"><li class="blockList"><h4>getOriginal</h4><pre>
                                            <a href="../../java/sql/ResultSet.html" title="interface in java.sql">ResultSet</a> getOriginal()
               throws <a href="../../java/sql/SQLException.html" title="class in java.sql">SQLException</a>
                                        </pre><div class="block"> Retrieves a <code>ResultSet</code> object containing the original value of this <code>RowSet</code> object.<p> The cursor is positioned before the first row in the result set. Only rows contained in the result set returned by the method <code>getOriginal</code> are said to have an original value.                               </p>            </div><dl> <dt> <span class="returnLabel">Returns:</span>   </dt><dd>the original value of the rowset     </dd> <dt> <span class="throwsLabel">Throws:</span>   </dt><dd> <code><a href="../../java/sql/SQLException.html" title="class in java.sql">SQLException</a></code> - if a database access error occurs        </dd>  </dl></li></ul> <a end_ctx_id="method:getOriginal()"/>  </td></tr></table></td></tr></table><table border="0" cellpadding="1" cellspacing="0" width="100%"><tr><td><h3 class="ctxid">method:getOriginalRow() [NONE]</h3></td></tr><tr><td><table border="0" cellpadding="5" cellspacing="1" bgcolor="black" width="100%"><tr valign="top"><td bgcolor="#FFFFFF" colspan="1"> <a start_ctx_id="method:getOriginalRow()"/><a name="getOriginalRow--"/><ul class="blockListLast"><li class="blockList"><h4>getOriginalRow</h4><pre>
                                            <a href="../../java/sql/ResultSet.html" title="interface in java.sql">ResultSet</a> getOriginalRow()
                  throws <a href="../../java/sql/SQLException.html" title="class in java.sql">SQLException</a>
                                        </pre><div class="block"> Retrieves a <code>ResultSet</code> object containing the original value of the current row only. If the current row has no original value, an empty result set is returned. If there is no current row, an exception is thrown.                                     </div><dl> <dt> <span class="returnLabel">Returns:</span>   </dt><dd> the original value of the current row as a <code>ResultSet</code> object           </dd> <dt> <span class="throwsLabel">Throws:</span>   </dt><dd> <code><a href="../../java/sql/SQLException.html" title="class in java.sql">SQLException</a></code> - if a database access error occurs or this method is called while the cursor is on the insert row, before the first row, or after the last row                              </dd>  </dl></li></ul> <a end_ctx_id="method:getOriginalRow()"/>  </td></tr></table></td></tr></table></diff></diffreport>