<?xml version="1.0" encoding="UTF-8"?><diffreport><diff><table border="0" cellpadding="1" cellspacing="0" width="100%"><tr><td><h3 class="ctxid">class:RowSetMetaData [NONE]</h3></td></tr><tr><td><table border="0" cellpadding="5" cellspacing="1" bgcolor="black" width="100%"><tr valign="top"><td bgcolor="#FFFFFF" colspan="1"><div class="description"> <a start_ctx_id="class:RowSetMetaData"/><ul class="blockList"><li class="blockList"><dl> <dt>All Superinterfaces: </dt><dd> <code><a href="../../java/sql/ResultSetMetaData.html" title="interface in java.sql">ResultSetMetaData</a></code>, <code><a href="../../java/sql/Wrapper.html" title="interface in java.sql">Wrapper</a></code>  </dd> </dl> <hr/> <br/><pre>
                            public interface <span class="typeNameLabel">RowSetMetaData</span>
extends <a href="../../java/sql/ResultSetMetaData.html" title="interface in java.sql">ResultSetMetaData</a>
                        </pre><div class="block"> An object that contains information about the columns in a <code>RowSet</code> object. This interface is an extension of the <code>ResultSetMetaData</code> interface with methods for setting the values in a <code>RowSetMetaData</code> object. When a <code>RowSetReader</code> object reads data into a <code>RowSet</code> object, it creates a <code>RowSetMetaData</code> object and initializes it using the methods in the <code>RowSetMetaData</code> interface. Then the reader passes the <code>RowSetMetaData</code> object to the rowset.<p> The methods in this interface are invoked internally when an application calls the method <code>RowSet.execute</code>; an application programmer would not use them directly.                       </p>                                                                  </div><dl> <dt> <span class="simpleTagLabel">Since:</span>   </dt><dd>1.4</dd> </dl>  </li></ul> </div> <a end_ctx_id="class:RowSetMetaData"/> </td></tr></table></td></tr></table><table border="0" cellpadding="1" cellspacing="0" width="100%"><tr><td><h3 class="ctxid">method:setColumnCount(int) [NONE]</h3></td></tr><tr><td><table border="0" cellpadding="5" cellspacing="1" bgcolor="black" width="100%"><tr valign="top"><td bgcolor="#FFFFFF" colspan="1"> <a start_ctx_id="method:setColumnCount(int)"/><a name="setColumnCount-int-"/><ul class="blockList"><li class="blockList"><h4>setColumnCount</h4><pre>
                                            void setColumnCount(int columnCount)
             throws <a href="../../java/sql/SQLException.html" title="class in java.sql">SQLException</a>
                                        </pre><div class="block"> Sets the number of columns in the <code>RowSet</code> object to the given number.             </div><dl> <dt> <span class="paramLabel">Parameters:</span>   </dt><dd> <code>columnCount</code> - the number of columns in the <code>RowSet</code> object          </dd> <dt> <span class="throwsLabel">Throws:</span>   </dt><dd> <code><a href="../../java/sql/SQLException.html" title="class in java.sql">SQLException</a></code> - if a database access error occurs        </dd>  </dl></li></ul> <a end_ctx_id="method:setColumnCount(int)"/>  </td></tr></table></td></tr></table><table border="0" cellpadding="1" cellspacing="0" width="100%"><tr><td><h3 class="ctxid">method:setAutoIncrement(int, boolean) [NONE]</h3></td></tr><tr><td><table border="0" cellpadding="5" cellspacing="1" bgcolor="black" width="100%"><tr valign="top"><td bgcolor="#FFFFFF" colspan="1"> <a start_ctx_id="method:setAutoIncrement(int, boolean)"/><a name="setAutoIncrement-int-boolean-"/><ul class="blockList"><li class="blockList"><h4>setAutoIncrement</h4><pre>
                                            void setAutoIncrement(int columnIndex,
                      boolean property)
               throws <a href="../../java/sql/SQLException.html" title="class in java.sql">SQLException</a>
                                        </pre><div class="block"> Sets whether the designated column is automatically numbered, The default is for a <code>RowSet</code> object's columns not to be automatically numbered.                     </div><dl> <dt> <span class="paramLabel">Parameters:</span>   </dt><dd> <code>columnIndex</code> - the first column is 1, the second is 2, ...            </dd><dd> <code>property</code> - <code>true</code> if the column is automatically numbered; <code>false</code> if it is not              </dd> <dt> <span class="throwsLabel">Throws:</span>   </dt><dd> <code><a href="../../java/sql/SQLException.html" title="class in java.sql">SQLException</a></code> - if a database access error occurs        </dd>  </dl></li></ul> <a end_ctx_id="method:setAutoIncrement(int, boolean)"/>  </td></tr></table></td></tr></table><table border="0" cellpadding="1" cellspacing="0" width="100%"><tr><td><h3 class="ctxid">method:setCaseSensitive(int, boolean) [NONE]</h3></td></tr><tr><td><table border="0" cellpadding="5" cellspacing="1" bgcolor="black" width="100%"><tr valign="top"><td bgcolor="#FFFFFF" colspan="1"> <a start_ctx_id="method:setCaseSensitive(int, boolean)"/><a name="setCaseSensitive-int-boolean-"/><ul class="blockList"><li class="blockList"><h4>setCaseSensitive</h4><pre>
                                            void setCaseSensitive(int columnIndex,
                      boolean property)
               throws <a href="../../java/sql/SQLException.html" title="class in java.sql">SQLException</a>
                                        </pre><div class="block"> Sets whether the designated column is case sensitive. The default is <code>false</code>.            </div><dl> <dt> <span class="paramLabel">Parameters:</span>   </dt><dd> <code>columnIndex</code> - the first column is 1, the second is 2, ...            </dd><dd> <code>property</code> - <code>true</code> if the column is case sensitive; <code>false</code> if it is not              </dd> <dt> <span class="throwsLabel">Throws:</span>   </dt><dd> <code><a href="../../java/sql/SQLException.html" title="class in java.sql">SQLException</a></code> - if a database access error occurs        </dd>  </dl></li></ul> <a end_ctx_id="method:setCaseSensitive(int, boolean)"/>  </td></tr></table></td></tr></table><table border="0" cellpadding="1" cellspacing="0" width="100%"><tr><td><h3 class="ctxid">method:setSearchable(int, boolean) [NONE]</h3></td></tr><tr><td><table border="0" cellpadding="5" cellspacing="1" bgcolor="black" width="100%"><tr valign="top"><td bgcolor="#FFFFFF" colspan="1"> <a start_ctx_id="method:setSearchable(int, boolean)"/><a name="setSearchable-int-boolean-"/><ul class="blockList"><li class="blockList"><h4>setSearchable</h4><pre>
                                            void setSearchable(int columnIndex,
                   boolean property)
            throws <a href="../../java/sql/SQLException.html" title="class in java.sql">SQLException</a>
                                        </pre><div class="block"> Sets whether the designated column can be used in a where clause. The default is <code>false</code>.                </div><dl> <dt> <span class="paramLabel">Parameters:</span>   </dt><dd> <code>columnIndex</code> - the first column is 1, the second is 2, ...            </dd><dd> <code>property</code> - <code>true</code> if the column can be used in a <code>WHERE</code> clause; <code>false</code> if it cannot                 </dd> <dt> <span class="throwsLabel">Throws:</span>   </dt><dd> <code><a href="../../java/sql/SQLException.html" title="class in java.sql">SQLException</a></code> - if a database access error occurs        </dd>  </dl></li></ul> <a end_ctx_id="method:setSearchable(int, boolean)"/>  </td></tr></table></td></tr></table><table border="0" cellpadding="1" cellspacing="0" width="100%"><tr><td><h3 class="ctxid">method:setCurrency(int, boolean) [NONE]</h3></td></tr><tr><td><table border="0" cellpadding="5" cellspacing="1" bgcolor="black" width="100%"><tr valign="top"><td bgcolor="#FFFFFF" colspan="1"> <a start_ctx_id="method:setCurrency(int, boolean)"/><a name="setCurrency-int-boolean-"/><ul class="blockList"><li class="blockList"><h4>setCurrency</h4><pre>
                                            void setCurrency(int columnIndex,
                 boolean property)
          throws <a href="../../java/sql/SQLException.html" title="class in java.sql">SQLException</a>
                                        </pre><div class="block"> Sets whether the designated column is a cash value. The default is <code>false</code>.             </div><dl> <dt> <span class="paramLabel">Parameters:</span>   </dt><dd> <code>columnIndex</code> - the first column is 1, the second is 2, ...            </dd><dd> <code>property</code> - <code>true</code> if the column is a cash value; <code>false</code> if it is not               </dd> <dt> <span class="throwsLabel">Throws:</span>   </dt><dd> <code><a href="../../java/sql/SQLException.html" title="class in java.sql">SQLException</a></code> - if a database access error occurs        </dd>  </dl></li></ul> <a end_ctx_id="method:setCurrency(int, boolean)"/>  </td></tr></table></td></tr></table><table border="0" cellpadding="1" cellspacing="0" width="100%"><tr><td><h3 class="ctxid">method:setNullable(int, int) [NONE]</h3></td></tr><tr><td><table border="0" cellpadding="5" cellspacing="1" bgcolor="black" width="100%"><tr valign="top"><td bgcolor="#FFFFFF" colspan="1"> <a start_ctx_id="method:setNullable(int, int)"/><a name="setNullable-int-int-"/><ul class="blockList"><li class="blockList"><h4>setNullable</h4><pre>
                                            void setNullable(int columnIndex,
                 int property)
          throws <a href="../../java/sql/SQLException.html" title="class in java.sql">SQLException</a>
                                        </pre><div class="block"> Sets whether the designated column's value can be set to <code>NULL</code>. The default is <code>ResultSetMetaData.columnNullableUnknown</code>               </div><dl> <dt> <span class="paramLabel">Parameters:</span>   </dt><dd> <code>columnIndex</code> - the first column is 1, the second is 2, ...            </dd><dd> <code>property</code> - one of the following constants: <code>ResultSetMetaData.columnNoNulls</code>, <code>ResultSetMetaData.columnNullable</code>, or <code>ResultSetMetaData.columnNullableUnknown</code>           </dd> <dt> <span class="throwsLabel">Throws:</span>   </dt><dd> <code><a href="../../java/sql/SQLException.html" title="class in java.sql">SQLException</a></code> - if a database access error occurs        </dd>  </dl></li></ul> <a end_ctx_id="method:setNullable(int, int)"/>  </td></tr></table></td></tr></table><table border="0" cellpadding="1" cellspacing="0" width="100%"><tr><td><h3 class="ctxid">method:setSigned(int, boolean) [NONE]</h3></td></tr><tr><td><table border="0" cellpadding="5" cellspacing="1" bgcolor="black" width="100%"><tr valign="top"><td bgcolor="#FFFFFF" colspan="1"> <a start_ctx_id="method:setSigned(int, boolean)"/><a name="setSigned-int-boolean-"/><ul class="blockList"><li class="blockList"><h4>setSigned</h4><pre>
                                            void setSigned(int columnIndex,
               boolean property)
        throws <a href="../../java/sql/SQLException.html" title="class in java.sql">SQLException</a>
                                        </pre><div class="block"> Sets whether the designated column is a signed number. The default is <code>false</code>.             </div><dl> <dt> <span class="paramLabel">Parameters:</span>   </dt><dd> <code>columnIndex</code> - the first column is 1, the second is 2, ...            </dd><dd> <code>property</code> - <code>true</code> if the column is a signed number; <code>false</code> if it is not               </dd> <dt> <span class="throwsLabel">Throws:</span>   </dt><dd> <code><a href="../../java/sql/SQLException.html" title="class in java.sql">SQLException</a></code> - if a database access error occurs        </dd>  </dl></li></ul> <a end_ctx_id="method:setSigned(int, boolean)"/>  </td></tr></table></td></tr></table><table border="0" cellpadding="1" cellspacing="0" width="100%"><tr><td><h3 class="ctxid">method:setColumnDisplaySize(int, int) [NONE]</h3></td></tr><tr><td><table border="0" cellpadding="5" cellspacing="1" bgcolor="black" width="100%"><tr valign="top"><td bgcolor="#FFFFFF" colspan="1"> <a start_ctx_id="method:setColumnDisplaySize(int, int)"/><a name="setColumnDisplaySize-int-int-"/><ul class="blockList"><li class="blockList"><h4>setColumnDisplaySize</h4><pre>
                                            void setColumnDisplaySize(int columnIndex,
                          int size)
                   throws <a href="../../java/sql/SQLException.html" title="class in java.sql">SQLException</a>
                                        </pre><div class="block"> Sets the designated column's normal maximum width in chars to the given <code>int</code>.             </div><dl> <dt> <span class="paramLabel">Parameters:</span>   </dt><dd> <code>columnIndex</code> - the first column is 1, the second is 2, ...            </dd><dd> <code>size</code> - the normal maximum number of characters for the designated column            </dd> <dt> <span class="throwsLabel">Throws:</span>   </dt><dd> <code><a href="../../java/sql/SQLException.html" title="class in java.sql">SQLException</a></code> - if a database access error occurs        </dd>  </dl></li></ul> <a end_ctx_id="method:setColumnDisplaySize(int, int)"/>  </td></tr></table></td></tr></table><table border="0" cellpadding="1" cellspacing="0" width="100%"><tr><td><h3 class="ctxid">method:setColumnLabel(int, java.lang.String) [NONE]</h3></td></tr><tr><td><table border="0" cellpadding="5" cellspacing="1" bgcolor="black" width="100%"><tr valign="top"><td bgcolor="#FFFFFF" colspan="1"> <a start_ctx_id="method:setColumnLabel(int, java.lang.String)"/><a name="setColumnLabel-int-java.lang.String-"/><ul class="blockList"><li class="blockList"><h4>setColumnLabel</h4><pre>
                                            void setColumnLabel(int columnIndex,
                    java.lang.String label)
             throws <a href="../../java/sql/SQLException.html" title="class in java.sql">SQLException</a>
                                        </pre><div class="block"> Sets the suggested column title for use in printouts and displays, if any, to the given <code>String</code>.                 </div><dl> <dt> <span class="paramLabel">Parameters:</span>   </dt><dd> <code>columnIndex</code> - the first column is 1, the second is 2, ...            </dd><dd> <code>label</code> - the column title     </dd> <dt> <span class="throwsLabel">Throws:</span>   </dt><dd> <code><a href="../../java/sql/SQLException.html" title="class in java.sql">SQLException</a></code> - if a database access error occurs        </dd>  </dl></li></ul> <a end_ctx_id="method:setColumnLabel(int, java.lang.String)"/>  </td></tr></table></td></tr></table><table border="0" cellpadding="1" cellspacing="0" width="100%"><tr><td><h3 class="ctxid">method:setColumnName(int, java.lang.String) [NONE]</h3></td></tr><tr><td><table border="0" cellpadding="5" cellspacing="1" bgcolor="black" width="100%"><tr valign="top"><td bgcolor="#FFFFFF" colspan="1"> <a start_ctx_id="method:setColumnName(int, java.lang.String)"/><a name="setColumnName-int-java.lang.String-"/><ul class="blockList"><li class="blockList"><h4>setColumnName</h4><pre>
                                            void setColumnName(int columnIndex,
                   java.lang.String columnName)
            throws <a href="../../java/sql/SQLException.html" title="class in java.sql">SQLException</a>
                                        </pre><div class="block"> Sets the name of the designated column to the given <code>String</code>.           </div><dl> <dt> <span class="paramLabel">Parameters:</span>   </dt><dd> <code>columnIndex</code> - the first column is 1, the second is 2, ...            </dd><dd> <code>columnName</code> - the designated column's name      </dd> <dt> <span class="throwsLabel">Throws:</span>   </dt><dd> <code><a href="../../java/sql/SQLException.html" title="class in java.sql">SQLException</a></code> - if a database access error occurs        </dd>  </dl></li></ul> <a end_ctx_id="method:setColumnName(int, java.lang.String)"/>  </td></tr></table></td></tr></table><table border="0" cellpadding="1" cellspacing="0" width="100%"><tr><td><h3 class="ctxid">method:setSchemaName(int, java.lang.String) [NONE]</h3></td></tr><tr><td><table border="0" cellpadding="5" cellspacing="1" bgcolor="black" width="100%"><tr valign="top"><td bgcolor="#FFFFFF" colspan="1"> <a start_ctx_id="method:setSchemaName(int, java.lang.String)"/><a name="setSchemaName-int-java.lang.String-"/><ul class="blockList"><li class="blockList"><h4>setSchemaName</h4><pre>
                                            void setSchemaName(int columnIndex,
                   java.lang.String schemaName)
            throws <a href="../../java/sql/SQLException.html" title="class in java.sql">SQLException</a>
                                        </pre><div class="block"> Sets the name of the designated column's table's schema, if any, to the given <code>String</code>.               </div><dl> <dt> <span class="paramLabel">Parameters:</span>   </dt><dd> <code>columnIndex</code> - the first column is 1, the second is 2, ...            </dd><dd> <code>schemaName</code> - the schema name     </dd> <dt> <span class="throwsLabel">Throws:</span>   </dt><dd> <code><a href="../../java/sql/SQLException.html" title="class in java.sql">SQLException</a></code> - if a database access error occurs        </dd>  </dl></li></ul> <a end_ctx_id="method:setSchemaName(int, java.lang.String)"/>  </td></tr></table></td></tr></table><table border="0" cellpadding="1" cellspacing="0" width="100%"><tr><td><h3 class="ctxid">method:setPrecision(int, int) [NONE]</h3></td></tr><tr><td><table border="0" cellpadding="5" cellspacing="1" bgcolor="black" width="100%"><tr valign="top"><td bgcolor="#FFFFFF" colspan="1"> <a start_ctx_id="method:setPrecision(int, int)"/><a name="setPrecision-int-int-"/><ul class="blockList"><li class="blockList"><h4>setPrecision</h4><pre>
                                            void setPrecision(int columnIndex,
                  int precision)
           throws <a href="../../java/sql/SQLException.html" title="class in java.sql">SQLException</a>
                                        </pre><div class="block"> Sets the designated column's number of decimal digits to the given <code>int</code>.            </div><dl> <dt> <span class="paramLabel">Parameters:</span>   </dt><dd> <code>columnIndex</code> - the first column is 1, the second is 2, ...            </dd><dd> <code>precision</code> - the total number of decimal digits        </dd> <dt> <span class="throwsLabel">Throws:</span>   </dt><dd> <code><a href="../../java/sql/SQLException.html" title="class in java.sql">SQLException</a></code> - if a database access error occurs        </dd>  </dl></li></ul> <a end_ctx_id="method:setPrecision(int, int)"/>  </td></tr></table></td></tr></table><table border="0" cellpadding="1" cellspacing="0" width="100%"><tr><td><h3 class="ctxid">method:setScale(int, int) [NONE]</h3></td></tr><tr><td><table border="0" cellpadding="5" cellspacing="1" bgcolor="black" width="100%"><tr valign="top"><td bgcolor="#FFFFFF" colspan="1"> <a start_ctx_id="method:setScale(int, int)"/><a name="setScale-int-int-"/><ul class="blockList"><li class="blockList"><h4>setScale</h4><pre>
                                            void setScale(int columnIndex,
              int scale)
       throws <a href="../../java/sql/SQLException.html" title="class in java.sql">SQLException</a>
                                        </pre><div class="block"> Sets the designated column's number of digits to the right of the decimal point to the given <code>int</code>.                  </div><dl> <dt> <span class="paramLabel">Parameters:</span>   </dt><dd> <code>columnIndex</code> - the first column is 1, the second is 2, ...            </dd><dd> <code>scale</code> - the number of digits to right of decimal point           </dd> <dt> <span class="throwsLabel">Throws:</span>   </dt><dd> <code><a href="../../java/sql/SQLException.html" title="class in java.sql">SQLException</a></code> - if a database access error occurs        </dd>  </dl></li></ul> <a end_ctx_id="method:setScale(int, int)"/>  </td></tr></table></td></tr></table><table border="0" cellpadding="1" cellspacing="0" width="100%"><tr><td><h3 class="ctxid">method:setTableName(int, java.lang.String) [NONE]</h3></td></tr><tr><td><table border="0" cellpadding="5" cellspacing="1" bgcolor="black" width="100%"><tr valign="top"><td bgcolor="#FFFFFF" colspan="1"> <a start_ctx_id="method:setTableName(int, java.lang.String)"/><a name="setTableName-int-java.lang.String-"/><ul class="blockList"><li class="blockList"><h4>setTableName</h4><pre>
                                            void setTableName(int columnIndex,
                  java.lang.String tableName)
           throws <a href="../../java/sql/SQLException.html" title="class in java.sql">SQLException</a>
                                        </pre><div class="block"> Sets the designated column's table name, if any, to the given <code>String</code>.            </div><dl> <dt> <span class="paramLabel">Parameters:</span>   </dt><dd> <code>columnIndex</code> - the first column is 1, the second is 2, ...            </dd><dd> <code>tableName</code> - the column's table name      </dd> <dt> <span class="throwsLabel">Throws:</span>   </dt><dd> <code><a href="../../java/sql/SQLException.html" title="class in java.sql">SQLException</a></code> - if a database access error occurs        </dd>  </dl></li></ul> <a end_ctx_id="method:setTableName(int, java.lang.String)"/>  </td></tr></table></td></tr></table><table border="0" cellpadding="1" cellspacing="0" width="100%"><tr><td><h3 class="ctxid">method:setCatalogName(int, java.lang.String) [NONE]</h3></td></tr><tr><td><table border="0" cellpadding="5" cellspacing="1" bgcolor="black" width="100%"><tr valign="top"><td bgcolor="#FFFFFF" colspan="1"> <a start_ctx_id="method:setCatalogName(int, java.lang.String)"/><a name="setCatalogName-int-java.lang.String-"/><ul class="blockList"><li class="blockList"><h4>setCatalogName</h4><pre>
                                            void setCatalogName(int columnIndex,
                    java.lang.String catalogName)
             throws <a href="../../java/sql/SQLException.html" title="class in java.sql">SQLException</a>
                                        </pre><div class="block"> Sets the designated column's table's catalog name, if any, to the given <code>String</code>.             </div><dl> <dt> <span class="paramLabel">Parameters:</span>   </dt><dd> <code>columnIndex</code> - the first column is 1, the second is 2, ...            </dd><dd> <code>catalogName</code> - the column's catalog name      </dd> <dt> <span class="throwsLabel">Throws:</span>   </dt><dd> <code><a href="../../java/sql/SQLException.html" title="class in java.sql">SQLException</a></code> - if a database access error occurs        </dd>  </dl></li></ul> <a end_ctx_id="method:setCatalogName(int, java.lang.String)"/>  </td></tr></table></td></tr></table><table border="0" cellpadding="1" cellspacing="0" width="100%"><tr><td><h3 class="ctxid">method:setColumnType(int, int) [NONE]</h3></td></tr><tr><td><table border="0" cellpadding="5" cellspacing="1" bgcolor="black" width="100%"><tr valign="top"><td bgcolor="#FFFFFF" colspan="1"> <a start_ctx_id="method:setColumnType(int, int)"/><a name="setColumnType-int-int-"/><ul class="blockList"><li class="blockList"><h4>setColumnType</h4><pre>
                                            void setColumnType(int columnIndex,
                   int SQLType)
            throws <a href="../../java/sql/SQLException.html" title="class in java.sql">SQLException</a>
                                        </pre><div class="block">Sets the designated column's SQL type to the one given.         </div><dl> <dt> <span class="paramLabel">Parameters:</span>   </dt><dd> <code>columnIndex</code> - the first column is 1, the second is 2, ...            </dd><dd> <code>SQLType</code> - the column's SQL type      </dd> <dt> <span class="throwsLabel">Throws:</span>   </dt><dd> <code><a href="../../java/sql/SQLException.html" title="class in java.sql">SQLException</a></code> - if a database access error occurs        </dd> <dt> <span class="seeLabel">See Also: </span>   </dt><dd> <a href="../../java/sql/Types.html" title="class in java.sql"><code>Types</code></a> </dd>   </dl></li></ul> <a end_ctx_id="method:setColumnType(int, int)"/>  </td></tr></table></td></tr></table><table border="0" cellpadding="1" cellspacing="0" width="100%"><tr><td><h3 class="ctxid">method:setColumnTypeName(int, java.lang.String) [NONE]</h3></td></tr><tr><td><table border="0" cellpadding="5" cellspacing="1" bgcolor="black" width="100%"><tr valign="top"><td bgcolor="#FFFFFF" colspan="1"> <a start_ctx_id="method:setColumnTypeName(int, java.lang.String)"/><a name="setColumnTypeName-int-java.lang.String-"/><ul class="blockListLast"><li class="blockList"><h4>setColumnTypeName</h4><pre>
                                            void setColumnTypeName(int columnIndex,
                       java.lang.String typeName)
                throws <a href="../../java/sql/SQLException.html" title="class in java.sql">SQLException</a>
                                        </pre><div class="block"> Sets the designated column's type name that is specific to the data source, if any, to the given <code>String</code>.                   </div><dl> <dt> <span class="paramLabel">Parameters:</span>   </dt><dd> <code>columnIndex</code> - the first column is 1, the second is 2, ...            </dd><dd> <code>typeName</code> - data source specific type name.       </dd> <dt> <span class="throwsLabel">Throws:</span>   </dt><dd> <code><a href="../../java/sql/SQLException.html" title="class in java.sql">SQLException</a></code> - if a database access error occurs        </dd>  </dl></li></ul> <a end_ctx_id="method:setColumnTypeName(int, java.lang.String)"/>  </td></tr></table></td></tr></table></diff></diffreport>