<?xml version="1.0" encoding="UTF-8" standalone="yes"?><Document><name>javax/sql/RowSet.spec</name><Context><name>class:RowSet</name><mt>CHANGED</mt></Context><Context><name>method:addRowSetListener(javax.sql.RowSetListener)</name><mt>NONE</mt></Context><Context><name>method:clearParameters()</name><mt>NONE</mt></Context><Context><name>method:execute()</name><mt>CHANGED</mt></Context><Context><name>method:getCommand()</name><mt>NONE</mt></Context><Context><name>method:getDataSourceName()</name><mt>NONE</mt></Context><Context><name>method:getEscapeProcessing()</name><mt>NONE</mt></Context><Context><name>method:getMaxFieldSize()</name><mt>NONE</mt></Context><Context><name>method:getMaxRows()</name><mt>NONE</mt></Context><Context><name>method:getPassword()</name><mt>NONE</mt></Context><Context><name>method:getQueryTimeout()</name><mt>NONE</mt></Context><Context><name>method:getTransactionIsolation()</name><mt>NONE</mt></Context><Context><name>method:getTypeMap()</name><mt>NONE</mt></Context><Context><name>method:getUrl()</name><mt>NONE</mt></Context><Context><name>method:getUsername()</name><mt>NONE</mt></Context><Context><name>method:isReadOnly()</name><mt>NONE</mt></Context><Context><name>method:removeRowSetListener(javax.sql.RowSetListener)</name><mt>NONE</mt></Context><Context><name>method:setArray(int, java.sql.Array)</name><mt>NONE</mt></Context><Context><name>method:setAsciiStream(int, java.io.InputStream)</name><mt>NONE</mt></Context><Context><name>method:setAsciiStream(int, java.io.InputStream, int)</name><mt>NONE</mt></Context><Context><name>method:setAsciiStream(java.lang.String, java.io.InputStream)</name><mt>NONE</mt></Context><Context><name>method:setAsciiStream(java.lang.String, java.io.InputStream, int)</name><mt>NONE</mt></Context><Context><name>method:setBigDecimal(int, java.math.BigDecimal)</name><mt>CHANGED</mt></Context><Context><name>method:setBigDecimal(java.lang.String, java.math.BigDecimal)</name><mt>NONE</mt></Context><Context><name>method:setBinaryStream(int, java.io.InputStream)</name><mt>NONE</mt></Context><Context><name>method:setBinaryStream(int, java.io.InputStream, int)</name><mt>NONE</mt></Context><Context><name>method:setBinaryStream(java.lang.String, java.io.InputStream)</name><mt>NONE</mt></Context><Context><name>method:setBinaryStream(java.lang.String, java.io.InputStream, int)</name><mt>NONE</mt></Context><Context><name>method:setBlob(int, java.io.InputStream)</name><mt>NONE</mt></Context><Context><name>method:setBlob(int, java.io.InputStream, long)</name><mt>CHANGED</mt></Context><Context><name>method:setBlob(int, java.sql.Blob)</name><mt>NONE</mt></Context><Context><name>method:setBlob(java.lang.String, java.io.InputStream)</name><mt>NONE</mt></Context><Context><name>method:setBlob(java.lang.String, java.io.InputStream, long)</name><mt>CHANGED</mt></Context><Context><name>method:setBlob(java.lang.String, java.sql.Blob)</name><mt>NONE</mt></Context><Context><name>method:setBoolean(int, boolean)</name><mt>NONE</mt></Context><Context><name>method:setBoolean(java.lang.String, boolean)</name><mt>NONE</mt></Context><Context><name>method:setByte(int, byte)</name><mt>NONE</mt></Context><Context><name>method:setByte(java.lang.String, byte)</name><mt>NONE</mt></Context><Context><name>method:setBytes(int, byte[])</name><mt>NONE</mt></Context><Context><name>method:setBytes(java.lang.String, byte[])</name><mt>NONE</mt></Context><Context><name>method:setCharacterStream(int, java.io.Reader)</name><mt>NONE</mt></Context><Context><name>method:setCharacterStream(int, java.io.Reader, int)</name><mt>NONE</mt></Context><Context><name>method:setCharacterStream(java.lang.String, java.io.Reader)</name><mt>NONE</mt></Context><Context><name>method:setCharacterStream(java.lang.String, java.io.Reader, int)</name><mt>NONE</mt></Context><Context><name>method:setClob(int, java.io.Reader)</name><mt>NONE</mt></Context><Context><name>method:setClob(int, java.io.Reader, long)</name><mt>CHANGED</mt></Context><Context><name>method:setClob(int, java.sql.Clob)</name><mt>NONE</mt></Context><Context><name>method:setClob(java.lang.String, java.io.Reader)</name><mt>NONE</mt></Context><Context><name>method:setClob(java.lang.String, java.io.Reader, long)</name><mt>CHANGED</mt></Context><Context><name>method:setClob(java.lang.String, java.sql.Clob)</name><mt>NONE</mt></Context><Context><name>method:setCommand(java.lang.String)</name><mt>NONE</mt></Context><Context><name>method:setConcurrency(int)</name><mt>NONE</mt></Context><Context><name>method:setDataSourceName(java.lang.String)</name><mt>NONE</mt></Context><Context><name>method:setDate(int, java.sql.Date)</name><mt>NONE</mt></Context><Context><name>method:setDate(int, java.sql.Date, java.util.Calendar)</name><mt>NONE</mt></Context><Context><name>method:setDate(java.lang.String, java.sql.Date)</name><mt>NONE</mt></Context><Context><name>method:setDate(java.lang.String, java.sql.Date, java.util.Calendar)</name><mt>NONE</mt></Context><Context><name>method:setDouble(int, double)</name><mt>NONE</mt></Context><Context><name>method:setDouble(java.lang.String, double)</name><mt>NONE</mt></Context><Context><name>method:setEscapeProcessing(boolean)</name><mt>NONE</mt></Context><Context><name>method:setFloat(int, float)</name><mt>NONE</mt></Context><Context><name>method:setFloat(java.lang.String, float)</name><mt>NONE</mt></Context><Context><name>method:setInt(int, int)</name><mt>NONE</mt></Context><Context><name>method:setInt(java.lang.String, int)</name><mt>NONE</mt></Context><Context><name>method:setLong(int, long)</name><mt>NONE</mt></Context><Context><name>method:setLong(java.lang.String, long)</name><mt>NONE</mt></Context><Context><name>method:setMaxFieldSize(int)</name><mt>NONE</mt></Context><Context><name>method:setMaxRows(int)</name><mt>NONE</mt></Context><Context><name>method:setNCharacterStream(int, java.io.Reader)</name><mt>NONE</mt></Context><Context><name>method:setNCharacterStream(int, java.io.Reader, long)</name><mt>NONE</mt></Context><Context><name>method:setNCharacterStream(java.lang.String, java.io.Reader)</name><mt>NONE</mt></Context><Context><name>method:setNCharacterStream(java.lang.String, java.io.Reader, long)</name><mt>NONE</mt></Context><Context><name>method:setNClob(int, java.io.Reader)</name><mt>NONE</mt></Context><Context><name>method:setNClob(int, java.io.Reader, long)</name><mt>CHANGED</mt></Context><Context><name>method:setNClob(int, java.sql.NClob)</name><mt>NONE</mt></Context><Context><name>method:setNClob(java.lang.String, java.io.Reader)</name><mt>NONE</mt></Context><Context><name>method:setNClob(java.lang.String, java.io.Reader, long)</name><mt>CHANGED</mt></Context><Context><name>method:setNClob(java.lang.String, java.sql.NClob)</name><mt>NONE</mt></Context><Context><name>method:setNString(int, java.lang.String)</name><mt>NONE</mt></Context><Context><name>method:setNString(java.lang.String, java.lang.String)</name><mt>NONE</mt></Context><Context><name>method:setNull(int, int)</name><mt>NONE</mt></Context><Context><name>method:setNull(int, int, java.lang.String)</name><mt>NONE</mt></Context><Context><name>method:setNull(java.lang.String, int)</name><mt>NONE</mt></Context><Context><name>method:setNull(java.lang.String, int, java.lang.String)</name><mt>NONE</mt></Context><Context><name>method:setObject(int, java.lang.Object)</name><mt>CHANGED</mt></Context><Context><name>method:setObject(int, java.lang.Object, int)</name><mt>NONE</mt></Context><Context><name>method:setObject(int, java.lang.Object, int, int)</name><mt>CHANGED</mt></Context><Context><name>method:setObject(java.lang.String, java.lang.Object)</name><mt>CHANGED</mt></Context><Context><name>method:setObject(java.lang.String, java.lang.Object, int)</name><mt>NONE</mt></Context><Context><name>method:setObject(java.lang.String, java.lang.Object, int, int)</name><mt>CHANGED</mt></Context><Context><name>method:setPassword(java.lang.String)</name><mt>NONE</mt></Context><Context><name>method:setQueryTimeout(int)</name><mt>NONE</mt></Context><Context><name>method:setReadOnly(boolean)</name><mt>NONE</mt></Context><Context><name>method:setRef(int, java.sql.Ref)</name><mt>NONE</mt></Context><Context><name>method:setRowId(int, java.sql.RowId)</name><mt>NONE</mt></Context><Context><name>method:setRowId(java.lang.String, java.sql.RowId)</name><mt>NONE</mt></Context><Context><name>method:setSQLXML(int, java.sql.SQLXML)</name><mt>NONE</mt></Context><Context><name>method:setSQLXML(java.lang.String, java.sql.SQLXML)</name><mt>NONE</mt></Context><Context><name>method:setShort(int, short)</name><mt>NONE</mt></Context><Context><name>method:setShort(java.lang.String, short)</name><mt>NONE</mt></Context><Context><name>method:setString(int, java.lang.String)</name><mt>NONE</mt></Context><Context><name>method:setString(java.lang.String, java.lang.String)</name><mt>NONE</mt></Context><Context><name>method:setTime(int, java.sql.Time)</name><mt>NONE</mt></Context><Context><name>method:setTime(int, java.sql.Time, java.util.Calendar)</name><mt>NONE</mt></Context><Context><name>method:setTime(java.lang.String, java.sql.Time)</name><mt>NONE</mt></Context><Context><name>method:setTime(java.lang.String, java.sql.Time, java.util.Calendar)</name><mt>NONE</mt></Context><Context><name>method:setTimestamp(int, java.sql.Timestamp)</name><mt>NONE</mt></Context><Context><name>method:setTimestamp(int, java.sql.Timestamp, java.util.Calendar)</name><mt>NONE</mt></Context><Context><name>method:setTimestamp(java.lang.String, java.sql.Timestamp)</name><mt>NONE</mt></Context><Context><name>method:setTimestamp(java.lang.String, java.sql.Timestamp, java.util.Calendar)</name><mt>NONE</mt></Context><Context><name>method:setTransactionIsolation(int)</name><mt>NONE</mt></Context><Context><name>method:setType(int)</name><mt>NONE</mt></Context><Context><name>method:setTypeMap(java.util.Map)</name><mt>NONE</mt></Context><Context><name>method:setURL(int, java.net.URL)</name><mt>NONE</mt></Context><Context><name>method:setUrl(java.lang.String)</name><mt>NONE</mt></Context><Context><name>method:setUsername(java.lang.String)</name><mt>NONE</mt></Context><Stat><name>javax/sql/RowSet.spec</name><mt>CHANGED</mt><Group name="context"><Item name="ADDED" count="0"/><Item name="REMOVED" count="0"/><Item name="CHANGED" count="13"/><Item name="MODIFIED" count="13"/><Item name="MOVED" count="0"/><Item name="MOVED_CHANGED" count="0"/><Item name="JOINT" count="0"/><Item name="SPLIT" count="0"/><Item name="TOTAL" count="116"/></Group><Group name="assertion"><Item name="ADDED" count="0"/><Item name="REMOVED" count="0"/><Item name="CHANGED" count="0"/><Item name="MODIFIED" count="0"/><Item name="MOVED" count="0"/><Item name="MOVED_CHANGED" count="0"/><Item name="JOINT" count="0"/><Item name="SPLIT" count="0"/><Item name="TOTAL" count="0"/></Group></Stat></Document>