<?xml version="1.0" encoding="UTF-8"?><diffreport><diff><table border="0" cellpadding="1" cellspacing="0" width="100%"><tr><td><h3 class="ctxid">class:StatementEvent [NONE]</h3></td></tr><tr><td><table border="0" cellpadding="5" cellspacing="1" bgcolor="black" width="100%"><tr valign="top"><td bgcolor="#FFFFFF" colspan="1"><div class="description"> <a start_ctx_id="class:StatementEvent"/><ul class="blockList"><li class="blockList"> <hr/> <br/><pre>
                            public class <span class="typeNameLabel">StatementEvent</span>
extends java.util.EventObject
                        </pre><div class="block"> A <code>StatementEvent</code> is sent to all <code>StatementEventListener</code>s which were registered with a <code>PooledConnection</code>. This occurs when the driver determines that a <code>PreparedStatement</code> that is associated with the <code>PooledConnection</code> has been closed or the driver determines is invalid.                                     </div><dl> <dt> <span class="simpleTagLabel">Since:</span>   </dt><dd>1.6</dd> <dt> <span class="seeLabel">See Also: </span>   </dt><dd> <a href="../../serialized-form.html#javax.sql.StatementEvent">Serialized Form </a> </dd>  </dl>  </li></ul> </div> <a end_ctx_id="class:StatementEvent"/> </td></tr></table></td></tr></table><table border="0" cellpadding="1" cellspacing="0" width="100%"><tr><td><h3 class="ctxid">constructor:StatementEvent(javax.sql.PooledConnection, java.sql.PreparedStatement) [NONE]</h3></td></tr><tr><td><table border="0" cellpadding="5" cellspacing="1" bgcolor="black" width="100%"><tr valign="top"><td bgcolor="#FFFFFF" colspan="1"> <a start_ctx_id="constructor:StatementEvent(javax.sql.PooledConnection, java.sql.PreparedStatement)"/><a name="StatementEvent-javax.sql.PooledConnection-java.sql.PreparedStatement-"/><ul class="blockList"><li class="blockList"><h4>StatementEvent</h4><pre>
                                            public StatementEvent(<a href="../../javax/sql/PooledConnection.html" title="interface in javax.sql">PooledConnection</a> con,
                      <a href="../../java/sql/PreparedStatement.html" title="interface in java.sql">PreparedStatement</a> statement)
                                        </pre><div class="block"> Constructs a <code>StatementEvent</code> with the specified <code>PooledConnection</code> and <code>PreparedStatement</code>. The <code>SQLException</code> contained in the event defaults to null.                  </div><dl> <dt> <span class="paramLabel">Parameters:</span>   </dt><dd> <code>con</code> - The <code>PooledConnection</code> that the closed or invalid <code>PreparedStatement</code>is associated with.            </dd><dd> <code>statement</code> - The <code>PreparedStatement</code> that is being closed or is invalid           </dd> <dt> <span class="throwsLabel">Throws:</span>   </dt><dd> <code>java.lang.IllegalArgumentException</code> - if <code>con</code> is null.      </dd> <dt> <span class="simpleTagLabel">Since:</span>   </dt><dd>1.6</dd>   </dl></li></ul> <a end_ctx_id="constructor:StatementEvent(javax.sql.PooledConnection, java.sql.PreparedStatement)"/>  </td></tr></table></td></tr></table><table border="0" cellpadding="1" cellspacing="0" width="100%"><tr><td><h3 class="ctxid">constructor:StatementEvent(javax.sql.PooledConnection, java.sql.PreparedStatement, java.sql.SQLException) [NONE]</h3></td></tr><tr><td><table border="0" cellpadding="5" cellspacing="1" bgcolor="black" width="100%"><tr valign="top"><td bgcolor="#FFFFFF" colspan="1"> <a start_ctx_id="constructor:StatementEvent(javax.sql.PooledConnection, java.sql.PreparedStatement, java.sql.SQLException)"/><a name="StatementEvent-javax.sql.PooledConnection-java.sql.PreparedStatement-java.sql.SQLException-"/><ul class="blockListLast"><li class="blockList"><h4>StatementEvent</h4><pre>
                                            public StatementEvent(<a href="../../javax/sql/PooledConnection.html" title="interface in javax.sql">PooledConnection</a> con,
                      <a href="../../java/sql/PreparedStatement.html" title="interface in java.sql">PreparedStatement</a> statement,
                      <a href="../../java/sql/SQLException.html" title="class in java.sql">SQLException</a> exception)
                                        </pre><div class="block"> Constructs a <code>StatementEvent</code> with the specified <code>PooledConnection</code>, <code>PreparedStatement</code> and <code>SQLException</code>          </div><dl> <dt> <span class="paramLabel">Parameters:</span>   </dt><dd> <code>con</code> - The <code>PooledConnection</code> that the closed or invalid <code>PreparedStatement</code> is associated with.             </dd><dd> <code>statement</code> - The <code>PreparedStatement</code> that is being closed or is invalid           </dd><dd> <code>exception</code> - The <code>SQLException  </code>the driver is about to throw to the application            </dd> <dt> <span class="throwsLabel">Throws:</span>   </dt><dd> <code>java.lang.IllegalArgumentException</code> - if <code>con</code> is null.      </dd> <dt> <span class="simpleTagLabel">Since:</span>   </dt><dd>1.6</dd>   </dl></li></ul> <a end_ctx_id="constructor:StatementEvent(javax.sql.PooledConnection, java.sql.PreparedStatement, java.sql.SQLException)"/>  </td></tr></table></td></tr></table><table border="0" cellpadding="1" cellspacing="0" width="100%"><tr><td><h3 class="ctxid">method:getStatement() [NONE]</h3></td></tr><tr><td><table border="0" cellpadding="5" cellspacing="1" bgcolor="black" width="100%"><tr valign="top"><td bgcolor="#FFFFFF" colspan="1"> <a start_ctx_id="method:getStatement()"/><a name="getStatement--"/><ul class="blockList"><li class="blockList"><h4>getStatement</h4><pre>
                                            public <a href="../../java/sql/PreparedStatement.html" title="interface in java.sql">PreparedStatement</a> getStatement()
                                        </pre><div class="block"> Returns the <code>PreparedStatement</code> that is being closed or is invalid          </div><dl> <dt> <span class="returnLabel">Returns:</span>   </dt><dd> The <code>PreparedStatement</code> that is being closed or is invalid         </dd> <dt> <span class="simpleTagLabel">Since:</span>   </dt><dd>1.6</dd>  </dl></li></ul> <a end_ctx_id="method:getStatement()"/>  </td></tr></table></td></tr></table><table border="0" cellpadding="1" cellspacing="0" width="100%"><tr><td><h3 class="ctxid">method:getSQLException() [NONE]</h3></td></tr><tr><td><table border="0" cellpadding="5" cellspacing="1" bgcolor="black" width="100%"><tr valign="top"><td bgcolor="#FFFFFF" colspan="1"> <a start_ctx_id="method:getSQLException()"/><a name="getSQLException--"/><ul class="blockListLast"><li class="blockList"><h4>getSQLException</h4><pre>
                                            public <a href="../../java/sql/SQLException.html" title="class in java.sql">SQLException</a> getSQLException()
                                        </pre><div class="block"> Returns the <code>SQLException</code> the driver is about to throw         </div><dl> <dt> <span class="returnLabel">Returns:</span>   </dt><dd> The <code>SQLException</code> the driver is about to throw        </dd> <dt> <span class="simpleTagLabel">Since:</span>   </dt><dd>1.6</dd>  </dl></li></ul> <a end_ctx_id="method:getSQLException()"/>  </td></tr></table></td></tr></table></diff></diffreport>