<?xml version="1.0" encoding="UTF-8" standalone="yes"?><Document><name>javax/sql/StatementEventListener.spec</name><Context><name>class:StatementEventListener</name><mt>NONE</mt></Context><Context><name>method:statementClosed(javax.sql.StatementEvent)</name><mt>NONE</mt></Context><Context><name>method:statementErrorOccurred(javax.sql.StatementEvent)</name><mt>NONE</mt></Context><Stat><name>javax/sql/StatementEventListener.spec</name><mt>NONE</mt><Group name="context"><Item name="ADDED" count="0"/><Item name="REMOVED" count="0"/><Item name="CHANGED" count="0"/><Item name="MODIFIED" count="0"/><Item name="MOVED" count="0"/><Item name="MOVED_CHANGED" count="0"/><Item name="JOINT" count="0"/><Item name="SPLIT" count="0"/><Item name="TOTAL" count="3"/></Group><Group name="assertion"><Item name="ADDED" count="0"/><Item name="REMOVED" count="0"/><Item name="CHANGED" count="0"/><Item name="MODIFIED" count="0"/><Item name="MOVED" count="0"/><Item name="MOVED_CHANGED" count="0"/><Item name="JOINT" count="0"/><Item name="SPLIT" count="0"/><Item name="TOTAL" count="0"/></Group></Stat></Document>