<?xml version="1.0" encoding="UTF-8"?><diffreport><diff><table border="0" cellpadding="1" cellspacing="0" width="100%"><tr><td><h3 class="ctxid">class:XAConnection [NONE]</h3></td></tr><tr><td><table border="0" cellpadding="5" cellspacing="1" bgcolor="black" width="100%"><tr valign="top"><td bgcolor="#FFFFFF" colspan="1"><div class="description"> <a start_ctx_id="class:XAConnection"/><ul class="blockList"><li class="blockList"><dl> <dt>All Superinterfaces: </dt><dd> <code><a href="../../javax/sql/PooledConnection.html" title="interface in javax.sql">PooledConnection</a></code> </dd> </dl> <hr/> <br/><pre>
                            public interface <span class="typeNameLabel">XAConnection</span>
extends <a href="../../javax/sql/PooledConnection.html" title="interface in javax.sql">PooledConnection</a>
                        </pre><div class="block"> An object that provides support for distributed transactions. An <code>XAConnection</code> object may be enlisted in a distributed transaction by means of an <code>XAResource</code> object. A transaction manager, usually part of a middle tier server, manages an <code>XAConnection</code> object through the <code>XAResource</code> object.<p> An application programmer does not use this interface directly; rather, it is used by a transaction manager working in the middle tier server.                       </p>                                          </div><dl> <dt> <span class="simpleTagLabel">Since:</span>   </dt><dd>1.4</dd> </dl>  </li></ul> </div> <a end_ctx_id="class:XAConnection"/> </td></tr></table></td></tr></table><table border="0" cellpadding="1" cellspacing="0" width="100%"><tr><td><h3 class="ctxid">method:getXAResource() [NONE]</h3></td></tr><tr><td><table border="0" cellpadding="5" cellspacing="1" bgcolor="black" width="100%"><tr valign="top"><td bgcolor="#FFFFFF" colspan="1"> <a start_ctx_id="method:getXAResource()"/><a name="getXAResource--"/><ul class="blockListLast"><li class="blockList"><h4>getXAResource</h4><pre>
                                            javax.transaction.xa.XAResource getXAResource()
                                       throws <a href="../../java/sql/SQLException.html" title="class in java.sql">SQLException</a>
                                        </pre><div class="block"> Retrieves an <code>XAResource</code> object that the transaction manager will use to manage this <code>XAConnection</code> object's participation in a distributed transaction.                    </div><dl> <dt> <span class="returnLabel">Returns:</span>   </dt><dd> the <code>XAResource</code> object   </dd> <dt> <span class="throwsLabel">Throws:</span>   </dt><dd> <code><a href="../../java/sql/SQLException.html" title="class in java.sql">SQLException</a></code> - if a database access error occurs        </dd><dd> <code><a href="../../java/sql/SQLFeatureNotSupportedException.html" title="class in java.sql">SQLFeatureNotSupportedException</a></code> - if the JDBC driver does not support this method           </dd> <dt> <span class="simpleTagLabel">Since:</span>   </dt><dd>1.4</dd>   </dl></li></ul> <a end_ctx_id="method:getXAResource()"/>  </td></tr></table></td></tr></table></diff></diffreport>